team,season,adj_off_eff,adj_def_eff,adj_tempo,adj_em,efficiency_differential,seed
Kentucky,1997,117.272,82.8313,73.0607,34.4407,34.44070000000001,
Kansas,1997,118.577,86.9211,72.6723,31.6559,31.655900000000003,
Minnesota,1997,114.917,86.65,69.4668,28.2675,28.266999999999996,
North Carolina,1997,120.303,92.056,69.1118,28.2467,28.247,
Wake Forest,1997,113.725,85.9604,64.2276,27.7644,27.764599999999987,
Duke,1997,119.675,93.0687,69.6559,26.6064,26.60629999999999,
Arizona,1997,114.959,90.3484,73.179,24.6104,24.610600000000005,
Utah,1997,113.756,89.4799,66.5167,24.2765,24.2761,
Stanford,1997,115.637,91.705,69.1291,23.9322,23.932000000000002,
Cincinnati,1997,120.213,96.9381,68.7591,23.2753,23.274899999999988,
Clemson,1997,113.965,90.9867,62.2129,22.9781,22.978300000000004,
Maryland,1997,109.022,87.9195,73.9559,21.1021,21.102500000000006,
Iowa,1997,116.271,95.2111,65.3836,21.0596,21.0599,
California,1997,108.771,87.9709,69.0694,20.7996,20.8001,
UCLA,1997,115.31,94.8271,69.9647,20.4829,20.4829,
Villanova,1997,114.373,93.995,67.8596,20.3776,20.378,
Tulsa,1997,108.423,88.2393,68.3508,20.1839,20.1837,
Michigan,1997,114.277,94.1897,67.754,20.0872,20.0873,
Temple,1997,113.135,93.4902,60.0724,19.6446,19.644800000000004,
Rhode Island,1997,115.734,96.3759,71.7575,19.3586,19.358099999999993,
Illinois,1997,114.2,95.2511,68.9994,18.9489,18.94890000000001,
Florida St.,1997,112.286,93.4234,68.6143,18.8623,18.8626,
Xavier,1997,113.048,94.2481,73.8119,18.7994,18.799900000000008,
St. Joseph's,1997,112.109,93.7879,66.5803,18.3211,18.3211,
Providence,1997,111.329,93.2773,70.1014,18.0518,18.051699999999997,
NC State,1997,105.019,87.1183,59.5883,17.9006,17.9007,
New Mexico,1997,113.961,96.205,64.7533,17.7563,17.756,
South Carolina,1997,114.673,97.1055,67.0261,17.5676,17.567499999999995,
Iowa St.,1997,108.409,91.2396,62.9159,17.1697,17.16940000000001,
West Virginia,1997,113.982,96.872,72.3905,17.1104,17.11,
Virginia,1997,112.44,95.4145,64.5751,17.0251,17.025499999999994,
Indiana,1997,112.819,96.185,68.5635,16.6343,16.634,
Oklahoma,1997,111.271,94.7757,66.4365,16.4958,16.4953,
Oregon,1997,109.533,93.3036,70.6029,16.2292,16.2294,
Wisconsin,1997,101.892,85.6698,62.1192,16.2227,16.2222,
Georgia,1997,112.665,96.9871,65.8911,15.6782,15.677900000000008,
Marquette,1997,106.44,90.8222,66.2355,15.6183,15.617800000000003,
Texas Tech,1997,115.029,99.4741,70.2912,15.555,15.55489999999999,
Princeton,1997,112.883,97.5854,57.8292,15.2979,15.297599999999989,
Boston College,1997,114.613,99.4842,66.7434,15.1289,15.128799999999998,
Purdue,1997,109.436,94.6424,69.4394,14.7941,14.793600000000012,
Illinois St.,1997,108.233,93.5983,69.7208,14.6343,14.63470000000001,
USC,1997,108.988,94.4838,75.2552,14.5039,14.504199999999997,
Texas,1997,108.874,94.5459,71.9943,14.3277,14.328099999999992,
Syracuse,1997,108.759,94.5355,70.1813,14.2232,14.223500000000001,
Massachusetts,1997,109.522,95.4578,64.3388,14.0641,14.0642,
UNC Charlotte,1997,110.457,96.644,67.2486,13.8135,13.812999999999988,
Pacific,1997,108.937,95.2033,63.6834,13.7335,13.733699999999999,
Louisville,1997,111.365,97.798,68.3507,13.5673,13.566999999999993,
Michigan St.,1997,108.226,94.8372,67.4334,13.3884,13.388800000000003,
George Washington,1997,102.904,89.638,67.4975,13.2659,13.265999999999991,
Connecticut,1997,102.269,89.0107,65.2412,13.2579,13.258300000000006,
Georgetown,1997,102.142,89.0882,71.0904,13.0542,13.053799999999995,
TCU,1997,112.503,99.7672,76.4419,12.7356,12.735799999999998,
Colorado,1997,104.883,92.2399,71.1098,12.6427,12.64309999999999,
Arkansas,1997,107.21,94.5684,73.9551,12.6413,12.641599999999997,
Miami OH,1997,108.362,95.9261,66.0562,12.4356,12.43589999999999,
Vanderbilt,1997,107.877,95.6851,67.1585,12.1917,12.19189999999999,
Mississippi,1997,106.514,94.5593,66.0582,11.9546,11.954700000000003,
Nebraska,1997,107.654,96.1749,68.8109,11.479,11.479100000000003,
Washington,1997,106.597,95.2091,71.8015,11.3879,11.387899999999988,
Bradley,1997,103.692,92.3281,62.6259,11.3639,11.363899999999987,
Bowling Green,1997,109.048,97.9436,72.3864,11.104,11.104399999999998,
Notre Dame,1997,103.992,92.9216,70.2292,11.0709,11.070400000000006,
Butler,1997,103.767,92.7326,65.7427,11.0346,11.03439999999999,
Oral Roberts,1997,106.692,95.7841,69.2783,10.9082,10.907899999999998,
Pittsburgh,1997,103.899,93.0234,70.5481,10.8756,10.875600000000006,
Tulane,1997,105.955,95.4939,71.1519,10.4614,10.461100000000002,
Georgia Tech,1997,105.901,95.7798,63.89,10.1213,10.121200000000002,
St. John's,1997,104.695,94.7991,66.6867,9.89579,9.895899999999997,
Miami FL,1997,101.547,91.8259,66.3359,9.72104,9.721099999999993,
Drexel,1997,107.165,97.4622,66.5894,9.70235,9.70280000000001,
Missouri,1997,107.953,98.3055,69.9988,9.6473,9.647500000000008,
Southwest Missouri St.,1997,110.109,100.549,70.0904,9.56087,9.559999999999988,
College of Charleston,1997,109.039,99.6981,67.8944,9.34058,9.340900000000005,
Hawaii,1997,107.642,98.323,69.2377,9.31944,9.319000000000003,
New Mexico St.,1997,111.977,102.732,70.242,9.24565,9.245000000000005,
UNLV,1997,102.802,93.67,69.5111,9.13188,9.132000000000005,
Alabama,1997,107.627,98.6024,64.8968,9.02477,9.024599999999992,
Memphis,1997,100.142,91.3413,66.7485,8.80077,8.800699999999992,
Oklahoma St.,1997,112.567,103.771,62.628,8.79595,8.795999999999992,
South Alabama,1997,104.052,95.5965,59.3588,8.45595,8.4555,
Fresno St.,1997,109.117,100.731,75.2847,8.38565,8.38600000000001,
Washington St.,1997,109.303,100.957,69.3426,8.34588,8.346000000000004,
Virginia Tech,1997,100.899,92.6128,61.9791,8.2858,8.286200000000008,
Ohio St.,1997,105.152,97.0457,67.8348,8.10665,8.106300000000005,
Northern Iowa,1997,106.934,99.3302,68.6922,7.60382,7.603799999999993,
Valparaiso,1997,107.545,100.046,66.287,7.49878,7.498999999999995,
Canisius,1997,101.134,93.866,61.4004,7.26763,7.268000000000001,
New Orleans,1997,105.338,98.139,65.7108,7.19949,7.198999999999998,
Wichita St.,1997,103.985,96.7873,64.5712,7.19773,7.1976999999999975,
Boston University,1997,100.173,93.0008,66.0946,7.1724,7.172200000000004,
LIU Brooklyn,1997,108.914,102.267,82.2887,6.64658,6.647000000000006,
Eastern Michigan,1997,110.701,104.259,71.8644,6.44256,6.441999999999993,
Utah St.,1997,107.885,101.566,62.1355,6.31971,6.319000000000003,
St. Bonaventure,1997,103.431,97.1698,70.6065,6.26164,6.261200000000002,
Ohio,1997,108.204,102.114,66.7057,6.09024,6.089999999999989,
Iona,1997,109.629,103.696,69.6885,5.93297,5.933000000000007,
Old Dominion,1997,103.656,97.8054,67.4726,5.85078,5.8506,
Colorado St.,1997,107.639,101.815,68.0928,5.82346,5.823999999999998,
Creighton,1997,106.66,100.982,64.0518,5.67867,5.677999999999997,
Santa Clara,1997,105.335,99.6781,68.1759,5.65708,5.656899999999993,
Chattanooga,1997,108.317,103.18,65.0301,5.1365,5.136999999999986,
Baylor,1997,100.947,95.8131,71.1054,5.13426,5.133899999999997,
Auburn,1997,102.351,97.2399,64.3911,5.11152,5.111099999999993,
Florida,1997,108.793,103.909,68.7392,4.88401,4.884,
St. Mary's,1997,104.686,99.8244,65.5308,4.86177,4.86160000000001,
Nevada,1997,107.697,102.93,68.0216,4.76692,4.766999999999996,
East Carolina,1997,105.281,100.748,62.9632,4.53315,4.533000000000001,
UAB,1997,101.41,97.0758,66.0906,4.3345,4.334199999999996,
Rice,1997,101.475,97.231,65.6407,4.2438,4.244,
Detroit,1997,103.751,99.5508,62.8146,4.20006,4.2002000000000095,
Boise St.,1997,100.528,96.506,64.2414,4.02187,4.022000000000006,
SMU,1997,106.502,102.551,64.2788,3.95075,3.9509999999999934,
Seton Hall,1997,99.003,95.3725,71.9982,3.63047,3.630499999999998,
Dartmouth,1997,100.584,96.9775,67.4434,3.60624,3.606499999999997,
Dayton,1997,105.069,101.566,67.062,3.50304,3.503,
San Diego,1997,105.354,101.979,67.6285,3.375,3.375,
Evansville,1997,103.114,99.9767,63.3211,3.13706,3.1373000000000104,
Rutgers,1997,101.665,98.6125,67.0581,3.05285,3.052500000000009,
Monmouth,1997,104.41,101.359,64.2103,3.05094,3.051000000000002,
La Salle,1997,102.62,99.5888,65.8546,3.03111,3.0311999999999983,
Oregon St.,1997,101.368,98.3716,70.3179,2.99669,2.996399999999994,
Southern Illinois,1997,105.4,102.516,70.7986,2.88358,2.8840000000000003,
Wyoming,1997,106.741,104.105,65.2483,2.63591,2.6359999999999957,
VCU,1997,105.823,103.237,66.7779,2.58614,2.5859999999999985,
Kansas St.,1997,97.4648,95.0051,68.3149,2.45964,2.459699999999998,
Coppin St.,1997,103.721,101.262,71.0137,2.45882,2.459000000000003,
Duquesne,1997,105.777,103.472,72.0684,2.30542,2.305000000000007,
Louisiana Tech,1997,101.733,99.4988,61.8829,2.23405,2.2342000000000013,
UTEP,1997,105.283,103.133,63.7417,2.15044,2.1500000000000057,
Penn St.,1997,100.73,98.6284,65.0096,2.10166,2.101600000000005,
Ball St.,1997,103.724,101.623,70.4665,2.10081,2.100999999999999,
Northern Arizona,1997,102.667,100.585,69.5674,2.08162,2.082000000000008,
Wisconsin Green Bay,1997,95.479,93.4748,60.1395,2.00425,2.0041999999999973,
LSU,1997,98.8282,97.0138,69.8825,1.81442,1.814399999999992,
Delaware,1997,102.398,100.766,72.7111,1.63285,1.6319999999999908,
Texas A&M,1997,96.4845,95.0853,68.351,1.39923,1.3991999999999933,
Mississippi St.,1997,99.5627,98.2482,67.9784,1.31444,1.3145000000000095,
Harvard,1997,103.36,102.204,65.8856,1.15617,1.156000000000006,
Montana,1997,101.092,99.9957,68.3447,1.09644,1.0962999999999994,
Southern Miss,1997,97.2583,96.2283,63.9305,1.03004,1.0300000000000011,
Davidson,1997,104.621,103.599,68.7139,1.02236,1.0219999999999914,
Hartford,1997,100.068,99.3234,72.8397,0.744561,0.7445999999999913,
Toledo,1997,104.765,104.093,66.6605,0.672443,0.671999999999997,
Western Michigan,1997,101.098,100.478,65.2495,0.62038,0.6200000000000045,
Western Illinois,1997,106.742,106.13,68.1434,0.612556,0.612000000000009,
Richmond,1997,101.378,100.985,66.1101,0.392959,0.3930000000000007,
Gonzaga,1997,104.134,103.819,66.7743,0.315292,0.3149999999999977,
Illinois Chicago,1997,101.885,101.687,65.4963,0.197693,0.1980000000000075,
San Francisco,1997,106.774,106.586,63.3227,0.188639,0.1880000000000024,
Houston,1997,105.629,105.473,70.7874,0.156471,0.1560000000000059,
Arizona St.,1997,100.071,100.114,69.7575,-0.0438282,-0.043000000000006366,
San Jose St.,1997,101.324,101.557,67.2845,-0.233057,-0.2330000000000041,
Penn,1997,101.584,102.017,67.6239,-0.432355,-0.4329999999999927,
UNC Wilmington,1997,100.569,101.012,59.4586,-0.442784,-0.44299999999999784,
James Madison,1997,100.738,101.181,67.8438,-0.442954,-0.44299999999999784,
Tennessee,1997,91.9742,92.6719,64.2302,-0.697784,-0.6976999999999975,
Cal Poly,1997,107.911,108.612,73.3979,-0.701189,-0.7009999999999934,
Arkansas Little Rock,1997,104.304,105.348,68.3469,-1.04378,-1.043999999999997,
Long Beach St.,1997,103.034,104.183,68.4182,-1.14922,-1.149000000000001,
Liberty,1997,98.7091,99.9345,63.5482,-1.22535,-1.2253999999999934,
Marshall,1997,108.056,109.311,69.933,-1.25521,-1.2550000000000097,
Akron,1997,97.2743,98.5404,68.9553,-1.26609,-1.2661000000000087,
Loyola MD,1997,99.87,101.313,68.7019,-1.44327,-1.4429999999999978,
Cal St. Northridge,1997,99.9775,101.517,73.5306,-1.5395,-1.5394999999999897,
Bucknell,1997,100.646,102.372,66.2339,-1.72594,-1.725999999999999,
Buffalo,1997,98.1487,100.604,69.1626,-2.4549,-2.455299999999994,
Navy,1997,101.811,104.284,67.0993,-2.47353,-2.472999999999999,
Northeastern Illinois,1997,101.705,104.208,71.2506,-2.50358,-2.503,
Northwestern,1997,96.9426,99.4651,64.3367,-2.52252,-2.522500000000008,
Indiana St.,1997,101.803,104.417,69.5078,-2.61478,-2.6140000000000043,
William & Mary,1997,100.258,103.034,66.4589,-2.77569,-2.7760000000000105,
Murray St.,1997,103.744,106.637,68.2619,-2.89319,-2.8930000000000007,
San Diego St.,1997,103.184,106.116,71.3373,-2.93281,-2.932000000000002,
Hofstra,1997,96.3514,99.4931,68.9351,-3.14165,-3.1417,
Middle Tennessee St.,1997,104.864,108.345,67.407,-3.48116,-3.4809999999999945,
Lamar,1997,98.1193,101.757,71.0476,-3.63779,-3.6377000000000095,
Austin Peay,1997,105.285,108.954,67.4124,-3.66886,-3.668999999999997,
Saint Louis,1997,94.1717,97.8877,62.6377,-3.71597,-3.715999999999994,
Mount St. Mary's,1997,102.597,106.393,67.9641,-3.7969,-3.7960000000000065,
Cal St. Fullerton,1997,104.649,108.456,69.4003,-3.80661,-3.807000000000002,
UNC Asheville,1997,96.5266,100.438,68.8187,-3.9115,-3.9114000000000004,
McNeese St.,1997,101.383,105.574,75.1386,-4.19084,-4.1910000000000025,
Charleston Southern,1997,98.8793,103.165,70.5935,-4.28598,-4.285700000000006,
Fairleigh Dickinson,1997,100.896,105.289,68.9808,-4.39324,-4.393000000000001,
Western Kentucky,1997,103.285,107.729,69.1604,-4.44398,-4.444000000000003,
Rider,1997,101.412,105.865,66.7936,-4.45285,-4.452999999999989,
Kent,1997,99.607,104.096,67.7354,-4.48869,-4.489000000000004,
FIU,1997,101.481,106.092,73.6555,-4.61018,-4.611000000000004,
Appalachian St.,1997,104.907,109.609,64.1643,-4.70212,-4.701999999999998,
American,1997,97.8112,102.554,67.8922,-4.74231,-4.742800000000003,
Fairfield,1997,98.3804,103.425,68.089,-5.04417,-5.044600000000003,
Montana St.,1997,101.092,106.458,71.3848,-5.3654,-5.366,
Weber St.,1997,105.986,111.408,71.8974,-5.42193,-5.421999999999997,
Idaho St.,1997,96.7535,102.212,71.0684,-5.45851,-5.458500000000001,
St. Francis PA,1997,97.5325,103.189,69.0181,-5.657,-5.656499999999994,
Loyola Chicago,1997,98.321,104.003,65.9467,-5.68196,-5.682000000000002,
Arkansas St.,1997,98.8655,104.704,70.4896,-5.83863,-5.838499999999996,
Troy St.,1997,100.138,106.029,75.3711,-5.89139,-5.890999999999991,
Northern Illinois,1997,100.808,106.734,66.898,-5.92599,-5.925999999999988,
Towson St.,1997,104.901,111.192,70.9064,-6.2918,-6.290999999999997,
St. Peter's,1997,90.3224,96.6148,66.073,-6.29245,-6.292400000000001,
Southwest Texas St.,1997,98.3039,104.746,66.4462,-6.44166,-6.442099999999996,
UC Santa Barbara,1997,100.733,107.185,67.0048,-6.45139,-6.451999999999998,
George Mason,1997,99.4902,106.231,79.8233,-6.74039,-6.740799999999993,
Southwestern Louisiana,1997,103.024,109.795,70.5076,-6.77132,-6.771000000000001,
South Florida,1997,93.4534,100.427,65.3452,-6.97382,-6.973600000000005,
Radford,1997,105.903,113.055,68.4195,-7.15226,-7.152000000000001,
Cornell,1997,96.7179,103.889,65.2175,-7.17083,-7.171099999999996,
Maine,1997,97.5878,104.782,65.1909,-7.19467,-7.194199999999995,
Colgate,1997,96.9455,104.21,70.7302,-7.26432,-7.264499999999998,
Manhattan,1997,97.0248,104.321,63.2433,-7.29622,-7.296199999999999,
Northeast Louisiana,1997,95.7881,103.091,68.937,-7.30331,-7.302899999999994,
Pepperdine,1997,90.1981,97.5434,66.2145,-7.34534,-7.345300000000009,
Air Force,1997,97.3865,104.733,67.0688,-7.34675,-7.346500000000006,
Florida Atlantic,1997,93.7589,101.278,70.0564,-7.51879,-7.519100000000009,
Niagara,1997,96.6533,104.183,70.3713,-7.52944,-7.529700000000005,
North Texas,1997,94.7913,102.356,68.4189,-7.56508,-7.564699999999988,
Drake,1997,95.9561,103.607,69.1152,-7.65043,-7.650899999999993,
Portland,1997,96.412,104.148,68.002,-7.7357,-7.73599999999999,
Cleveland St.,1997,99.2299,106.97,68.7788,-7.74006,-7.740099999999998,
Idaho,1997,98.1651,106.125,62.2167,-7.96033,-7.959900000000005,
Vermont,1997,95.9749,104.272,70.0961,-8.29689,-8.2971,
Mississippi Valley St.,1997,99.0608,107.463,74.149,-8.40232,-8.402199999999993,
Fordham,1997,97.6793,106.103,64.574,-8.42378,-8.423699999999997,
Tennessee Tech,1997,97.8287,106.287,70.4805,-8.45871,-8.458300000000008,
North Carolina A&T,1997,97.9292,106.446,67.6132,-8.51646,-8.516800000000003,
Jackson St.,1997,93.4272,101.974,70.7061,-8.54726,-8.546800000000005,
Siena,1997,95.2924,103.947,69.3996,-8.65474,-8.654600000000002,
Southern Utah,1997,94.0425,102.753,65.8487,-8.71094,-8.710499999999996,
Loyola Marymount,1997,99.1222,108.355,68.4188,-9.23303,-9.232799999999997,
South Carolina St.,1997,99.4315,109.007,63.8971,-9.57595,-9.575500000000005,
DePaul,1997,88.0107,97.6111,68.5274,-9.60047,-9.600399999999993,
The Citadel,1997,98.7964,108.618,66.1725,-9.82183,-9.82159999999999,
Wright St.,1997,102.465,112.486,65.1388,-10.021,-10.021,
UNC Greensboro,1997,99.9761,110.084,63.6195,-10.1076,-10.1079,
Western Carolina,1997,95.7464,105.945,71.2773,-10.1986,-10.198599999999999,
Tennessee St.,1997,95.8812,106.337,72.296,-10.4555,-10.455799999999996,
Wagner,1997,95.4413,106.099,73.261,-10.6575,-10.657700000000006,
Central Michigan,1997,99.805,110.477,73.1731,-10.6719,-10.671999999999997,
Southeast Missouri St.,1997,93.7611,104.534,72.898,-10.7733,-10.772900000000007,
Northwestern St.,1997,96.1196,106.937,69.2084,-10.8177,-10.817399999999992,
VMI,1997,95.3745,106.374,75.5869,-10.9992,-10.999499999999998,
Portland St.,1997,97.6605,108.837,62.5423,-11.176,-11.176500000000004,
Bethune Cookman,1997,96.2286,107.44,66.8163,-11.211,-11.211399999999998,
Tennessee Martin,1997,91.1886,102.678,67.8257,-11.4894,-11.489400000000003,
Youngstown St.,1997,100.193,111.936,59.1239,-11.7429,-11.74300000000001,
UMKC,1997,97.7516,109.766,68.3094,-12.014,-12.014400000000009,
Northeastern,1997,95.4771,107.8,66.0961,-12.3229,-12.322900000000004,
Samford,1997,95.07,107.503,63.7689,-12.4329,-12.433000000000007,
Yale,1997,94.4222,106.896,64.884,-12.4736,-12.473799999999997,
Central Connecticut,1997,92.7717,105.294,64.2474,-12.5218,-12.522300000000001,
St. Francis NY,1997,93.5392,106.233,65.6897,-12.6939,-12.69380000000001,
Maryland Eastern Shore,1997,93.7596,106.846,71.1124,-13.0864,-13.086399999999998,
Eastern Illinois,1997,98.6901,111.889,70.0263,-13.1991,-13.198899999999995,
Nicholls St.,1997,104.347,117.582,71.0765,-13.2355,-13.235,
Texas Southern,1997,97.1659,110.872,68.1105,-13.7057,-13.706100000000006,
Alcorn St.,1997,92.7397,106.626,72.59,-13.8867,-13.886300000000006,
Coastal Carolina,1997,95.0087,109.119,64.9408,-14.1099,-14.110299999999995,
Stephen F. Austin,1997,91.0038,105.316,74.9515,-14.3126,-14.312200000000004,
Wisconsin Milwaukee,1997,89.2501,103.834,65.6975,-14.5839,-14.5839,
UTSA,1997,97.7208,112.383,71.5833,-14.6624,-14.662199999999999,
Jacksonville,1997,97.7342,112.411,76.8544,-14.677,-14.6768,
New Hampshire,1997,90.1363,104.893,64.1721,-14.7568,-14.756699999999995,
Furman,1997,92.7708,107.543,67.0854,-14.7719,-14.772200000000012,
Winthrop,1997,93.7024,108.584,72.1407,-14.8814,-14.881600000000006,
Eastern Washington,1997,96.5256,111.595,68.4066,-15.0692,-15.069400000000002,
Robert Morris,1997,93.6677,108.81,68.0207,-15.1421,-15.142300000000006,
Hampton,1997,90.0669,105.315,70.3709,-15.2485,-15.248099999999994,
Morgan St.,1997,91.4905,106.844,71.5531,-15.3537,-15.353499999999997,
Holy Cross,1997,90.2816,105.987,71.3568,-15.7051,-15.705399999999997,
Columbia,1997,97.4767,113.318,64.8068,-15.8415,-15.841300000000004,
UT Arlington,1997,95.0289,110.872,62.2746,-15.8428,-15.843100000000007,
Brown,1997,86.4853,102.397,63.0954,-15.9114,-15.91170000000001,
Campbell,1997,94.1189,110.18,66.1772,-16.0611,-16.06110000000001,
Morehead St.,1997,99.0567,115.21,75.0327,-16.1535,-16.153299999999987,
Lafayette,1997,90.3391,106.549,71.2253,-16.2103,-16.209900000000005,
Florida A&M,1997,89.0433,106.276,74.4297,-17.2325,-17.232699999999994,
BYU,1997,92.3701,109.891,68.6703,-17.5206,-17.52090000000001,
Georgia St.,1997,94.7482,112.304,65.2721,-17.5559,-17.555800000000005,
Army,1997,97.4367,115.487,69.0081,-18.0499,-18.050299999999993,
Marist,1997,92.8028,110.937,64.1352,-18.1344,-18.134199999999993,
Sam Houston St.,1997,95.2435,113.386,64.3683,-18.1428,-18.1425,
Southern,1997,95.9577,114.193,75.6238,-18.2357,-18.235299999999995,
Eastern Kentucky,1997,91.7869,110.024,69.6525,-18.2372,-18.237099999999998,
Jacksonville St.,1997,92.8952,111.209,69.7405,-18.3143,-18.3138,
Delaware St.,1997,89.9865,108.613,71.7603,-18.6267,-18.626499999999993,
Grambling St.,1997,93.3058,112.131,65.2788,-18.8254,-18.825199999999995,
Howard,1997,94.9603,113.796,72.6449,-18.8357,-18.835700000000003,
Chicago St.,1997,90.9419,109.781,77.9468,-18.8392,-18.839100000000002,
Wofford,1997,91.6348,111.054,68.6238,-19.4191,-19.419200000000004,
Stetson,1997,91.4973,111.38,62.5198,-19.8824,-19.8827,
Alabama St.,1997,90.4972,110.992,65.4328,-20.4945,-20.494799999999998,
Prairie View A&M,1997,86.3988,107.105,75.9707,-20.7061,-20.70620000000001,
UMBC,1997,86.5722,107.404,65.7228,-20.8323,-20.8318,
Texas Pan American,1997,87.5341,108.434,62.5097,-20.8998,-20.899900000000002,
Southeastern Louisiana,1997,90.0376,111.288,72.7814,-21.2504,-21.2504,
Centenary,1997,93.3384,115.026,72.1232,-21.688,-21.687600000000003,
UCF,1997,89.7859,112.093,71.9097,-22.307,-22.307100000000005,
Sacramento St.,1997,87.6174,110.017,68.334,-22.3999,-22.399599999999992,
East Tennessee St.,1997,85.7343,108.248,65.8451,-22.5138,-22.5137,
UC Irvine,1997,85.3244,109.066,68.3702,-23.7411,-23.741600000000005,
Georgia Southern,1997,88.2744,112.55,65.8145,-24.2754,-24.275599999999997,
Lehigh,1997,90.5287,118.374,71.3425,-27.8451,-27.845299999999995,
Mercer,1997,87.0562,122.416,68.6483,-35.3598,-35.35979999999999,
Duke,1998,120.195,85.3607,72.2983,34.8346,34.8343,
North Carolina,1998,126.184,91.5556,67.609,34.6289,34.6284,
Kentucky,1998,119.351,90.1374,69.9413,29.2137,29.2136,
Arizona,1998,120.675,92.8299,75.0791,27.8449,27.845100000000002,
Connecticut,1998,115.374,89.3741,68.5471,26.0004,25.999899999999997,
Kansas,1998,116.138,90.8987,72.3583,25.239,25.2393,
Utah,1998,115.442,90.5366,63.4383,24.9056,24.905399999999986,
Purdue,1998,119.394,94.8011,71.7764,24.5928,24.5929,
Stanford,1998,118.016,94.1842,68.0857,23.8315,23.8318,
Michigan St.,1998,112.999,89.5835,68.0834,23.4158,23.415499999999994,
Michigan,1998,117.549,94.4291,68.3272,23.1198,23.1199,
Xavier,1998,115.806,93.0588,73.4017,22.7476,22.747199999999992,
Clemson,1998,116.442,93.814,65.6548,22.6277,22.628,
Cincinnati,1998,112.161,90.1449,68.4742,22.0158,22.016099999999994,
Princeton,1998,115.904,94.172,58.4609,21.7325,21.732,
Maryland,1998,109.747,88.7113,75.0782,21.0352,21.035700000000006,
Mississippi,1998,112.914,92.2687,72.381,20.645,20.645300000000006,
TCU,1998,114.644,94.2185,79.254,20.4259,20.4255,
West Virginia,1998,112.894,92.8605,72.4557,20.0334,20.033500000000004,
Illinois,1998,109.994,90.6014,66.7079,19.3924,19.3926,
Iowa,1998,114.68,95.6677,71.1406,19.0127,19.01230000000001,
New Mexico,1998,117.783,100.553,64.7533,17.2295,17.230000000000004,
Indiana,1998,114.423,97.4213,71.6288,17.0021,17.0017,
Arkansas,1998,110.014,93.1902,77.111,16.8236,16.82379999999999,
Temple,1998,109.622,92.9133,62.7873,16.7082,16.708699999999993,
UNC Charlotte,1998,111.025,94.3703,70.3681,16.6552,16.654700000000005,
Rhode Island,1998,115.257,98.679,70.4684,16.5782,16.578000000000003,
Massachusetts,1998,110.487,94.2164,64.9171,16.2711,16.2706,
Detroit,1998,111.897,95.8177,66.751,16.079,16.079300000000003,
Georgia,1998,110.744,94.8436,70.091,15.9006,15.900400000000005,
Florida St.,1998,108.513,92.7386,70.3023,15.774,15.7744,
Oklahoma St.,1998,112.229,96.6673,66.7046,15.5615,15.561700000000002,
UCLA,1998,114.834,99.2893,74.8393,15.5452,15.544700000000006,
South Carolina,1998,110.298,95.0557,67.7477,15.2427,15.2423,
Georgia Tech,1998,109.267,94.1421,72.3137,15.1249,15.124899999999997,
Tennessee,1998,107.217,92.6147,73.7024,14.6027,14.6023,
St. John's,1998,109.763,95.2022,68.3423,14.5612,14.5608,
Syracuse,1998,107.507,92.9823,68.6016,14.5243,14.52470000000001,
Gonzaga,1998,114.837,100.492,69.9564,14.3448,14.344999999999999,
Miami FL,1998,101.937,87.952,71.5082,13.9855,13.985,
Illinois Chicago,1998,114.515,100.828,68.0361,13.6872,13.686999999999998,
Western Michigan,1998,111.122,97.4464,71.754,13.6753,13.675600000000003,
Illinois St.,1998,109.025,95.4356,71.2624,13.5893,13.589400000000012,
Washington,1998,110.732,97.3879,73.4809,13.3438,13.344099999999997,
Iona,1998,110.077,96.7512,71.0631,13.3258,13.325800000000001,
Pacific,1998,112.604,99.4179,63.9562,13.1858,13.186099999999996,
Minnesota,1998,111.029,98.0839,68.3208,12.9452,12.945099999999996,
NC State,1998,107.806,94.8859,61.5964,12.9199,12.92009999999999,
South Alabama,1998,104.419,91.8793,60.5697,12.5393,12.539699999999996,
Vanderbilt,1998,110.372,97.8337,70.2754,12.5383,12.538300000000007,
George Washington,1998,106.768,94.2648,70.2785,12.5033,12.503200000000007,
Saint Louis,1998,104.082,91.6729,67.8036,12.4092,12.409099999999995,
Penn St.,1998,110.763,98.4056,68.8489,12.3578,12.357399999999998,
Hawaii,1998,108.533,96.5166,70.4103,12.0167,12.016400000000004,
Southern Miss,1998,105.165,93.4445,66.7718,11.7204,11.720500000000001,
Marquette,1998,102.093,90.5644,65.787,11.5289,11.528599999999997,
Oklahoma,1998,110.431,99.3571,66.3282,11.0741,11.073899999999995,
Rutgers,1998,107.905,96.8768,67.1414,11.0285,11.028199999999998,
Richmond,1998,113.548,102.536,63.6048,11.0118,11.012,
Wake Forest,1998,109.794,98.9577,64.9108,10.8361,10.836299999999994,
San Francisco,1998,108.373,97.8865,67.6026,10.4863,10.486500000000007,
California,1998,101.663,91.3178,70.3705,10.3456,10.345199999999991,
Murray St.,1998,112.291,102.127,72.3286,10.1637,10.164000000000001,
Dayton,1998,111.136,100.983,68.0885,10.1529,10.152999999999992,
Eastern Michigan,1998,114.288,104.235,71.445,10.0524,10.052999999999997,
Nebraska,1998,103.715,93.7796,70.522,9.93548,9.935400000000001,
Memphis,1998,106.065,96.34,73.0737,9.72533,9.724999999999994,
Ball St.,1998,106.286,96.6059,72.4483,9.68036,9.680099999999996,
Florida,1998,105.809,96.1585,73.4805,9.6503,9.650499999999994,
Kansas St.,1998,105.824,96.2528,69.9033,9.5709,9.571200000000005,
Northern Arizona,1998,108.683,99.1432,67.5147,9.53999,9.539800000000014,
Fresno St.,1998,109.401,99.9175,76.2525,9.4835,9.483499999999992,
Utah St.,1998,108.735,99.3548,63.8166,9.38022,9.380200000000002,
Georgetown,1998,105.391,96.0607,68.5602,9.33069,9.330300000000008,
Butler,1998,103.297,94.2229,66.2885,9.07395,9.074100000000001,
Akron,1998,107.426,98.4085,69.3115,9.01797,9.017499999999998,
Alabama,1998,104.94,95.9652,67.6329,8.97453,8.974800000000002,
Louisville,1998,106.427,97.5614,70.5526,8.86551,8.8656,
Southwest Missouri St.,1998,108.111,99.2539,69.9283,8.85659,8.857100000000003,
UAB,1998,107.742,98.9939,72.2254,8.74856,8.748100000000008,
Santa Clara,1998,105.076,96.4359,69.9355,8.64016,8.64009999999999,
Mississippi St.,1998,106.842,98.2924,67.3329,8.55001,8.549599999999998,
Auburn,1998,104.566,96.0384,67.6865,8.52727,8.527600000000007,
Arizona St.,1998,108.923,100.446,77.6986,8.47661,8.477000000000004,
Providence,1998,102.774,94.3545,67.1433,8.41904,8.4195,
UNLV,1998,103.799,95.6371,69.1289,8.16218,8.161900000000003,
Creighton,1998,107.098,98.9687,72.5515,8.12974,8.1293,
Seton Hall,1998,106.513,98.419,66.8975,8.09418,8.094000000000008,
College of Charleston,1998,98.8264,90.791,64.9966,8.03537,8.03540000000001,
Toledo,1998,101.453,93.4398,68.8994,8.01337,8.013199999999998,
Villanova,1998,106.06,98.3406,68.576,7.71923,7.719400000000007,
Valparaiso,1998,110.358,102.695,65.7745,7.6627,7.663000000000011,
Missouri,1998,103.837,96.321,70.8007,7.51566,7.516000000000005,
Colorado St.,1998,106.433,98.9794,64.6585,7.45377,7.453600000000009,
Wisconsin,1998,100.697,93.3907,63.9268,7.30595,7.306300000000007,
Pepperdine,1998,103.38,96.2614,67.4287,7.11875,7.118600000000001,
Fairleigh Dickinson,1998,107.864,100.9,76.1074,6.96415,6.963999999999999,
William & Mary,1998,103.262,96.6118,69.0908,6.6499,6.650199999999998,
Tulsa,1998,100.932,94.3176,66.2886,6.61403,6.614400000000003,
Oregon,1998,105.812,99.3689,65.0645,6.44357,6.443100000000001,
Wyoming,1998,102.276,96.0379,62.596,6.23823,6.238100000000003,
Virginia,1998,104.856,98.6188,66.2624,6.2368,6.237200000000001,
Boston College,1998,106.447,100.546,69.2662,5.90121,5.900999999999996,
Notre Dame,1998,105.055,99.3773,70.5464,5.67805,5.6777000000000015,
Wisconsin Green Bay,1998,103.589,98.1364,62.378,5.45257,5.452600000000004,
Bradley,1998,99.3044,93.9193,65.4239,5.38508,5.385099999999994,
Indiana St.,1998,104.587,99.2499,67.2248,5.33726,5.337100000000007,
Miami OH,1998,102.56,97.2288,65.7743,5.33101,5.3311999999999955,
Washington St.,1998,101.141,95.8144,70.4149,5.3263,5.326599999999999,
St. Bonaventure,1998,100.237,95.0631,66.0909,5.17385,5.173899999999989,
FIU,1998,109.949,104.882,78.2427,5.06721,5.066999999999993,
LIU Brooklyn,1998,110.032,105.081,83.4613,4.95103,4.950999999999993,
SMU,1998,110.844,105.908,67.5586,4.93609,4.935999999999993,
New Mexico St.,1998,105.874,101.485,66.9344,4.38918,4.388999999999996,
Oregon St.,1998,100.693,96.3721,67.4792,4.32102,4.320899999999995,
UNC Wilmington,1998,103.091,98.7802,63.4005,4.31071,4.3108,
Texas,1998,107.894,103.785,75.6176,4.10905,4.109000000000009,
Montana St.,1998,104.504,100.434,72.0815,4.06997,4.070000000000007,
Texas Tech,1998,108.6,104.574,70.6289,4.02581,4.025999999999996,
Rider,1998,102.508,98.7511,68.4656,3.75677,3.7569000000000017,
Southern Illinois,1998,110.56,107.165,70.8672,3.39558,3.394999999999996,
Boise St.,1998,104.014,100.91,67.8463,3.10347,3.103999999999999,
Niagara,1998,108.187,105.152,66.4661,3.03514,3.0349999999999966,
Middle Tennessee St.,1998,104.52,101.572,65.9715,2.9482,2.9479999999999933,
Arkansas St.,1998,105.922,103.056,69.952,2.86596,2.8659999999999997,
Boston University,1998,101.236,98.4682,69.2859,2.76782,2.7678000000000083,
Virginia Tech,1998,101.649,98.9615,66.3036,2.68719,2.6875,
Pittsburgh,1998,107.365,104.826,70.5907,2.53901,2.5390000000000015,
St. Joseph's,1998,104.285,101.848,67.3894,2.43699,2.4369999999999976,
South Florida,1998,100.87,98.4734,67.0923,2.3964,2.3966000000000065,
Idaho,1998,102.528,100.343,67.8636,2.1847,2.1850000000000023,
Colorado,1998,105.015,102.917,69.3715,2.09801,2.097999999999999,
USC,1998,105.191,103.111,72.0357,2.08013,2.0799999999999983,
Evansville,1998,108.024,106.089,64.3449,1.93415,1.9350000000000023,
Wichita St.,1998,96.8199,94.9064,66.2397,1.91347,1.913499999999999,
Baylor,1998,100.653,98.8418,69.0875,1.81118,1.8111999999999995,
Siena,1998,106.637,105.012,77.1159,1.62492,1.625,
Youngstown St.,1998,102.883,101.292,65.4514,1.59073,1.590999999999994,
Nevada,1998,106.524,105.334,72.6356,1.18957,1.1899999999999977,
Coppin St.,1998,99.9394,98.8731,73.7083,1.06628,1.0663000000000125,
Weber St.,1998,103.976,103.038,68.4653,0.93828,0.9380000000000024,
Hofstra,1998,101.521,100.64,72.1996,0.881166,0.8810000000000002,
Penn,1998,107.757,106.912,67.1986,0.845233,0.8449999999999989,
Oral Roberts,1998,104.987,104.151,71.9611,0.835856,0.8359999999999985,
Northwestern,1998,100.457,99.7739,61.4064,0.683045,0.683099999999996,
Delaware,1998,100.17,99.5938,71.8138,0.575841,0.5762,
Davidson,1998,99.3747,98.9294,69.8273,0.445236,0.44530000000000314,
Duquesne,1998,102.197,101.985,74.4947,0.212237,0.2120000000000033,
South Carolina St.,1998,103.835,104.048,67.9747,-0.212388,-0.21300000000000807,
LSU,1998,97.4227,97.8716,64.0685,-0.448831,-0.44889999999999475,
Cal St. Northridge,1998,104.793,105.322,76.5313,-0.529244,-0.5289999999999964,
New Orleans,1998,99.8363,100.367,69.1157,-0.530241,-0.5307000000000102,
Southwestern Louisiana,1998,105.411,105.944,71.0766,-0.532428,-0.5330000000000013,
UNC Asheville,1998,100.088,100.764,68.4214,-0.675735,-0.6760000000000019,
Ohio St.,1998,101.792,102.498,67.8829,-0.706092,-0.7060000000000031,
San Diego,1998,102.855,103.707,67.1983,-0.851309,-0.8519999999999897,
St. Mary's,1998,109.355,110.602,68.4599,-1.24721,-1.2469999999999999,
Vermont,1998,101.5,102.751,69.6881,-1.25086,-1.2510000000000048,
Iowa St.,1998,99.4309,100.784,64.7036,-1.35291,-1.353100000000012,
Drexel,1998,101.064,102.476,65.6576,-1.41221,-1.4120000000000061,
Loyola MD,1998,101.541,102.953,76.4826,-1.41249,-1.4120000000000061,
BYU,1998,100.407,102.079,68.4227,-1.67153,-1.671999999999997,
Navy,1998,95.3781,97.156,71.6925,-1.77785,-1.7779000000000025,
Hartford,1998,102.914,104.715,75.2972,-1.80159,-1.801000000000002,
San Diego St.,1998,99.8267,101.709,70.9288,-1.88196,-1.8823000000000008,
UTEP,1998,98.6255,100.527,65.8123,-1.90167,-1.9014999999999986,
Northern Iowa,1998,99.1139,101.048,70.1535,-1.93365,-1.9341000000000008,
Bowling Green,1998,103.362,105.307,67.4991,-1.94451,-1.9450000000000074,
Louisiana Tech,1998,101.729,103.687,66.5603,-1.95764,-1.9579999999999984,
Lafayette,1998,101.252,103.22,71.6164,-1.96774,-1.9680000000000035,
Old Dominion,1998,98.7117,100.702,65.2093,-1.98997,-1.9903000000000048,
La Salle,1998,108.568,110.581,68.5647,-2.01297,-2.0130000000000052,
Fairfield,1998,101.171,103.429,67.9388,-2.25719,-2.2579999999999956,
Canisius,1998,105.065,107.471,64.0916,-2.40578,-2.406000000000006,
Appalachian St.,1998,99.7175,102.244,69.3171,-2.52661,-2.5264999999999986,
Marshall,1998,100.254,102.799,67.926,-2.5447,-2.5450000000000017,
Cleveland St.,1998,97.17,99.7401,71.5142,-2.57007,-2.5700999999999965,
Lamar,1998,95.7335,98.4043,67.4779,-2.67082,-2.6708,
Mount St. Mary's,1998,101.281,104.087,67.3592,-2.80567,-2.8059999999999974,
Austin Peay,1998,99.4217,102.238,68.0332,-2.8161,-2.8162999999999982,
Eastern Illinois,1998,100.113,102.988,71.6853,-2.87524,-2.875,
Nicholls St.,1998,103.526,106.478,72.7762,-2.95202,-2.951999999999998,
Portland,1998,96.876,99.8294,67.7811,-2.95334,-2.953400000000002,
Texas A&M,1998,97.1593,100.126,76.1498,-2.96634,-2.966700000000003,
East Carolina,1998,104.107,107.199,66.781,-3.092,-3.0919999999999987,
Portland St.,1998,103.696,106.849,66.1518,-3.1537,-3.153000000000006,
St. Francis NY,1998,97.5004,100.66,70.723,-3.16001,-3.1595999999999975,
Wright St.,1998,95.8469,99.063,72.3082,-3.21607,-3.2160999999999973,
Montana,1998,97.9685,101.195,67.0808,-3.22604,-3.2264999999999873,
Kent,1998,99.2369,102.642,70.5531,-3.40504,-3.4050999999999902,
Northern Illinois,1998,96.5588,100.007,68.0491,-3.44803,-3.4482,
St. Francis PA,1998,98.2136,101.769,66.8819,-3.55568,-3.555400000000006,
Georgia St.,1998,103.028,106.6,67.9081,-3.57201,-3.5719999999999885,
Cal St. Fullerton,1998,100.861,104.474,71.7874,-3.61229,-3.6129999999999995,
Fordham,1998,98.9554,102.653,68.5003,-3.69792,-3.6976000000000084,
UCF,1998,101.367,105.094,72.6613,-3.72699,-3.7269999999999897,
Rice,1998,97.9235,102.007,66.0963,-4.08315,-4.083500000000001,
Loyola Chicago,1998,100.132,104.236,65.8827,-4.10354,-4.103999999999999,
Manhattan,1998,99.9006,104.037,65.6307,-4.13657,-4.136400000000009,
Southwest Texas St.,1998,100.442,104.767,67.5792,-4.32552,-4.325000000000003,
Southeast Missouri St.,1998,105.022,109.536,66.1928,-4.51338,-4.513999999999996,
Radford,1998,101.716,106.248,71.1628,-4.53209,-4.532000000000011,
Northeastern,1998,100.127,104.864,66.8971,-4.73705,-4.737000000000009,
UTSA,1998,98.986,103.767,71.1041,-4.78118,-4.780999999999992,
DePaul,1998,99.0546,103.938,63.7845,-4.8838,-4.883400000000009,
Tulane,1998,94.3722,99.4754,71.5826,-5.10314,-5.103199999999987,
James Madison,1998,100.224,105.373,65.6193,-5.14913,-5.149000000000001,
American,1998,96.0324,101.212,66.728,-5.18005,-5.179600000000008,
Buffalo,1998,102.961,108.144,69.6549,-5.18359,-5.183000000000007,
Bucknell,1998,100.151,105.338,67.7763,-5.18659,-5.186999999999998,
Arkansas Little Rock,1998,100.147,105.839,65.7565,-5.69289,-5.691999999999993,
Towson,1998,96.6165,102.391,65.0048,-5.77426,-5.774500000000003,
Western Kentucky,1998,93.2393,99.0751,70.2523,-5.83582,-5.835800000000006,
George Mason,1998,96.5114,102.462,68.5602,-5.95024,-5.9506000000000085,
Northeast Louisiana,1998,101.865,107.841,72.8281,-5.97613,-5.975999999999999,
Eastern Washington,1998,100.725,106.747,73.1088,-6.02201,-6.022000000000006,
Southern,1998,104.241,110.499,76.3852,-6.25785,-6.257999999999996,
VCU,1998,97.2402,103.524,67.9252,-6.2834,-6.283799999999999,
Loyola Marymount,1998,99.0687,105.487,75.715,-6.41816,-6.418299999999988,
Marist,1998,102.386,109.057,65.6368,-6.67112,-6.6710000000000065,
Jackson St.,1998,92.7355,99.4902,69.1246,-6.75466,-6.7547,
St. Peter's,1998,98.2369,105.079,69.1356,-6.84215,-6.842099999999988,
Western Illinois,1998,99.4222,106.448,66.3137,-7.02528,-7.02579999999999,
Air Force,1998,97.7579,105.036,67.9094,-7.27831,-7.278099999999995,
Cal Poly,1998,108.096,115.686,75.946,-7.58959,-7.590000000000003,
Tennessee St.,1998,94.5551,102.146,71.4355,-7.59127,-7.590900000000005,
Texas Southern,1998,98.4761,106.908,72.036,-8.43197,-8.431899999999999,
The Citadel,1998,96.1284,104.931,64.2688,-8.80252,-8.802599999999998,
North Texas,1998,99.3049,108.125,80.933,-8.82035,-8.820099999999996,
Houston,1998,94.4114,103.277,70.861,-8.86518,-8.8656,
UC Santa Barbara,1998,99.0214,107.931,69.4631,-8.91002,-8.909599999999998,
Northwestern St.,1998,96.6117,105.601,71.3559,-8.98919,-8.9893,
Harvard,1998,103.001,112.163,66.8527,-9.16211,-9.161999999999992,
Morgan St.,1998,94.8834,104.357,73.7265,-9.47368,-9.473600000000005,
Wagner,1998,96.2619,105.762,73.0761,-9.50037,-9.500100000000003,
Jacksonville,1998,94.4972,104.073,70.577,-9.57592,-9.575799999999987,
Colgate,1998,98.5337,108.163,72.7441,-9.62949,-9.6293,
Eastern Kentucky,1998,94.9775,104.776,72.0627,-9.79807,-9.79849999999999,
UC Irvine,1998,92.5044,102.472,67.8058,-9.96737,-9.96759999999999,
Chattanooga,1998,101.811,111.781,62.4582,-9.97029,-9.969999999999999,
Samford,1998,99.217,109.429,64.4144,-10.2124,-10.212000000000003,
Wisconsin Milwaukee,1998,94.8296,105.382,70.47,-10.5527,-10.552400000000006,
UMBC,1998,96.4796,107.038,69.5007,-10.5589,-10.558399999999992,
Long Beach St.,1998,92.1101,102.883,66.1541,-10.7724,-10.772899999999993,
Yale,1998,94.4221,105.258,67.3299,-10.8355,-10.835899999999995,
New Hampshire,1998,97.6254,108.815,66.4112,-11.1897,-11.189599999999999,
Alcorn St.,1998,96.9026,108.101,72.2702,-11.1988,-11.198399999999992,
Sam Houston St.,1998,101.756,113.228,65.5861,-11.4716,-11.471999999999994,
Central Michigan,1998,96.2694,107.914,74.1553,-11.6441,-11.644599999999997,
Grambling St.,1998,96.784,108.53,66.5421,-11.7455,-11.745999999999995,
UT Arlington,1998,99.0724,110.851,67.7685,-11.7788,-11.778599999999997,
Western Carolina,1998,97.1618,109.065,70.8741,-11.9031,-11.903199999999998,
VMI,1998,95.5854,107.508,75.0546,-11.9223,-11.922599999999989,
Centenary,1998,95.4202,107.597,68.5479,-12.1766,-12.1768,
East Tennessee St.,1998,93.8534,106.454,66.7691,-12.6001,-12.6006,
Ohio,1998,95.1962,107.96,67.9333,-12.7634,-12.76379999999999,
Stetson,1998,100.754,113.53,66.4368,-12.776,-12.775999999999996,
Robert Morris,1998,92.9978,105.817,65.0569,-12.8187,-12.819199999999995,
UMKC,1998,95.5571,108.541,68.4639,-12.984,-12.983899999999991,
Cornell,1998,92.7899,105.853,67.832,-13.0635,-13.063099999999991,
Hampton,1998,93.8736,107.379,69.0425,-13.5054,-13.505400000000009,
Maine,1998,94.575,108.127,72.6246,-13.5522,-13.551999999999992,
Prairie View A&M,1998,88.4191,102.244,75.4013,-13.8247,-13.8249,
Lehigh,1998,94.9362,109.851,72.5672,-14.9145,-14.9148,
Maryland Eastern Shore,1998,91.3946,106.527,70.7436,-15.1321,-15.132400000000004,
Columbia,1998,88.3399,103.502,64.2935,-15.1625,-15.162099999999995,
Stephen F. Austin,1998,95.8596,111.047,71.5777,-15.1872,-15.187399999999997,
UNC Greensboro,1998,96.5107,111.81,65.0787,-15.2995,-15.299300000000002,
Norfolk St.,1998,92.1187,107.747,72.1571,-15.6281,-15.628299999999996,
Florida A&M,1998,90.2634,106.035,74.5915,-15.7713,-15.771599999999992,
Southern Utah,1998,89.9633,106.292,71.2647,-16.3284,-16.328699999999998,
Furman,1998,88.4003,104.997,66.9622,-16.5966,-16.5967,
Morehead St.,1998,91.997,108.605,70.5576,-16.6082,-16.608000000000004,
Mississippi Valley St.,1998,95.1246,111.791,73.6325,-16.6666,-16.666399999999996,
Liberty,1998,96.1168,113.014,65.1748,-16.8969,-16.897199999999998,
Georgia Southern,1998,90.976,107.981,66.7887,-17.0045,-17.004999999999995,
San Jose St.,1998,89.8736,107.196,68.4972,-17.3223,-17.322400000000002,
Central Connecticut,1998,91.353,108.712,69.9465,-17.3586,-17.35900000000001,
Holy Cross,1998,95.7734,113.152,67.3488,-17.3787,-17.378600000000006,
Alabama St.,1998,90.3132,107.858,68.5294,-17.545,-17.54480000000001,
Jacksonville St.,1998,97.2279,114.927,73.8637,-17.6989,-17.6991,
Belmont,1998,94.1911,112.101,65.5698,-17.9103,-17.909899999999993,
Texas Pan American,1998,94.9489,112.979,80.5603,-18.0304,-18.030100000000004,
Wofford,1998,92.0518,110.168,68.7702,-18.1164,-18.116200000000006,
McNeese St.,1998,95.7379,113.883,69.3409,-18.1447,-18.1451,
Monmouth,1998,91.2233,109.749,65.2341,-18.526,-18.5257,
Drake,1998,90.8909,109.578,69.0373,-18.6871,-18.6871,
North Carolina A&T,1998,94.7457,113.642,69.3926,-18.896,-18.896299999999997,
Tennessee Tech,1998,86.0697,105.206,73.0231,-19.1361,-19.136300000000006,
Dartmouth,1998,89.603,108.8,64.3194,-19.1973,-19.197000000000003,
Idaho St.,1998,94.8299,114.306,69.998,-19.4766,-19.476100000000002,
Tennessee Martin,1998,91.202,110.8,67.2,-19.5984,-19.598,
Southeastern Louisiana,1998,95.6357,115.377,75.6818,-19.7411,-19.741299999999995,
Campbell,1998,91.9784,112.893,67.2945,-20.9141,-20.914600000000007,
Brown,1998,88.1078,109.474,65.9403,-21.3662,-21.366200000000006,
Howard,1998,91.956,113.368,70.2927,-21.4124,-21.411999999999992,
Delaware St.,1998,87.4646,109.854,73.5076,-22.3898,-22.389399999999995,
Florida Atlantic,1998,89.1837,111.622,69.0624,-22.4385,-22.438299999999998,
Mercer,1998,92.5186,115.03,68.4899,-22.5117,-22.511399999999995,
Charleston Southern,1998,92.6518,115.193,73.7618,-22.5409,-22.541200000000003,
Arkansas Pine Bluff,1998,87.3848,110.298,72.2927,-22.913,-22.913200000000003,
Troy St.,1998,90.1476,113.453,75.4894,-23.3052,-23.305400000000006,
Army,1998,90.2485,113.629,70.4304,-23.3801,-23.380499999999998,
Coastal Carolina,1998,87.1773,110.876,66.4234,-23.6984,-23.698700000000002,
Winthrop,1998,87.0747,110.875,67.7315,-23.8005,-23.800299999999993,
Sacramento St.,1998,86.5974,112.164,65.8712,-25.5663,-25.566600000000008,
Chicago St.,1998,92.0758,117.903,76.1414,-25.827,-25.827200000000005,
Bethune Cookman,1998,78.1323,105.946,73.6431,-27.8134,-27.813699999999997,
Duke,1999,127.715252398448,84.7041966924244,74.2868751593871,43.0110557060234,43.0110557060236,
Michigan St.,1999,119.127874465189,87.4687126821377,64.6480140197145,31.6591617830513,31.65916178305129,
Connecticut,1999,114.489755385846,83.1116170321865,68.6554833239198,31.3781383536598,31.378138353659494,
Auburn,1999,116.404436001216,86.9268874758476,71.1589583909966,29.4775485253685,29.477548525368405,
Kentucky,1999,115.698870240103,87.6050495010933,66.6501724341042,28.0938207390099,28.0938207390097,
Maryland,1999,112.854052700315,85.458819973181,77.4712564049806,27.3952327271338,27.395232727134,
St. John's,1999,116.378918046909,89.3068211611958,69.6449463546247,27.0720968857134,27.072096885713208,
Stanford,1999,112.440016411135,86.546111405877,65.0501884268107,25.8939050052583,25.893905005258006,
Utah,1999,114.807083213624,89.2021431229866,61.6072565778693,25.6049400906372,25.6049400906374,
Ohio St.,1999,113.162861001439,87.8502999119719,69.660263631225,25.3125610894671,25.312561089467096,
Cincinnati,1999,111.004014185788,85.7640580626063,67.8059621551671,25.2399561231813,25.2399561231817,
Temple,1999,113.822421212633,89.9055550918903,61.8897050906046,23.9168661207424,23.916866120742696,
Wisconsin,1999,108.767414044078,85.5657188911687,61.2733701287317,23.2016951529096,23.201695152909295,
Miami FL,1999,106.734599990685,84.6233312153561,71.2455311479541,22.1112687753288,22.111268775328895,
North Carolina,1999,113.17189593987,92.7782395836485,65.270159636021,20.3936563562214,20.3936563562215,
Gonzaga,1999,114.141500769719,94.2035372094773,69.4782163641412,19.9379635602419,19.9379635602417,
Kansas,1999,108.01521115596,88.1168447775676,70.174830709285,19.8983663783926,19.89836637839241,
Iowa,1999,113.734976542986,94.4527998148486,71.6117977961584,19.2821767281373,19.2821767281374,
Indiana,1999,111.984963220382,93.7202002877529,70.9766623544658,18.2647629326294,18.264762932629097,
Florida,1999,109.315106962971,91.2820533333985,73.1877408284455,18.0330536295725,18.033053629572507,
Southwest Missouri St.,1999,108.819898285971,90.9434362004252,68.6169395116234,17.8764620855455,17.876462085545796,
Syracuse,1999,105.919156045938,88.4291828758086,70.2340994180541,17.4899731701299,17.48997317012939,
Arizona,1999,114.725888908767,97.5050434397249,74.1977300478786,17.2208454690418,17.220845469042104,
Louisville,1999,109.786793123302,92.6060663864444,72.8949306439587,17.1807267368573,17.180726736857608,
Mississippi,1999,108.800001527092,91.647472177322,71.4192931391227,17.1525293497698,17.152529349769992,
Minnesota,1999,109.034741751072,91.9581515621205,67.4874037914243,17.0765901889513,17.0765901889515,
Clemson,1999,111.303879926572,94.3295214422132,65.7675953650803,16.9743584843592,16.97435848435879,
UCLA,1999,106.442125696861,89.4735698441341,73.800632043028,16.9685558527267,16.968555852726894,
Miami OH,1999,110.948729723771,93.9877114347774,62.2951051729196,16.9610182889932,16.9610182889936,
Tennessee,1999,105.002196424986,88.1341337790411,70.0829955849578,16.8680626459446,16.868062645944903,
Xavier,1999,111.779325211197,95.2827271471468,72.0707818090037,16.4965980640501,16.496598064050204,
Purdue,1999,108.344447164596,92.388999898934,67.0822052043052,15.9554472656617,15.955447265662002,
Oklahoma,1999,105.837638645247,90.062897324916,67.5144854537703,15.774741320331,15.774741320331003,
Oklahoma St.,1999,109.460208206012,93.753814649078,65.7942636931306,15.7063935569339,15.706393556934003,
Creighton,1999,113.030133006968,97.613914838304,69.0919040936419,15.4162181686639,15.416218168664003,
Arkansas,1999,111.694371760642,96.3145534369937,71.7148550401214,15.3798183236487,15.379818323648294,
Rutgers,1999,108.864743036129,93.754675992135,67.5737128733236,15.1100670439939,15.110067043993993,
Villanova,1999,112.799330106543,97.703185765509,68.9098282996591,15.0961443410342,15.096144341033991,
Penn St.,1999,111.343675937853,96.6409945436609,67.3278459046639,14.7026813941922,14.702681394192112,
Missouri,1999,106.201633894991,91.5743971019955,70.4227716412639,14.6272367929952,14.627236792995504,
Detroit,1999,106.785783827122,92.2388742928288,60.8349749600255,14.5469095342927,14.546909534293206,
UNC Charlotte,1999,110.408142613944,96.4200396005596,65.0809050322871,13.9881030133848,13.98810301338439,
Tulsa,1999,102.030805476764,88.2761887657774,68.8825820041691,13.7546167109871,13.754616710986596,
Washington,1999,108.76973194407,95.0174386267695,72.0315196870643,13.7522933173008,13.752293317300499,
Texas,1999,105.237710883356,91.6008976092966,69.1600244967875,13.6368132740592,13.636813274059406,
California,1999,104.096056134857,90.5454689890182,71.0779108435604,13.550587145839,13.55058714583879,
Northwestern,1999,102.22549227648,88.8505132309238,61.0482837281595,13.3749790455567,13.374979045556202,
Rhode Island,1999,110.035675837176,96.7608014297169,68.9554731605665,13.2748744074593,13.274874407459095,
Illinois,1999,99.1984510724446,86.2647556885656,68.2293148271123,12.9336953838791,12.933695383878998,
George Washington,1999,107.964169103028,95.2312050200813,75.9978509244673,12.7329640829471,12.732964082946694,
Ohio,1999,107.962519338316,95.260155296359,70.8297728299408,12.7023640419573,12.702364041956997,
USC,1999,106.561630398065,94.1723269504944,72.3499230865,12.389303447571,12.389303447570612,
Oregon,1999,106.183963161873,93.8775103941926,71.1798643130989,12.3064527676808,12.306452767680398,
Kent,1999,104.385158936295,92.1851881742728,67.8721005115223,12.1999707620224,12.199970762022204,
Penn,1999,108.131031151035,96.2150091000866,66.4847737570692,11.9160220509487,11.9160220509484,
Kansas St.,1999,103.133704465839,91.4454872148431,68.656718941824,11.6882172509957,11.688217250995905,
Michigan,1999,109.017749348548,97.449277874036,66.5788561673866,11.5684714745117,11.568471474511995,
College of Charleston,1999,106.921701137251,95.5578580781378,66.2186306852144,11.3638430591128,11.363843059113208,
DePaul,1999,111.200738286108,99.9941833327158,68.1552899388632,11.2065549533921,11.2065549533922,
Seton Hall,1999,105.403459659008,94.1986419426611,65.6508182968519,11.2048177163465,11.20481771634691,
Indiana St.,1999,104.95760422079,93.8093925513832,67.6014221261686,11.148211669407,11.148211669406805,
Wake Forest,1999,106.208428121005,95.1295297689644,64.5223819341002,11.0788983520406,11.078898352040596,
Toledo,1999,102.482877738871,91.6835274904703,68.8301211378798,10.7993502484008,10.7993502484007,
Princeton,1999,105.896437801675,95.1762372093821,56.2832015618105,10.7202005922925,10.720200592292912,
Colorado St.,1999,106.71295582323,96.0188448366567,66.8605179443169,10.6941109865736,10.694110986573307,
Georgetown,1999,98.7487471934244,88.2591630686431,71.2589201854505,10.4895841247813,10.489584124781302,
Bowling Green,1999,103.203102678395,92.7281526851678,68.9903282887117,10.474949993227,10.474949993227199,
Saint Louis,1999,102.804080107679,92.4413733407483,65.7168456722231,10.3627067669305,10.3627067669307,
UAB,1999,106.15535040744,95.8704330658765,71.9751679540003,10.2849173415638,10.2849173415635,
Murray St.,1999,106.764186227733,96.5606176245076,70.8594366958204,10.203568603225,10.203568603225406,
Providence,1999,105.052487326484,94.9920156241439,73.7630337128691,10.0604717023403,10.060471702340095,
Georgia,1999,110.097777386574,100.166038916714,66.9085350311,9.93173846986,9.931738469859994,
TCU,1999,114.082209099029,104.188521304236,74.4924055923791,9.89368779479356,9.893687794792996,
South Florida,1999,100.783491160494,90.9577075640908,70.829434595938,9.82578359640304,9.825783596403198,
Arizona St.,1999,107.317766059057,97.5837534905398,69.988725586784,9.73401256851716,9.734012568517201,
Southern Illinois,1999,100.666353957059,90.9883319230282,67.447324576085,9.67802203403109,9.678022034030803,
Nebraska,1999,99.594561222057,89.9860834835401,69.6191116793253,9.60847773851686,9.608477738516896,
UNLV,1999,105.104611921494,95.5642342114092,68.7618880898428,9.54037771008429,9.540377710084798,
Mississippi St.,1999,103.087181413655,93.8253991655655,67.0018078870958,9.26178224808982,9.261782248089503,
Massachusetts,1999,101.921337248393,92.9027248758146,64.6955465682844,9.01861237257802,9.018612372578403,
Northern Arizona,1999,108.78129933703,99.844851791394,66.0409564392888,8.93644754563582,8.936447545636,
Florida St.,1999,107.382413360027,98.4976982112206,69.4184930325066,8.88471514880685,8.884715148806407,
Colorado,1999,101.474332554606,92.5943620244952,73.496551752756,8.87997053011035,8.879970530110796,
Akron,1999,111.758907169949,103.028483768036,69.3472006653835,8.73042340191293,8.730423401913,
Butler,1999,100.034559537054,91.5540795627449,65.2537521810453,8.48047997430866,8.480479974309091,
Marshall,1999,109.88682644525,101.46334244035,70.1869768428496,8.4234840048993,8.42348400489999,
New Mexico,1999,108.907076106034,100.487386701932,66.0789447926102,8.41968940410135,8.419689404102002,
Fresno St.,1999,108.012528152598,99.6078903836053,76.0450100728731,8.4046377689927,8.4046377689927,
Weber St.,1999,110.173807247174,101.889222649968,69.5726489958868,8.28458459720631,8.284584597205992,
Virginia,1999,104.071863466879,95.8741803392877,69.6559023972204,8.19768312759126,8.19768312759129,
Evansville,1999,110.584114262281,102.49658039592,69.5423881813859,8.08753386636134,8.087533866361,
Bradley,1999,98.6431327918251,90.7745408338487,65.2606191109542,7.86859195797642,7.868591957976392,
Rice,1999,100.681991112085,92.9411503490727,63.8609113804898,7.74084076301203,7.740840763012301,
Wyoming,1999,102.587961968461,94.8502385244784,78.2950639766478,7.73772344398226,7.737723443982603,
Wisconsin Green Bay,1999,105.066137628428,97.7660934551231,59.2830106051492,7.3000441733054,7.300044173304897,
Boise St.,1999,101.545610466249,94.351728824996,65.0791492626483,7.19388164125252,7.193881641253,
Alabama,1999,102.033249218282,94.8903740784891,67.334392485585,7.14287513979321,7.142875139792892,
George Mason,1999,105.395109053056,98.3222571525567,69.6328720888905,7.07285190049951,7.072851900499302,
Arkansas St.,1999,104.644315194746,97.643702789078,71.0395031917155,7.00061240566812,7.000612405667994,
Valparaiso,1999,103.807897729304,96.8189685518464,66.3115108423244,6.98892917745789,6.988929177457607,
Illinois St.,1999,104.167692588254,97.7942829214821,68.0917071280687,6.37340966677218,6.373409666771906,
Memphis,1999,103.977680699723,97.604824936827,76.076155567268,6.37285576289588,6.372855762895995,
Delaware,1999,104.724220970834,98.4896560140517,71.3131599348201,6.23456495678201,6.234564956782293,
Hofstra,1999,100.598546128032,94.4922602597084,65.1766146390674,6.10628586832371,6.106285868323596,
Old Dominion,1999,100.869738214537,94.8399411241545,69.9625562108675,6.0297970903821,6.029797090382488,
San Diego,1999,102.882934338248,96.9257765563798,63.3847617106412,5.957157781868,5.957157781868204,
Oregon St.,1999,100.057735201703,94.1207887022978,65.5544032286974,5.93694649940484,5.936946499405195,
Notre Dame,1999,103.039664034126,97.1720801062273,71.7460945613544,5.86758392789845,5.867583927898707,
Iowa St.,1999,102.198665419297,96.3951768946205,60.8959263250399,5.8034885246769,5.803488524676496,
Southern Miss,1999,101.507803637495,95.7584093219872,62.0450458572258,5.74939431550736,5.7493943155078,
Marquette,1999,98.4812868321355,92.8585893097128,65.9316569620967,5.62269752242276,5.622697522422698,
Dayton,1999,102.757732784325,97.143354127296,68.2238239416428,5.61437865702893,5.614378657028993,
Samford,1999,106.418575452307,101.031223684556,65.2439731563636,5.38735176775141,5.387351767750999,
Vanderbilt,1999,104.522145540023,99.3047915074405,68.4952242791424,5.21735403258298,5.217354032582506,
UTEP,1999,105.455171641469,100.276080283273,64.4735478154161,5.17909135819665,5.17909135819599,
Louisiana Tech,1999,106.579215456363,101.405476501046,70.005640966689,5.17373895531708,5.173738955317006,
New Mexico St.,1999,105.32985653018,100.17558920508,65.0544307081195,5.15426732509994,5.154267325099994,
Pepperdine,1999,96.4420449167276,91.3454025002156,67.1422593268059,5.09664241651205,5.0966424165119975,
Northern Iowa,1999,106.604152405278,101.634003801339,69.3919311231343,4.97014860393858,4.970148603938995,
Southeast Missouri St.,1999,100.605249490198,95.8674211651471,67.1037548964416,4.73782832505119,4.737828325050899,
Siena,1999,106.270983785149,101.600443713953,78.3957268040083,4.67054007119569,4.670540071196001,
Pittsburgh,1999,101.338355259965,96.7613371868814,69.3711007780831,4.5770180730836,4.577018073083593,
Georgia Tech,1999,99.9361263347789,95.6534253546658,69.8727342504401,4.28270098011311,4.2827009801131055,
LSU,1999,96.8572661853779,93.0139120968573,68.405758173444,3.84335408852062,3.8433540885205986,
Ball St.,1999,99.9638339566678,96.6313389896094,66.9761597359859,3.33249496705838,3.3324949670583948,
FIU,1999,105.088498462224,101.788944729072,68.3731988130085,3.29955373315233,3.2995537331519955,
Washington St.,1999,102.539532236268,99.3372646280173,72.2667597426942,3.20226760825097,3.2022676082507076,
St. Bonaventure,1999,95.9240157462137,92.885106143755,67.7955923893672,3.0389096024587,3.038909602458702,
Cal St. Northridge,1999,103.690787908854,100.708403572617,76.801076585498,2.98238433623754,2.982384336237004,
James Madison,1999,102.92610302431,100.174519283321,67.622012274117,2.75158374098924,2.751583740988991,
BYU,1999,102.221051245365,99.5542426984236,70.6467186709305,2.6668085469416,2.666808546941411,
SMU,1999,104.793521509602,102.153591837085,69.7575757292054,2.63992967251663,2.639929672516999,
West Virginia,1999,103.228936007156,100.593731558964,66.8694762737354,2.63520444819141,2.635204448191999,
Idaho,1999,102.613838551046,100.06053765496,70.5842211661281,2.55330089608552,2.553300896086,
Oral Roberts,1999,106.283969356991,103.917540282042,70.2824038715202,2.36642907494914,2.3664290749489965,
Drexel,1999,100.778933824425,98.4685621577407,67.3078089556648,2.31037166668376,2.31037166668429,
St. Joseph's,1999,100.195889745164,97.890043058902,67.3386203531764,2.3058466862624,2.305846686262001,
Tulane,1999,101.682023772799,100.155374040005,70.6252194532149,1.52664973279397,1.5266497327939987,
Montana St.,1999,105.947925293068,104.530600067251,71.3141601500832,1.4173252258167,1.4173252258169953,
Wichita St.,1999,104.102708934551,102.712707433384,67.2429193855524,1.39000150116735,1.3900015011670064,
Utah St.,1999,100.911668213209,99.6159149766505,66.8611228076956,1.29575323655837,1.2957532365584967,
Appalachian St.,1999,100.255316674886,98.9720058757508,70.3697238492044,1.28331079913522,1.283310799135208,
La Salle,1999,104.862023530021,103.69014874971,69.7312794515578,1.17187478031013,1.1718747803110006,
North Carolina St.,1999,100.752433088137,99.7019106433142,69.2800932929117,1.050522444823,1.0505224448227892,
Navy,1999,90.9119690851153,89.9460148142684,73.7666898671654,0.965954270846943,0.9659542708469075,
UCF,1999,101.692861638196,100.855361667831,69.4180171984357,0.837499970365365,0.8374999703650019,
Virginia Tech,1999,98.9464534962104,98.2167502308649,65.7148041641906,0.729703265345498,0.729703265345492,
Southwest Texas St.,1999,98.1453184580523,97.4433477311567,66.2538975411731,0.701970726895635,0.7019707268955955,
Iona,1999,98.4253570986147,97.9155459298483,74.8052313559817,0.50981116876637,0.5098111687663902,
Lafayette,1999,101.684829075181,101.253177743046,70.9265429525386,0.431651332134723,0.4316513321350044,
Western Michigan,1999,103.156793234044,102.791253526433,71.8510736535771,0.365539707610264,0.3655397076110063,
Davidson,1999,102.823101542082,102.569017724713,70.5173936665671,0.254083817368891,0.25408381736899344,
Maine,1999,103.153921269735,102.95255592714,75.228550590856,0.201365342594252,0.20136534259499683,
Western Kentucky,1999,96.4624261534402,96.3547596207944,66.2411856318288,0.107666532645798,0.10766653264580839,
Alcorn St.,1999,95.3788202241679,95.3473570168154,72.3806694734625,0.0314632073525303,0.031463207352501854,
Southwestern Louisiana,1999,97.8175800872735,97.8119811655377,70.951381809834,0.005598921735781,0.005598921735796125,
Youngstown St.,1999,101.704046974078,102.07886895002,65.2523807451283,-0.374821975941976,-0.3748219759419982,
Cleveland St.,1999,101.871561929311,102.371686954811,70.5942202379532,-0.500125025500164,-0.5001250254999974,
Portland St.,1999,105.893264444042,106.557592694633,68.9188109367483,-0.66432825059179,-0.664328250590998,
UNC Wilmington,1999,98.6078915741061,99.3162757246975,61.1648975329994,-0.708384150591445,-0.7083841505913995,
St. Francis NY,1999,102.301522542425,103.0441046477,77.2368737581318,-0.742582105275306,-0.742582105274991,
San Jose St.,1999,98.2940401922636,99.0838584435521,64.8743113603607,-0.789818251288527,-0.7898182512885086,
Texas A&M,1999,99.7010571526941,100.539062570268,70.1086438439797,-0.838005417573435,-0.8380054175738962,
Texas Tech,1999,99.9352464096996,100.884070532088,71.2024189446561,-0.948824122388828,-0.9488241223884017,
Santa Clara,1999,100.989916393198,102.105551194431,64.9648145988741,-1.11563480123272,-1.115634801233,
Niagara,1999,104.895461350673,106.179515030299,73.6847480160547,-1.28405367962609,-1.2840536796259983,
UMBC,1999,97.7568245539317,99.0703101527852,66.0733873879626,-1.31348559885352,-1.3134855988535037,
UC Santa Barbara,1999,98.0410201183458,99.4148737146452,70.0095260650355,-1.37385359629939,-1.3738535962993979,
Richmond,1999,103.583431164919,105.023949729748,64.3847751001748,-1.44051856482917,-1.4405185648289915,
St. Mary's,1999,102.291043382641,103.768314959738,66.7843380823257,-1.47727157709794,-1.4772715770969995,
Houston,1999,99.7430768275256,101.307495244253,73.9402134627536,-1.5644184167278,-1.5644184167274062,
Drake,1999,97.2889853824381,98.8887900234036,69.6752547543026,-1.5998046409655,-1.5998046409655018,
South Carolina,1999,98.6925590640778,100.294168819715,64.7017930727299,-1.60160975563758,-1.6016097556371989,
Rider,1999,101.663988402244,103.440621702317,68.6039191350295,-1.77663330007253,-1.7766333000730015,
Fordham,1999,101.377110100358,103.276612122719,67.5560516802264,-1.89950202236102,-1.8995020223610055,
VCU,1999,100.701801690695,102.710598610904,71.2118714833512,-2.00879692020889,-2.0087969202089937,
Montana,1999,99.0471183867974,101.323103056633,67.8649284559485,-2.27598466983542,-2.2759846698356085,
East Carolina,1999,98.600127046859,100.885767754179,63.7541577423127,-2.28564070732024,-2.285640707319999,
Central Michigan,1999,100.196970779734,102.487317177591,70.89010420073,-2.29034639785659,-2.290346397856993,
San Francisco,1999,96.1104336490801,98.4995491161894,67.3018595316575,-2.38911546710924,-2.3891154671093062,
Boston College,1999,97.2913245216805,99.7282792740731,69.1619585259897,-2.43695475239266,-2.4369547523926087,
Pacific,1999,103.351128942906,105.876321106371,61.9463343685343,-2.52519216346446,-2.525192163464993,
Western Illinois,1999,103.973453204623,106.519638391545,68.1086619940242,-2.54618518692219,-2.5461851869220027,
Marist,1999,101.74165089317,104.317289389268,66.925643438162,-2.57563849609766,-2.5756384960979943,
Bucknell,1999,93.9552085519351,96.6208897069483,67.4930996968,-2.66568115501323,-2.6656811550132034,
Georgia St.,1999,102.063495988488,104.786712357749,68.1873495413197,-2.72321636926084,-2.723216369260996,
Belmont,1999,104.735563008888,107.8192468635,67.2331266692478,-3.08368385461177,-3.083683854612005,
Chattanooga,1999,101.686769003129,104.796064551293,62.9890327805413,-3.10929554816393,-3.109295548163999,
Loyola MD,1999,100.890088311355,104.191035233838,72.5487435848647,-3.30094692248359,-3.300946922482993,
Loyola Marymount,1999,105.880089205551,109.395730937345,75.3575934618713,-3.515641731794,-3.515641731793991,
Fairfield,1999,97.5236558856824,101.45930526182,78.5283201290162,-3.93564937613731,-3.9356493761376043,
UTSA,1999,102.828170919251,106.912381574206,71.4480287360279,-4.08421065495497,-4.084210654955001,
South Alabama,1999,93.2398302209258,97.3621028445917,63.7939906589325,-4.12227262366586,-4.122272623665907,
Lamar,1999,98.5694956772297,102.751352947774,70.5488459339447,-4.18185727054423,-4.181857270544299,
St. Peter's,1999,96.129250695354,100.631061291453,67.4451948236521,-4.50181059609885,-4.501810596098991,
Air Force,1999,101.170429371848,105.802780913247,74.6588736678956,-4.63235154139832,-4.632351541399004,
Coppin St.,1999,96.213258121315,101.191017054433,67.0713406077707,-4.97775893311824,-4.977758933118011,
Winthrop,1999,97.3388890466428,102.353399696313,65.4448819128764,-5.01451064967056,-5.0145106496702,
Long Beach St.,1999,97.0807512234819,102.12861646687,68.2991255564772,-5.04786524338853,-5.047865243388102,
Southern,1999,102.943093844713,108.232253202981,74.5739640130438,-5.28915935826837,-5.2891593582679945,
Mount St. Mary's,1999,97.5364677722176,102.902222564265,67.5534967144728,-5.36575479204738,-5.365754792047397,
Eastern Washington,1999,97.7715593888304,103.23741386445,71.1105294675947,-5.46585447562011,-5.465854475619608,
New Orleans,1999,93.371803194578,98.9319910986224,64.8099255910083,-5.56018790404444,-5.5601879040443976,
East Tennessee St.,1999,100.985291513293,106.780712109731,68.2520495093588,-5.79542059643851,-5.795420596437992,
Radford,1999,97.223402990817,103.144129241158,72.0551019432039,-5.92072625034104,-5.920726250341005,
Central Connecticut,1999,97.2207122588546,103.261237332664,68.3188817173415,-6.04052507380935,-6.040525073809391,
Robert Morris,1999,94.25052999465,100.373958866872,72.6747626124778,-6.12342887222165,-6.123428872222007,
Eastern Illinois,1999,102.214812299622,108.476111797127,68.8903703078978,-6.26129949750528,-6.261299497505007,
Colgate,1999,93.1806002222946,99.4535862587566,67.7144806264177,-6.27298603646199,-6.272986036462001,
Eastern Michigan,1999,90.2044945610318,96.5333469793363,67.9696600401611,-6.32885241830446,-6.328852418304507,
McNeese St.,1999,96.5049937250138,102.854657430908,74.5888829477072,-6.34966370589457,-6.349663705894201,
Portland,1999,95.5910076204347,101.966054762632,69.6129641716647,-6.37504714219687,-6.375047142197303,
Canisius,1999,102.752234108482,109.1682749065,65.8644361257506,-6.41604079801783,-6.4160407980180025,
Wright St.,1999,96.2526739453419,102.839548250158,71.2406767029309,-6.58687430481639,-6.5868743048161065,
Stetson,1999,99.2642104970722,106.067809850126,65.2176053536312,-6.80359935305382,-6.803599353053798,
Nicholls St.,1999,92.9990212144864,99.942278869328,68.1854417535816,-6.94325765484163,-6.943257654841602,
Jackson St.,1999,91.7863235477492,98.7361406742622,70.1857430905663,-6.94981712651302,-6.949817126512997,
Loyola Chicago,1999,96.9180105490511,103.87255884348,65.8416220449332,-6.95454829442892,-6.954548294428889,
Oakland,1999,101.904206537249,108.885676880261,72.786716195283,-6.98147034301113,-6.981470343012006,
Austin Peay,1999,102.066204965233,109.118363233679,70.0330741622422,-7.05215826844559,-7.052158268446007,
Morehead St.,1999,99.7472261907622,106.932363473428,73.727696198456,-7.18513728266614,-7.185137282665792,
Harvard,1999,101.151331133573,108.344116466721,69.3612608286362,-7.19278533314752,-7.192785333148009,
Illinois Chicago,1999,92.129201641458,99.3241272385782,68.1805530208352,-7.19492559712019,-7.1949255971202035,
Hawaii,1999,96.0745510674293,103.547982444704,67.2926512221164,-7.47343137727489,-7.473431377274707,
Wisconsin Milwaukee,1999,97.4324046949826,104.947258189312,69.0410908006113,-7.51485349432906,-7.514853494329401,
Texas Pan American,1999,98.7806214570906,106.358122960959,77.3934933704775,-7.5775015038683,-7.57750150386839,
Southern Utah,1999,100.652742257028,108.306013650504,69.5157613819968,-7.65327139347601,-7.653271393476004,
Fairleigh Dickinson,1999,93.1921601820997,100.883302787701,66.5944613878351,-7.69114260560162,-7.6911426056013,
Arkansas Little Rock,1999,102.005027061006,109.784837183247,63.3549171136436,-7.77981012224114,-7.7798101222410025,
Northern Illinois,1999,92.3742861832339,100.269810938233,65.2362074568,-7.89552475499878,-7.895524754999087,
Cal St. Fullerton,1999,98.8136011626287,106.769046392032,69.738559186346,-7.95544522940289,-7.955445229403296,
Cal Poly,1999,103.660780089717,111.847685412273,77.4386712597195,-8.18690532255632,-8.186905322556001,
Tennessee Tech,1999,94.8607742862566,103.288085038679,67.1715153022026,-8.42731075242268,-8.4273107524224,
Baylor,1999,90.5428427976447,99.0097673527978,69.0782420728284,-8.46692455515317,-8.4669245551531,
Middle Tennessee St.,1999,98.0322550455778,106.801000102396,67.3073843206197,-8.76874505681814,-8.768745056818204,
IUPUI,1999,94.5709417731851,103.827078771224,67.3431358029369,-9.25613699803925,-9.256136998038897,
LIU Brooklyn,1999,91.7130529358571,101.0118418502,71.7834791275482,-9.29878891434313,-9.298788914342893,
Northeast Louisiana,1999,91.1786090612163,100.695005119634,76.1511470674595,-9.51639605841769,-9.516396058417698,
Norfolk St.,1999,106.144911568208,115.750596948689,76.4112876815878,-9.60568538048176,-9.605685380480992,
Tennessee St.,1999,95.6813451017706,105.3430811856,69.6272769565147,-9.66173608382962,-9.661736083829396,
Duquesne,1999,91.7465729457469,101.710593807852,69.0502380445364,-9.96402086210541,-9.964020862105102,
Boston University,1999,91.4888784542609,101.593426297203,68.239798022111,-10.1045478429423,-10.104547842942097,
Centenary,1999,92.6646240126478,102.848819926388,66.1534924591916,-10.1841959137403,-10.184195913740197,
South Carolina St.,1999,95.7712719796515,106.120813055299,63.0670447097592,-10.3495410756477,-10.349541075647494,
Cornell,1999,93.007778989105,103.366939462048,68.164867386912,-10.359160472943,-10.359160472942989,
UC Irvine,1999,94.0916569013102,104.457291450165,67.9894677717724,-10.3656345488546,-10.3656345488548,
Dartmouth,1999,94.2239647649207,104.606616049485,67.0825661687795,-10.3826512845647,-10.382651284564304,
UMKC,1999,97.9221878157552,108.36664595296,70.5566730632446,-10.4444581372045,-10.444458137204805,
American,1999,87.7761587057755,98.2267277849895,71.3290495042416,-10.450569079214,-10.450569079214006,
Wofford,1999,98.5982225993286,109.14146340372,67.9395657730354,-10.5432408043913,-10.543240804391402,
Wagner,1999,93.0907488041061,103.936419367721,70.169929713934,-10.8456705636147,-10.845670563614902,
UT Arlington,1999,95.6025490628289,106.605868711428,67.9033894930971,-11.0033196485988,-11.003319648599103,
Vermont,1999,92.826945973524,104.061546283362,68.1108642689125,-11.234600309838,-11.234600309838001,
Denver,1999,96.2393124935773,107.539585476137,73.166548293968,-11.3002729825592,-11.300272982559704,
Furman,1999,91.6048746824668,103.001207465777,69.817534250701,-11.39633278331,-11.3963327833102,
William & Mary,1999,92.4364324507917,103.887765109271,69.5770701561297,-11.4513326584797,-11.451332658479302,
North Texas,1999,96.2509749532104,107.73878367819,77.1129067260061,-11.4878087249798,-11.487808724979601,
Nevada,1999,94.295131651782,105.838691797206,70.2904739155951,-11.5435601454237,-11.543560145423996,
Bethune Cookman,1999,91.6824753414094,103.669059559451,66.9349857150713,-11.986584218042,-11.9865842180416,
Jacksonville,1999,86.9265458043872,99.3333734818531,69.8029798362385,-12.4068276774659,-12.406827677465898,
Sam Houston St.,1999,95.1610900069416,107.618559112588,70.569392398407,-12.457469105646,-12.457469105646396,
Idaho St.,1999,94.0045017910389,106.585078743019,67.5626833079153,-12.5805769519805,-12.580576951980092,
Mississippi Valley St.,1999,91.9800583363747,104.659422807207,73.5487414869451,-12.6793644708327,-12.679364470832297,
Northwestern St.,1999,87.911921222991,100.750522206506,71.2172968165657,-12.8386009835151,-12.838600983515008,
Maryland Eastern Shore,1999,95.3067926082868,108.214543654998,68.7872114763344,-12.9077510467116,-12.907751046711198,
St. Francis PA,1999,94.0532933071263,107.480004373676,69.941218279613,-13.4267110665496,-13.4267110665497,
Morgan St.,1999,91.4818418303846,105.036519356524,68.7866771824621,-13.5546775261397,-13.5546775261394,
Hartford,1999,91.5387417485266,105.123302585718,73.0091631655616,-13.5845608371914,-13.58456083719139,
UNC Asheville,1999,98.1887366680861,112.049683756974,69.7751055041112,-13.8609470888882,-13.860947088887912,
North Carolina A&T,1999,93.7759380083065,107.714321716945,68.2889333781751,-13.9383837086383,-13.938383708638497,
Northeastern,1999,96.0107697963802,109.98940539987,69.4365066235303,-13.9786356034893,-13.978635603489792,
Florida A&M,1999,89.4888262867411,103.550015635254,77.0284142568011,-14.0611893485125,-14.061189348512897,
Manhattan,1999,87.8683070914517,102.102133429892,66.8089487638343,-14.2338263384405,-14.23382633844031,
Georgia Southern,1999,90.7745667961633,105.040856307896,66.7152210082149,-14.2662895117327,-14.266289511732694,
San Diego St.,1999,91.2582801130094,105.737843177293,73.7473716387192,-14.4795630642834,-14.479563064283596,
Hampton,1999,91.9723028178414,106.564743184767,70.140314415851,-14.592440366926,-14.5924403669256,
VMI,1999,86.6654539566921,101.614437134481,75.9650059273702,-14.9489831777888,-14.94898317778889,
Alabama St.,1999,91.3586806788286,106.843387904653,66.8346103140114,-15.4847072258245,-15.484707225824394,
Buffalo,1999,86.7679934909218,102.408265491221,70.350187536875,-15.6402720002992,-15.640272000299206,
UNC Greensboro,1999,90.5536475831486,107.032578372198,70.0170308512251,-16.4789307890494,-16.4789307890494,
Tennessee Martin,1999,95.1215938662423,111.68649796961,63.1033914988912,-16.5649041033675,-16.564904103367695,
Charleston Southern,1999,91.7879906098784,108.357731198527,73.0384962497763,-16.5697405886487,-16.5697405886486,
Columbia,1999,88.6116597355833,105.193033516082,65.6257303869789,-16.5813737804982,-16.581373780498694,
Troy St.,1999,96.9031803960381,113.699190290981,74.1418984325593,-16.7960098949432,-16.796009894942898,
Monmouth,1999,92.596655779396,109.459600589149,66.8272564633325,-16.862944809753,-16.862944809753003,
Campbell,1999,92.2622369742922,109.181247887216,66.8073637269034,-16.9190109129238,-16.91901091292381,
Towson,1999,89.6356338289275,106.830691510983,64.231354828072,-17.1950576820558,-17.195057682055506,
Florida Atlantic,1999,95.6896526992159,113.044037139226,73.8466957413533,-17.3543844400099,-17.354384440010108,
Alabama A&M,1999,89.9114746551587,107.354522742286,80.0560908242999,-17.4430480871273,-17.443048087127295,
Stephen F. Austin,1999,89.1632756405887,106.945381503935,73.9411549414149,-17.782105863346,-17.782105863346302,
Texas Southern,1999,88.6445886314883,107.129209712923,67.438186410816,-18.4846210814345,-18.484621081434696,
Quinnipiac,1999,89.9595661719904,108.704234950589,71.8719977532543,-18.744668778599,-18.744668778598594,
Jacksonville St.,1999,86.8084963893642,105.738404588798,68.5154271854062,-18.9299081994333,-18.92990819943381,
Mercer,1999,90.994833002592,110.378558024116,68.0716400470782,-19.3837250215238,-19.383725021524,
Grambling St.,1999,91.5197143742786,111.247949541074,70.6924770495857,-19.7282351667952,-19.728235166795386,
Sacramento St.,1999,85.6151578002125,105.485778079604,69.8699818121805,-19.8706202793911,-19.870620279391503,
Holy Cross,1999,86.9126487637255,107.635862886406,65.7085216648427,-20.72321412268,-20.723214122680503,
Elon,1999,95.182236984962,116.191083460544,70.0084268626037,-21.0088464755824,-21.00884647558199,
Eastern Kentucky,1999,89.1311801501573,110.937073186295,72.2125923423365,-21.8058930361378,-21.80589303613769,
Delaware St.,1999,92.7127202526289,114.728234304414,74.278495785691,-22.0155140517847,-22.015514051785104,
Southeastern Louisiana,1999,86.567488519226,108.586563188191,76.8952164474071,-22.0190746689647,-22.01907466896499,
Yale,1999,88.0708194693006,110.188895143049,64.4416123860079,-22.1180756737486,-22.118075673748393,
High Point,1999,93.2698822634453,115.642009001636,70.35316969172,-22.3721267381909,-22.3721267381907,
Army,1999,86.8349674815385,109.437325776406,70.2537960561733,-22.6023582948678,-22.6023582948675,
The Citadel,1999,86.3181199835805,109.568596224711,66.0928159802114,-23.2504762411304,-23.2504762411305,
Prairie View A&M,1999,84.5573578075167,107.861272506384,78.9298669592235,-23.3039146988677,-23.303914698867302,
Brown,1999,90.8358250393075,114.37876683488,66.2259486399789,-23.5429417955727,-23.542941795572503,
Coastal Carolina,1999,90.75291379538,114.498323960736,72.8026720501205,-23.7454101653563,-23.745410165356006,
Lehigh,1999,88.2415975168887,112.177022276311,68.8722891465878,-23.935424759422,-23.935424759422304,
Western Carolina,1999,84.9171834699579,109.039410847908,71.7370667669887,-24.1222273779504,-24.122227377950097,
New Hampshire,1999,89.7838078422019,114.192523978514,69.724655714833,-24.4087161363124,-24.40871613631211,
Chicago St.,1999,81.7812670751579,106.587915324646,67.7164063199268,-24.8066482494877,-24.806648249488106,
Liberty,1999,89.7935594723932,115.577556922197,72.1037334798354,-25.7839974498041,-25.783997449803806,
Arkansas Pine Bluff,1999,84.0291062872955,110.800932435393,77.6656647566566,-26.7718261480977,-26.77182614809749,
Howard,1999,81.4165285851542,109.8993023668,70.0897885710044,-28.4827737816453,-28.482773781645804,
Stanford,2000,117.138006979559,83.5015446545729,68.5302657264402,33.6364623249861,33.6364623249861,
Cincinnati,2000,119.33071218504,86.1685788428701,69.878342670052,33.1621333421702,33.162133342169895,
Michigan St.,2000,117.979641337009,87.1133244629005,66.159169091223,30.8663168741081,30.866316874108506,
Duke,2000,122.448190353254,93.4854225894459,74.4606787661248,28.9627677638086,28.962767763808102,
Temple,2000,115.630345930829,87.1124728885824,62.0028497810845,28.5178730422467,28.517873042246592,
Florida,2000,118.534580228209,92.4554590743001,72.6126373556354,26.0791211539086,26.0791211539089,
Tulsa,2000,111.183470484538,86.3399966310846,71.5513759612506,24.8434738534533,24.843473853453403,
Texas,2000,112.511961311748,87.7592460596872,70.6150452424557,24.7527152520604,24.752715252060796,
Oklahoma St.,2000,110.934609342715,86.6485514876184,68.485334977111,24.2860578550969,24.2860578550966,
Oklahoma,2000,114.541944622653,90.957435380588,65.567719844978,23.5845092420649,23.58450924206501,
Kentucky,2000,111.115206124101,87.7704591548269,66.0175443115511,23.3447469692745,23.344746969274098,
Illinois,2000,109.261697992458,86.0155658230323,71.3839916359498,23.2461321694259,23.246132169425692,
Syracuse,2000,115.646783037857,92.5026078815042,69.0967893118171,23.1441751563529,23.1441751563528,
LSU,2000,109.633073436199,86.5659784378524,70.3892270178124,23.0670949983465,23.067094998346604,
Indiana,2000,114.492293887023,91.4552245105973,72.2248526343478,23.0370693764257,23.03706937642569,
Ohio St.,2000,112.281723282437,89.2670097605335,67.7348740191177,23.014713521904,23.014713521903502,
Arizona,2000,111.4909226178,88.8215146065008,73.1165322961448,22.669408011299,22.669408011299197,
Tennessee,2000,113.714613166463,91.4876713354128,72.1080373479117,22.2269418310501,22.226941831050198,
Iowa St.,2000,113.889230807253,92.03638397699,68.387105049528,21.8528468302631,21.852846830263005,
Purdue,2000,112.141624849099,91.0389255241796,69.1172628303023,21.1026993249194,21.1026993249194,
Maryland,2000,110.426123679745,89.4768417208027,72.5959709985335,20.9492819589423,20.949281958942308,
Connecticut,2000,114.141711674344,93.4738628270466,67.6761348650008,20.6678488472978,20.667848847297392,
Wisconsin,2000,106.217742780833,86.1086923705513,61.2980416551989,20.1090504102817,20.10905041028171,
Gonzaga,2000,115.192827920375,95.1506737191675,69.5785730447034,20.0421542012072,20.042154201207495,
Kansas,2000,108.228698260151,88.4078044492537,75.6876079302027,19.8208938108971,19.820893810897303,
Louisville,2000,109.618317705549,90.1466203726038,69.6658683582954,19.4716973329451,19.471697332945197,
North Carolina,2000,116.432083244091,98.1508180075778,68.3529021542991,18.2812652365132,18.281265236513207,
St. John's,2000,111.740215197423,93.5093636421847,68.5517172951913,18.2308515552388,18.230851555238303,
DePaul,2000,109.593586326004,91.5635472535054,67.0149366112936,18.0300390724988,18.030039072498596,
Butler,2000,105.973642729703,88.6639637223334,64.6584927936932,17.3096790073697,17.309679007369596,
Oregon,2000,109.26181428593,92.8501604163651,69.9121747380055,16.4116538695649,16.4116538695649,
Utah,2000,113.714068229266,97.6138056657569,63.8027315680191,16.1002625635096,16.100262563509105,
UCLA,2000,110.423315097959,94.3879405945172,69.9874416688699,16.0353745034423,16.0353745034418,
Kent,2000,109.318410113783,94.0346043163621,67.7828569486012,15.2838057974205,15.283805797420897,
USC,2000,111.286194821978,96.1792979886778,72.0297066299223,15.1068968333004,15.106896833300198,
Pepperdine,2000,104.535004423662,89.6554472775717,72.061674485313,14.8795571460903,14.879557146090306,
UNC Charlotte,2000,109.55049564844,94.9921311874337,67.3804939843557,14.558364461006,14.558364461006306,
Auburn,2000,106.294975674529,91.7855027410791,67.5474115752495,14.5094729334498,14.5094729334499,
Arizona St.,2000,110.470659282517,96.3832409776972,74.5491970211455,14.0874183048198,14.087418304819806,
Vanderbilt,2000,109.32122685353,95.378288648016,70.3472911855224,13.9429382055145,13.942938205514011,
Missouri,2000,110.253544414799,96.3911665454311,70.4654540390503,13.862377869368,13.86237786936789,
Wake Forest,2000,107.602838428703,94.0130596872227,66.1116405286508,13.58977874148,13.589778741480302,
Dayton,2000,112.306015026312,98.8823665363799,65.9233160980658,13.4236484899317,13.423648489932091,
Miami FL,2000,103.625176287801,90.4968885104112,67.2679734104173,13.1282877773898,13.1282877773898,
Virginia,2000,108.408776587356,95.4809350485763,75.3470864622964,12.9278415387792,12.927841538779703,
UNLV,2000,107.348123540985,94.6969064409049,78.8088077266114,12.6512171000797,12.651217100080103,
St. Bonaventure,2000,107.104611165575,94.9561729156611,66.9576220200804,12.1484382499139,12.148438249913895,
Arkansas,2000,105.857468462332,93.7275872235427,72.6414059675799,12.1298812387897,12.129881238789295,
Long Beach St.,2000,109.265417195346,97.1817479147116,72.5290502747975,12.0836692806343,12.08366928063441,
Utah St.,2000,106.608153756855,94.5512567946121,65.3457927795313,12.0568969622431,12.056896962242902,
Ball St.,2000,108.468340184502,96.5764680283248,68.8992584543282,11.8918721561769,11.8918721561772,
Penn St.,2000,109.33436744814,97.4926783004507,71.7461372723294,11.8416891476896,11.841689147689294,
Seton Hall,2000,107.718272026585,95.9378882122671,67.8010290958183,11.7803838143178,11.7803838143179,
Xavier,2000,108.241571175963,96.4654295009215,72.1718249629507,11.7761416750419,11.776141675041501,
Southwest Missouri St.,2000,106.411900748515,94.9959851545299,65.2936018555359,11.4159155939853,11.41591559398509,
Ohio,2000,104.76429341242,93.3932132945835,69.0765160459604,11.3710801178365,11.371080117836499,
Colorado,2000,107.488701782931,96.1702956726964,72.1813627766922,11.3184061102343,11.318406110234605,
Creighton,2000,113.43344275148,102.122243746218,67.1975281016,11.311199005262,11.311199005261997,
SMU,2000,107.042893067732,96.0446856076683,71.3227904262676,10.9982074600637,10.998207460063696,
BYU,2000,104.571932784597,93.6480362316022,67.9522573382855,10.9238965529944,10.92389655299479,
Southern Illinois,2000,103.820798212328,92.9444522797534,72.2116898006749,10.8763459325748,10.876345932574594,
Colorado St.,2000,111.194094418355,100.573838876685,63.3115362679316,10.6202555416698,10.62025554166999,
California,2000,107.49042885526,96.9714328540332,70.114343619869,10.5189960012266,10.51899600122681,
Iowa,2000,105.131374888306,94.7488872400959,70.2639237465209,10.3824876482097,10.382487648210102,
South Florida,2000,106.358070599409,96.1188803960826,74.2724684453486,10.239190203326,10.239190203326402,
Hofstra,2000,105.954154336978,95.9366188033195,68.4001431581794,10.017535533659,10.017535533658489,
Fresno St.,2000,113.141946469183,103.332499577157,73.6717426734006,9.80944689202586,9.809446892026003,
South Carolina,2000,107.567097583377,97.966667285323,65.8128840219714,9.60043029805401,9.600430298054007,
Indiana St.,2000,101.045182621142,91.5049297128984,66.9036016459235,9.54025290824396,9.540252908243602,
Notre Dame,2000,108.344606308958,98.8296382108584,68.3660141510426,9.51496809809989,9.514968098099601,
Toledo,2000,105.230685069532,95.7696675014797,68.5214469551379,9.46101756805252,9.461017568052299,
San Diego,2000,102.850466074641,93.4824843056018,67.834109569979,9.36798176903874,9.367981769039204,
Villanova,2000,105.423885418936,96.328158597347,71.2515661206761,9.09572682158871,9.095726821588997,
New Mexico,2000,107.418902853502,98.4605259338482,69.723852512252,8.9583769196533,8.958376919653801,
Marquette,2000,103.84981568857,94.918760572677,62.5017458803035,8.9310551158935,8.931055115893002,
Rutgers,2000,107.206621486053,98.3602300843459,67.364141393808,8.84639140170711,8.846391401707095,
Mississippi St.,2000,110.590980604457,101.796644327639,67.9308854942006,8.79433627681847,8.794336276818001,
Mississippi,2000,105.805586302728,97.0234691271594,70.2106806836991,8.78211717556866,8.782117175568601,
Saint Louis,2000,100.80347529604,92.0964878908019,68.2241264481641,8.70698740523858,8.70698740523811,
Massachusetts,2000,101.509403834786,92.8278996292555,68.6815117707106,8.68150420553093,8.681504205530501,
Wyoming,2000,107.829192447578,99.3533908434685,77.2474376640724,8.47580160410914,8.475801604109492,
Bowling Green,2000,108.249351572719,99.8309547945007,69.5774096509825,8.41839677821858,8.418396778218295,
Penn,2000,103.340678742704,95.3030764409172,66.0625010692829,8.03760230178676,8.037602301786805,
Princeton,2000,101.086484132681,93.0919958478857,59.4808070236604,7.9944882847958,7.994488284795295,
Alabama,2000,107.546425178335,99.6485802860503,70.4722444891373,7.89784489228474,7.897844892284695,
Southeast Missouri St.,2000,99.1540708772155,91.2833986223057,66.6207471832237,7.87067225490979,7.870672254909806,
New Mexico St.,2000,106.178102385682,98.3341270696574,64.9083516764226,7.84397531602425,7.843975316024597,
Southern Miss,2000,101.29976494494,93.5791786753261,67.3452613577634,7.72058626961361,7.720586269613889,
Miami OH,2000,107.929518967591,100.295553148693,59.1005574081704,7.63396581889823,7.633965818897991,
Minnesota,2000,106.108274108004,98.5278955459833,71.1067304630685,7.58037856202092,7.580378562020698,
Marshall,2000,112.996192940486,105.546112270815,71.5172857989319,7.4500806696719,7.450080669670996,
San Francisco,2000,104.473016207419,97.3646354790027,69.6841732967784,7.10838072841593,7.108380728416293,
Murray St.,2000,109.133352449479,102.164600138143,71.3284598263246,6.96875231133585,6.968752311336004,
Memphis,2000,102.739208995107,95.854663748938,72.7798374154231,6.8845452461687,6.8845452461690115,
Bradley,2000,100.961060619341,94.1131442294271,67.0336071785794,6.8479163899142,6.847916389913891,
Oregon St.,2000,103.804336325779,97.014165594787,67.7354686707314,6.7901707309915,6.790170730992003,
Tulane,2000,100.644175522595,94.0408789123212,68.7325420658217,6.60329661027339,6.6032966102738015,
George Washington,2000,110.620223368096,104.023801060036,76.4189617798426,6.5964223080592,6.596422308059999,
St. Joseph's,2000,108.883731697737,102.301699168127,67.4538524845906,6.58203252960993,6.582032529610004,
Richmond,2000,106.454517812996,99.8974861677743,63.6853323015412,6.55703164522214,6.557031645221699,
Detroit,2000,109.573904316421,103.093093617732,64.5934605262202,6.48081069868931,6.480810698688998,
Georgetown,2000,94.9768813663826,88.7897602318291,73.3265863327221,6.18712113455354,6.187121134553493,
TCU,2000,114.231792176366,108.11850094909,76.7616940171986,6.1132912272759,6.113291227275994,
Michigan,2000,107.65079120815,101.657695913758,74.1474037573368,5.99309529439232,5.993095294391992,
Northern Arizona,2000,105.372466653548,99.7483691380991,68.3621530091879,5.62409751544926,5.624097515448909,
Cal St. Northridge,2000,103.896934103172,98.3640764981047,72.6283079033474,5.53285760506711,5.532857605067306,
UTEP,2000,109.914043568393,104.43066035523,70.5286296982109,5.48338321316315,5.483383213162995,
Akron,2000,106.527349960625,101.10222782721,70.231865879924,5.42512213341456,5.425122133415002,
Samford,2000,106.323528842167,100.903321095814,63.748704244245,5.42020774635294,5.420207746353,
Appalachian St.,2000,103.44303081309,98.0243634794984,72.6742953164957,5.41866733359142,5.4186673335916,
Eastern Washington,2000,108.301778580079,103.07693474307,68.1960329492422,5.22484383700929,5.224843837009004,
Louisiana Tech,2000,104.262590522717,99.2171734081988,69.2862134153929,5.04541711451862,5.045417114518202,
Georgia Tech,2000,101.35041277217,96.3661619452762,70.3588666397998,4.98425082689385,4.984250826893799,
Navy,2000,98.0040049509799,93.1394703157423,76.7776391024057,4.86453463523757,4.864534635237604,
UNC Wilmington,2000,95.9302774653399,91.2411922440858,64.2335822131167,4.68908522125409,4.689085221254103,
Santa Clara,2000,101.015846912104,96.3328290678236,67.1741345465293,4.68301784427992,4.6830178442804,
Montana,2000,107.669517670626,103.204339239553,66.0391773663378,4.46517843107308,4.465178431073014,
Cleveland St.,2000,104.556761746491,100.128837615455,73.0698658118645,4.42792413103586,4.427924131036008,
Austin Peay,2000,106.220625421709,101.859135454349,65.3516462419514,4.36148996735919,4.361489967360001,
West Virginia,2000,106.597744349342,102.346277658798,69.2751938371695,4.25146669054449,4.251466690543992,
Georgia,2000,104.138289494059,99.9490001864335,70.9093641832035,4.18928930762554,4.189289307625501,
Florida St.,2000,105.073006573522,100.899217482988,65.6375321011854,4.17378909053444,4.173789090533987,
Eastern Illinois,2000,107.552563982669,103.421305229811,70.9122068613837,4.13125875285851,4.1312587528580025,
Louisiana Lafayette,2000,101.176424365836,97.1790447084503,72.0981198417837,3.99737965738597,3.997379657385693,
Hawaii,2000,102.719693517921,98.7227473257064,71.9641260944338,3.99694619221432,3.996946192214608,
College of Charleston,2000,100.337787949309,96.3839710400504,65.7249953239502,3.953816909259,3.953816909258606,
Virginia Tech,2000,98.5264384205691,94.611397454916,65.6120683264794,3.91504096565311,3.915040965653091,
Wisconsin Milwaukee,2000,108.529055317189,104.8172112646,68.2451028519184,3.71184405258926,3.711844052589001,
Boston College,2000,100.500875880562,96.8175680344784,69.9287203190007,3.68330784608374,3.6833078460836077,
Eastern Michigan,2000,100.272854181588,96.6182171045435,70.044366222289,3.65463707704484,3.654637077044498,
Texas Tech,2000,105.061075300109,101.427649866737,68.6328712216169,3.63342543337193,3.633425433371997,
George Mason,2000,105.699971314255,102.100406208694,68.6851174642541,3.59956510556048,3.5995651055609983,
Sam Houston St.,2000,102.858974693333,99.3142481911352,70.1769286427886,3.54472650219767,3.54472650219779,
Evansville,2000,104.133696374088,100.607770847204,69.6970318052187,3.52592552688398,3.5259255268840093,
Pittsburgh,2000,102.024813660278,98.8350705315437,67.6426707107067,3.18974312873464,3.1897431287342926,
Fordham,2000,107.092497203548,103.926298114947,73.6198053896606,3.16619908860148,3.1661990886010045,
Northern Illinois,2000,99.5512557519589,96.426561354621,70.4034255309958,3.12469439733793,3.1246943973379047,
Weber St.,2000,106.51766481458,103.415732497989,72.0060960729307,3.1019323165912,3.1019323165910038,
UAB,2000,100.690466790547,97.6437155198878,74.3153505982274,3.046751270659,3.0467512706592004,
UC Santa Barbara,2000,95.1171195889411,92.3127482415193,70.0412925124911,2.80437134742182,2.8043713474217924,
Lafayette,2000,104.23284025498,101.726854848347,70.460797764856,2.50598540663219,2.505985406633002,
Washington,2000,97.8036272469156,95.2990921658979,70.2293781837705,2.50453508101771,2.5045350810176927,
South Alabama,2000,104.117100146638,101.703943390755,65.7409031939847,2.41315675588331,2.4131567558829943,
Tennessee Tech,2000,110.196903960152,108.079571065549,66.3578888522018,2.11733289460285,2.1173328946029955,
Central Connecticut,2000,100.400153976537,98.3062723260444,69.7566020935832,2.09388165049269,2.093881650492605,
Siena,2000,103.785784009985,101.699890113742,79.4831957660276,2.08589389624332,2.085893896242993,
Houston,2000,105.660022936382,103.687317646778,75.826183402417,1.97270528960418,1.9727052896040078,
Northern Iowa,2000,100.371349399192,98.8805833620598,64.6319556185926,1.49076603713241,1.4907660371322038,
San Jose St.,2000,96.6621826904061,95.2977557797169,59.1467561555773,1.36442691068918,1.364426910689204,
La Salle,2000,103.154674999133,101.827249582351,66.2488509040229,1.32742541678173,1.3274254167819919,
Winthrop,2000,98.49529027931,97.2325119622788,67.9147898421405,1.26277831703116,1.2627783170311915,
Delaware,2000,103.773284759129,102.56524860448,71.2595464572649,1.20803615464861,1.208036154648994,
Iona,2000,101.875225352166,100.845328120981,73.9824119395798,1.02989723118529,1.0298972311850036,
Wisconsin Green Bay,2000,98.3951762321748,97.7459837344382,60.8187999006303,0.649192497736554,0.6491924977366068,
Nebraska,2000,99.3488913622277,98.8621921651382,71.7256074786993,0.486699197089434,0.48669919708950715,
Boise St.,2000,95.3760021886641,94.9688221848909,65.2501925073755,0.407180003773123,0.40718000377320607,
Louisiana Monroe,2000,98.7079447914715,98.3884188361212,77.0078254377618,0.319525955350273,0.3195259553503007,
Baylor,2000,97.3382215885616,97.1771402471305,68.4770037857302,0.161081341431081,0.16108134143109964,
North Carolina St.,2000,101.009181326911,100.851038426253,69.5220031828052,0.158142900657829,0.15814290065800662,
Kansas St.,2000,102.618122195867,102.506207575435,70.5436977737901,0.111914620432576,0.11191462043200318,
Maine,2000,104.958805862134,104.928769756294,68.5693217816439,0.0300361058403724,0.030036105839997163,
Wichita St.,2000,100.734304701785,100.767738257844,68.4611373520039,-0.0334335560593451,-0.033433556058994895,
Portland St.,2000,102.251637778936,102.394230292853,71.9434859444806,-0.142592513916811,-0.1425925139169948,
Davidson,2000,99.0045806933149,99.4595160168138,70.8750515721343,-0.45493532349883,-0.4549353234988871,
Providence,2000,91.8264754908758,92.4421901246318,69.40612184009,-0.61571463375599,-0.6157146337559993,
Middle Tennessee St.,2000,104.165240962219,105.15140694592,70.8757394949319,-0.986165983700834,-0.9861659837009995,
FIU,2000,98.0384705702055,99.0619803865145,70.2487463041756,-1.02350981630896,-1.0235098163090015,
Drake,2000,98.789713592614,99.8792974842761,64.5656648279357,-1.08958389166207,-1.0895838916620875,
Fairfield,2000,103.336556001909,104.497543369301,71.4973588214586,-1.16098736739163,-1.1609873673919964,
James Madison,2000,101.052513119906,102.30886404874,69.0125530742761,-1.25635092883398,-1.25635092883401,
Georgia St.,2000,102.160486328627,103.769939385073,68.1390199419495,-1.60945305644544,-1.6094530564460001,
UTSA,2000,100.442149138849,102.747692198728,72.7333181542173,-2.3055430598782,-2.3055430598789997,
Western Michigan,2000,101.126150436102,103.66950246321,73.0429730755788,-2.54335202710867,-2.543352027108,
Clemson,2000,100.15438143828,102.745446769227,66.2357776715847,-2.5910653309472,-2.5910653309470035,
Illinois St.,2000,102.384557587509,105.164019123017,68.7261356160157,-2.77946153550817,-2.7794615355080055,
UMKC,2000,99.8148868022863,102.8668704895,70.7696825232775,-3.0519836872139,-3.0519836872137063,
Valparaiso,2000,96.1745671033862,99.2288828312676,65.141541550063,-3.05431572788138,-3.054315727881402,
UC Irvine,2000,100.025300004685,103.153311485421,66.1843479481494,-3.12801148073552,-3.1280114807360064,
Southern Utah,2000,100.830698866833,104.050335762059,72.4945147209772,-3.21963689522622,-3.219636895226003,
Old Dominion,2000,98.4251723181002,101.774261673515,66.4571299122251,-3.34908935541436,-3.3490893554148045,
UT Arlington,2000,103.960495641964,107.33545819414,72.6249772801985,-3.37496255217676,-3.374962552176001,
Manhattan,2000,99.9109355529617,103.39924308001,71.4115774961756,-3.48830752704852,-3.488307527048292,
Idaho,2000,98.2504432401831,101.812269488713,69.0300663266457,-3.56182624853024,-3.561826248529897,
Robert Morris,2000,98.1419158533716,101.775325226073,69.0111949526005,-3.63340937270131,-3.6334093727013936,
Western Kentucky,2000,96.5468655548726,100.243073636941,70.548839918619,-3.69620808206886,-3.6962080820684093,
Duquesne,2000,99.0983141096461,103.016926724444,72.3109424325303,-3.91861261479788,-3.918612614797908,
Radford,2000,98.8896176517189,102.84116180512,71.2422320830409,-3.9515441534006,-3.9515441534011018,
Bucknell,2000,94.6361899406335,98.8451491542917,66.7016366515114,-4.20895921365814,-4.208959213658204,
Oakland,2000,99.816605736695,104.366478961668,71.5523725477062,-4.54987322497289,-4.549873224972998,
Central Michigan,2000,101.239306816307,105.822756177723,68.7072313058987,-4.58344936141619,-4.583449361415987,
Pacific,2000,98.5037752638443,103.122313857528,62.0255485375856,-4.61853859368329,-4.618538593683695,
Texas A&M,2000,102.262855139624,106.923972145414,67.4538245663746,-4.66111700578998,-4.661117005790004,
Marist,2000,97.4459781624319,102.199946142751,68.8439015447694,-4.75396798031953,-4.7539679803191035,
St. Francis NY,2000,102.054036514091,106.851968615348,74.7764808637528,-4.79793210125695,-4.797932101257004,
Illinois Chicago,2000,97.2648643704208,102.112414851335,69.4214021039233,-4.84755048091388,-4.847550480914208,
Arkansas St.,2000,101.921003905449,106.799560726594,71.6198948897185,-4.87855682114441,-4.878556821144997,
Fairleigh Dickinson,2000,94.9886795126856,100.142266119541,64.8336812201151,-5.1535866068552,-5.153586606855413,
Niagara,2000,102.578949657262,107.772846393205,71.1642028645716,-5.19389673594307,-5.1938967359429995,
William & Mary,2000,100.986719517737,106.338893710275,69.3461276768404,-5.35217419253845,-5.352174192538001,
Oral Roberts,2000,99.7296218834808,105.174074009331,69.1824627119714,-5.44445212584986,-5.444452125850191,
VCU,2000,96.9188887970721,102.430575598265,71.9730925319887,-5.51168680119294,-5.511686801192894,
Troy St.,2000,107.675064485728,113.217025729609,67.6614186982275,-5.54196124388171,-5.541961243881005,
Alcorn St.,2000,97.8474339852761,103.446506392101,71.0516720256297,-5.59907240682518,-5.599072406824902,
Montana St.,2000,101.484228605009,107.177800289973,71.1630504912301,-5.69357168496402,-5.693571684964013,
American,2000,91.367149309291,97.0682087858099,70.2572339490698,-5.7010594765189,-5.701059476518907,
Washington St.,2000,99.3556006835345,105.129964259516,65.2432621452557,-5.77436357598119,-5.774363575981496,
Loyola Chicago,2000,99.4336546635372,105.446674578302,68.176453565171,-6.01301991476458,-6.013019914764797,
Portland,2000,97.5878126824488,103.680789317814,66.0763128142378,-6.09297663536484,-6.092976635365204,
Idaho St.,2000,101.24114656566,107.471577472238,69.5907799201887,-6.23043090657814,-6.230430906577993,
New Orleans,2000,94.3206876456786,100.612477990661,62.3543423304176,-6.29179034498195,-6.291790344982402,
East Carolina,2000,96.4955965153147,102.835473265082,67.003051612734,-6.33987674976708,-6.339876749767299,
Rider,2000,97.8909440837095,104.284572508419,68.1431368394824,-6.39362842470987,-6.3936284247095045,
Northwestern St.,2000,91.2812418813425,97.7049669288978,69.4290449437062,-6.42372504755536,-6.423725047555308,
Nevada,2000,98.3833596672903,104.838167802976,66.50966671052,-6.45480813568582,-6.4548081356856954,
Hampton,2000,97.3350613602634,103.833985157654,71.5278897347446,-6.49892379739083,-6.498923797390603,
Wright St.,2000,95.3640158740263,101.931450031957,66.3435732094197,-6.56743415793095,-6.567434157930705,
Bethune Cookman,2000,96.4806720204478,103.317651675864,73.5713665091639,-6.83697965541637,-6.836979655416201,
Lamar,2000,92.48099468511,99.4401091267131,66.4760331584278,-6.95911444160314,-6.9591144416030914,
Furman,2000,97.3328269656134,104.357100996564,67.3372485416069,-7.02427403095072,-7.024274030950593,
Southwest Texas St.,2000,100.744791830878,107.831899795679,65.4650918605544,-7.0871079648005,-7.087107964801007,
UCF,2000,100.079180768921,107.365008247114,70.1639696663697,-7.28582747819253,-7.285827478192999,
Cal Poly,2000,105.357021951712,112.666758373798,73.0043893937745,-7.30973642208559,-7.309736422086004,
UNC Greensboro,2000,100.689560299064,108.020272061751,67.7114374826088,-7.33071176268702,-7.330711762687002,
Air Force,2000,97.6240266531294,104.965089431935,67.0824674868154,-7.3410627788051,-7.341062778805593,
Wofford,2000,99.8224166601403,107.329357413913,68.8454927522718,-7.50694075377305,-7.506940753772696,
Tennessee Martin,2000,96.3077033477903,103.915816538647,72.0967330198164,-7.60811319085682,-7.608113190856699,
Jacksonville St.,2000,94.0558371941296,101.95954164567,69.3183905004506,-7.90370445154084,-7.903704451540406,
Morehead St.,2000,105.850311974577,113.772841732277,68.5737765190274,-7.92252975769967,-7.922529757700005,
Georgia Southern,2000,103.318838002078,111.331032057521,72.0004878960187,-8.01219405544321,-8.012194055443004,
Vermont,2000,99.7324113612065,107.808420599387,70.6524283880843,-8.07600923818043,-8.076009238180504,
Texas Pan American,2000,99.8158191783874,107.897078464647,73.2123258026479,-8.08125928625959,-8.081259286259595,
Chattanooga,2000,101.052957644332,109.241569091514,66.2768892544271,-8.18861144718243,-8.188611447181998,
UMBC,2000,92.8587532826749,101.174784709924,67.1433540449741,-8.31603142724947,-8.3160314272491,
Youngstown St.,2000,94.9029113959036,103.362526037832,68.4996299552835,-8.45961464192789,-8.459614641928397,
East Tennessee St.,2000,96.756124186914,105.455343607543,68.1119714235069,-8.69921942062893,-8.699219420629007,
Quinnipiac,2000,96.0286183859577,105.108634659681,73.4835539208556,-9.08001627372356,-9.080016273723302,
Drexel,2000,95.8001623654264,105.308277949291,64.3631775844514,-9.50811558386457,-9.508115583864594,
St. Mary's,2000,92.3324891433395,101.863513755353,69.1246171713951,-9.53102461201386,-9.531024612013496,
Centenary,2000,93.4532091933252,102.996680755731,63.4511557098163,-9.54347156240605,-9.543471562405813,
Canisius,2000,98.8307508216944,108.409217246558,68.9862839753723,-9.57846642486382,-9.578466424863606,
Wagner,2000,94.5031295190778,104.238792183841,77.5722437286938,-9.73566266476346,-9.735662664763197,
Sacramento St.,2000,91.5426450395335,101.34655087339,67.198847337515,-9.80390583385608,-9.803905833856504,
Rhode Island,2000,93.1349737646439,103.063659959863,70.2053369536372,-9.92868619521933,-9.9286861952191,
Coppin St.,2000,95.5518155605264,105.495543841717,66.6433363892135,-9.94372828119025,-9.943728281190587,
Towson,2000,94.3540218163283,104.51421996982,68.2652076327178,-10.1601981534915,-10.160198153491706,
Alabama A&M,2000,89.3218845946682,99.5827992751041,75.2443469021756,-10.2609146804359,-10.260914680435889,
Nicholls St.,2000,89.4956556650984,100.195898881543,69.0499695412151,-10.7002432164443,-10.700243216444605,
Colgate,2000,91.4674056454622,102.215186014864,67.4260325251714,-10.7477803694015,-10.74778036940181,
UNC Asheville,2000,97.5872915636937,108.451385783921,71.0413467342298,-10.8640942202268,-10.864094220227301,
Coastal Carolina,2000,97.8926537971313,108.807573686465,71.2101511756353,-10.9149198893334,-10.914919889333703,
North Carolina A&T,2000,93.3988052069074,104.383063290193,74.3809274711808,-10.9842580832856,-10.984258083285596,
Western Carolina,2000,100.704720210149,111.694698994788,75.0694565734709,-10.9899787846384,-10.989978784638993,
Monmouth,2000,90.3528475437697,101.467409783482,62.3758133525207,-11.1145622397118,-11.1145622397123,
Chicago St.,2000,96.4684912879739,107.625869246235,68.4967630512267,-11.1573779582614,-11.157377958261094,
Texas Southern,2000,96.0223340012255,107.226471317661,69.5420651176245,-11.2041373164352,-11.204137316435492,
IUPUI,2000,91.4805771431342,102.828362660137,66.4441817417821,-11.3477855170023,-11.347785517002805,
Liberty,2000,89.6448928649162,101.008634311224,72.4737628016302,-11.3637414463082,-11.363741446307799,
North Texas,2000,100.262662316575,111.776781946126,77.88223236526,-11.5141196295515,-11.51411962955099,
Elon,2000,99.0473482775608,110.631810067877,70.9373318728673,-11.5844617903157,-11.584461790316197,
Cal St. Fullerton,2000,102.42697126997,114.055359035133,70.4818750282469,-11.6283877651633,-11.628387765162998,
Western Illinois,2000,95.1252741326637,106.765717887752,67.2761986558708,-11.6404437550887,-11.640443755088299,
Jackson St.,2000,90.1444817252537,101.850563093865,68.9979856054704,-11.7060813686116,-11.706081368611308,
South Carolina St.,2000,100.456055290406,112.230539787734,67.1129068091496,-11.7744844973284,-11.774484497328004,
Northwestern,2000,87.1587495903282,98.9605812547484,62.6313646397965,-11.8018316644202,-11.801831664420206,
Southern,2000,97.0179440672969,108.940644675927,73.3171770904058,-11.92270060863,-11.922700608630109,
Mercer,2000,94.0205023788256,106.564135954217,67.6021552635351,-12.5436335753917,-12.543633575391397,
Columbia,2000,91.8451485381601,104.557485251439,62.7977344869628,-12.7123367132786,-12.712336713278901,
Holy Cross,2000,88.8820139551501,101.968019839098,66.0314851867764,-13.0860058839482,-13.086005883947905,
Stetson,2000,98.7001934803884,111.84436723373,67.2186903933701,-13.1441737533417,-13.14417375334159,
St. Francis PA,2000,97.4966246835747,110.64841341129,64.0979330002214,-13.1517887277158,-13.1517887277153,
Rice,2000,88.4939616098818,101.662646570841,65.6461752710606,-13.1686849609589,-13.168684960959212,
Harvard,2000,93.0155581723347,106.658005859601,70.0201371297788,-13.6424476872667,-13.642447687266298,
Jacksonville,2000,95.8193952599211,109.481280593696,70.1228447248009,-13.661885333775,-13.661885333774904,
Belmont,2000,100.898008327075,114.855737820917,67.815459117784,-13.9577294938424,-13.957729493841995,
Tennessee St.,2000,94.7717488793867,109.080625287183,71.5318064719092,-14.3088764077968,-14.30887640779629,
Southeastern Louisiana,2000,91.3403602655405,105.714021557756,63.2891066176578,-14.373661292215,-14.373661292215502,
Stephen F. Austin,2000,94.0076746895237,108.420424625567,70.5834291976961,-14.4127499360429,-14.412749936043298,
San Diego St.,2000,89.9491948780697,104.399932915129,68.8813926460972,-14.450738037059,-14.450738037059295,
Denver,2000,94.0837285951008,108.86197904148,72.2107520179809,-14.7782504463787,-14.778250446379204,
High Point,2000,90.8835011068905,105.774543028664,71.2047454816881,-14.8910419217739,-14.891041921773493,
Buffalo,2000,91.8413621217798,106.84512188837,74.0278563740986,-15.0037597665905,-15.003759766590207,
Hartford,2000,90.6549850827383,105.884583344964,75.6581994471334,-15.2295982622262,-15.229598262225693,
Campbell,2000,96.2432062698565,111.606840867403,64.6829919176993,-15.363634597547,-15.363634597546493,
Alabama St.,2000,87.8964765888487,103.283574289459,68.2105015647,-15.3870977006103,-15.387097700610298,
Albany,2000,92.4637341928362,107.905977875489,67.4836713141925,-15.4422436826528,-15.442243682652801,
Arkansas Little Rock,2000,98.5231677665701,114.026730534046,68.761047001583,-15.5035627674759,-15.503562767475898,
Northeastern,2000,92.8231661764639,108.769925346184,69.1890369954829,-15.9467591697201,-15.946759169720096,
Dartmouth,2000,95.1109402596695,111.296992512339,67.9910316845507,-16.1860522526697,-16.186052252669498,
Mississippi Valley St.,2000,92.1803363353747,108.367678852914,73.4983306365095,-16.1873425175393,-16.187342517539292,
Boston University,2000,91.6579450399869,107.891045717723,63.3064260756862,-16.2331006777356,-16.233100677736104,
McNeese St.,2000,92.1290064211936,108.369645213957,72.9896803022408,-16.2406387927637,-16.240638792763406,
Lehigh,2000,93.2018047232653,109.487308079474,69.2272060369121,-16.285503356209,-16.285503356208707,
Cornell,2000,91.2655297529475,107.697340396458,67.8916473393946,-16.4318106435109,-16.431810643510502,
Norfolk St.,2000,93.8286444337843,110.288681600234,76.2637057864448,-16.4600371664499,-16.460037166449695,
Eastern Kentucky,2000,93.2058419623053,109.714238144922,71.8971746679604,-16.5083961826166,-16.508396182616707,
Mount St. Mary's,2000,94.3930426390597,111.074571155113,70.0484892166807,-16.6815285160537,-16.681528516053305,
VMI,2000,86.7641218972384,103.511792796064,75.7744635681956,-16.7476708988256,-16.747670898825604,
St. Peter's,2000,94.9271436557224,111.840925467777,70.653842135556,-16.9137818120541,-16.913781812054594,
LIU Brooklyn,2000,86.5539189310675,104.023950239925,70.8659903935284,-17.4700313088573,-17.4700313088575,
Brown,2000,93.9041533698042,112.054442455644,71.8119317599655,-18.15028908584,-18.150289085839788,
Loyola MD,2000,89.2087235333325,107.377249883329,69.6571925226655,-18.1685263499968,-18.168526349996498,
Maryland Eastern Shore,2000,93.7840258024183,112.207676285948,67.5041448643612,-18.4236504835297,-18.4236504835297,
Yale,2000,88.9965059718982,107.494333272424,65.6942288025764,-18.4978273005254,-18.4978273005258,
The Citadel,2000,89.829634521722,108.77611512672,68.2123251022213,-18.9464806049977,-18.946480604998,
Stony Brook,2000,87.0511952503715,106.077023589245,65.8472816391346,-19.0258283388732,-19.025828338873495,
Delaware St.,2000,88.8099996537903,109.278593750463,64.1983482668184,-20.4685940966726,-20.468594096672703,
Loyola Marymount,2000,90.664619171679,111.564519566258,72.4254501066639,-20.8999003945791,-20.899900394578992,
Charleston Southern,2000,83.670344693871,104.714655387558,73.6300311328924,-21.0443106936873,-21.044310693686995,
Prairie View A&M,2000,91.9102440230431,112.972753265605,78.1761998739409,-21.0625092425622,-21.062509242561887,
Florida A&M,2000,84.560382338753,106.04367002008,73.8104023063064,-21.483287681327,-21.483287681327,
Army,2000,78.1190029114851,101.799058930558,67.0318012058201,-23.6800560190727,-23.680056019072907,
Morgan St.,2000,87.6096918324368,111.664977191715,72.1447134144669,-24.0552853592782,-24.0552853592782,
Arkansas Pine Bluff,2000,83.1845363341035,107.827962920884,74.3933029995056,-24.643426586781,-24.643426586780507,
New Hampshire,2000,84.9049707322957,112.182115523732,75.8855101423446,-27.2771447914367,-27.2771447914363,
Sacred Heart,2000,88.2506370834459,116.057096687996,72.332248298059,-27.80645960455,-27.8064596045501,
Grambling St.,2000,89.4666478488283,117.841676261914,76.3985083221539,-28.3750284130854,-28.3750284130857,
Florida Atlantic,2000,83.9137789254599,113.979366180586,70.937245615983,-30.0655872551259,-30.065587255126104,
Howard,2000,85.3487654788338,115.576394901313,74.2852951511572,-30.2276294224797,-30.227629422479197,
Duke,2001,124.098,86.5298,75.0153,37.5678,37.568200000000004,1.0
Stanford,2001,125.409,92.1783,66.6209,33.231,33.23070000000001,1.0
Michigan St.,2001,120.101,89.173,65.2918,30.9283,30.927999999999997,1.0
Arizona,2001,116.469,86.5783,71.0643,29.8902,29.890699999999995,2.0
Illinois,2001,115.464,88.0356,68.5154,27.4282,27.428399999999996,1.0
Maryland,2001,117.431,91.0978,72.057,26.3333,26.33319999999999,3.0
Kentucky,2001,116.905,91.769,70.3902,25.1357,25.135999999999996,2.0
Florida,2001,115.141,90.8637,70.7712,24.2775,24.27730000000001,3.0
Wake Forest,2001,112.417,88.5362,67.5562,23.8805,23.880800000000008,7.0
North Carolina,2001,114.169,90.2976,72.3051,23.871,23.871399999999994,2.0
Boston College,2001,117.542,94.1297,68.5354,23.4121,23.412300000000002,3.0
Virginia,2001,117.511,94.7561,71.329,22.7553,22.754899999999992,5.0
Kansas,2001,114.403,91.8136,72.898,22.5899,22.589400000000012,4.0
Indiana,2001,106.223,85.1362,69.1179,21.0867,21.086799999999997,4.0
Iowa St.,2001,114.3,94.0101,68.5303,20.2903,20.289900000000003,2.0
Oklahoma,2001,112.972,93.8535,64.7456,19.1183,19.118499999999997,4.0
Mississippi,2001,107.852,88.9492,66.6392,18.9024,18.9028,3.0
Temple,2001,117.975,99.1888,60.046,18.7866,18.786199999999994,11.0
UCLA,2001,113.27,94.7634,73.2723,18.5071,18.50659999999999,4.0
Wisconsin,2001,107.565,89.3163,58.3966,18.2483,18.2487,6.0
Tennessee,2001,113.387,95.3984,72.6716,17.9883,17.988600000000005,8.0
USC,2001,111.746,93.7797,70.4578,17.9665,17.96629999999999,6.0
Texas,2001,106.571,88.6629,68.0289,17.9078,17.908100000000005,6.0
California,2001,112.692,94.8721,67.2696,17.8195,17.81989999999999,8.0
Butler,2001,111.709,94.0611,62.9005,17.6478,17.647900000000007,10.0
Ohio St.,2001,110.968,93.4065,66.3464,17.5611,17.56150000000001,5.0
Arkansas,2001,109.839,92.602,71.3952,17.2374,17.236999999999995,7.0
Cincinnati,2001,113.23,96.0976,64.7578,17.1324,17.132400000000004,5.0
Creighton,2001,108.619,91.7553,67.7704,16.8632,16.863699999999994,10.0
Georgia Tech,2001,106.589,89.8913,72.3612,16.6979,16.697699999999998,8.0
Providence,2001,107.553,91.1996,70.6588,16.3536,16.353399999999993,10.0
Iowa,2001,112.761,96.5592,68.8137,16.2015,16.20179999999999,7.0
Xavier,2001,107.865,91.6881,69.5891,16.1769,16.17689999999999,11.0
St. Joseph's,2001,113.295,97.2211,70.8131,16.0738,16.073899999999995,9.0
Charlotte,2001,113.864,98.3191,70.7922,15.5448,15.544899999999998,9.0
BYU,2001,109.436,93.9034,66.0401,15.5326,15.532600000000002,12.0
Utah St.,2001,108.002,92.6518,63.2194,15.3504,15.350200000000001,12.0
Fresno St.,2001,106.935,91.6262,75.7883,15.3086,15.308800000000005,9.0
Alabama,2001,109.165,94.2399,69.5947,14.9256,14.9251,
Penn St.,2001,114.163,99.4609,71.7623,14.7022,14.702100000000002,7.0
Notre Dame,2001,110.982,96.296,70.7683,14.6856,14.685999999999993,6.0
Georgia,2001,110.996,96.4504,67.6317,14.5452,14.545599999999993,8.0
Purdue,2001,109.077,94.6744,70.16,14.4029,14.402599999999993,
Gonzaga,2001,117.007,102.832,69.4903,14.1747,14.175000000000011,12.0
Mississippi St.,2001,110.366,96.5004,69.111,13.8654,13.8656,
Georgetown,2001,106.771,92.917,72.2004,13.8542,13.854,10.0
Southern Miss,2001,105.999,92.3133,65.3914,13.6854,13.685699999999997,
Oklahoma St.,2001,104.36,90.8206,68.4174,13.5392,13.5394,11.0
Utah,2001,110.861,97.5657,65.1241,13.2951,13.295299999999997,
Richmond,2001,110.778,97.5171,62.5684,13.2614,13.260900000000007,
Syracuse,2001,108.368,95.497,67.253,12.8705,12.870999999999995,5.0
Auburn,2001,111.533,98.7046,68.4937,12.8286,12.828400000000002,
Western Kentucky,2001,105.949,93.2032,67.2937,12.7455,12.745800000000003,14.0
Kent St.,2001,108.776,96.1478,64.1481,12.6284,12.628199999999993,13.0
Tulsa,2001,111.644,99.0213,65.952,12.6224,12.622700000000009,
South Florida,2001,104.895,92.5388,71.3235,12.3558,12.356200000000001,
Pepperdine,2001,108.87,96.5802,69.4764,12.2898,12.2898,
Wyoming,2001,108.783,96.5185,73.1315,12.2642,12.264499999999998,
Missouri,2001,109.241,97.0248,68.7011,12.2158,12.2162,9.0
Connecticut,2001,109.155,97.2708,66.8354,11.8841,11.884200000000007,
South Carolina,2001,105.641,93.7602,65.4051,11.8806,11.880800000000008,
Dayton,2001,112.786,101.191,64.9439,11.5947,11.594999999999999,
Memphis,2001,105.731,94.2511,70.988,11.4797,11.4799,
Colorado,2001,109.259,97.9114,73.6976,11.3474,11.3476,
Arizona St.,2001,104.783,93.6656,71.2475,11.117,11.117400000000004,
Massachusetts,2001,103.733,92.6485,68.0019,11.0841,11.084500000000006,
Hofstra,2001,101.433,90.7535,68.2637,10.6791,10.679500000000004,13.0
TCU,2001,115.951,105.287,77.7798,10.6641,10.663999999999987,
Saint Louis,2001,103.751,93.28,67.8889,10.4711,10.471000000000004,
Detroit,2001,111.453,101.008,63.3708,10.4453,10.445000000000007,
Villanova,2001,109.507,99.1952,70.2708,10.3117,10.311800000000005,
Indiana St.,2001,110.164,100.412,67.3778,9.75204,9.751999999999995,13.0
Oregon,2001,108.743,99.0137,72.1721,9.72914,9.729299999999995,
Miami FL,2001,104.884,95.1581,67.1977,9.72599,9.725899999999996,
St. Bonaventure,2001,109.429,99.9706,66.7364,9.45791,9.458399999999997,
St. John's,2001,105.193,95.7545,69.0028,9.43846,9.438500000000005,
George Washington,2001,107.89,98.5299,71.3044,9.36001,9.360100000000003,
UTEP,2001,107.545,98.2893,72.2691,9.25574,9.255700000000004,
LSU,2001,104.474,95.2444,67.7158,9.22928,9.229600000000005,
Georgia St.,2001,110.314,101.132,71.2505,9.18199,9.181999999999988,11.0
Nebraska,2001,108.763,99.6553,65.9739,9.10812,9.107700000000008,
Toledo,2001,103.693,94.7157,68.5543,8.97756,8.9773,
Cal St. Northridge,2001,110.923,101.986,72.3423,8.93691,8.936999999999998,13.0
Baylor,2001,103.706,94.831,66.7962,8.87503,8.875,
Vanderbilt,2001,105.788,96.9307,68.2219,8.85739,8.857299999999995,
Minnesota,2001,106.734,97.9596,69.1296,8.77421,8.7744,
New Mexico,2001,104.344,95.8053,66.4859,8.53881,8.538699999999992,
Pittsburgh,2001,103.392,95.1813,65.2154,8.21095,8.210700000000003,
George Mason,2001,104.101,96.0561,68.4282,8.04444,8.044899999999998,14.0
UAB,2001,102.577,94.8984,69.4755,7.67852,7.678600000000003,
SMU,2001,108.967,101.517,67.9072,7.44963,7.450000000000003,
Illinois St.,2001,106.296,98.9715,70.0484,7.32495,7.3245000000000005,
Colorado St.,2001,106.178,98.8675,63.1824,7.31031,7.3104999999999905,
Marquette,2001,106.78,99.5792,61.7526,7.20082,7.200800000000001,
Marshall,2001,107.203,100.072,69.4091,7.13062,7.131,
Valparaiso,2001,104.805,97.7399,65.5923,7.06459,7.065100000000001,
Hawaii,2001,106.449,99.4574,67.8793,6.99157,6.991599999999991,12.0
Southern Utah,2001,106.458,99.5718,65.9008,6.88624,6.886200000000002,14.0
Seton Hall,2001,102.445,95.6383,72.2832,6.80629,6.806699999999992,
Ohio,2001,105.828,99.228,70.6409,6.60016,6.6000000000000085,
San Diego,2001,102.857,96.7213,66.5181,6.13565,6.1357,
Wisconsin Milwaukee,2001,104.639,98.6306,64.6479,6.00792,6.008399999999995,
UNC Wilmington,2001,99.4099,93.4354,62.1832,5.97444,5.974499999999992,
Delaware,2001,104.126,98.3134,68.4098,5.81219,5.812600000000003,
Miami OH,2001,103.642,97.8796,58.3845,5.76222,5.7623999999999995,
Bradley,2001,102.793,97.3049,64.0815,5.4879,5.488100000000003,
Rutgers,2001,106.555,101.073,62.8738,5.48135,5.4820000000000135,
College of Charleston,2001,104.524,99.138,60.6723,5.38615,5.385999999999996,
UNLV,2001,104.701,99.892,72.9412,4.80928,4.8089999999999975,
West Virginia,2001,105.952,101.26,70.2475,4.69196,4.691999999999993,
Santa Clara,2001,101.195,96.6164,69.2617,4.579,4.5785999999999945,
Eastern Illinois,2001,110.402,106.049,71.8547,4.35337,4.352999999999994,15.0
Kansas St.,2001,97.3969,93.4118,66.3953,3.98509,3.9851000000000028,
South Alabama,2001,102.811,98.856,65.5605,3.95535,3.9550000000000125,
Austin Peay,2001,112.454,108.614,65.4662,3.83979,3.839999999999989,
Cleveland St.,2001,103.207,99.4315,66.9118,3.77521,3.775499999999994,
Ball St.,2001,105.27,101.615,65.9181,3.65488,3.655000000000001,
McNeese St.,2001,106.018,102.629,75.6154,3.38983,3.388999999999996,
Bowling Green,2001,106.098,102.728,70.369,3.36985,3.3700000000000045,
DePaul,2001,106.576,103.343,67.9924,3.23359,3.23299999999999,
Florida St.,2001,105.9,102.913,65.5249,2.98707,2.987000000000009,
La Salle,2001,103.724,100.869,66.3921,2.85478,2.855000000000004,
San Jose St.,2001,101.683,98.8441,61.449,2.83933,2.8389000000000095,
Clemson,2001,105.577,102.861,71.7301,2.71559,2.715999999999994,
Tennessee Tech,2001,106.82,104.121,68.251,2.69849,2.698999999999998,
Southern Illinois,2001,104.997,102.372,69.432,2.62498,2.625,
UC Irvine,2001,99.2131,96.6073,67.0266,2.60579,2.605800000000002,
Siena,2001,103.434,101.046,70.7824,2.38813,2.387999999999991,
Washington St.,2001,101.92,99.6536,66.1921,2.26675,2.2664000000000044,
Holy Cross,2001,100.116,97.8997,63.4726,2.21637,2.216300000000004,15.0
San Diego St.,2001,100.632,98.5038,66.6507,2.12861,2.1282000000000068,
Oregon St.,2001,105.122,103.101,58.6648,2.02184,2.021000000000001,
Wright St.,2001,102.043,100.101,68.6651,1.94214,1.9420000000000073,
Northwestern,2001,99.2358,97.4023,61.7295,1.83341,1.8335000000000008,
New Mexico St.,2001,103.863,102.034,67.1468,1.82844,1.8289999999999935,
Louisiana Lafayette,2001,103.684,101.861,72.6367,1.8227,1.8229999999999933,
Eastern Washington,2001,100.15,98.4076,67.7101,1.74235,1.7424000000000035,
Central Michigan,2001,105.378,103.914,66.4821,1.46391,1.4639999999999986,
Pacific,2001,99.9979,98.5387,65.937,1.45916,1.4591999999999956,
VCU,2001,103.838,102.386,68.9589,1.4519,1.4519999999999982,
Old Dominion,2001,99.3413,97.9948,68.1386,1.34647,1.346500000000006,
Arkansas Little Rock,2001,101.429,100.117,67.7204,1.31208,1.3119999999999976,
Louisville,2001,104.113,102.876,67.2831,1.23713,1.2369999999999948,
Manhattan,2001,102.298,101.125,67.7594,1.17232,1.1730000000000018,
Michigan,2001,107.293,106.196,68.9082,1.09694,1.0970000000000084,
Illinois Chicago,2001,101.22,100.252,67.7246,0.967834,0.9680000000000035,
Iona,2001,101.958,101.004,72.8067,0.954416,0.9539999999999935,14.0
Southwest Missouri St.,2001,102.916,101.981,63.5802,0.934494,0.9350000000000023,
Rice,2001,98.1174,97.3459,62.621,0.771561,0.7715000000000032,
Chattanooga,2001,105.03,104.312,66.1298,0.717255,0.7180000000000035,
Murray St.,2001,105.914,105.46,71.4673,0.454372,0.45400000000000773,
Drake,2001,105.863,105.448,65.7813,0.415262,0.41500000000000625,
North Carolina St.,2001,102.067,101.686,68.4537,0.38131,0.380999999999986,
Louisiana Tech,2001,100.021,99.943,64.4659,0.078308,0.07800000000000296,
Fordham,2001,102.009,101.94,74.0905,0.0696324,0.06900000000000261,
Hampton,2001,106.158,106.114,70.0956,0.0437103,0.04399999999999693,15.0
Boise St.,2001,101.665,101.658,68.8165,0.00746589,0.007000000000005002,
Navy,2001,98.1935,98.2875,74.7454,-0.0940548,-0.09399999999999409,
Princeton,2001,101.763,102.177,56.0627,-0.414098,-0.4140000000000015,15.0
UMKC,2001,99.9996,100.497,60.8093,-0.496951,-0.49739999999999895,
Winthrop,2001,97.8645,98.4853,62.5648,-0.620731,-0.6207999999999885,16.0
Canisius,2001,105.605,106.255,69.6719,-0.650689,-0.6499999999999915,
East Tennessee St.,2001,97.5858,98.321,68.5861,-0.735214,-0.7351999999999919,
Nevada,2001,97.5042,98.3218,70.7894,-0.817592,-0.8175999999999988,
Southeast Missouri St.,2001,101.307,102.185,65.8077,-0.878333,-0.8780000000000001,
Marist,2001,98.1103,99.1359,67.5294,-1.02561,-1.0256000000000114,
Weber St.,2001,106.66,107.854,70.8193,-1.19388,-1.1940000000000026,
Monmouth,2001,97.3611,98.5732,67.2067,-1.21212,-1.2121000000000066,16.0
Samford,2001,101.111,102.457,59.9192,-1.34616,-1.3459999999999894,
Drexel,2001,103.683,105.076,69.7092,-1.39327,-1.3929999999999865,
Montana St.,2001,103.635,105.094,67.9411,-1.45901,-1.458999999999989,
Long Beach St.,2001,102.43,104.004,71.9602,-1.57365,-1.573999999999998,
Texas Tech,2001,97.3195,98.9298,70.7498,-1.61025,-1.6102999999999952,
Evansville,2001,103.227,104.918,66.3417,-1.691,-1.6910000000000025,
New Orleans,2001,99.9456,101.676,64.3118,-1.73012,-1.730400000000003,
Troy St.,2001,105.671,107.486,67.7716,-1.81496,-1.8149999999999977,
Maine,2001,105.298,107.253,69.9139,-1.95459,-1.9549999999999983,
Northern Arizona,2001,103.659,105.698,64.2414,-2.03846,-2.0389999999999873,
Youngstown St.,2001,101.748,103.808,66.5711,-2.06074,-2.0600000000000023,
Penn,2001,100.333,102.541,65.5546,-2.20871,-2.2079999999999984,
Wofford,2001,102.926,105.394,66.206,-2.4685,-2.4680000000000035,
Wichita St.,2001,98.7674,101.347,64.8537,-2.57931,-2.5795999999999992,
East Carolina,2001,102.259,105.059,69.9354,-2.79957,-2.799999999999997,
Texas A&M,2001,102.269,105.216,69.2618,-2.94662,-2.9469999999999885,
UNC Greensboro,2001,102.724,105.697,69.053,-2.97309,-2.972999999999999,16.0
Washington,2001,96.1822,99.1567,72.4419,-2.97446,-2.974500000000006,
Idaho St.,2001,104.03,107.014,67.4291,-2.98472,-2.9839999999999947,
Arkansas St.,2001,104.114,107.151,68.9115,-3.03736,-3.036999999999992,
Houston,2001,100.337,103.557,67.294,-3.2199,-3.219999999999999,
Niagara,2001,102.392,106.274,69.6288,-3.88284,-3.882000000000005,
Jacksonville,2001,98.0843,102.036,66.0184,-3.9517,-3.9517000000000024,
Rider,2001,102.334,106.321,67.1239,-3.98771,-3.9869999999999948,
UC Santa Barbara,2001,99.285,103.284,68.2175,-3.99886,-3.9990000000000094,
Stetson,2001,101.996,106.056,68.7653,-4.05925,-4.060000000000002,
Boston University,2001,102.208,106.291,63.257,-4.08302,-4.082999999999998,
Wisconsin Green Bay,2001,98.0839,102.2,61.0823,-4.11651,-4.116100000000003,
Georgia Southern,2001,101.803,105.924,73.8139,-4.1217,-4.121000000000009,
Akron,2001,104.107,108.389,66.0571,-4.28147,-4.2819999999999965,
Duquesne,2001,102.106,106.454,70.3881,-4.34851,-4.347999999999999,
Sam Houston St.,2001,98.6359,103.021,72.3745,-4.38537,-4.385099999999994,
St. Francis NY,2001,100.072,104.507,73.5244,-4.43461,-4.435000000000002,
Alabama St.,2001,94.6376,99.1054,64.3766,-4.46782,-4.467799999999997,16.0
San Francisco,2001,99.893,104.579,67.0474,-4.68602,-4.685999999999993,
IUPUI,2001,99.0124,103.716,67.8347,-4.70377,-4.7035999999999945,
Texas A&M Corpus Christi,2001,103.524,108.566,76.8163,-5.04203,-5.042000000000002,
The Citadel,2001,97.8212,102.9,66.0404,-5.07889,-5.078800000000001,
James Madison,2001,98.1076,103.219,66.3669,-5.11149,-5.111399999999989,
Air Force,2001,103.455,108.823,56.5365,-5.36745,-5.367999999999995,
William & Mary,2001,96.5304,101.945,64.1747,-5.41481,-5.414599999999993,
UMBC,2001,100.784,106.22,71.1121,-5.43661,-5.435999999999993,
South Carolina St.,2001,94.7106,100.259,66.3159,-5.5485,-5.548400000000001,
Radford,2001,97.494,103.167,72.4644,-5.67338,-5.673000000000002,
Fairfield,2001,99.8714,105.584,70.1756,-5.71252,-5.712600000000009,
Texas Pan American,2001,103.036,108.873,69.4081,-5.83696,-5.837000000000003,
Tennessee St.,2001,102.855,108.846,73.7726,-5.99129,-5.991,
Mississippi Valley St.,2001,106.85,112.945,69.1242,-6.09531,-6.094999999999999,
Montana,2001,103.282,109.64,65.3996,-6.35871,-6.358000000000004,
Oakland,2001,104.911,111.304,71.244,-6.39306,-6.393000000000001,
Northwestern St.,2001,94.6194,101.19,73.9304,-6.57108,-6.570599999999999,16.0
UTSA,2001,97.1116,103.685,73.8685,-6.57293,-6.573400000000007,
Harvard,2001,95.0181,101.699,73.3235,-6.68068,-6.680899999999994,
Wagner,2001,98.5579,105.311,78.1066,-6.7526,-6.753100000000003,
Northern Iowa,2001,91.3434,98.1239,66.4515,-6.78052,-6.7805000000000035,
Furman,2001,96.5444,103.533,64.507,-6.98826,-6.988600000000005,
Mercer,2001,99.4361,106.494,66.5415,-7.05804,-7.057900000000004,
Portland,2001,97.3025,104.764,67.7355,-7.46172,-7.461500000000001,
Loyola Chicago,2001,99.1713,106.746,69.6527,-7.57498,-7.574699999999993,
Belmont,2001,106.48,114.171,67.4682,-7.69128,-7.6910000000000025,
Brown,2001,100.25,107.948,72.6602,-7.69787,-7.697999999999993,
Davidson,2001,94.1768,102.084,69.8964,-7.90708,-7.907200000000003,
Morehead St.,2001,98.2572,106.201,67.0314,-7.94396,-7.943799999999996,
Virginia Tech,2001,97.7649,105.724,67.0845,-7.95959,-7.9591000000000065,
Tulane,2001,100.148,108.122,72.6657,-7.9742,-7.974000000000004,
Cal Poly,2001,104.551,112.544,73.5813,-7.99267,-7.992999999999995,
Stony Brook,2001,98.3329,106.753,65.7746,-8.41965,-8.420100000000005,
UT Arlington,2001,94.2701,102.819,73.2145,-8.54879,-8.548900000000003,
Lafayette,2001,101.888,110.439,70.5046,-8.55044,-8.550999999999988,
Loyola Marymount,2001,96.5461,105.306,67.2185,-8.75951,-8.759900000000002,
Denver,2001,91.3583,100.125,70.9797,-8.76665,-8.7667,
UNC Asheville,2001,97.852,106.648,67.098,-8.79562,-8.795999999999992,
Tennessee Martin,2001,95.2549,104.097,69.5453,-8.84199,-8.842099999999988,
Rhode Island,2001,95.6623,104.566,71.8263,-8.90399,-8.9037,
Western Michigan,2001,98.6199,108.003,66.4902,-9.38259,-9.383099999999999,
Central Connecticut,2001,99.9465,109.509,67.6568,-9.56292,-9.5625,
Southwest Texas St.,2001,95.0829,105.086,68.5671,-10.0029,-10.003100000000003,
Nicholls St.,2001,96.3911,106.495,68.1568,-10.1041,-10.10390000000001,
UCF,2001,96.9579,107.065,69.8735,-10.107,-10.107100000000003,
Lehigh,2001,91.2498,101.629,71.8306,-10.3789,-10.379200000000012,
Alcorn St.,2001,97.1753,107.575,73.166,-10.3994,-10.39970000000001,
Portland St.,2001,95.0839,105.581,71.0349,-10.4968,-10.497100000000003,
Coppin St.,2001,94.0599,104.562,65.3508,-10.5022,-10.502099999999999,
Yale,2001,93.0278,103.587,67.363,-10.5589,-10.559200000000004,
Vermont,2001,100.698,111.392,70.0233,-10.6941,-10.694000000000003,
Towson,2001,94.6602,105.402,68.7991,-10.7415,-10.741799999999998,
Northeastern,2001,99.784,110.766,72.0527,-10.982,-10.982,
American,2001,91.9337,102.984,64.0913,-11.0498,-11.050299999999993,
Norfolk St.,2001,97.3515,108.413,72.9843,-11.062,-11.061499999999995,
Bucknell,2001,91.8354,102.934,67.2712,-11.0982,-11.09859999999999,
Columbia,2001,89.2381,100.491,60.3896,-11.2529,-11.252899999999997,
Alabama A&M,2001,89.984,101.242,74.7798,-11.2575,-11.25800000000001,
Colgate,2001,96.0176,107.291,68.7279,-11.2733,-11.273399999999995,
Louisiana Monroe,2001,94.529,105.846,72.5918,-11.3165,-11.317000000000007,
Fairleigh Dickinson,2001,96.3531,107.696,65.7077,-11.343,-11.3429,
FIU,2001,96.9984,108.73,59.9485,-11.732,-11.7316,
Stephen F. Austin,2001,91.7038,103.526,59.686,-11.8222,-11.822199999999995,
Buffalo,2001,95.5395,107.424,68.1464,-11.8846,-11.884500000000003,
Oral Roberts,2001,101.036,113.048,68.5111,-12.012,-12.012,
Centenary,2001,97.369,109.994,65.0252,-12.6252,-12.625,
North Carolina A&T,2001,91.7589,104.443,71.2019,-12.6836,-12.6841,
VMI,2001,89.3347,102.717,73.4412,-13.3825,-13.3823,
New Hampshire,2001,91.8957,105.353,76.3501,-13.4572,-13.45729999999999,
UC Riverside,2001,91.0877,104.717,67.4331,-13.6295,-13.6293,
Eastern Kentucky,2001,95.2333,108.993,73.1157,-13.76,-13.759699999999995,
Liberty,2001,88.038,101.878,69.3016,-13.8395,-13.840000000000003,
Idaho,2001,91.6617,105.753,68.739,-14.0909,-14.091300000000004,
Appalachian St.,2001,93.542,107.79,66.5914,-14.2484,-14.248000000000005,
Delaware St.,2001,97.6099,111.944,61.9338,-14.3344,-14.334100000000007,
Coastal Carolina,2001,96.5152,111.118,71.6589,-14.6027,-14.602800000000002,
Western Carolina,2001,93.6051,108.27,68.9827,-14.6647,-14.664900000000003,
Jacksonville St.,2001,91.7223,106.405,67.9321,-14.6826,-14.682699999999997,
LIU Brooklyn,2001,91.8105,106.617,69.5447,-14.8064,-14.8065,
Northern Illinois,2001,97.2381,112.162,67.4997,-14.9244,-14.923900000000003,
Western Illinois,2001,98.5392,113.472,68.6445,-14.9325,-14.9328,
Southeastern Louisiana,2001,89.3052,104.27,60.7035,-14.9648,-14.964799999999997,
St. Francis PA,2001,99.0153,114.33,63.0526,-15.3143,-15.314700000000002,
Loyola MD,2001,90.488,106.257,64.9262,-15.7685,-15.769000000000005,
Southern,2001,92.49,108.677,71.1068,-16.1869,-16.187000000000012,
Middle Tennessee St.,2001,95.4904,111.793,66.5116,-16.3022,-16.302600000000012,
St. Peter's,2001,95.4798,111.796,70.7481,-16.3158,-16.31620000000001,
Chicago St.,2001,91.3978,107.98,68.2563,-16.5818,-16.5822,
Dartmouth,2001,93.6235,110.282,66.0279,-16.658,-16.65849999999999,
Florida Atlantic,2001,95.4324,112.126,72.4776,-16.6934,-16.693600000000004,
Lamar,2001,92.7445,109.532,64.0848,-16.7873,-16.787499999999994,
Cornell,2001,91.9567,108.784,65.5523,-16.8274,-16.827300000000008,
Jackson St.,2001,90.3788,107.238,69.5954,-16.8595,-16.8592,
Cal St. Fullerton,2001,91.7808,108.659,64.3558,-16.8778,-16.878200000000007,
Sacramento St.,2001,93.5022,110.38,71.6047,-16.8781,-16.877799999999993,
Eastern Michigan,2001,90.394,107.354,64.9609,-16.9603,-16.959999999999994,
Maryland Eastern Shore,2001,92.0741,109.277,66.9031,-17.2031,-17.2029,
Charleston Southern,2001,90.4705,107.858,67.545,-17.3872,-17.387500000000003,
Army,2001,93.4244,110.884,71.3481,-17.4597,-17.459599999999995,
Morgan St.,2001,93.7757,111.517,68.8954,-17.7409,-17.741299999999995,
Robert Morris,2001,91.8411,109.707,70.6531,-17.8657,-17.865899999999996,
Morris Brown,2001,92.1006,110.075,69.9052,-17.9746,-17.974400000000003,
Grambling St.,2001,95.0059,113.292,75.6169,-18.286,-18.286100000000005,
Campbell,2001,95.3572,113.909,65.9056,-18.5513,-18.5518,
Howard,2001,93.2693,112.226,69.1024,-18.9566,-18.956699999999998,
Bethune Cookman,2001,85.23,104.236,67.0391,-19.006,-19.006,
Mount St. Mary's,2001,84.2184,103.642,69.7019,-19.424,-19.423599999999993,
High Point,2001,87.7711,107.288,65.3675,-19.5171,-19.516899999999993,
Elon,2001,93.6954,113.242,65.1085,-19.5466,-19.546599999999998,
Quinnipiac,2001,89.4853,109.3,72.8353,-19.8151,-19.814700000000002,
North Texas,2001,96.1107,115.934,75.4871,-19.8236,-19.823300000000003,
Hartford,2001,92.1285,112.717,65.5814,-20.5885,-20.588499999999996,
Sacred Heart,2001,92.5136,114.564,68.8969,-22.0503,-22.050399999999996,
St. Mary's,2001,86.8489,109.472,70.4243,-22.6226,-22.623099999999994,
Texas Southern,2001,86.8343,109.542,68.6368,-22.7079,-22.707700000000003,
Albany,2001,90.7054,113.512,69.4511,-22.8065,-22.806600000000003,
Florida A&M,2001,90.0514,113.714,72.5729,-23.6627,-23.662599999999998,
Prairie View A&M,2001,90.3754,114.268,73.0982,-23.893,-23.8926,
Arkansas Pine Bluff,2001,79.2674,109.708,73.0572,-30.4409,-30.440600000000003,
Duke,2002,121.374,87.3522,73.9016,34.022,34.0218,1.0
Cincinnati,2002,117.448,86.6033,66.9485,30.8442,30.84469999999999,1.0
Kansas,2002,118.1,90.3113,77.6019,27.7883,27.78869999999999,1.0
Maryland,2002,118.151,91.2974,73.3263,26.8534,26.8536,1.0
Florida,2002,115.387,89.6694,69.5612,25.7176,25.717600000000004,5.0
Oklahoma,2002,113.306,88.4422,65.8584,24.8637,24.863799999999998,2.0
Oregon,2002,119.924,95.8006,70.5594,24.1236,24.123400000000004,2.0
Indiana,2002,112.595,89.6736,64.7779,22.9213,22.921400000000006,5.0
Marquette,2002,113.298,91.0361,64.5763,22.2615,22.261899999999997,5.0
Kentucky,2002,112.536,90.3566,67.6361,22.1792,22.1794,4.0
Illinois,2002,114.796,92.8809,68.6908,21.9149,21.91510000000001,4.0
USC,2002,112.82,90.9967,69.4315,21.8232,21.82329999999999,4.0
Arizona,2002,119.212,97.3917,71.2261,21.8199,21.820300000000003,3.0
Stanford,2002,116.857,95.8058,69.5528,21.0509,21.051199999999994,8.0
Ohio St.,2002,116.892,96.0636,66.4133,20.8285,20.828400000000002,4.0
Alabama,2002,114.177,94.1585,67.8101,20.0181,20.018500000000003,2.0
Gonzaga,2002,116.295,96.4997,67.9914,19.7952,19.795299999999997,6.0
Kent St.,2002,115.899,96.5628,64.1921,19.3362,19.336200000000005,10.0
Pittsburgh,2002,111.804,92.5312,63.3188,19.2728,19.272800000000004,3.0
Mississippi St.,2002,111.797,92.8341,67.6977,18.9632,18.96289999999999,3.0
Georgia,2002,116.091,97.2536,69.2028,18.8371,18.837399999999988,3.0
South Carolina,2002,106.859,88.081,64.6221,18.7782,18.77799999999999,
Xavier,2002,111.243,92.5336,66.4403,18.7095,18.709399999999988,7.0
Connecticut,2002,110.579,92.0294,68.9657,18.5499,18.549599999999998,2.0
Mississippi,2002,114.224,95.8383,64.2148,18.3854,18.3857,9.0
NC State,2002,112.169,93.9116,67.2156,18.2573,18.25739999999999,7.0
Notre Dame,2002,115.319,97.5508,68.1446,17.7678,17.768200000000007,8.0
Texas Tech,2002,114.262,96.9368,69.7493,17.3249,17.325199999999995,6.0
Michigan St.,2002,113.29,96.0881,62.9567,17.2017,17.20190000000001,10.0
Butler,2002,111.038,94.0056,61.7509,17.0321,17.032399999999996,
Charlotte,2002,114.501,97.5064,66.7234,16.9942,16.994600000000005,9.0
California,2002,109.706,92.8917,66.4567,16.8143,16.814300000000003,6.0
Wake Forest,2002,117.448,100.767,69.4424,16.6817,16.680999999999997,7.0
Dayton,2002,112.512,95.9593,66.458,16.5527,16.5527,
Texas,2002,116.036,99.5269,68.8534,16.5086,16.509100000000004,6.0
Miami FL,2002,110.135,93.973,68.5524,16.1625,16.162000000000006,5.0
Memphis,2002,111.831,95.8415,69.8242,15.9896,15.989500000000007,
Georgetown,2002,110.097,94.247,70.9341,15.85,15.849999999999994,
Oklahoma St.,2002,107.591,91.8978,65.7045,15.6932,15.69319999999999,7.0
UCLA,2002,113.259,97.9373,67.0304,15.3217,15.321700000000007,8.0
Western Kentucky,2002,110.535,95.2192,67.0926,15.3154,15.315799999999996,9.0
Utah,2002,111.442,96.1611,61.8472,15.2805,15.280899999999988,12.0
Tulsa,2002,114.383,99.1584,69.5823,15.2246,15.224599999999995,12.0
Missouri,2002,115.323,100.214,68.7099,15.1086,15.108999999999995,12.0
Valparaiso,2002,111.344,97.2123,68.1911,14.1322,14.131699999999995,13.0
Minnesota,2002,113.056,99.0985,68.385,13.9574,13.957499999999996,
Iowa,2002,110.375,96.6744,68.9745,13.7008,13.700599999999994,
Hawaii,2002,110.916,97.3463,64.9374,13.5696,13.569699999999997,10.0
Wisconsin,2002,109.705,96.4136,63.0111,13.2916,13.291399999999996,8.0
Tennessee,2002,110.649,97.6883,66.3958,12.9607,12.960700000000003,
Villanova,2002,106.134,93.1889,66.8941,12.9447,12.945099999999996,
Louisville,2002,107.797,94.8925,72.9196,12.9047,12.904499999999999,
Arkansas,2002,108.63,95.746,71.6216,12.8838,12.884,
Virginia,2002,111.248,98.4898,69.2617,12.7582,12.758200000000002,
Pepperdine,2002,110.976,98.2587,72.4766,12.7171,12.717299999999994,10.0
Southern Illinois,2002,108.06,95.3563,70.9955,12.7039,12.703699999999998,11.0
Penn,2002,109.308,96.9278,65.1685,12.3806,12.380200000000002,11.0
Temple,2002,112.162,100.055,62.5342,12.1072,12.107,
LSU,2002,105.517,93.5485,64.6618,11.9689,11.968499999999992,
Syracuse,2002,106.711,94.7752,69.3366,11.9358,11.9358,
St. Joseph's,2002,115.564,103.727,67.5958,11.8368,11.836999999999989,
Bowling Green,2002,110.366,98.7743,66.3528,11.5913,11.591700000000003,
BYU,2002,109.273,97.785,64.6703,11.4881,11.488,
Creighton,2002,110.87,99.5253,66.9458,11.3452,11.344700000000003,12.0
Arizona St.,2002,107.742,96.481,71.5405,11.2611,11.26100000000001,
Ball St.,2002,112.182,101.207,68.7306,10.9749,10.975000000000009,
Utah St.,2002,106.4,95.4668,62.9324,10.933,10.9332,
Wyoming,2002,108.19,97.3391,69.059,10.8511,10.850899999999996,11.0
UNC Wilmington,2002,106.032,95.3145,63.0568,10.7173,10.717500000000001,13.0
Louisiana Tech,2002,109.109,98.7367,65.7087,10.3718,10.372299999999996,
San Diego St.,2002,106.815,96.454,69.7602,10.3606,10.361000000000004,13.0
Boston College,2002,109.516,99.2719,69.027,10.2439,10.244100000000003,11.0
Georgia Tech,2002,110.565,100.525,70.2026,10.0396,10.039999999999992,
UC Santa Barbara,2002,107.66,98.0668,63.1683,9.59321,9.593199999999996,14.0
South Florida,2002,106.712,97.1866,71.4525,9.52547,9.525400000000005,
St. John's,2002,101.956,92.6749,68.7905,9.28117,9.28110000000001,9.0
Richmond,2002,103.978,95.3315,60.8721,8.64692,8.646499999999989,
St. Bonaventure,2002,116.442,107.817,70.9686,8.62493,8.625,
UNLV,2002,109.109,100.722,71.8283,8.38683,8.387,
College of Charleston,2002,104.609,96.3101,61.8183,8.29847,8.298899999999989,
Fresno St.,2002,103.736,95.4836,72.273,8.25275,8.252400000000009,
UC Irvine,2002,108.662,100.746,64.4614,7.91547,7.916000000000011,
Vanderbilt,2002,108.097,100.45,69.0307,7.64667,7.646999999999991,
New Mexico,2002,110.626,102.991,66.0411,7.63583,7.635000000000005,
Purdue,2002,109.392,101.828,67.6846,7.56393,7.563999999999993,
Tennessee Tech,2002,110.158,102.978,66.711,7.17945,7.180000000000007,
Saint Louis,2002,98.0038,90.8334,65.0029,7.17046,7.170400000000001,
Auburn,2002,98.4477,91.3929,69.8317,7.05472,7.0548,
Seton Hall,2002,104.402,97.5232,68.3068,6.87884,6.878799999999998,
Pacific,2002,109.715,103.168,64.9865,6.54657,6.546999999999997,
East Tennessee St.,2002,105.738,99.2012,73.3707,6.53627,6.5367999999999995,
Northwestern,2002,99.5016,93.0895,61.3859,6.41215,6.412099999999995,
New Mexico St.,2002,109.15,102.837,68.1161,6.31299,6.313000000000002,
Colorado,2002,110.734,104.456,71.7006,6.27778,6.277999999999992,
UAB,2002,102.306,96.0427,67.4179,6.26371,6.263300000000001,
Providence,2002,102.455,96.4059,70.8607,6.04949,6.049099999999996,
Milwaukee,2002,104.368,98.3483,71.2646,6.02016,6.0197,
Arkansas Little Rock,2002,106.613,100.594,68.863,6.01927,6.0190000000000055,
Washington,2002,105.267,99.2579,71.1087,6.00863,6.0090999999999894,
San Diego,2002,107.712,101.844,68.655,5.86745,5.868000000000009,
McNeese St.,2002,103.553,97.8228,65.6792,5.73024,5.730199999999996,14.0
Louisiana Lafayette,2002,99.7008,94.3092,70.0638,5.39163,5.391599999999997,
Houston,2002,109.489,104.172,66.0668,5.31676,5.317000000000007,
Rutgers,2002,97.7671,92.7143,69.4732,5.05279,5.052800000000005,
Detroit,2002,102.613,97.8322,63.1539,4.78058,4.780799999999999,
UNC Greensboro,2002,102.976,98.4701,68.2655,4.50641,4.505899999999997,
Nebraska,2002,105.088,100.6,66.2402,4.48818,4.4879999999999995,
SMU,2002,107.363,102.922,67.4831,4.44113,4.4410000000000025,
TCU,2002,109.793,105.411,76.1432,4.38144,4.382000000000005,
Oral Roberts,2002,105.081,100.735,69.1284,4.34616,4.346000000000004,
Baylor,2002,107.72,103.384,68.0925,4.33599,4.3359999999999985,
Manhattan,2002,103.727,99.4172,68.5144,4.30997,4.30980000000001,
Hampton,2002,109.772,105.848,68.8228,3.92456,3.9240000000000066,15.0
Southwest Missouri St.,2002,106.766,102.854,64.7077,3.9121,3.912000000000006,
Marist,2002,106.409,102.543,68.2341,3.86646,3.8659999999999997,
Oregon St.,2002,103.264,99.4353,60.979,3.8283,3.8286999999999978,
Ohio,2002,107.64,103.923,67.6147,3.71637,3.7169999999999987,
Colorado St.,2002,103.624,99.9681,66.2909,3.65563,3.6558999999999884,
Iowa St.,2002,107.402,103.805,65.0237,3.59667,3.596999999999994,
Nevada,2002,103.72,100.171,71.387,3.5488,3.5489999999999924,
VCU,2002,102.512,99.0815,70.5893,3.43053,3.430499999999995,
Davidson,2002,100.838,97.4915,64.8697,3.34606,3.346499999999992,13.0
Tulane,2002,104.454,101.141,68.915,3.31249,3.312999999999988,
Illinois Chicago,2002,108.488,105.214,67.2162,3.27351,3.274000000000001,15.0
Massachusetts,2002,101.584,98.3366,63.992,3.24704,3.247399999999999,
Kansas St.,2002,103.328,100.146,65.6621,3.18239,3.182000000000002,
Michigan,2002,105.079,102.017,65.4078,3.06195,3.0619999999999976,
Florida St.,2002,105.253,102.2,67.9845,3.05308,3.0529999999999973,
Montana St.,2002,106.193,103.178,63.3613,3.01443,3.0150000000000006,
George Mason,2002,104.823,101.814,67.6092,3.00862,3.0090000000000003,
Loyola Chicago,2002,102.929,100.066,69.2176,2.86282,2.8629999999999995,
Western Michigan,2002,107.091,104.425,66.6159,2.66625,2.665999999999997,
Clemson,2002,106.71,104.169,69.1179,2.54115,2.540999999999997,
Georgia Southern,2002,106.722,104.244,74.1757,2.47792,2.4779999999999944,
Arkansas St.,2002,104.991,102.523,63.8642,2.46831,2.4680000000000035,
Wright St.,2002,110.621,108.192,64.9572,2.42918,2.429000000000002,
Chattanooga,2002,103.28,100.974,68.9485,2.30608,2.3059999999999974,
Weber St.,2002,106.071,103.976,67.8494,2.09548,2.094999999999999,
Georgia St.,2002,107.77,105.707,69.3438,2.06293,2.0630000000000024,
North Carolina,2002,105.157,103.104,69.707,2.05351,2.0529999999999973,
Virginia Tech,2002,103.904,101.898,66.9733,2.00594,2.0060000000000002,
Oakland,2002,107.26,105.334,70.0795,1.92607,1.926000000000002,
Illinois St.,2002,102.498,100.629,65.7783,1.86917,1.8689999999999998,
Miami OH,2002,104.952,103.202,60.2778,1.74931,1.75,
Yale,2002,103.296,101.858,73.0403,1.43824,1.4380000000000024,
La Salle,2002,103.638,102.27,65.666,1.36806,1.3680000000000092,
Murray St.,2002,106.304,105.225,68.8517,1.07887,1.0790000000000077,14.0
Central Connecticut,2002,100.112,99.1391,63.7111,0.972884,0.9728999999999957,14.0
Princeton,2002,102.408,101.598,57.4964,0.810205,0.8100000000000023,
Cal Poly,2002,102.593,101.839,67.9877,0.753677,0.7540000000000049,
UCF,2002,103.889,103.14,69.4677,0.748672,0.7489999999999952,
San Francisco,2002,102.851,102.112,67.522,0.739271,0.7390000000000043,
The Citadel,2002,104.874,104.348,66.7582,0.526029,0.5259999999999962,
Wichita St.,2002,107.365,106.965,66.6215,0.400417,0.3999999999999915,
Eastern Washington,2002,100.007,99.694,68.6672,0.31253,0.3130000000000024,
Delaware,2002,102.41,102.158,66.2205,0.252887,0.25199999999999534,
Rider,2002,99.8064,99.5861,68.1981,0.220261,0.2202999999999946,
Toledo,2002,98.7004,98.6966,65.9994,0.00379349,0.0037999999999982492,
Troy St.,2002,103.792,103.824,68.8556,-0.0321845,-0.031999999999996476,
North Texas,2002,107.742,107.778,71.6761,-0.0361164,-0.036000000000001364,
UTSA,2002,102.694,102.75,71.9704,-0.0554349,-0.055999999999997385,
Southern Miss,2002,97.3988,97.6149,64.0496,-0.216105,-0.2161000000000115,
UMKC,2002,100.809,101.132,60.3897,-0.323319,-0.3230000000000075,
Old Dominion,2002,102.082,102.591,64.5926,-0.508974,-0.5090000000000003,
Texas Pan American,2002,100.64,101.223,71.3986,-0.582234,-0.5829999999999984,
Long Beach St.,2002,103.079,103.723,69.9581,-0.643714,-0.6440000000000055,
Holy Cross,2002,97.6868,98.3544,62.0567,-0.667653,-0.6675999999999931,16.0
New Orleans,2002,98.2879,99.1543,67.7011,-0.866409,-0.8664000000000129,
DePaul,2002,100.196,101.106,71.031,-0.910175,-0.9099999999999966,
IUPUI,2002,102.016,102.935,69.1125,-0.919856,-0.9189999999999969,
Marshall,2002,109.54,110.47,69.3698,-0.929871,-0.9299999999999926,
Cal St. Northridge,2002,98.8096,99.7552,69.5261,-0.945579,-0.9455999999999989,
Furman,2002,99.829,100.91,65.4952,-1.0808,-1.081000000000003,
Morehead St.,2002,104.903,106.217,67.7307,-1.3136,-1.313999999999993,
James Madison,2002,106.1,107.441,65.5657,-1.34185,-1.3410000000000082,
East Carolina,2002,102.105,103.566,64.6205,-1.46124,-1.4609999999999985,
Drexel,2002,104.056,105.542,70.1854,-1.48545,-1.4860000000000042,
Air Force,2002,103.496,104.986,53.9623,-1.4906,-1.490000000000009,
Samford,2002,102.208,103.862,56.5419,-1.65338,-1.6539999999999964,
Drake,2002,106.577,108.236,64.1316,-1.65975,-1.659000000000006,
Northern Iowa,2002,107.751,109.481,66.5467,-1.72998,-1.7299999999999898,
Siena,2002,100.099,101.835,66.0443,-1.73585,-1.73599999999999,16.0
Niagara,2002,106.217,107.96,69.2566,-1.74218,-1.742999999999995,
Louisiana Monroe,2002,99.6427,101.462,69.8547,-1.81923,-1.8192999999999984,
Boise St.,2002,97.9888,100.07,64.9102,-2.08135,-2.0811999999999955,
Boston University,2002,100.971,103.168,64.2616,-2.19695,-2.1970000000000027,16.0
Buffalo,2002,99.1166,101.317,67.3739,-2.20008,-2.2003999999999877,
UTEP,2002,101.15,103.367,67.3848,-2.21686,-2.2169999999999987,
Jacksonville,2002,98.255,100.495,66.4649,-2.24001,-2.240000000000009,
Vermont,2002,105.47,107.859,67.7378,-2.38935,-2.388999999999996,
Northern Illinois,2002,105.034,107.448,71.8659,-2.41425,-2.4139999999999873,
West Virginia,2002,102.885,105.646,71.7237,-2.76093,-2.7609999999999957,
Gardner Webb,2002,101.17,103.992,73.2835,-2.82227,-2.8220000000000027,
Radford,2002,97.6595,100.585,69.5446,-2.92595,-2.9254999999999995,
Cleveland St.,2002,97.2494,100.203,68.4026,-2.95329,-2.9536000000000087,
George Washington,2002,102.511,105.583,70.4234,-3.07225,-3.0720000000000027,
Florida Atlantic,2002,98.4514,101.539,69.8592,-3.08732,-3.087599999999995,15.0
Sam Houston St.,2002,99.8157,102.928,72.4872,-3.11255,-3.1122999999999905,
Middle Tennessee,2002,96.5204,99.6718,65.7946,-3.15147,-3.1514000000000095,
Penn St.,2002,98.8516,102.26,67.5138,-3.40807,-3.4084000000000003,
Rice,2002,97.7057,101.162,67.4724,-3.45632,-3.456300000000013,
Austin Peay,2002,98.7338,102.199,67.0922,-3.46529,-3.465199999999996,
Wagner,2002,102.622,106.191,73.1798,-3.56842,-3.5690000000000026,
Brown,2002,105.596,109.354,72.4768,-3.75825,-3.7579999999999956,
Central Michigan,2002,101.053,105.017,67.6574,-3.96405,-3.9639999999999986,
Santa Clara,2002,100.998,104.983,66.0224,-3.98528,-3.9849999999999994,
Montana,2002,102.418,106.604,68.3682,-4.18602,-4.185999999999993,15.0
American,2002,100.599,104.809,62.6464,-4.21054,-4.209999999999994,
Centenary,2002,101.038,105.357,65.3224,-4.31895,-4.319000000000003,
Fairfield,2002,98.7678,103.195,71.6797,-4.42701,-4.427199999999999,
Washington St.,2002,104.183,108.633,69.5722,-4.45072,-4.449999999999989,
Green Bay,2002,104.865,109.379,62.0467,-4.51443,-4.51400000000001,
Southern Utah,2002,100.135,104.77,63.2513,-4.63521,-4.634999999999991,
Bradley,2002,94.8434,99.584,63.0243,-4.74062,-4.740600000000001,
Fordham,2002,98.9744,103.723,74.3723,-4.74827,-4.748599999999996,
Winthrop,2002,97.1532,102.197,65.6142,-5.04399,-5.0438000000000045,16.0
Northern Arizona,2002,96.2016,101.252,67.0373,-5.05074,-5.050399999999996,
Texas A&M,2002,96.9866,102.038,67.766,-5.05127,-5.051400000000001,
Belmont,2002,108.354,113.538,64.9185,-5.18423,-5.1839999999999975,
Iona,2002,98.1347,103.331,70.5457,-5.19625,-5.196300000000008,
St. Mary's,2002,91.2355,96.4747,64.9242,-5.23924,-5.239199999999997,
Hofstra,2002,94.4354,100.008,70.4631,-5.5726,-5.572599999999994,
Howard,2002,101.45,107.165,69.8081,-5.71547,-5.715000000000003,
Duquesne,2002,98.9721,104.725,66.2452,-5.75321,-5.752899999999997,
William & Mary,2002,96.1788,101.944,65.1629,-5.76537,-5.765200000000007,
Colgate,2002,101.33,107.103,66.5969,-5.77304,-5.772999999999996,
Southwest Texas St.,2002,99.9417,106.039,70.1662,-6.09749,-6.097300000000004,
Appalachian St.,2002,101.762,108.002,72.3922,-6.23985,-6.239999999999995,
Akron,2002,104.752,111.006,65.4218,-6.25413,-6.254000000000005,
FIU,2002,96.1799,102.528,64.126,-6.3485,-6.348100000000002,
Indiana St.,2002,97.8979,104.35,63.7547,-6.45161,-6.452099999999987,
Western Carolina,2002,99.6781,106.175,71.3707,-6.49674,-6.496899999999997,
Monmouth,2002,96.1612,102.66,65.4514,-6.4984,-6.498800000000003,
Rhode Island,2002,97.0822,103.815,64.3993,-6.73299,-6.7327999999999975,
Harvard,2002,93.9993,100.754,67.1823,-6.75514,-6.7547,
Eastern Illinois,2002,101.567,108.451,70.3496,-6.88313,-6.884,
Columbia,2002,90.887,97.8088,59.0167,-6.92178,-6.921800000000005,
Lafayette,2002,102.348,109.331,70.0251,-6.98348,-6.983000000000004,
Northwestern St.,2002,100.183,107.169,70.3812,-6.98644,-6.98599999999999,
Tennessee St.,2002,102.539,109.727,72.54,-7.18747,-7.188000000000002,
VMI,2002,98.8798,106.189,77.4368,-7.30886,-7.30919999999999,
Delaware St.,2002,99.1614,106.609,62.5782,-7.44748,-7.447599999999994,
UMBC,2002,95.6381,103.113,70.3916,-7.47509,-7.474900000000005,
Portland St.,2002,104.473,112.196,68.7575,-7.72304,-7.722999999999999,
Wofford,2002,93.6118,101.432,67.0229,-7.81997,-7.8202,
Lamar,2002,97.9977,105.877,69.3414,-7.87887,-7.879300000000001,
Texas A&M Corpus Christi,2002,100.952,108.904,73.1832,-7.95178,-7.951999999999998,
UC Riverside,2002,99.2104,107.297,67.0567,-8.08681,-8.08659999999999,
Jacksonville St.,2002,101.124,109.229,65.9504,-8.10488,-8.105000000000004,
UT Arlington,2002,101.911,110.166,71.8556,-8.25485,-8.254999999999995,
Tennessee Martin,2002,98.735,107.094,71.0493,-8.35879,-8.358999999999995,
Alcorn St.,2002,99.7682,108.17,72.5438,-8.40177,-8.401800000000009,16.0
San Jose St.,2002,98.3811,106.792,62.9676,-8.41071,-8.410899999999998,
Portland,2002,97.2251,105.84,72.7343,-8.61513,-8.614900000000006,
South Alabama,2002,95.8905,104.568,66.4832,-8.67767,-8.677499999999995,
Denver,2002,98.8318,107.616,65.751,-8.7844,-8.784199999999998,
St. Francis NY,2002,100.009,109.095,73.3415,-9.08573,-9.085999999999999,
Canisius,2002,96.1188,105.29,65.9503,-9.17077,-9.171200000000013,
Loyola Marymount,2002,99.09,108.335,68.524,-9.24474,-9.24499999999999,
Stephen F. Austin,2002,93.6528,102.899,62.8739,-9.24635,-9.246200000000002,
Alabama A&M,2002,91.9307,101.314,78.725,-9.38333,-9.383299999999991,
Quinnipiac,2002,100.471,109.876,74.2191,-9.4054,-9.405000000000001,
Western Illinois,2002,102.125,111.535,68.4089,-9.40954,-9.409999999999997,
UNC Asheville,2002,98.5089,108.233,68.2651,-9.724,-9.724100000000007,
Evansville,2002,97.6082,107.806,68.8249,-10.1974,-10.1978,
Idaho St.,2002,96.4428,106.779,68.7323,-10.3363,-10.336199999999991,
South Carolina St.,2002,95.8219,106.445,67.8538,-10.6233,-10.623099999999994,
Stetson,2002,97.5655,108.794,72.0652,-11.2286,-11.228499999999997,
Bucknell,2002,94.0826,105.515,65.2251,-11.4322,-11.432400000000001,
Navy,2002,93.6146,105.305,70.4839,-11.6905,-11.690400000000011,
North Carolina A&T,2002,92.4527,104.417,70.2063,-11.9646,-11.964300000000009,
Alabama St.,2002,89.8764,102.35,62.8315,-12.4734,-12.47359999999999,
Idaho,2002,92.4109,105.016,59.0651,-12.6052,-12.605100000000007,
Sacramento St.,2002,96.4004,109.071,72.9911,-12.6705,-12.670599999999993,
Hartford,2002,91.5772,104.402,65.1985,-12.825,-12.824799999999996,
Towson,2002,90.051,103.042,66.4495,-12.9909,-12.991,
Southeast Missouri St.,2002,100.661,113.811,67.0878,-13.1504,-13.150000000000006,
Northeastern,2002,97.7198,111.16,72.0446,-13.4402,-13.44019999999999,
Mississippi Valley St.,2002,100.787,114.312,69.0895,-13.5258,-13.524999999999991,
Florida A&M,2002,93.3998,106.935,69.1395,-13.5355,-13.535200000000003,
Charleston Southern,2002,90.2262,103.764,66.9984,-13.5375,-13.53779999999999,
Cal St. Fullerton,2002,94.9825,108.526,65.3133,-13.543,-13.543499999999995,
Elon,2002,90.7786,104.409,71.8056,-13.6304,-13.630400000000009,
Maine,2002,93.9546,107.789,62.8552,-13.8347,-13.834400000000002,
Bethune Cookman,2002,94.4314,109.026,69.0526,-14.5941,-14.5946,
New Hampshire,2002,96.5563,111.397,70.297,-14.8404,-14.840700000000012,
Youngstown St.,2002,95.2466,110.191,67.308,-14.9443,-14.944400000000002,
Norfolk St.,2002,93.3091,108.359,70.2231,-15.0502,-15.049899999999994,
Army,2002,94.9466,110.196,67.751,-15.2494,-15.249399999999994,
IPFW,2002,96.7111,111.998,73.8549,-15.2867,-15.286900000000003,
Robert Morris,2002,98.9721,114.274,65.4737,-15.3019,-15.301900000000003,
Binghamton,2002,92.2791,107.651,66.9907,-15.372,-15.371899999999997,
Jackson St.,2002,96.605,112.001,69.5481,-15.3961,-15.396,
Mercer,2002,95.6271,111.45,68.2995,-15.8227,-15.822900000000004,
Maryland Eastern Shore,2002,98.3907,114.491,64.0835,-16.1004,-16.100300000000004,
Eastern Kentucky,2002,92.7882,108.924,69.9398,-16.1358,-16.135800000000003,
Birmingham Southern,2002,94.0161,110.247,62.2009,-16.2311,-16.230900000000005,
Lehigh,2002,92.7204,109.037,69.8994,-16.3166,-16.316600000000008,
Southeastern Louisiana,2002,88.9728,105.472,60.2557,-16.4995,-16.499199999999988,
Sacred Heart,2002,95.9471,112.649,71.3716,-16.7015,-16.701899999999995,
Campbell,2002,100.413,117.366,68.1119,-16.9527,-16.953000000000003,
High Point,2002,96.3784,113.449,66.8469,-17.0705,-17.0706,
Cornell,2002,88.7921,106.348,64.7753,-17.5558,-17.555899999999994,
Dartmouth,2002,99.7496,117.418,62.1684,-17.6684,-17.668400000000005,
St. Francis PA,2002,88.9676,107.106,65.0224,-18.1383,-18.13839999999999,
Coastal Carolina,2002,95.5427,113.783,71.928,-18.2398,-18.240300000000005,
Eastern Michigan,2002,96.4763,115.123,67.4732,-18.6468,-18.64670000000001,
St. Peter's,2002,92.6896,111.362,70.9242,-18.6728,-18.672399999999996,
Grambling St.,2002,96.9742,115.802,73.7518,-18.8278,-18.82780000000001,
Lipscomb,2002,93.3988,112.642,68.9373,-19.2435,-19.2432,
Texas Southern,2002,94.309,113.721,67.56,-19.4124,-19.412000000000006,
Stony Brook,2002,91.1887,111.183,65.5349,-19.9943,-19.99430000000001,
Albany,2002,86.6575,106.922,62.3989,-20.2647,-20.264499999999998,
Loyola MD,2002,86.391,106.742,65.4248,-20.3513,-20.351,
Coppin St.,2002,87.6161,108.71,64.0837,-21.0941,-21.09389999999999,
Morgan St.,2002,89.5688,110.883,69.8156,-21.3144,-21.3142,
Southern,2002,93.6612,115.104,72.2757,-21.4424,-21.442800000000005,
Fairleigh Dickinson,2002,93.0973,115.942,70.1385,-22.8443,-22.84469999999999,
Prairie View A&M,2002,89.3506,112.583,73.5943,-23.2322,-23.2324,
Chicago St.,2002,89.1481,113.729,69.2935,-24.5812,-24.5809,
LIU Brooklyn,2002,96.9765,121.959,74.1225,-24.982,-24.9825,
Liberty,2002,85.2835,110.445,72.375,-25.1614,-25.16149999999999,
Nicholls St.,2002,86.8318,112.874,68.6088,-26.0426,-26.042199999999994,
Arkansas Pine Bluff,2002,82.0046,110.723,75.2606,-28.7188,-28.718400000000003,
Mount St. Mary's,2002,84.742,114.24,66.741,-29.4982,-29.49799999999999,
Morris Brown,2002,84.76,114.624,67.2986,-29.8643,-29.86399999999999,
Savannah St.,2002,77.6672,108.849,66.1503,-31.1818,-31.18180000000001,
Kentucky,2003,116.802,87.0347,67.5518,29.7672,29.767300000000006,1.0
Pittsburgh,2003,113.295,86.1165,64.8023,27.1788,27.1785,2.0
Kansas,2003,114.003,86.9009,72.6511,27.1016,27.102100000000007,2.0
Arizona,2003,115.311,88.8866,73.0165,26.4243,26.424400000000006,1.0
Illinois,2003,114.14,89.1932,68.2411,24.9472,24.946799999999996,4.0
Louisville,2003,116.078,92.4271,72.419,23.6507,23.650900000000007,4.0
Florida,2003,117.327,93.6932,65.2411,23.6341,23.633799999999994,2.0
Oklahoma,2003,112.913,89.4266,62.6863,23.4861,23.486400000000003,1.0
Texas,2003,118.524,95.1369,69.0435,23.3866,23.387100000000004,1.0
Duke,2003,116.213,93.4116,71.0877,22.8018,22.801399999999987,3.0
Mississippi St.,2003,108.501,86.098,65.1241,22.4034,22.403000000000006,5.0
Wisconsin,2003,114.658,92.2715,61.8275,22.3863,22.386499999999998,5.0
St. Joseph's,2003,109.41,87.8141,64.4667,21.5962,21.5959,7.0
Maryland,2003,110.916,89.4227,71.7698,21.493,21.49329999999999,6.0
Georgia,2003,121.297,100.032,67.1798,21.2649,21.265,
Marquette,2003,118.833,97.6141,65.6828,21.2188,21.218900000000005,3.0
Xavier,2003,114.503,93.665,68.1862,20.8379,20.837999999999994,3.0
Wake Forest,2003,115.774,94.9376,67.6965,20.8361,20.836399999999998,2.0
LSU,2003,111.998,91.9602,67.5469,20.0374,20.037800000000004,8.0
Syracuse,2003,113.951,93.9947,70.5221,19.9564,19.9563,3.0
Notre Dame,2003,117.565,97.8837,69.2334,19.6817,19.681299999999993,5.0
Connecticut,2003,111.73,93.3341,71.1085,18.3956,18.395899999999997,5.0
Creighton,2003,113.03,94.7202,68.4145,18.3096,18.309799999999996,6.0
BYU,2003,110.537,92.3283,65.663,18.2088,18.208700000000007,12.0
Memphis,2003,111.304,93.4775,68.3304,17.8261,17.826499999999996,7.0
Michigan St.,2003,108.72,90.9288,63.6011,17.7907,17.791200000000003,7.0
Missouri,2003,111.397,93.7637,66.5071,17.6329,17.633300000000006,6.0
Oklahoma St.,2003,106.039,88.7021,66.5752,17.3367,17.3369,6.0
Arizona St.,2003,113.116,96.3758,66.8633,16.7407,16.7402,10.0
Purdue,2003,106.758,90.7963,69.1792,15.962,15.961699999999993,9.0
Colorado,2003,109.283,93.4129,69.8746,15.8705,15.870100000000008,10.0
Dayton,2003,116.878,101.035,64.3077,15.8425,15.843000000000004,4.0
Alabama,2003,110.57,95.1017,65.5541,15.468,15.4683,10.0
Butler,2003,115.085,99.7088,58.7876,15.3765,15.376199999999997,12.0
Cincinnati,2003,105.459,90.1252,66.3686,15.3334,15.333799999999997,8.0
Texas Tech,2003,111.058,95.7364,66.1474,15.3219,15.321600000000004,
Gonzaga,2003,112.337,97.3823,67.2433,14.9545,14.954700000000003,9.0
Stanford,2003,109.838,94.9404,65.4887,14.8974,14.897599999999997,4.0
Utah,2003,107.925,93.0806,61.9372,14.8447,14.844399999999993,9.0
Indiana,2003,113.046,98.4831,63.9859,14.5633,14.562900000000013,7.0
UNC Wilmington,2003,108.916,94.4886,64.3593,14.4278,14.427399999999992,11.0
Oregon,2003,112.498,98.1497,71.0944,14.3485,14.348300000000009,8.0
Penn,2003,110.324,96.0575,63.312,14.2661,14.266499999999994,11.0
Georgia Tech,2003,107.696,94.085,69.0609,13.6113,13.611000000000004,
California,2003,109.401,95.8149,66.1487,13.5863,13.586100000000002,8.0
Providence,2003,108.812,95.4253,66.7617,13.387,13.386700000000005,
Boston College,2003,117.913,104.603,67.911,13.3094,13.310000000000002,
North Carolina St.,2003,111.017,97.9831,65.1859,13.034,13.033900000000003,9.0
Auburn,2003,107.32,94.4324,66.7988,12.8881,12.887599999999992,10.0
Milwaukee,2003,109.433,96.795,71.2184,12.6377,12.638000000000005,12.0
Tennessee,2003,109.162,97.1354,64.5772,12.0262,12.026600000000002,
Southern Illinois,2003,110.795,98.9527,67.6276,11.8425,11.842300000000009,11.0
Georgetown,2003,105.452,93.6615,70.6919,11.7906,11.790499999999994,
Villanova,2003,106.716,94.9948,69.2851,11.7212,11.721199999999996,
Seton Hall,2003,104.373,92.7299,65.9828,11.6433,11.643100000000004,
Western Kentucky,2003,108.073,96.5019,67.5481,11.5715,11.571099999999987,13.0
North Carolina,2003,106.834,95.2674,67.9297,11.5667,11.566600000000008,
UNLV,2003,108.416,96.9296,70.3588,11.4864,11.486400000000003,
Mississippi,2003,111.595,100.131,62.8732,11.464,11.463999999999999,
Tulsa,2003,107.114,95.67,67.3935,11.4437,11.444000000000003,13.0
Kansas St.,2003,107.958,97.0406,65.828,10.9177,10.9174,
Iowa St.,2003,107.576,96.7748,66.3442,10.8017,10.801199999999994,
DePaul,2003,105.344,94.6692,65.672,10.6752,10.67479999999999,
Louisiana Lafayette,2003,108.126,97.5681,69.6731,10.5578,10.557900000000004,
Illinois Chicago,2003,111.072,100.573,68.2501,10.4982,10.49900000000001,
Detroit,2003,109.555,99.062,64.4842,10.4934,10.49300000000001,
Michigan,2003,108.913,98.4713,65.0658,10.4419,10.441699999999997,
Central Michigan,2003,109.867,99.5025,71.9146,10.3641,10.364500000000007,11.0
Holy Cross,2003,105.034,94.8568,65.3578,10.1775,10.1772,14.0
Manhattan,2003,105.641,95.6169,68.2203,10.0239,10.024100000000004,14.0
UAB,2003,105.467,95.8387,73.8093,9.62815,9.628299999999996,
Saint Louis,2003,105.358,95.8844,59.0469,9.47351,9.473600000000005,
St. John's,2003,105.408,96.3601,66.9934,9.0482,9.047899999999998,
Temple,2003,109.509,100.533,63.1208,8.97542,8.975999999999999,
Ohio St.,2003,103.055,94.1978,64.406,8.85695,8.857200000000006,
Weber St.,2003,111.03,102.287,66.2827,8.7425,8.742999999999995,12.0
Florida St.,2003,100.869,92.2138,67.5312,8.65528,8.655199999999994,
South Carolina,2003,103.312,94.7123,65.5871,8.59916,8.599699999999999,
Minnesota,2003,106.671,98.2144,71.2095,8.45661,8.456600000000009,
St. Bonaventure,2003,112.928,104.548,71.3771,8.3802,8.379999999999995,
San Diego,2003,104.732,96.3702,70.81,8.36166,8.361800000000002,13.0
Southwest Missouri St.,2003,100.667,92.4722,63.5846,8.19454,8.1948,
Western Michigan,2003,102.958,94.8495,65.0118,8.10809,8.108499999999992,
Iowa,2003,106.781,98.8086,67.3565,7.97277,7.9724000000000075,
Nevada,2003,108.812,100.941,68.8696,7.87096,7.870999999999995,
Virginia,2003,108.806,101.074,68.4263,7.73251,7.731999999999999,
Richmond,2003,102.348,94.6164,62.1741,7.7319,7.7316,
New Mexico St.,2003,107.729,100.236,67.2807,7.49266,7.492999999999995,
Kent St.,2003,112.452,105.216,66.3505,7.23638,7.236000000000004,
Vanderbilt,2003,103.933,96.816,69.4221,7.11673,7.117000000000004,
Texas A&M,2003,104.351,97.247,70.6143,7.10401,7.103999999999999,
San Diego St.,2003,110.373,103.399,66.5455,6.97353,6.974000000000004,
USC,2003,105.466,98.5249,73.4241,6.9413,6.941099999999992,
Wyoming,2003,107.939,101.12,67.9739,6.81953,6.818999999999988,
Utah St.,2003,106.86,100.121,61.232,6.73911,6.739000000000004,15.0
Valparaiso,2003,103.791,97.3561,66.0647,6.43507,6.434899999999999,
UC Santa Barbara,2003,104.899,98.5487,61.2877,6.35061,6.350300000000004,
Troy St.,2003,107.4,101.103,70.603,6.29692,6.297000000000011,14.0
Charlotte,2003,104.798,98.5239,65.8984,6.27427,6.274100000000004,
Colorado St.,2003,111.597,105.323,67.1579,6.27421,6.274000000000001,14.0
Baylor,2003,106.542,100.566,65.783,5.97579,5.975999999999999,
Fresno St.,2003,105.122,99.2881,65.8013,5.83418,5.8339,
Murray St.,2003,107.54,101.801,65.6146,5.73905,5.739000000000004,
Tulane,2003,107.195,101.469,65.5936,5.72525,5.725999999999999,
Miami FL,2003,103.042,97.4135,65.963,5.6289,5.6285000000000025,
George Washington,2003,107.556,101.951,68.599,5.60481,5.605000000000004,
Clemson,2003,107.367,101.831,63.6906,5.53681,5.536000000000001,
Eastern Washington,2003,102.673,97.2832,68.087,5.38983,5.389800000000008,
UCLA,2003,107.204,101.931,69.4145,5.27343,5.272999999999996,
Drexel,2003,102.084,96.8739,67.5887,5.20964,5.210099999999997,
Rutgers,2003,100.5,95.2938,68.8356,5.20632,5.2061999999999955,
Rhode Island,2003,102.335,97.2302,68.9526,5.10491,5.104799999999997,
South Florida,2003,101.582,96.82,67.9684,4.76152,4.7620000000000005,
Rice,2003,105.804,101.516,69.2778,4.28864,4.287999999999997,
George Mason,2003,98.2072,93.94,64.9384,4.26715,4.2672000000000025,
West Virginia,2003,104.368,100.239,65.1098,4.1287,4.128999999999991,
VCU,2003,103.564,99.4436,69.1841,4.12004,4.120399999999989,
San Francisco,2003,109.187,105.088,63.2949,4.09893,4.099000000000004,
Tennessee Tech,2003,103.057,99.0218,68.8299,4.03531,4.035200000000003,
UC Irvine,2003,103.64,99.6859,65.5636,3.954,3.954099999999997,
Loyola Chicago,2003,105.737,102.01,70.1748,3.72678,3.7269999999999897,
Boston University,2003,102.761,99.2264,64.4276,3.5351,3.5345999999999975,
Arkansas,2003,98.372,94.8948,65.8679,3.47722,3.4771999999999963,
Middle Tennessee St.,2003,103.976,100.582,66.0682,3.39343,3.3940000000000055,
Wichita St.,2003,108.089,104.783,67.727,3.306,3.3059999999999974,
Oregon St.,2003,100.971,97.7411,66.9351,3.22962,3.2299000000000007,
Washington,2003,102.884,99.678,70.2217,3.206,3.206000000000003,
Princeton,2003,109.42,106.253,60.0507,3.1674,3.1670000000000016,
Austin Peay,2003,101.166,98.0055,64.2385,3.16008,3.160499999999999,13.0
Toledo,2003,103.68,100.55,67.334,3.12962,3.1300000000000097,
UCF,2003,102.966,99.8488,65.5123,3.11729,3.117199999999997,
Siena,2003,104.733,101.654,69.4642,3.07882,3.0790000000000077,
Chattanooga,2003,110.525,107.535,69.3471,2.99013,2.990000000000009,
Hawaii,2003,101.293,98.3842,65.9876,2.90871,2.9087999999999994,
College of Charleston,2003,102.821,99.9538,66.7468,2.86759,2.867199999999997,
Northern Illinois,2003,104.724,101.99,64.9406,2.73458,2.734000000000009,
Stephen F. Austin,2003,105.991,103.329,62.729,2.66227,2.662000000000006,
Miami OH,2003,101.255,98.6279,56.7825,2.62754,2.6270999999999987,
Denver,2003,102.524,99.9524,67.3454,2.57123,2.5716000000000037,
Nebraska,2003,97.5296,95.0323,66.6857,2.49726,2.4972999999999956,
St. Mary's,2003,98.6561,96.5094,65.6523,2.14674,2.1466999999999956,
Bradley,2003,103.349,101.251,68.7345,2.09811,2.097999999999999,
SMU,2003,103.469,101.507,68.2323,1.96134,1.961999999999989,
Sam Houston St.,2003,102.171,100.238,67.1342,1.93338,1.933000000000007,15.0
Virginia Tech,2003,106.107,104.181,66.8757,1.92613,1.926000000000002,
American,2003,103.707,101.836,62.9563,1.87115,1.8709999999999951,
Vermont,2003,101.723,99.8857,64.3012,1.8376,1.837299999999999,16.0
Morehead St.,2003,109.886,108.134,67.7038,1.75207,1.7519999999999953,
Davidson,2003,103.063,101.324,70.386,1.73974,1.7390000000000043,
Pepperdine,2003,110.235,108.53,70.918,1.70539,1.7049999999999983,
Arkansas Little Rock,2003,102.482,100.854,66.1084,1.62778,1.6280000000000001,
Air Force,2003,105.34,103.722,52.9909,1.61821,1.6180000000000092,
Brown,2003,105.936,104.718,70.6025,1.2177,1.2180000000000035,
Oral Roberts,2003,104.788,103.603,68.1522,1.18509,1.1850000000000023,
Fairfield,2003,99.1574,98.0451,69.0316,1.11225,1.1122999999999905,
Yale,2003,100.325,99.2589,68.804,1.06647,1.0661000000000058,
South Alabama,2003,105.58,104.596,65.7433,0.983481,0.9839999999999947,
La Salle,2003,102.745,101.983,67.6151,0.761555,0.7620000000000005,
IUPUI,2003,103.059,102.298,66.9628,0.761365,0.7609999999999957,16.0
East Tennessee St.,2003,101.21,100.466,75.186,0.744035,0.7439999999999998,15.0
East Carolina,2003,99.7587,99.1878,65.266,0.570946,0.5709000000000088,
Arkansas St.,2003,107.819,107.317,66.5387,0.502675,0.5020000000000095,
Iona,2003,102.353,101.883,69.0262,0.469685,0.46999999999999886,
Southern Miss,2003,99.1819,98.7252,67.5153,0.456723,0.4566999999999979,
Old Dominion,2003,99.4097,99.051,66.6621,0.358639,0.3586999999999989,
Belmont,2003,103.178,103.084,67.3033,0.0944686,0.09399999999999409,
Ohio,2003,104.625,104.604,65.7686,0.0203452,0.021000000000000796,
Ball St.,2003,106.689,106.816,70.1456,-0.126444,-0.12700000000000955,
TCU,2003,106.347,106.483,71.395,-0.135908,-0.1360000000000099,
Northwestern,2003,104.901,105.182,60.3566,-0.280601,-0.2810000000000059,
New Orleans,2003,101.874,102.247,66.3671,-0.373537,-0.37300000000000466,
Delaware,2003,99.7174,100.14,69.0084,-0.422855,-0.42260000000000275,
Marshall,2003,102.275,102.85,67.5974,-0.574899,-0.5749999999999886,
Akron,2003,110.167,110.896,67.0447,-0.729852,-0.7289999999999992,
Mercer,2003,106.471,107.385,69.603,-0.914825,-0.9140000000000015,
Niagara,2003,109.553,110.556,66.5662,-1.003,-1.0030000000000001,
Pacific,2003,99.8515,100.861,66.3806,-1.00948,-1.0095000000000027,
Wagner,2003,104.796,105.842,67.6016,-1.04621,-1.0459999999999923,15.0
Appalachian St.,2003,103.46,104.54,76.2347,-1.07929,-1.0800000000000125,
Eastern Illinois,2003,107.085,108.229,69.8432,-1.14427,-1.1440000000000055,
Evansville,2003,106.105,107.45,67.6024,-1.34491,-1.3449999999999989,
Cal Poly,2003,98.2943,99.8171,69.265,-1.52285,-1.5227999999999895,
Bowling Green,2003,98.8259,100.487,66.2091,-1.66152,-1.6610999999999905,
New Mexico,2003,107.787,109.66,65.7337,-1.87262,-1.8729999999999905,
Oakland,2003,103.851,105.821,71.3787,-1.96913,-1.9699999999999989,
Boise St.,2003,95.9641,97.9749,66.8024,-2.01083,-2.0108000000000033,
UT Arlington,2003,98.133,100.368,62.2958,-2.23526,-2.2349999999999994,
Idaho St.,2003,99.7639,102.0,70.4516,-2.23565,-2.2360999999999933,
Northern Arizona,2003,99.6673,102.305,68.1929,-2.638,-2.6377000000000095,
Northern Iowa,2003,102.125,104.777,64.6581,-2.65168,-2.652000000000001,
Cal St. Northridge,2003,100.562,103.255,67.8891,-2.69278,-2.692999999999998,
Louisiana Tech,2003,101.685,104.446,67.7035,-2.76122,-2.7609999999999957,
Southwest Texas St.,2003,101.777,104.545,67.5136,-2.76762,-2.7680000000000007,
Jacksonville St.,2003,103.528,106.311,68.5116,-2.78291,-2.7830000000000013,
Montana,2003,104.467,107.352,66.161,-2.88525,-2.885000000000005,
Massachusetts,2003,96.7137,99.622,64.9507,-2.90833,-2.908299999999997,
Maine,2003,99.6451,102.958,68.396,-3.31308,-3.312899999999999,
Binghamton,2003,96.75,100.339,66.1739,-3.58918,-3.5889999999999986,
Hartford,2003,98.2584,101.928,64.2099,-3.66967,-3.6696000000000026,
Eastern Michigan,2003,104.116,107.786,72.8703,-3.6701,-3.6700000000000017,
Duquesne,2003,99.6501,103.434,68.0355,-3.78403,-3.7839000000000027,
Green Bay,2003,103.401,107.231,65.0005,-3.83002,-3.8299999999999983,
Canisius,2003,99.281,103.193,68.6271,-3.91186,-3.911999999999992,
Loyola Marymount,2003,98.5093,102.692,69.8869,-4.18272,-4.182699999999997,
Samford,2003,101.061,105.25,58.8926,-4.18952,-4.188999999999993,
McNeese St.,2003,100.765,105.005,67.9876,-4.23951,-4.239999999999995,
Wofford,2003,104.044,108.303,68.4443,-4.25889,-4.259,
Washington St.,2003,101.641,105.947,68.8084,-4.3054,-4.305999999999997,
Portland,2003,98.7379,103.08,68.2476,-4.34226,-4.342100000000002,
Houston,2003,93.3523,97.8273,63.3394,-4.47502,-4.474999999999994,
Idaho,2003,96.4094,101.208,62.3703,-4.79813,-4.798599999999993,
Penn St.,2003,98.5847,103.502,67.6682,-4.91682,-4.917299999999997,
Illinois St.,2003,99.5638,104.854,65.2906,-5.28973,-5.290199999999999,
Northeastern,2003,98.9386,104.25,70.1595,-5.31103,-5.311400000000006,
Marist,2003,101.492,106.917,68.589,-5.42551,-5.424999999999997,
Harvard,2003,98.5393,104.031,71.9645,-5.49157,-5.491700000000009,
Wright St.,2003,102.142,107.868,66.023,-5.72594,-5.725999999999999,
James Madison,2003,99.6251,105.372,66.2563,-5.74706,-5.746899999999997,
Montana St.,2003,100.306,106.101,61.9546,-5.79491,-5.795000000000002,
Bucknell,2003,91.1532,96.9618,63.4128,-5.80861,-5.808599999999998,
Rider,2003,99.2538,105.13,63.2296,-5.87617,-5.876199999999997,
Lehigh,2003,98.4145,104.374,65.2788,-5.95926,-5.959499999999991,
Winthrop,2003,97.0663,103.138,67.5263,-6.07152,-6.071700000000007,
Drake,2003,101.844,107.919,62.3695,-6.07562,-6.075000000000003,
Georgia St.,2003,101.551,107.723,66.738,-6.17239,-6.171999999999997,
FIU,2003,95.1589,101.405,61.6371,-6.24604,-6.246099999999998,
Santa Clara,2003,97.0419,103.344,65.1357,-6.30232,-6.302099999999996,
Tennessee Martin,2003,100.696,107.282,69.6025,-6.58553,-6.5859999999999985,
Quinnipiac,2003,99.2197,105.948,71.0524,-6.72872,-6.72829999999999,
Birmingham Southern,2003,100.469,107.288,63.5021,-6.81917,-6.819000000000003,
North Texas,2003,99.4771,106.777,70.2433,-7.29968,-7.299900000000008,
Georgia Southern,2003,102.096,109.43,71.7445,-7.33336,-7.334000000000003,
Mississippi Valley St.,2003,104.384,111.981,67.6756,-7.5966,-7.596999999999994,
Cal St. Fullerton,2003,101.429,109.074,59.917,-7.64485,-7.644999999999996,
Furman,2003,97.7712,105.444,63.0077,-7.67309,-7.672800000000009,
Colgate,2003,97.5213,105.313,66.2481,-7.79173,-7.791700000000006,
Central Connecticut,2003,101.261,109.295,61.6797,-8.03403,-8.034000000000006,
Lamar,2003,93.0743,101.187,66.2359,-8.11249,-8.112700000000004,
St. Peter's,2003,100.37,108.495,71.2654,-8.12492,-8.125,
Monmouth,2003,92.0607,100.203,66.8956,-8.14196,-8.142300000000006,
St. Francis NY,2003,100.623,108.769,70.8167,-8.14663,-8.146,
Hampton,2003,94.8483,103.054,69.9351,-8.20612,-8.205700000000007,
Cleveland St.,2003,97.6923,105.901,66.2006,-8.20924,-8.208699999999993,
Centenary,2003,103.302,111.662,68.9452,-8.35974,-8.36,
Prairie View A&M,2003,97.72,106.505,67.3835,-8.78529,-8.784999999999997,
South Carolina St.,2003,96.5201,105.438,71.7419,-8.91754,-8.917900000000003,16.0
Lafayette,2003,101.518,110.466,66.4691,-8.94794,-8.947999999999993,
Sacramento St.,2003,94.2364,103.207,69.271,-8.97105,-8.97059999999999,
Southeast Missouri St.,2003,102.249,111.282,65.3554,-9.033,-9.033000000000001,
Louisiana Monroe,2003,94.8015,103.928,72.8092,-9.12666,-9.126499999999993,
Texas A&M Corpus Christi,2003,99.213,108.42,72.8476,-9.20737,-9.207000000000008,
Charleston Southern,2003,94.1634,103.527,65.0919,-9.36369,-9.363600000000005,
Youngstown St.,2003,93.127,102.537,65.8578,-9.41041,-9.41000000000001,
UNC Greensboro,2003,97.61,107.09,67.5733,-9.4802,-9.480000000000004,
Alabama St.,2003,91.1769,100.861,64.3257,-9.68419,-9.6841,
Texas Southern,2003,98.706,108.445,68.023,-9.73895,-9.73899999999999,16.0
Hofstra,2003,95.137,104.881,68.4034,-9.74367,-9.744,
St. Francis PA,2003,94.385,104.294,69.3283,-9.90871,-9.908999999999992,
Fordham,2003,97.3978,107.367,69.7204,-9.96932,-9.9692,
Southeastern Louisiana,2003,96.0205,106.11,65.9872,-10.0892,-10.089500000000001,
Buffalo,2003,95.6086,105.746,66.8919,-10.1372,-10.1374,
Jackson St.,2003,94.2622,104.812,71.9606,-10.5496,-10.54979999999999,
Jacksonville,2003,93.5259,104.104,66.3272,-10.5783,-10.578100000000006,
Indiana St.,2003,91.1101,101.738,62.2324,-10.6278,-10.627899999999997,
Southern Utah,2003,101.279,111.994,64.2362,-10.7157,-10.715000000000003,
Delaware St.,2003,98.1624,108.899,59.2699,-10.7369,-10.736599999999996,
Eastern Kentucky,2003,99.6893,110.435,71.3781,-10.7459,-10.7457,
Coastal Carolina,2003,98.2842,109.119,65.4484,-10.8344,-10.834800000000001,
Florida A&M,2003,98.1501,109.16,67.5303,-11.01,-11.009900000000002,
IPFW,2003,95.9266,106.942,68.6793,-11.0155,-11.0154,
Stony Brook,2003,95.5607,106.649,65.2547,-11.0881,-11.088300000000004,
UC Riverside,2003,98.8397,109.946,67.5392,-11.1064,-11.106300000000005,
William & Mary,2003,100.869,112.061,62.067,-11.1921,-11.192000000000007,
UMKC,2003,101.971,113.284,64.7232,-11.3137,-11.313000000000002,
Portland St.,2003,87.3526,98.8403,65.5374,-11.4877,-11.487700000000004,
Alcorn St.,2003,92.727,104.268,70.5744,-11.5407,-11.540999999999997,
UTSA,2003,94.2171,105.79,69.7213,-11.5728,-11.572900000000004,
Gardner Webb,2003,90.7322,102.463,70.8899,-11.7311,-11.730799999999988,
Howard,2003,97.5908,109.353,69.8891,-11.7623,-11.762199999999993,
Fairleigh Dickinson,2003,97.3218,109.194,68.0748,-11.8722,-11.872200000000007,
Dartmouth,2003,95.8343,108.135,60.5454,-12.3011,-12.300700000000006,
San Jose St.,2003,96.0232,108.332,65.3035,-12.3088,-12.30879999999999,
Western Carolina,2003,98.675,111.038,67.4156,-12.363,-12.363,
Robert Morris,2003,103.718,116.504,65.0741,-12.7857,-12.786000000000001,
LIU Brooklyn,2003,97.9477,110.825,73.3302,-12.877,-12.877300000000005,
Coppin St.,2003,94.2891,107.542,59.5495,-13.2526,-13.252899999999997,
UNC Asheville,2003,100.943,114.311,67.655,-13.3682,-13.36800000000001,16.0
Florida Atlantic,2003,92.0855,105.506,72.1914,-13.4206,-13.420500000000004,
Navy,2003,90.6677,104.838,65.6314,-14.1706,-14.170299999999997,
VMI,2003,91.3338,105.882,65.662,-14.5478,-14.548200000000008,
The Citadel,2003,89.6567,104.304,66.202,-14.6473,-14.647300000000001,
Elon,2003,92.9476,107.642,63.3257,-14.6939,-14.694400000000002,
Cornell,2003,92.7032,107.676,64.9623,-14.9724,-14.972800000000007,
Norfolk St.,2003,88.2014,103.568,65.8314,-15.3662,-15.366599999999991,
Long Beach St.,2003,96.8216,112.385,65.7177,-15.5633,-15.563400000000001,
Grambling St.,2003,95.9773,111.786,72.0256,-15.8085,-15.808700000000002,
Liberty,2003,88.9233,104.854,68.6115,-15.9308,-15.930700000000002,
UTEP,2003,93.2721,109.325,66.3518,-16.0527,-16.052900000000008,
Mount St. Mary's,2003,90.699,106.853,64.3357,-16.1539,-16.153999999999996,
Lipscomb,2003,98.974,115.225,69.9431,-16.2512,-16.25099999999999,
Texas Pan American,2003,89.7178,106.01,64.8929,-16.2918,-16.29220000000001,
Stetson,2003,95.5288,111.885,72.0132,-16.3565,-16.3562,
Northwestern St.,2003,85.5723,102.027,70.6883,-16.4551,-16.454700000000003,
Sacred Heart,2003,94.0248,110.816,70.0152,-16.7908,-16.791200000000003,
UMBC,2003,90.1144,106.942,64.9429,-16.8278,-16.82759999999999,
Western Illinois,2003,93.6198,110.802,67.0349,-17.1818,-17.18220000000001,
Alabama A&M,2003,90.2282,108.237,72.3632,-18.0084,-18.008799999999994,
High Point,2003,95.5848,113.618,68.3012,-18.0336,-18.033199999999994,
Chicago St.,2003,93.3801,111.527,65.7999,-18.1464,-18.146900000000002,
New Hampshire,2003,94.0297,112.544,70.5299,-18.5142,-18.51429999999999,
Albany,2003,94.8536,113.42,66.0018,-18.5659,-18.5664,
Southern,2003,90.3384,109.044,69.0552,-18.7058,-18.705600000000004,
Radford,2003,88.5673,108.395,68.6474,-19.8277,-19.827699999999993,
Bethune Cookman,2003,89.4864,111.974,67.1178,-22.488,-22.4876,
Columbia,2003,82.9693,105.767,60.0506,-22.7977,-22.797699999999992,
Loyola MD,2003,87.7474,110.552,63.9815,-22.8047,-22.804600000000008,
Towson,2003,84.6938,108.563,66.4626,-23.8695,-23.869200000000006,
Campbell,2003,92.2432,116.857,66.5347,-24.6134,-24.613799999999998,
Maryland Eastern Shore,2003,91.5135,116.272,64.1089,-24.7588,-24.758500000000012,
Nicholls St.,2003,87.8174,112.867,62.1745,-25.0499,-25.049599999999998,
Arkansas Pine Bluff,2003,77.5325,102.885,67.8508,-25.3529,-25.352500000000006,
Morgan St.,2003,92.1541,117.588,68.8253,-25.4336,-25.433899999999994,
Army,2003,85.7084,111.418,62.3014,-25.7098,-25.70960000000001,
Savannah St.,2003,78.3273,105.289,73.2237,-26.9617,-26.961700000000008,
Morris Brown,2003,87.0584,114.575,65.5157,-27.5167,-27.516599999999997,
Tennessee St.,2003,91.2322,118.889,75.8219,-27.6569,-27.65679999999999,
North Carolina A&T,2003,84.0977,119.589,68.7554,-35.4911,-35.491299999999995,
Air Force,2004,111.859,95.7219,52.0301,16.1376,16.13709999999999,11.0
Akron,2004,105.989,106.082,65.1241,-0.0932922,-0.09299999999998931,
Alabama,2004,113.39,96.9288,64.999,16.4613,16.461200000000005,8.0
Alabama A&M,2004,94.9177,111.212,69.89,-16.2941,-16.294300000000007,
Alabama St.,2004,93.281,103.971,61.5326,-10.6902,-10.689999999999998,16.0
Albany,2004,87.2097,106.8,62.8276,-19.5901,-19.5903,
Alcorn St.,2004,91.4637,112.385,67.7798,-20.9209,-20.921300000000002,
American,2004,102.309,105.238,63.7286,-2.92887,-2.929000000000002,
Appalachian St.,2004,95.0754,100.207,70.1609,-5.13126,-5.131599999999992,
Arizona,2004,117.959,101.339,73.5393,16.6199,16.620000000000005,9.0
Arizona St.,2004,107.249,105.728,68.7643,1.52099,1.5210000000000008,
Arkansas,2004,104.319,97.9332,66.3429,6.3863,6.385800000000003,
Arkansas Little Rock,2004,100.615,99.875,65.9336,0.740112,0.7399999999999949,
Arkansas Pine Bluff,2004,75.7064,112.023,67.5798,-36.3163,-36.316599999999994,
Arkansas St.,2004,105.434,105.762,66.2877,-0.328523,-0.32800000000000296,
Army,2004,77.6038,107.814,62.1441,-30.2102,-30.210199999999986,
Auburn,2004,106.189,95.4699,66.7657,10.7193,10.719099999999997,
Austin Peay,2004,99.8518,94.0561,62.0137,5.7957,5.7956999999999965,
Ball St.,2004,103.038,101.316,67.4137,1.72196,1.7219999999999942,
Baylor,2004,101.186,108.551,61.3079,-7.3654,-7.364999999999995,
Belmont,2004,105.493,100.105,64.0002,5.3873,5.387999999999991,
Bethune Cookman,2004,89.5442,111.835,63.7077,-22.2905,-22.29079999999999,
Binghamton,2004,91.0429,100.545,64.2398,-9.50193,-9.502099999999999,
Birmingham Southern,2004,107.021,108.185,63.8591,-1.1641,-1.1640000000000015,
Boise St.,2004,110.567,96.9182,66.9534,13.6487,13.648799999999994,
Boston College,2004,110.115,95.5084,63.1579,14.6068,14.6066,6.0
Boston University,2004,102.477,98.3173,63.5037,4.16018,4.159700000000001,
Bowling Green,2004,104.328,105.726,65.9,-1.39746,-1.3979999999999961,
Bradley,2004,98.2145,98.8235,67.092,-0.608967,-0.6089999999999947,
Brown,2004,101.468,105.703,70.7196,-4.23536,-4.234999999999999,
Bucknell,2004,96.2303,100.732,64.8524,-4.50166,-4.5017,
Buffalo,2004,107.239,102.244,69.8042,4.99547,4.9950000000000045,
Butler,2004,106.921,104.293,56.7091,2.62721,2.628,
BYU,2004,111.734,95.3868,66.4998,16.3472,16.3472,12.0
Cal Poly,2004,100.864,105.188,70.1783,-4.32421,-4.323999999999998,
Cal St. Fullerton,2004,102.651,107.102,66.7884,-4.4518,-4.451000000000008,
Cal St. Northridge,2004,99.479,101.324,68.4316,-1.84498,-1.8449999999999989,
California,2004,103.289,97.4838,64.1886,5.80537,5.805199999999999,
Campbell,2004,91.2834,113.828,73.3695,-22.5442,-22.544600000000003,
Canisius,2004,99.7977,106.947,66.7743,-7.14917,-7.149299999999997,
Centenary,2004,102.167,103.618,64.0616,-1.4512,-1.4509999999999934,
Central Connecticut,2004,101.425,107.87,64.5554,-6.44484,-6.445000000000007,
Central Michigan,2004,97.2019,108.663,70.9463,-11.4609,-11.461100000000002,
Charleston Southern,2004,90.1033,108.312,61.6459,-18.2083,-18.208699999999993,
Charlotte,2004,112.766,98.11,70.0671,14.6558,14.656000000000006,9.0
Chattanooga,2004,110.644,109.66,67.1592,0.983491,0.9840000000000089,
Chicago St.,2004,101.19,107.783,63.5116,-6.59311,-6.5930000000000035,
Cincinnati,2004,115.74,91.8837,67.1173,23.8562,23.85629999999999,4.0
Clemson,2004,101.673,96.6026,65.1394,5.07024,5.0704000000000065,
Cleveland St.,2004,92.9113,105.515,69.655,-12.604,-12.603700000000003,
Coastal Carolina,2004,97.839,105.036,66.9545,-7.19668,-7.197000000000003,
Colgate,2004,98.8499,110.92,64.4955,-12.0697,-12.070099999999996,
College of Charleston,2004,104.979,101.153,68.064,3.82559,3.8259999999999934,
Colorado,2004,110.722,99.6564,68.7532,11.0658,11.06559999999999,
Colorado St.,2004,103.887,100.962,68.6678,2.92501,2.924999999999997,
Columbia,2004,94.799,105.419,67.8185,-10.6204,-10.61999999999999,
Connecticut,2004,116.176,90.3272,68.4832,25.8489,25.848799999999997,2.0
Coppin St.,2004,94.3389,101.783,61.9756,-7.44439,-7.444100000000006,
Cornell,2004,99.7318,106.1,68.61,-6.36783,-6.368199999999987,
Creighton,2004,107.617,97.058,63.5485,10.5594,10.558999999999997,
Dartmouth,2004,87.4667,111.766,62.3299,-24.2992,-24.299300000000002,
Davidson,2004,103.081,101.744,66.5683,1.33734,1.3370000000000033,
Dayton,2004,108.6,98.8232,62.4162,9.7763,9.776799999999994,10.0
Delaware,2004,98.7725,98.1028,69.1984,0.669713,0.6696999999999917,
Delaware St.,2004,99.2461,108.105,59.0059,-8.85908,-8.858900000000006,
Denver,2004,103.488,105.287,65.1366,-1.79902,-1.7990000000000066,
DePaul,2004,113.921,102.109,63.3915,11.8121,11.812000000000012,7.0
Detroit,2004,105.81,96.7107,59.4334,9.09955,9.0993,
Drake,2004,100.516,100.563,68.5482,-0.0473645,-0.046999999999997044,
Drexel,2004,106.119,99.947,67.9086,6.17232,6.171999999999997,
Duke,2004,120.027,88.299,67.6352,31.7279,31.727999999999994,1.0
Duquesne,2004,103.9,103.202,67.8371,0.698018,0.6980000000000075,
East Carolina,2004,104.561,99.8622,65.7328,4.69921,4.698800000000006,
East Tennessee St.,2004,103.458,95.3316,73.587,8.12644,8.126400000000004,13.0
Eastern Illinois,2004,95.2478,107.374,68.4985,-12.1265,-12.126199999999997,
Eastern Kentucky,2004,101.986,105.847,67.4865,-3.86105,-3.86099999999999,
Eastern Michigan,2004,98.9035,103.736,68.3146,-4.83245,-4.83250000000001,
Eastern Washington,2004,105.382,101.954,64.715,3.42788,3.4280000000000115,15.0
Elon,2004,98.571,107.41,65.6597,-8.83869,-8.838999999999999,
Evansville,2004,104.251,108.918,67.836,-4.66681,-4.667000000000002,
Fairfield,2004,101.496,97.0849,62.5302,4.41068,4.4110999999999905,
Fairleigh Dickinson,2004,99.7261,105.879,64.4121,-6.15276,-6.1529000000000025,
FIU,2004,83.5565,104.304,62.3938,-20.7474,-20.747500000000002,
Florida,2004,117.63,97.7056,66.1367,19.9244,19.92439999999999,5.0
Florida A&M,2004,97.7465,108.479,71.1206,-10.7325,-10.732500000000002,16.0
Florida Atlantic,2004,99.4579,106.652,71.433,-7.19429,-7.194100000000006,
Florida St.,2004,108.641,90.6609,64.8146,17.9796,17.980100000000007,
Fordham,2004,95.9926,106.13,66.6968,-10.1373,-10.1374,
Fresno St.,2004,106.165,99.1044,59.0863,7.06035,7.060600000000008,
Furman,2004,101.047,102.016,66.8632,-0.969308,-0.9690000000000083,
Gardner Webb,2004,96.7432,108.691,66.0995,-11.9478,-11.9478,
George Mason,2004,103.739,97.1426,68.0182,6.59608,6.596400000000003,
George Washington,2004,112.737,99.5886,68.5947,13.1486,13.148399999999995,
Georgetown,2004,98.4675,95.8422,68.7125,2.62527,2.6252999999999957,
Georgia,2004,107.374,96.9594,62.565,10.4149,10.414599999999993,
Georgia Southern,2004,100.46,99.2806,72.818,1.17968,1.179399999999987,
Georgia St.,2004,103.992,101.979,65.8652,2.01286,2.0130000000000052,
Georgia Tech,2004,114.16,89.3063,69.8395,24.8537,24.853700000000003,3.0
Gonzaga,2004,121.485,94.7555,66.7071,26.7299,26.7295,2.0
Grambling St.,2004,92.9541,108.388,69.4353,-15.4342,-15.433900000000008,
Green Bay,2004,101.134,101.333,63.4494,-0.199307,-0.19899999999999807,
Hampton,2004,97.6421,108.883,68.6188,-11.2407,-11.240899999999996,
Hartford,2004,95.2003,109.116,64.2856,-13.9159,-13.915700000000001,
Harvard,2004,89.5937,107.527,71.1203,-17.9329,-17.933300000000003,
Hawaii,2004,107.861,99.3491,64.5465,8.51204,8.511899999999997,
High Point,2004,97.3231,106.659,69.6035,-9.3362,-9.33590000000001,
Hofstra,2004,105.212,103.798,67.7066,1.4148,1.4140000000000015,
Holy Cross,2004,96.4742,97.4993,63.7354,-1.02515,-1.025100000000009,
Houston,2004,93.6727,98.8968,61.3111,-5.22404,-5.224099999999993,
Howard,2004,86.818,106.607,66.1917,-19.789,-19.789,
Idaho,2004,99.3672,99.2545,63.7008,0.112626,0.1127000000000038,
Idaho St.,2004,101.104,111.034,69.7665,-9.9301,-9.930000000000007,
Illinois,2004,115.417,96.2329,64.2481,19.1845,19.1841,5.0
Illinois Chicago,2004,107.751,96.8741,64.6261,10.8768,10.876900000000006,13.0
Illinois St.,2004,101.0,102.975,61.8342,-1.97441,-1.9749999999999943,
Indiana,2004,104.479,98.5445,64.3313,5.93458,5.9345,
Indiana St.,2004,96.5928,100.193,60.2543,-3.60037,-3.600200000000001,
Iona,2004,100.859,105.334,69.5587,-4.47455,-4.4750000000000085,
Iowa,2004,105.132,96.1427,68.8537,8.98917,8.9893,
Iowa St.,2004,107.823,99.3105,69.9383,8.51297,8.512499999999989,
IPFW,2004,97.3411,110.154,64.7067,-12.8125,-12.812899999999999,
IUPUI,2004,110.289,106.436,64.8655,3.85281,3.8529999999999944,
Jackson St.,2004,87.9477,101.752,68.5012,-13.8046,-13.804299999999998,
Jacksonville,2004,96.6614,109.703,67.9777,-13.042,-13.041600000000003,
Jacksonville St.,2004,104.41,111.153,67.6435,-6.74288,-6.743000000000009,
James Madison,2004,99.3352,109.544,64.6545,-10.2092,-10.208799999999997,
Kansas,2004,110.65,92.4539,69.4727,18.1966,18.1961,4.0
Kansas St.,2004,103.813,95.8247,65.2101,7.98827,7.988299999999995,
Kent St.,2004,107.706,96.7233,65.6365,10.9827,10.982700000000008,
Kentucky,2004,112.747,88.1148,66.439,24.6321,24.632199999999997,1.0
La Salle,2004,102.509,105.834,64.4189,-3.32472,-3.325000000000003,
Lafayette,2004,106.302,111.313,68.5077,-5.01086,-5.010999999999996,
Lamar,2004,96.7719,109.361,73.824,-12.5891,-12.589100000000002,
Lehigh,2004,98.2109,103.992,63.7282,-5.7816,-5.781100000000009,16.0
Liberty,2004,97.9283,100.635,67.5344,-2.70715,-2.706700000000012,16.0
Lipscomb,2004,96.2912,113.778,66.5935,-17.4865,-17.486800000000002,
LIU Brooklyn,2004,92.3507,108.857,71.2781,-16.5067,-16.506299999999996,
Long Beach St.,2004,95.9271,109.646,65.6607,-13.7193,-13.718900000000005,
Louisiana Lafayette,2004,109.42,98.9893,69.6882,10.4304,10.430700000000002,14.0
Louisiana Monroe,2004,92.7162,104.57,68.8248,-11.8535,-11.853799999999993,
Louisiana Tech,2004,102.214,98.4895,65.3383,3.72406,3.724499999999992,
Louisville,2004,106.419,84.7716,67.6995,21.6473,21.64739999999999,10.0
Loyola Chicago,2004,100.463,104.414,70.1715,-3.95157,-3.9510000000000076,
Loyola Marymount,2004,97.0523,99.519,66.6029,-2.46676,-2.466700000000003,
Loyola MD,2004,88.8821,112.705,66.3009,-23.8232,-23.822900000000004,
LSU,2004,106.946,96.0697,63.7304,10.8761,10.8763,
Maine,2004,98.616,102.96,65.7383,-4.34351,-4.343999999999994,
Manhattan,2004,107.701,96.0844,65.3023,11.6168,11.616599999999991,12.0
Marist,2004,92.4773,106.751,64.3642,-14.2739,-14.273700000000005,
Marquette,2004,111.754,105.829,64.3426,5.92477,5.925000000000011,
Marshall,2004,100.903,102.936,68.558,-2.03264,-2.0330000000000013,
Maryland,2004,110.26,90.0455,71.3662,20.2142,20.2145,4.0
Maryland Eastern Shore,2004,90.3559,115.584,61.7481,-25.2284,-25.228099999999998,
Massachusetts,2004,102.474,105.873,66.8371,-3.39878,-3.399000000000001,
McNeese St.,2004,99.0559,105.866,71.4442,-6.80971,-6.810100000000006,
Memphis,2004,111.955,95.9555,67.7079,15.9997,15.999499999999998,7.0
Mercer,2004,102.532,109.894,67.5617,-7.3624,-7.362000000000009,
Miami FL,2004,106.867,102.665,65.5082,4.20266,4.201999999999998,
Miami OH,2004,104.16,100.363,58.9805,3.79743,3.796999999999997,
Michigan,2004,106.279,94.9372,66.6911,11.3416,11.341799999999992,
Michigan St.,2004,116.84,101.904,64.2907,14.9366,14.936000000000007,7.0
Middle Tennessee,2004,103.04,101.027,65.5934,2.01301,2.0130000000000052,
Milwaukee,2004,111.45,102.304,70.6859,9.14577,9.146,
Minnesota,2004,104.431,102.89,67.642,1.5412,1.5409999999999968,
Mississippi,2004,102.569,99.089,63.1819,3.47961,3.480000000000004,
Mississippi St.,2004,114.667,91.9956,67.9987,22.6715,22.671400000000006,2.0
Mississippi Valley St.,2004,98.9998,100.12,64.0834,-1.11983,-1.1202000000000112,
Missouri,2004,112.59,100.74,66.0689,11.8502,11.850000000000009,
Monmouth,2004,98.0355,101.598,66.2199,-3.56253,-3.5625,15.0
Montana,2004,98.6797,105.701,67.6399,-7.02136,-7.0212999999999965,
Montana St.,2004,96.7443,102.193,66.3433,-5.44848,-5.448700000000002,
Morehead St.,2004,106.792,111.053,66.9213,-4.26112,-4.260999999999996,
Morgan St.,2004,95.797,110.952,68.5481,-15.1551,-15.155000000000001,
Mount St. Mary's,2004,96.2574,107.775,64.8863,-11.5176,-11.517600000000002,
Murray St.,2004,110.548,98.9077,69.3823,11.6398,11.640299999999996,12.0
Navy,2004,81.5669,108.46,66.4142,-26.8927,-26.89309999999999,
Nebraska,2004,112.183,98.2363,61.5105,13.9471,13.946700000000007,
Nevada,2004,111.833,93.0023,68.5767,18.8308,18.830699999999993,10.0
New Hampshire,2004,93.132,106.968,64.4198,-13.8359,-13.835999999999999,
New Mexico,2004,110.031,105.509,61.8953,4.52278,4.522000000000006,
New Mexico St.,2004,97.9693,102.04,64.0075,-4.07097,-4.070700000000002,
New Orleans,2004,102.244,103.182,65.102,-0.937696,-0.9380000000000024,
Niagara,2004,111.1,106.321,69.8853,4.77914,4.778999999999996,
Nicholls St.,2004,89.7013,113.619,66.281,-23.9173,-23.917699999999996,
Norfolk St.,2004,91.6957,108.098,63.4883,-16.4018,-16.402299999999997,
North Carolina,2004,116.966,93.943,71.131,23.0232,23.022999999999996,6.0
North Carolina A&T,2004,76.1602,103.168,73.432,-27.0074,-27.007800000000003,
North Carolina St.,2004,118.121,93.7927,62.8842,24.3286,24.3283,3.0
North Texas,2004,100.638,105.62,69.271,-4.98197,-4.981999999999999,
Northeastern,2004,102.644,106.746,73.254,-4.10205,-4.10199999999999,
Northern Arizona,2004,101.757,104.83,69.7764,-3.07278,-3.0729999999999933,
Northern Illinois,2004,100.289,105.894,64.8366,-5.60516,-5.605000000000004,
Northern Iowa,2004,106.972,98.5408,65.2729,8.4316,8.43119999999999,14.0
Northwestern,2004,105.814,100.969,59.6116,4.84485,4.844999999999999,
Northwestern St.,2004,95.2437,104.828,72.7809,-9.58421,-9.584299999999999,
Notre Dame,2004,112.655,100.262,64.8325,12.3928,12.393,
Oakland,2004,103.783,104.849,69.2568,-1.0658,-1.0660000000000025,
Ohio,2004,100.807,103.874,64.6024,-3.06681,-3.066999999999993,
Ohio St.,2004,107.134,107.145,63.1336,-0.0117253,-0.01099999999999568,
Oklahoma,2004,103.913,93.1792,63.7432,10.7342,10.733800000000002,
Oklahoma St.,2004,117.359,92.5691,65.9003,24.7896,24.78989999999999,2.0
Old Dominion,2004,104.068,98.4902,69.3775,5.57829,5.577799999999996,
Oral Roberts,2004,108.918,107.62,68.4001,1.29844,1.2980000000000018,
Oregon,2004,111.82,102.403,68.702,9.41757,9.416999999999987,
Oregon St.,2004,102.38,101.533,67.8763,0.847862,0.8469999999999942,
Pacific,2004,108.144,99.4025,63.9397,8.74172,8.741500000000002,12.0
Penn,2004,108.539,98.7952,63.9131,9.74418,9.743800000000007,
Penn St.,2004,96.3156,103.443,63.0878,-7.12743,-7.127399999999994,
Pepperdine,2004,113.292,110.139,69.6139,3.15291,3.153000000000006,
Pittsburgh,2004,115.248,89.1178,59.5043,26.1303,26.130200000000002,3.0
Portland,2004,104.532,104.861,66.2205,-0.329148,-0.32900000000000773,
Portland St.,2004,96.2603,100.916,65.5929,-4.65617,-4.655699999999996,
Prairie View A&M,2004,88.7002,113.359,66.7428,-24.6588,-24.6588,
Princeton,2004,106.042,100.548,56.7748,5.49455,5.494,14.0
Providence,2004,112.317,93.6525,65.2472,18.6645,18.66449999999999,5.0
Purdue,2004,104.185,92.9921,62.8526,11.1933,11.192900000000009,
Quinnipiac,2004,97.8116,113.311,70.1502,-15.4993,-15.499400000000009,
Radford,2004,95.5533,108.599,66.221,-13.046,-13.04570000000001,
Rhode Island,2004,103.81,96.2118,64.33,7.59794,7.598200000000006,
Rice,2004,109.226,98.605,68.4843,10.6212,10.620999999999995,
Richmond,2004,104.896,89.8371,62.8739,15.0585,15.058899999999994,11.0
Rider,2004,99.333,105.862,64.1638,-6.52855,-6.528999999999996,
Robert Morris,2004,100.987,112.386,63.1446,-11.3993,-11.399000000000001,
Rutgers,2004,104.682,95.6071,66.2091,9.07519,9.0749,
Sacramento St.,2004,98.2938,102.577,69.5441,-4.2833,-4.283199999999994,
Sacred Heart,2004,97.471,109.838,72.243,-12.3673,-12.36699999999999,
St. Joseph's,2004,118.522,90.716,66.7822,27.8057,27.80600000000001,1.0
Saint Louis,2004,102.275,93.3367,61.5383,8.93797,8.938300000000012,
St. Mary's,2004,110.253,98.9165,66.5902,11.3365,11.336500000000001,
St. Peter's,2004,107.428,108.36,68.1246,-0.932732,-0.9320000000000022,
Sam Houston St.,2004,96.9491,108.469,70.9232,-11.5194,-11.519899999999993,
Samford,2004,98.4126,107.721,59.0464,-9.30799,-9.308400000000006,
San Diego,2004,99.6493,111.771,70.2544,-12.1213,-12.121700000000004,
San Diego St.,2004,104.755,99.9828,67.203,4.77217,4.772199999999998,
San Francisco,2004,99.7956,101.089,65.4185,-1.29388,-1.2934000000000054,
San Jose St.,2004,98.6931,105.896,61.3293,-7.20263,-7.2029,
Santa Clara,2004,101.509,101.348,61.7873,0.161605,0.16100000000000136,
Savannah St.,2004,84.7866,108.544,71.1914,-23.7577,-23.75739999999999,
Seton Hall,2004,111.199,93.5699,66.1769,17.629,17.629099999999994,8.0
Siena,2004,100.0,105.432,67.4699,-5.43175,-5.432000000000002,
SMU,2004,104.682,103.13,62.8054,1.55252,1.5520000000000067,
South Alabama,2004,102.739,105.914,63.3102,-3.17552,-3.174999999999997,
South Carolina,2004,110.845,94.2486,66.1339,16.596,16.596400000000003,10.0
South Carolina St.,2004,100.344,105.998,65.801,-5.65376,-5.654000000000011,
South Florida,2004,99.3889,104.308,63.8918,-4.91892,-4.9191,
Southeast Missouri St.,2004,107.067,112.456,63.8499,-5.38933,-5.38900000000001,
Southeastern Louisiana,2004,100.931,104.829,66.4917,-3.89843,-3.897999999999996,
Southern,2004,96.1117,109.591,68.3772,-13.4795,-13.479299999999995,
Southern Illinois,2004,108.685,94.3307,65.7203,14.3539,14.35430000000001,9.0
Southern Miss,2004,100.306,101.643,64.4191,-1.33758,-1.3370000000000033,
Southern Utah,2004,100.264,109.975,62.783,-9.71085,-9.710999999999999,
Southwest Missouri St.,2004,105.191,98.5461,63.4879,6.64523,6.644900000000007,
St. Bonaventure,2004,100.249,109.535,69.4538,-9.28675,-9.286000000000001,
St. Francis NY,2004,97.5265,104.709,68.8963,-7.18234,-7.1825000000000045,
St. Francis PA,2004,99.8502,110.916,63.9656,-11.0656,-11.065799999999996,
St. John's,2004,98.097,102.912,65.3351,-4.81464,-4.815000000000012,
Stanford,2004,112.228,89.1711,64.4998,23.0568,23.0569,1.0
Stephen F. Austin,2004,99.1463,97.6762,63.6961,1.47013,1.4701000000000022,
Stetson,2004,95.1976,106.828,65.4444,-11.6305,-11.630400000000009,
Stony Brook,2004,95.1059,109.504,64.2978,-14.3976,-14.3981,
Syracuse,2004,111.069,95.3779,66.2186,15.6907,15.691100000000006,5.0
TCU,2004,102.428,102.197,66.3699,0.230992,0.23099999999999454,
Temple,2004,108.373,101.541,60.4371,6.83116,6.832000000000008,
Tennessee,2004,108.839,100.944,66.7057,7.89502,7.894999999999996,
Tennessee Martin,2004,99.24,107.841,69.1596,-8.60105,-8.600999999999999,
Tennessee St.,2004,103.211,113.257,66.5693,-10.0463,-10.046000000000006,
Tennessee Tech,2004,103.935,110.419,67.9992,-6.48403,-6.483999999999995,
Texas,2004,113.481,93.1471,65.1866,20.3341,20.3339,3.0
Texas A&M,2004,104.807,109.122,67.1056,-4.31545,-4.314999999999998,
Texas A&M Corpus Christi,2004,101.875,107.01,67.868,-5.13477,-5.135000000000005,
Texas Pan American,2004,94.7784,102.984,68.293,-8.20564,-8.20559999999999,
Texas Southern,2004,87.4435,102.84,69.5066,-15.3969,-15.396500000000003,
Texas St.,2004,101.22,110.653,63.3553,-9.43326,-9.433000000000007,
Texas Tech,2004,110.153,94.0599,67.144,16.0926,16.093100000000007,8.0
The Citadel,2004,86.1761,110.311,63.5002,-24.1349,-24.134900000000002,
Toledo,2004,108.757,103.579,69.8624,5.1777,5.1780000000000115,
Towson,2004,94.2902,106.443,64.5854,-12.1528,-12.1528,
Troy St.,2004,113.387,105.364,68.0826,8.02236,8.022999999999996,
Tulane,2004,97.6307,103.453,67.1115,-5.82211,-5.8222999999999985,
Tulsa,2004,101.729,101.623,67.3568,0.105145,0.10599999999999454,
UAB,2004,106.371,91.9116,70.7046,14.4594,14.459399999999988,9.0
UC Irvine,2004,101.14,105.513,61.8833,-4.373,-4.373000000000005,
UC Riverside,2004,101.656,105.379,65.1164,-3.723,-3.722999999999999,
UC Santa Barbara,2004,101.667,97.9395,63.4679,3.72753,3.7275000000000063,
UCF,2004,103.633,97.8035,62.721,5.82918,5.829499999999996,14.0
UCLA,2004,102.25,100.87,63.4999,1.38067,1.3799999999999955,
UMBC,2004,93.7291,106.393,63.3356,-12.6634,-12.663899999999998,
UMKC,2004,105.26,104.511,66.067,0.749041,0.7490000000000094,
UNC Asheville,2004,92.9555,110.182,65.4036,-17.2265,-17.2265,
UNC Greensboro,2004,101.679,108.392,67.3086,-6.71311,-6.712999999999994,
UNC Wilmington,2004,98.2089,94.4769,60.1105,3.73198,3.7319999999999993,
UNLV,2004,110.351,100.365,69.1613,9.98586,9.986000000000004,
USC,2004,104.277,101.612,70.611,2.66533,2.6650000000000063,
UT Arlington,2004,103.488,108.078,65.722,-4.59051,-4.590000000000003,
Utah,2004,110.026,95.1873,59.267,14.839,14.838700000000003,11.0
Utah St.,2004,115.84,100.636,58.063,15.2032,15.204000000000008,
UTEP,2004,111.176,96.667,68.6573,14.5091,14.509,13.0
UTSA,2004,98.0201,105.56,68.8797,-7.53956,-7.539900000000003,16.0
Valparaiso,2004,100.308,99.4266,69.4589,0.881225,0.8814000000000135,15.0
Vanderbilt,2004,112.729,93.7684,65.74,18.9602,18.9606,6.0
VCU,2004,104.824,96.0897,64.642,8.73412,8.734300000000005,13.0
Vermont,2004,100.742,102.041,64.3586,-1.29931,-1.2989999999999924,15.0
Villanova,2004,110.268,98.3796,65.334,11.8881,11.888400000000004,
Virginia,2004,109.412,99.4978,68.8402,9.91389,9.914200000000008,
Virginia Tech,2004,101.221,98.5473,66.6382,2.67382,2.6736999999999966,
VMI,2004,82.8124,107.478,64.421,-24.666,-24.665599999999998,
Wagner,2004,95.2664,107.055,66.1731,-11.7886,-11.788600000000002,
Wake Forest,2004,120.827,98.4588,70.5763,22.3686,22.3682,4.0
Washington,2004,111.976,100.871,73.6356,11.1048,11.105000000000004,8.0
Washington St.,2004,100.58,97.2225,56.7658,3.35734,3.3575000000000017,
Weber St.,2004,105.527,106.435,62.0455,-0.908412,-0.9080000000000013,
West Virginia,2004,105.308,100.21,62.2442,5.09749,5.098000000000013,
Western Carolina,2004,97.5289,104.518,68.2344,-6.98911,-6.989100000000008,
Western Illinois,2004,95.3241,112.445,67.6581,-17.1207,-17.120899999999992,
Western Kentucky,2004,110.839,106.786,66.5311,4.0527,4.052999999999997,
Western Michigan,2004,114.773,97.3126,65.955,17.4602,17.460399999999993,11.0
Wichita St.,2004,109.211,97.3239,66.2193,11.8874,11.887100000000004,
William & Mary,2004,104.812,111.473,68.0578,-6.66115,-6.661000000000001,
Winthrop,2004,99.4368,105.727,63.1718,-6.28999,-6.290199999999999,
Wisconsin,2004,114.662,90.0084,60.4638,24.6539,24.65360000000001,6.0
Wofford,2004,98.1244,111.306,71.0386,-13.1813,-13.181600000000003,
Wright St.,2004,103.685,104.847,63.4202,-1.16184,-1.161999999999992,
Wyoming,2004,104.484,99.8136,68.2696,4.67053,4.670400000000001,
Xavier,2004,110.761,92.9239,64.1432,17.837,17.837099999999992,7.0
Yale,2004,99.315,103.325,63.1637,-4.0097,-4.010000000000005,
Youngstown St.,2004,97.1036,105.27,67.6942,-8.16652,-8.166399999999996,
Illinois,2005,122.18,88.8696,64.8528,33.3107,33.3104,1.0
North Carolina,2005,121.055,89.0521,73.6909,32.0028,32.00290000000001,1.0
Duke,2005,117.435,88.7397,68.6081,28.6957,28.695300000000003,1.0
Wake Forest,2005,125.004,99.1181,68.7048,25.8856,25.885900000000007,2.0
Oklahoma St.,2005,120.257,94.5142,66.4584,25.7432,25.742800000000003,2.0
Michigan St.,2005,119.608,93.9891,65.7071,25.6192,25.61890000000001,5.0
Florida,2005,117.796,92.9202,64.8327,24.8756,24.875800000000012,4.0
Louisville,2005,116.489,91.7883,67.4861,24.7011,24.700699999999998,4.0
Kentucky,2005,112.199,88.253,67.1865,23.9456,23.945999999999998,2.0
Kansas,2005,116.112,92.1767,66.4302,23.935,23.935299999999998,3.0
Villanova,2005,115.814,92.0012,67.2118,23.8126,23.812799999999996,5.0
Oklahoma,2005,115.786,92.1522,64.7668,23.6343,23.633800000000008,3.0
Connecticut,2005,112.503,89.7487,70.6715,22.7543,22.7543,2.0
Washington,2005,119.924,97.2424,71.8909,22.6814,22.681600000000003,1.0
Alabama,2005,118.554,97.0791,62.9331,21.4752,21.474900000000005,5.0
Syracuse,2005,116.816,95.4331,66.0762,21.3833,21.382900000000006,4.0
Arizona,2005,115.596,94.9498,68.981,20.6464,20.646200000000007,3.0
Wisconsin,2005,111.095,90.7501,62.9376,20.345,20.344899999999996,6.0
Georgia Tech,2005,109.089,88.7409,69.1369,20.3479,20.348100000000002,5.0
Utah St.,2005,116.735,96.4473,61.3897,20.2874,20.2877,14.0
Cincinnati,2005,112.199,92.0126,68.4596,20.1864,20.186399999999992,7.0
Utah,2005,113.641,93.4851,59.0106,20.1555,20.155900000000003,6.0
North Carolina St.,2005,116.383,97.3737,62.7547,19.009,19.009299999999996,10.0
Pittsburgh,2005,114.695,95.8229,63.8867,18.8718,18.87209999999999,9.0
Gonzaga,2005,120.006,101.569,67.1057,18.4368,18.436999999999998,3.0
Boston College,2005,113.859,95.8068,64.2996,18.0519,18.0522,4.0
Texas,2005,114.706,96.8337,66.8394,17.8724,17.87230000000001,8.0
Iowa,2005,112.204,94.3365,68.2558,17.8671,17.867499999999993,10.0
Southern Illinois,2005,108.872,92.3233,63.1371,16.5489,16.548699999999997,7.0
Ohio St.,2005,109.709,93.6777,65.5455,16.031,16.0313,
Vanderbilt,2005,111.455,95.7701,65.6977,15.6852,15.684899999999999,
New Mexico,2005,114.069,98.4124,65.5042,15.6566,15.656599999999997,12.0
Texas Tech,2005,110.917,95.271,69.462,15.6457,15.646,6.0
Minnesota,2005,104.448,89.3931,67.5591,15.0549,15.05489999999999,8.0
Maryland,2005,110.66,95.8054,73.886,14.8544,14.85459999999999,
George Washington,2005,110.008,95.3032,70.7679,14.7044,14.704799999999992,12.0
LSU,2005,114.892,100.313,66.3426,14.5794,14.578999999999994,6.0
Mississippi St.,2005,108.143,93.6936,68.5911,14.4497,14.449399999999997,9.0
Creighton,2005,114.766,100.33,63.1919,14.4361,14.436000000000007,10.0
Pacific,2005,113.489,99.2906,63.6235,14.1981,14.198400000000007,8.0
Texas A&M,2005,112.831,98.7102,64.5173,14.121,14.120800000000003,
West Virginia,2005,112.738,98.8811,63.8385,13.8568,13.856899999999996,7.0
Vermont,2005,112.615,98.97,64.9605,13.6451,13.644999999999996,13.0
Air Force,2005,112.101,98.6841,54.4186,13.4169,13.416899999999998,
Northern Iowa,2005,112.535,99.1544,64.7766,13.3809,13.380600000000001,11.0
Iowa St.,2005,103.174,90.1667,66.7132,13.0077,13.0073,9.0
Milwaukee,2005,108.035,95.0665,68.9088,12.9683,12.968499999999992,12.0
Wichita St.,2005,112.776,100.037,64.3952,12.7387,12.73899999999999,
UAB,2005,110.113,97.7445,70.5468,12.3689,12.368499999999997,11.0
Charlotte,2005,112.371,100.097,70.3386,12.2743,12.274000000000001,7.0
South Carolina,2005,109.847,97.62,63.825,12.2274,12.22699999999999,
Clemson,2005,105.492,93.3597,69.5357,12.1326,12.1323,
Arkansas,2005,106.25,94.1413,65.493,12.109,12.108699999999999,
Notre Dame,2005,109.508,97.5003,64.046,12.0075,12.0077,
Stanford,2005,106.525,94.6177,67.2084,11.907,11.907300000000006,8.0
Southwest Missouri St.,2005,107.776,95.9538,68.2758,11.8219,11.822199999999995,
Indiana,2005,109.834,98.0653,61.7055,11.7692,11.76870000000001,
UTEP,2005,113.304,101.548,65.9661,11.7556,11.756,11.0
Nevada,2005,104.061,92.4275,65.796,11.6337,11.633500000000012,9.0
Miami OH,2005,105.907,94.3582,60.9786,11.5489,11.5488,
UCLA,2005,108.287,96.8191,69.3235,11.4675,11.4679,11.0
St. Joseph's,2005,106.56,95.2398,62.5338,11.3202,11.3202,
DePaul,2005,110.966,99.7892,62.3549,11.1769,11.1768,
Providence,2005,110.905,99.7217,68.923,11.1833,11.183300000000003,
Arizona St.,2005,111.208,100.174,68.5172,11.0335,11.033999999999992,
Memphis,2005,106.743,95.7136,66.5775,11.0291,11.029399999999995,
Miami FL,2005,110.99,100.088,64.5846,10.9024,10.902000000000001,
Western Michigan,2005,111.739,101.16,65.4725,10.5791,10.579000000000008,
Georgetown,2005,111.936,101.382,58.8371,10.5541,10.554000000000002,
Kansas St.,2005,110.102,99.5457,63.4817,10.5563,10.556300000000007,
Holy Cross,2005,103.562,93.0312,63.2439,10.5312,10.5308,
Penn,2005,102.365,92.16,67.7962,10.2052,10.204999999999998,13.0
Oral Roberts,2005,107.432,97.3105,69.5419,10.1214,10.121499999999997,
Akron,2005,105.751,95.7094,66.265,10.0417,10.041600000000003,
Old Dominion,2005,104.244,94.2423,65.9978,10.002,10.0017,12.0
Buffalo,2005,107.738,97.8614,68.7707,9.87665,9.876599999999996,
St. Mary's,2005,107.381,97.5636,64.742,9.81777,9.817400000000006,10.0
Louisiana Lafayette,2005,107.206,97.5553,67.7535,9.65038,9.6507,13.0
Nebraska,2005,105.315,95.7564,65.0665,9.55907,9.558599999999998,
Washington St.,2005,96.2526,86.7994,57.8394,9.45317,9.453199999999995,
Temple,2005,109.326,100.322,60.6958,9.00376,9.00399999999999,
Tennessee,2005,110.008,101.009,65.0503,8.99898,8.998999999999995,
Xavier,2005,111.357,102.45,63.0721,8.90748,8.906999999999996,
Kent St.,2005,107.0,98.2001,65.0398,8.80018,8.799899999999994,
Boston University,2005,102.156,93.7409,61.8541,8.41456,8.41510000000001,
Ohio,2005,109.952,101.921,65.7035,8.03021,8.030999999999992,13.0
Denver,2005,106.94,99.0339,67.0694,7.90601,7.906099999999995,
Toledo,2005,107.24,99.4056,65.7388,7.83389,7.834399999999988,
Rice,2005,106.72,98.9562,66.6174,7.76366,7.763800000000003,
Virginia,2005,106.953,99.3593,68.1365,7.59414,7.593699999999998,
Western Kentucky,2005,112.874,105.428,65.6793,7.44659,7.445999999999998,
Marquette,2005,111.26,103.898,61.3658,7.3626,7.362000000000009,
Missouri,2005,103.896,96.8734,64.1451,7.02281,7.022599999999997,
Houston,2005,105.748,98.733,66.6177,7.01463,7.015000000000001,
Oregon,2005,107.136,100.131,66.317,7.00506,7.0049999999999955,
Virginia Tech,2005,104.774,97.8338,66.0757,6.94054,6.940200000000004,
UNLV,2005,106.979,100.242,68.8433,6.7378,6.736999999999995,
Cal St. Northridge,2005,103.277,96.7048,68.5923,6.57257,6.572199999999995,
Ball St.,2005,108.884,102.345,65.8253,6.53896,6.5390000000000015,
Hofstra,2005,107.978,101.463,67.1133,6.51538,6.515000000000001,
Florida St.,2005,105.095,98.5876,65.5429,6.50719,6.507400000000004,
Bucknell,2005,101.077,95.2281,63.3119,5.8484,5.8489,14.0
Drexel,2005,106.106,100.448,65.0493,5.65796,5.658000000000001,
TCU,2005,101.639,96.0985,68.578,5.54079,5.540499999999994,
Niagara,2005,115.968,110.486,69.6709,5.48207,5.481999999999999,14.0
St. John's,2005,101.224,95.9246,66.455,5.29905,5.299400000000006,
VCU,2005,106.145,100.927,65.6172,5.218,5.217999999999989,
Northeastern,2005,106.027,100.878,71.4165,5.14884,5.149000000000001,
Mississippi,2005,102.848,97.7486,63.456,5.09911,5.099400000000003,
Colorado,2005,107.531,102.488,69.5389,5.04289,5.043000000000006,
San Francisco,2005,101.135,96.1137,66.0636,5.02159,5.021300000000011,
Winthrop,2005,101.652,96.6464,62.9522,5.00565,5.005600000000001,14.0
USC,2005,107.845,103.063,70.3062,4.7829,4.7819999999999965,
Wyoming,2005,105.064,100.279,68.8339,4.78468,4.784999999999997,
Dayton,2005,102.115,97.4649,63.0889,4.65022,4.650099999999995,
Seton Hall,2005,100.064,95.4777,64.3729,4.58632,4.586299999999994,
Oregon St.,2005,107.157,102.625,68.4136,4.53184,4.5319999999999965,
Murray St.,2005,108.459,103.924,63.55,4.53537,4.534999999999997,
San Diego,2005,107.669,103.162,70.5857,4.5077,4.506999999999991,
Middle Tennessee,2005,104.624,100.183,65.2293,4.4412,4.440999999999988,
Purdue,2005,105.94,101.785,63.4447,4.15447,4.155000000000001,
Illinois St.,2005,105.86,101.768,63.7605,4.09135,4.091999999999999,
Northwestern,2005,101.87,97.7848,60.6659,4.08498,4.0852,
Santa Clara,2005,106.569,102.588,68.8735,3.98075,3.9810000000000088,
Michigan,2005,103.58,99.6518,62.3054,3.92793,3.928200000000004,
SMU,2005,104.864,101.146,63.8293,3.71734,3.7180000000000035,
Hawaii,2005,105.265,101.568,64.8485,3.69721,3.6970000000000027,
Bradley,2005,102.299,98.6369,70.5843,3.66188,3.6621000000000095,
Cal St. Fullerton,2005,106.182,102.634,70.4697,3.54804,3.548000000000002,
Pepperdine,2005,107.898,104.549,69.1202,3.34881,3.3489999999999895,
Detroit,2005,102.94,99.7088,59.7418,3.23105,3.231200000000001,
South Florida,2005,103.175,99.9951,66.6532,3.1802,3.1799000000000035,
Bowling Green,2005,107.501,104.334,65.1137,3.16728,3.1670000000000016,
Southeastern Louisiana,2005,97.2565,94.1034,60.1166,3.15302,3.153100000000009,15.0
Illinois Chicago,2005,107.502,104.709,65.9365,2.79324,2.792999999999992,
Northern Illinois,2005,108.181,105.404,62.6142,2.77722,2.777000000000001,
Drake,2005,105.282,102.823,67.1098,2.45875,2.459000000000003,
IUPUI,2005,109.575,107.238,63.0131,2.33784,2.3370000000000033,
George Mason,2005,108.387,106.128,66.0154,2.25917,2.2590000000000003,
Princeton,2005,105.07,103.012,53.0546,2.05812,2.0579999999999927,
California,2005,102.108,100.155,66.3084,1.95353,1.953000000000003,
Rutgers,2005,106.365,104.427,64.0574,1.93767,1.9379999999999882,
Davidson,2005,107.121,105.256,64.8567,1.86504,1.8649999999999949,
Portland,2005,104.989,103.153,65.3894,1.83636,1.8359999999999985,
Auburn,2005,106.793,105.147,67.6813,1.646,1.6460000000000008,
Arkansas Little Rock,2005,102.54,100.951,63.4505,1.58886,1.5890000000000128,
Colorado St.,2005,103.326,101.801,66.7743,1.52555,1.5249999999999915,
Butler,2005,109.446,108.068,58.206,1.37751,1.3780000000000001,
Eastern Kentucky,2005,102.465,101.106,66.0513,1.35916,1.3590000000000089,15.0
Louisiana Tech,2005,102.465,101.349,67.3716,1.11603,1.1159999999999997,
Loyola Marymount,2005,98.8999,98.0462,67.7921,0.853642,0.8537000000000035,
Albany,2005,103.621,103.023,65.1529,0.598327,0.597999999999999,
UNC Wilmington,2005,100.019,99.466,62.7853,0.552572,0.5530000000000115,
Manhattan,2005,103.828,103.307,65.932,0.521645,0.5210000000000008,
San Diego St.,2005,105.707,105.19,66.4877,0.517666,0.5169999999999959,
Evansville,2005,107.3,106.812,66.7237,0.488151,0.48799999999999955,
BYU,2005,101.192,100.726,65.5561,0.46644,0.465999999999994,
Indiana St.,2005,97.3211,97.0822,63.5385,0.238914,0.238900000000001,
Tennessee Tech,2005,101.115,100.894,67.6486,0.221173,0.22099999999998943,
Richmond,2005,103.944,103.74,65.9899,0.204421,0.20400000000000773,
Arkansas St.,2005,105.7,105.508,68.5268,0.192575,0.19200000000000728,
Sam Houston St.,2005,97.3766,97.3088,71.4089,0.0677383,0.0677999999999912,
Rider,2005,107.195,107.14,66.2881,0.0546384,0.05499999999999261,
Fresno St.,2005,101.517,101.487,69.0779,0.0293666,0.030000000000001137,
Southeast Missouri St.,2005,103.44,103.478,64.6326,-0.0386606,-0.0379999999999967,
Texas A&M Corpus Christi,2005,104.648,104.78,66.5817,-0.131249,-0.132000000000005,
Saint Louis,2005,94.5904,94.723,59.8499,-0.132661,-0.1325999999999965,
Northwestern St.,2005,103.7,103.977,67.9323,-0.276508,-0.277000000000001,
College of Charleston,2005,100.757,101.068,67.5395,-0.310384,-0.31099999999999284,
Chattanooga,2005,99.1811,99.6517,67.6872,-0.470586,-0.47060000000000457,15.0
Loyola Chicago,2005,100.26,100.855,67.4264,-0.594748,-0.5949999999999989,
Lamar,2005,102.529,103.155,73.9129,-0.626732,-0.6260000000000048,
Fairfield,2005,102.188,102.974,63.2589,-0.786048,-0.7860000000000014,
Wright St.,2005,104.431,105.244,61.1822,-0.813049,-0.8130000000000024,
Oakland,2005,107.721,108.701,65.4975,-0.980674,-0.9799999999999898,16.0
Tulsa,2005,99.3954,100.42,69.6229,-1.02507,-1.0246000000000066,
Georgia Southern,2005,100.486,101.552,75.3717,-1.06622,-1.0660000000000025,
Green Bay,2005,104.117,105.318,65.977,-1.20062,-1.2009999999999934,
St. Peter's,2005,104.114,105.542,72.8364,-1.42874,-1.4279999999999973,
Massachusetts,2005,98.8462,100.493,63.637,-1.64683,-1.646799999999999,
UMKC,2005,106.037,107.702,66.9923,-1.66506,-1.664999999999992,
Iona,2005,100.353,102.387,67.9882,-2.03498,-2.034000000000006,
New Orleans,2005,102.973,105.013,64.333,-2.04025,-2.0400000000000063,
American,2005,101.646,103.724,64.0338,-2.07774,-2.078000000000003,
UC Irvine,2005,102.576,104.69,64.9311,-2.1144,-2.1140000000000043,
Austin Peay,2005,99.6018,101.822,64.5555,-2.22043,-2.2202000000000055,
Appalachian St.,2005,101.646,103.949,67.2077,-2.30283,-2.3029999999999973,
Binghamton,2005,98.4576,100.781,63.4557,-2.3234,-2.3234000000000066,
Fordham,2005,97.218,99.5361,65.7911,-2.31814,-2.318100000000001,
Samford,2005,109.738,112.379,56.0693,-2.64052,-2.6410000000000053,
Eastern Michigan,2005,103.681,106.322,70.198,-2.64064,-2.6410000000000053,
Valparaiso,2005,104.598,107.472,65.6012,-2.87401,-2.8739999999999952,
Montana,2005,99.6469,102.655,68.1769,-3.00797,-3.008099999999999,16.0
Tennessee St.,2005,105.181,108.232,69.689,-3.05098,-3.051000000000002,
Fairleigh Dickinson,2005,102.717,105.796,68.6839,-3.07905,-3.0790000000000077,16.0
East Carolina,2005,97.1436,100.245,66.4351,-3.10176,-3.101399999999998,
South Carolina St.,2005,98.624,101.726,65.0043,-3.10188,-3.102000000000004,
UTSA,2005,100.395,103.695,72.8741,-3.30007,-3.299999999999997,
UCF,2005,104.404,107.744,59.9809,-3.33956,-3.3400000000000034,15.0
Furman,2005,101.281,104.861,63.2032,-3.57991,-3.5799999999999983,
FIU,2005,98.1989,101.961,66.6922,-3.7625,-3.7621000000000038,
Marshall,2005,103.756,107.648,65.4171,-3.89202,-3.891999999999996,
Yale,2005,98.6658,102.675,67.2679,-4.0093,-4.009199999999993,
Western Illinois,2005,99.9945,104.573,64.1555,-4.57833,-4.578499999999991,
Georgia,2005,94.3819,98.9774,64.3119,-4.59551,-4.595500000000001,
Cleveland St.,2005,100.384,104.999,68.289,-4.61431,-4.614999999999995,
North Texas,2005,100.794,105.646,71.1164,-4.85241,-4.852000000000004,
UC Santa Barbara,2005,96.373,101.591,60.9181,-5.21761,-5.217999999999989,
Portland St.,2005,99.1575,104.38,68.8863,-5.22278,-5.222499999999997,
Penn St.,2005,101.151,106.438,65.9908,-5.28703,-5.287000000000006,
Maine,2005,93.8304,99.1264,67.182,-5.296,-5.2960000000000065,
Lehigh,2005,94.892,100.196,64.2301,-5.30413,-5.304000000000002,
Delaware St.,2005,102.377,107.716,59.5674,-5.33826,-5.338999999999999,16.0
Boise St.,2005,104.309,109.671,69.2141,-5.36183,-5.362000000000009,
Gardner Webb,2005,97.6363,103.026,67.9004,-5.38996,-5.389699999999991,
UNC Greensboro,2005,97.6809,103.091,69.93,-5.40989,-5.4101,
Harvard,2005,97.5145,102.987,69.1109,-5.4722,-5.472499999999997,
La Salle,2005,99.0645,104.606,63.5526,-5.54145,-5.541499999999999,
Monmouth,2005,97.9616,103.521,62.3052,-5.55951,-5.559399999999997,
Birmingham Southern,2005,103.339,109.356,59.8102,-6.01684,-6.016999999999996,
Delaware,2005,95.1629,101.36,68.2739,-6.1973,-6.197100000000006,
South Alabama,2005,95.9265,102.255,63.4881,-6.3283,-6.328499999999991,
Belmont,2005,98.4785,104.883,65.976,-6.4041,-6.404499999999999,
Utah Valley St.,2005,101.086,107.551,62.1413,-6.46514,-6.465000000000003,
High Point,2005,97.1992,103.732,72.4733,-6.53274,-6.532799999999995,
Cornell,2005,101.757,108.551,62.3935,-6.7937,-6.793999999999997,
Wofford,2005,101.773,108.591,66.7706,-6.81811,-6.817999999999998,
McNeese St.,2005,97.4924,104.324,74.094,-6.83163,-6.831599999999995,
Baylor,2005,103.604,110.73,63.9309,-7.12615,-7.126000000000005,
Northern Arizona,2005,102.189,109.374,71.7854,-7.18425,-7.185000000000002,
Eastern Illinois,2005,101.559,108.743,66.225,-7.18406,-7.1839999999999975,
Marist,2005,101.302,108.498,66.2544,-7.19657,-7.195999999999998,
Hampton,2005,94.4542,101.655,66.3062,-7.20124,-7.200800000000001,
Southern Miss,2005,102.67,109.886,64.9132,-7.21594,-7.215999999999994,
Long Beach St.,2005,94.0597,101.601,64.1592,-7.54095,-7.541299999999993,
Brown,2005,99.1081,106.76,67.8613,-7.65212,-7.651900000000012,
Georgia St.,2005,101.919,109.616,65.0343,-7.69715,-7.697000000000003,
Montana St.,2005,95.3055,103.01,67.9952,-7.70457,-7.70450000000001,
Central Michigan,2005,97.6619,105.438,69.0051,-7.77649,-7.7761,
Chicago St.,2005,97.1578,105.09,65.5618,-7.93207,-7.932200000000009,
Central Connecticut,2005,102.23,110.296,63.7258,-8.06563,-8.066000000000003,
St. Francis NY,2005,96.6135,104.968,69.8138,-8.35487,-8.354500000000002,
Weber St.,2005,101.129,109.512,62.9932,-8.38306,-8.382999999999996,
Florida Atlantic,2005,100.159,108.546,72.9527,-8.38717,-8.387,
Idaho,2005,95.9241,104.469,63.6369,-8.54455,-8.544899999999998,
Mercer,2005,101.851,110.418,71.2962,-8.56706,-8.567000000000007,
Stony Brook,2005,95.8994,104.505,64.744,-8.60578,-8.605599999999995,
Tulane,2005,98.834,107.525,67.7924,-8.69056,-8.691000000000003,
Coppin St.,2005,92.7392,101.45,64.1592,-8.71048,-8.710800000000006,
Colgate,2005,99.834,108.588,64.3321,-8.75437,-8.75399999999999,
Columbia,2005,95.4047,104.213,66.2262,-8.80881,-8.808299999999988,
UT Arlington,2005,96.8401,105.753,68.4881,-8.91291,-8.912899999999993,
Rhode Island,2005,95.4193,104.413,62.0498,-8.99332,-8.99369999999999,
Wagner,2005,94.0901,103.263,62.9893,-9.17328,-9.172899999999998,
Texas St.,2005,102.099,111.302,61.7642,-9.20268,-9.203000000000003,
Duquesne,2005,102.807,112.185,66.3048,-9.37793,-9.378,
Mississippi Valley St.,2005,97.7468,107.157,65.4438,-9.40983,-9.410200000000003,
St. Francis PA,2005,104.337,113.933,64.156,-9.59567,-9.596000000000004,
Canisius,2005,99.6437,109.29,66.7204,-9.64659,-9.64630000000001,
Robert Morris,2005,103.029,112.797,65.452,-9.76786,-9.768,
East Tennessee St.,2005,101.61,111.414,72.4397,-9.80425,-9.804000000000002,
Eastern Washington,2005,92.4497,102.384,63.3857,-9.93468,-9.934299999999993,
New Hampshire,2005,97.9084,108.018,66.499,-10.1095,-10.1096,
UNC Asheville,2005,100.897,111.029,68.7668,-10.132,-10.13199999999999,
Troy,2005,104.425,114.593,68.8485,-10.1678,-10.168000000000006,
UC Davis,2005,101.495,111.778,64.1721,-10.2831,-10.283000000000001,
Southern Utah,2005,101.27,111.636,65.8359,-10.3661,-10.366,
Stephen F. Austin,2005,97.8864,108.278,59.3318,-10.392,-10.391600000000011,
UC Riverside,2005,93.7893,104.278,64.793,-10.4887,-10.488700000000009,
Norfolk St.,2005,91.4151,102.79,63.8563,-11.3752,-11.374900000000011,
New Mexico St.,2005,96.9163,108.317,68.0074,-11.4004,-11.400699999999986,
Liberty,2005,97.1854,108.638,68.6992,-11.4527,-11.452600000000004,
Coastal Carolina,2005,99.2802,111.315,67.7618,-12.0349,-12.034800000000004,
LIU Brooklyn,2005,93.959,106.156,68.7028,-12.197,-12.197000000000003,
Alabama A&M,2005,90.3956,102.684,72.9272,-12.2885,-12.288399999999996,16.0
Lafayette,2005,95.2171,107.579,71.2372,-12.3617,-12.361899999999991,
Texas Pan American,2005,98.0509,110.458,67.5446,-12.4073,-12.4071,
Sacramento St.,2005,95.4156,107.914,70.3856,-12.4989,-12.498400000000004,
San Jose St.,2005,94.8169,107.343,64.5271,-12.5264,-12.5261,
Dartmouth,2005,94.4812,107.023,61.0273,-12.542,-12.541799999999995,
Lipscomb,2005,95.2829,107.839,64.1287,-12.5564,-12.5561,
Stetson,2005,96.2285,109.289,66.0856,-13.0605,-13.060500000000005,
UMBC,2005,94.2021,107.289,63.7743,-13.087,-13.0869,
Navy,2005,94.6124,107.731,73.4609,-13.119,-13.1186,
Elon,2005,91.5883,104.753,62.8125,-13.1649,-13.164699999999996,
Siena,2005,92.7868,105.976,66.1602,-13.189,-13.1892,
Charleston Southern,2005,90.2669,103.834,61.4714,-13.5671,-13.567099999999996,
Jacksonville St.,2005,99.719,113.366,66.5987,-13.6467,-13.647000000000006,
William & Mary,2005,94.4471,108.124,66.7719,-13.6772,-13.67689999999999,
Jacksonville,2005,92.6709,106.559,71.1855,-13.8878,-13.888099999999994,
IPFW,2005,94.5499,108.539,65.6479,-13.9896,-13.989100000000008,
Radford,2005,98.0295,112.045,65.7159,-14.0158,-14.015500000000003,
Louisiana Monroe,2005,95.816,109.929,64.921,-14.1132,-14.113,
Morgan St.,2005,91.8997,106.308,67.7829,-14.4082,-14.408300000000011,
Quinnipiac,2005,100.007,114.434,69.9482,-14.4268,-14.426999999999992,
Morehead St.,2005,95.5992,110.052,64.9288,-14.4525,-14.45280000000001,
Western Carolina,2005,92.2758,107.053,70.5088,-14.7771,-14.777199999999993,
Towson,2005,96.0071,110.858,64.4118,-14.851,-14.85090000000001,
Jackson St.,2005,89.5129,104.686,69.7257,-15.1732,-15.173100000000005,
Grambling St.,2005,93.627,108.943,68.3428,-15.3161,-15.316000000000003,
Alabama St.,2005,87.084,102.738,61.9001,-15.6536,-15.653999999999996,
Florida A&M,2005,95.9197,111.762,67.804,-15.8426,-15.842299999999994,
Tennessee Martin,2005,96.5473,112.539,67.1824,-15.9922,-15.991699999999994,
Southern,2005,90.7252,106.951,67.9688,-16.2258,-16.225799999999992,
The Citadel,2005,90.2958,106.71,68.4376,-16.4141,-16.414199999999994,
Loyola MD,2005,90.4982,107.377,69.8046,-16.8783,-16.8788,
Northern Colorado,2005,95.9428,112.864,67.194,-16.921,-16.9212,
Idaho St.,2005,90.4871,107.554,65.8961,-17.0671,-17.066900000000004,
Hartford,2005,92.2227,109.42,65.0736,-17.1969,-17.1973,
Mount St. Mary's,2005,94.5661,112.153,64.9225,-17.5868,-17.5869,
Cal Poly,2005,96.6872,114.592,71.3217,-17.9046,-17.904799999999994,
James Madison,2005,92.3056,110.431,64.7846,-18.1252,-18.1254,
Texas Southern,2005,93.753,112.07,67.1339,-18.3167,-18.316999999999993,
Bethune Cookman,2005,90.6246,109.053,67.2325,-18.4283,-18.428399999999996,
VMI,2005,91.3111,109.856,66.7496,-18.5448,-18.5449,
Sacred Heart,2005,90.2359,108.779,68.8653,-18.5427,-18.543099999999995,
Nicholls St.,2005,95.5909,114.199,70.8806,-18.608,-18.608099999999993,
Centenary,2005,93.4963,113.266,66.0845,-19.7692,-19.7697,
Youngstown St.,2005,92.0362,111.83,64.3116,-19.7942,-19.793800000000005,
North Carolina A&T,2005,82.9418,103.481,73.2352,-20.539,-20.539199999999994,
St. Bonaventure,2005,92.5892,113.893,68.0094,-21.3039,-21.303799999999995,
Arkansas Pine Bluff,2005,83.8495,106.715,66.6806,-22.8656,-22.865499999999997,
Campbell,2005,87.7447,111.463,67.5239,-23.7186,-23.7183,
Howard,2005,89.0202,114.537,68.7906,-25.5167,-25.516800000000003,
Army,2005,88.5435,114.997,61.5036,-26.453,-26.453500000000005,
Prairie View A&M,2005,80.7293,107.34,67.9749,-26.6107,-26.61070000000001,
Alcorn St.,2005,78.9786,105.959,68.9452,-26.9802,-26.980400000000003,
Longwood,2005,84.2106,112.057,71.0629,-27.8469,-27.846400000000003,
Savannah St.,2005,78.484,115.879,70.6548,-37.3952,-37.39500000000001,
Maryland Eastern Shore,2005,78.8027,116.792,70.2092,-37.9898,-37.9893,
Duke,2006,121.189,92.6239,69.6792,28.5656,28.565099999999987,1.0
Texas,2006,118.329,91.9877,63.5205,26.3414,26.34129999999999,2.0
Connecticut,2006,116.671,90.7579,68.0475,25.9129,25.9131,1.0
Villanova,2006,117.412,91.5788,65.8533,25.8328,25.833200000000005,1.0
Kansas,2006,110.301,86.1782,67.4558,24.1225,24.122799999999998,4.0
Florida,2006,116.023,92.1054,66.9181,23.9172,23.917599999999993,3.0
Illinois,2006,114.309,90.5453,61.3569,23.7637,23.7637,4.0
North Carolina,2006,116.376,93.1032,69.944,23.2731,23.272800000000004,3.0
Ohio St.,2006,114.312,91.568,64.7814,22.7439,22.744,2.0
Memphis,2006,112.334,90.0369,71.0562,22.2972,22.2971,1.0
UCLA,2006,113.948,91.7094,61.1732,22.2382,22.23859999999999,2.0
Pittsburgh,2006,111.569,90.0027,64.3893,21.5662,21.5663,5.0
LSU,2006,111.476,91.2092,67.0837,20.2666,20.266800000000003,4.0
Georgetown,2006,116.423,96.6387,57.5286,19.7838,19.7843,7.0
Iowa,2006,104.054,84.7443,64.5806,19.3097,19.309700000000007,3.0
Tennessee,2006,116.081,96.9371,71.1471,19.1437,19.143900000000002,2.0
Washington,2006,114.83,96.082,70.9977,18.7484,18.748000000000005,5.0
Boston College,2006,118.48,100.286,61.3466,18.1943,18.194000000000003,4.0
Arkansas,2006,111.988,93.8808,65.6813,18.107,18.107200000000006,8.0
West Virginia,2006,115.841,97.8497,61.7855,17.9911,17.991299999999995,6.0
Michigan St.,2006,116.81,99.7762,63.6938,17.0338,17.0338,6.0
Missouri St.,2006,112.645,95.6866,68.0389,16.9584,16.958399999999997,
North Carolina St.,2006,113.287,96.6036,63.9921,16.6834,16.683400000000006,10.0
Indiana,2006,109.123,92.5182,65.9344,16.6049,16.60480000000001,6.0
George Mason,2006,108.235,91.7303,62.191,16.5044,16.5047,11.0
Wisconsin,2006,111.45,94.9667,64.7149,16.4836,16.4833,9.0
Northern Iowa,2006,109.202,92.8333,59.0981,16.3692,16.368700000000004,10.0
Bradley,2006,106.52,90.1637,69.0639,16.3566,16.35629999999999,13.0
Nevada,2006,109.514,93.2299,65.4263,16.2837,16.284099999999995,5.0
Kentucky,2006,113.522,97.5788,63.6485,15.943,15.943200000000004,8.0
Texas A&M,2006,106.596,90.7951,62.8202,15.8005,15.800899999999999,12.0
Arizona,2006,109.387,93.6111,67.3457,15.7758,15.775900000000007,8.0
Florida St.,2006,110.687,95.0346,67.7128,15.6528,15.6524,
Michigan,2006,113.712,98.074,66.2266,15.6382,15.638000000000005,
Marquette,2006,111.896,96.3234,67.6202,15.573,15.572599999999994,7.0
Wichita St.,2006,111.041,95.5888,61.8931,15.4525,15.45219999999999,7.0
Notre Dame,2006,117.369,101.927,63.5631,15.4416,15.441999999999993,
St. Joseph's,2006,110.167,94.7576,61.1971,15.4098,15.409400000000005,
South Carolina,2006,112.97,97.5766,58.7168,15.393,15.3934,
Air Force,2006,112.446,97.1596,53.9138,15.2867,15.2864,13.0
George Washington,2006,109.578,94.6878,71.3753,14.89,14.890200000000007,8.0
Oklahoma,2006,113.21,98.3959,61.5858,14.8143,14.814099999999996,6.0
UNC Wilmington,2006,105.965,91.2105,62.4796,14.7547,14.754500000000007,9.0
Southern Illinois,2006,103.568,88.8149,60.1962,14.7533,14.753100000000003,11.0
Gonzaga,2006,117.976,103.276,65.6245,14.6999,14.700000000000003,3.0
Cincinnati,2006,110.262,96.1488,67.8694,14.1134,14.113200000000006,
Louisville,2006,107.186,93.4947,64.0921,13.6913,13.691300000000012,
Maryland,2006,107.754,94.1124,71.6183,13.6419,13.641600000000011,
Creighton,2006,107.593,94.1128,62.3563,13.4804,13.48020000000001,
California,2006,110.331,96.9581,61.715,13.3727,13.372900000000001,7.0
Syracuse,2006,109.973,96.6599,68.1385,13.3126,13.313100000000006,5.0
Oklahoma St.,2006,108.191,95.1355,64.2696,13.0555,13.05550000000001,
San Diego St.,2006,111.97,98.9596,65.6456,13.0107,13.010400000000004,11.0
Xavier,2006,110.467,97.4771,65.1414,12.9902,12.989900000000006,14.0
Vanderbilt,2006,114.032,101.32,61.2232,12.7119,12.712000000000003,
Miami FL,2006,111.566,98.9083,60.6127,12.6574,12.657700000000006,
Bucknell,2006,105.571,92.9644,61.6852,12.6066,12.6066,9.0
UAB,2006,108.932,96.3991,68.322,12.5331,12.532899999999998,9.0
Butler,2006,116.22,103.749,57.5698,12.4706,12.471000000000004,
Clemson,2006,105.741,93.4026,67.9508,12.3386,12.338399999999993,
Milwaukee,2006,107.832,95.6839,67.03,12.1486,12.1481,11.0
Temple,2006,108.843,96.7867,59.4868,12.0563,12.056300000000007,
Colorado,2006,109.774,97.8384,69.6243,11.9359,11.935600000000008,
Utah St.,2006,113.98,102.232,60.7302,11.7478,11.748000000000005,12.0
Hofstra,2006,112.115,100.572,65.6418,11.5439,11.542999999999992,
Iona,2006,109.77,98.2748,69.0528,11.4947,11.495199999999997,13.0
Pacific,2006,109.809,98.4624,62.4608,11.3464,11.346599999999995,13.0
Alabama,2006,110.562,99.5129,63.0621,11.0491,11.049099999999996,10.0
Kent St.,2006,107.72,96.7855,65.4147,10.9348,10.9345,12.0
Oregon,2006,111.312,100.625,63.3064,10.6872,10.686999999999998,
Iowa St.,2006,111.269,100.664,69.395,10.6051,10.605000000000004,
Virginia Tech,2006,107.732,97.2105,62.8617,10.5214,10.521500000000003,
Virginia,2006,106.985,96.6017,63.3751,10.3832,10.383300000000006,
Rutgers,2006,109.535,99.2362,63.1102,10.2984,10.2988,
Wake Forest,2006,110.415,100.132,66.551,10.2835,10.283000000000001,
Old Dominion,2006,107.904,97.6231,64.9468,10.2811,10.280900000000003,
Kansas St.,2006,105.941,95.8299,62.687,10.1108,10.111100000000008,
South Alabama,2006,109.629,99.6493,65.275,9.98002,9.979700000000008,14.0
Seton Hall,2006,106.434,96.6752,65.0036,9.75889,9.758799999999994,10.0
Winthrop,2006,104.292,94.6273,63.8967,9.66427,9.664699999999996,15.0
Minnesota,2006,104.351,94.7667,63.8929,9.58428,9.584299999999999,
Houston,2006,103.895,94.5799,66.9108,9.3148,9.315100000000001,
Providence,2006,111.872,102.763,68.3132,9.10894,9.108999999999995,
UTEP,2006,102.228,93.3539,61.3595,8.87415,8.874099999999999,
Montana,2006,111.157,102.341,65.7503,8.81599,8.816000000000003,12.0
Akron,2006,110.373,101.614,63.6255,8.75932,8.759,
UNLV,2006,105.357,96.6016,66.173,8.75537,8.755399999999995,
DePaul,2006,109.957,101.602,60.8986,8.35492,8.35499999999999,
Western Kentucky,2006,111.984,103.653,67.9145,8.33128,8.330999999999989,
Stanford,2006,105.738,97.4186,63.6925,8.31922,8.319400000000002,
Murray St.,2006,104.196,95.9061,62.8848,8.28998,8.289900000000003,14.0
Louisiana Tech,2006,101.565,93.3185,64.3057,8.24659,8.246499999999997,
BYU,2006,110.542,102.298,70.0627,8.24327,8.244,
Hawaii,2006,107.035,99.5049,62.0081,7.52957,7.53009999999999,
La Salle,2006,107.186,99.6635,63.8604,7.52233,7.522500000000008,
Charlotte,2006,107.725,100.493,64.3887,7.23172,7.231999999999999,
Penn,2006,101.536,94.3154,64.1402,7.22088,7.220600000000005,15.0
Northwestern St.,2006,106.895,99.6838,67.2275,7.21097,7.211199999999991,14.0
Georgia Tech,2006,104.63,97.6281,67.9917,7.00146,7.001899999999992,
Drexel,2006,99.6946,93.078,62.0556,6.61662,6.616599999999991,
Massachusetts,2006,101.016,94.4228,65.0309,6.59361,6.59320000000001,
Nebraska,2006,103.226,96.6798,64.0976,6.54601,6.546199999999999,
Washington St.,2006,96.9261,90.4076,59.7621,6.51848,6.518500000000003,
St. Mary's,2006,105.743,99.2817,63.8494,6.46145,6.461299999999994,
Miami OH,2006,104.474,98.0972,59.5231,6.377,6.376800000000003,
VCU,2006,106.705,100.393,61.6244,6.31194,6.311999999999998,
Penn St.,2006,110.039,103.78,63.0411,6.25909,6.259,
USC,2006,104.461,98.2336,66.2144,6.22693,6.227400000000003,
Oral Roberts,2006,106.189,100.139,66.538,6.0496,6.049999999999997,16.0
Ohio,2006,106.283,100.385,63.9839,5.89849,5.897999999999996,
Marist,2006,112.692,106.824,64.4842,5.8684,5.867999999999995,
Northwestern,2006,102.971,97.4425,57.8551,5.52807,5.528500000000008,
Northeastern,2006,106.576,101.055,68.6279,5.52112,5.520999999999987,
Texas Tech,2006,105.616,100.157,65.5348,5.45944,5.459000000000003,
Georgia,2006,102.722,97.3153,68.022,5.40716,5.406700000000001,
New Mexico,2006,105.341,99.9793,59.8576,5.36208,5.361699999999999,
St. John's,2006,97.3136,92.1459,62.0577,5.16773,5.167699999999996,
Northern Illinois,2006,112.67,107.532,61.3901,5.13825,5.138000000000005,
San Diego,2006,106.722,101.64,69.1504,5.08153,5.081999999999994,
Toledo,2006,101.226,96.1565,67.0858,5.06958,5.069500000000005,
Texas A&M Corpus Christi,2006,104.294,99.3784,69.0117,4.91544,4.915599999999998,
Davidson,2006,110.122,105.288,65.5271,4.83337,4.834000000000003,15.0
Auburn,2006,103.596,98.786,64.7176,4.81044,4.810000000000002,
Saint Louis,2006,99.186,94.4302,60.6448,4.75584,4.755800000000008,
New Mexico St.,2006,105.651,101.033,66.5956,4.61849,4.617999999999995,
Mississippi St.,2006,102.133,97.5285,66.2185,4.60457,4.604500000000002,
Colorado St.,2006,107.641,103.299,67.78,4.34271,4.341999999999999,
Fordham,2006,107.345,103.249,62.2589,4.09605,4.096000000000004,
Holy Cross,2006,100.134,96.2806,64.2064,3.85341,3.8533999999999935,
UC Irvine,2006,109.816,106.348,61.2763,3.46843,3.4680000000000035,
Dayton,2006,102.526,99.3156,61.9722,3.21042,3.210399999999993,
Drake,2006,106.963,103.754,63.9881,3.20914,3.208999999999989,
Fresno St.,2006,105.625,102.446,68.8011,3.17946,3.179000000000002,
Samford,2006,109.839,106.735,55.3282,3.10448,3.103999999999999,
Siena,2006,104.569,101.685,66.6,2.88424,2.8840000000000003,
Loyola Marymount,2006,100.056,97.2214,70.3242,2.83444,2.8345999999999947,
Utah,2006,104.824,102.2,59.8362,2.6235,2.6239999999999952,
Buffalo,2006,105.782,103.294,66.9151,2.48783,2.4879999999999995,
Albany,2006,105.901,103.517,63.6591,2.38435,2.3840000000000003,16.0
Boise St.,2006,101.824,99.6348,69.4236,2.18913,2.1891999999999996,
Wyoming,2006,99.2089,97.168,68.0019,2.04089,2.0408999999999935,
Manhattan,2006,106.959,105.02,66.9354,1.93923,1.9390000000000072,
Loyola Chicago,2006,107.415,105.602,65.4946,1.81384,1.8130000000000024,
Arizona St.,2006,104.293,102.531,64.3488,1.7616,1.7620000000000005,
Long Beach St.,2006,107.512,105.889,73.7681,1.62244,1.6230000000000047,
Eastern Washington,2006,106.548,105.665,65.3295,0.882778,0.8829999999999956,
Northern Arizona,2006,104.535,103.705,68.9402,0.829414,0.8299999999999983,
Baylor,2006,102.726,101.924,65.0023,0.801783,0.8019999999999925,
Missouri,2006,103.988,103.242,64.1894,0.745363,0.7459999999999951,
Purdue,2006,102.005,101.267,65.0736,0.738118,0.7379999999999995,
St. Peter's,2006,105.927,105.257,66.1912,0.669572,0.6700000000000017,
Rhode Island,2006,103.777,103.244,61.8735,0.53294,0.5330000000000013,
Louisiana Lafayette,2006,98.3167,97.9243,65.8251,0.392384,0.392399999999995,
Belmont,2006,107.963,107.635,68.5983,0.328042,0.32799999999998875,15.0
San Francisco,2006,103.232,103.008,63.7989,0.223915,0.22400000000000375,
Sacramento St.,2006,106.585,106.39,67.4473,0.195569,0.19499999999999318,
Mississippi,2006,101.86,101.721,63.2785,0.138973,0.1389999999999958,
Middle Tennessee,2006,105.007,104.963,64.0084,0.0438914,0.04400000000001114,
Oregon St.,2006,103.803,103.811,64.1412,-0.00829304,-0.008000000000009777,
Georgia Southern,2006,101.884,101.944,71.3885,-0.0602373,-0.060000000000002274,
North Dakota St.,2006,103.805,104.25,64.5327,-0.445127,-0.4449999999999932,
Portland St.,2006,101.885,102.335,65.1575,-0.449785,-0.44999999999998863,
Central Connecticut,2006,109.13,109.584,61.6082,-0.453272,-0.45400000000000773,
Santa Clara,2006,100.519,100.999,64.4167,-0.48075,-0.47999999999998977,
Illinois St.,2006,92.6436,93.2325,60.8339,-0.588873,-0.5888999999999953,
Cal St. Fullerton,2006,107.235,107.846,67.7635,-0.610159,-0.6110000000000042,
Troy,2006,105.295,106.051,64.3125,-0.756213,-0.7560000000000002,
Denver,2006,98.3665,99.1608,63.795,-0.794327,-0.7942999999999927,
Illinois Chicago,2006,105.26,106.058,63.4196,-0.797166,-0.7980000000000018,
Lipscomb,2006,99.7397,100.631,63.9847,-0.891269,-0.8913000000000011,
Coastal Carolina,2006,106.29,107.218,61.186,-0.928196,-0.9279999999999973,
UC Santa Barbara,2006,102.134,103.063,61.56,-0.929929,-0.929000000000002,
Valparaiso,2006,105.001,106.003,68.8025,-1.00227,-1.0019999999999953,
South Florida,2006,95.3902,96.4651,61.2855,-1.07489,-1.0749000000000137,
Detroit,2006,103.95,105.18,59.563,-1.23026,-1.230000000000004,
Indiana St.,2006,101.077,102.517,64.3487,-1.44021,-1.4399999999999977,
Fairleigh Dickinson,2006,100.59,102.187,68.8816,-1.59747,-1.5969999999999942,
IUPUI,2006,105.357,106.988,60.3917,-1.63071,-1.6310000000000002,
Monmouth,2006,95.639,97.5258,64.2233,-1.88684,-1.886800000000008,16.0
Wright St.,2006,100.69,102.584,60.6368,-1.89316,-1.8940000000000055,
College of Charleston,2006,99.4448,101.403,67.4718,-1.95789,-1.958200000000005,
Evansville,2006,100.4,102.443,67.03,-2.0435,-2.042999999999992,
Sam Houston St.,2006,101.185,103.346,67.5541,-2.16123,-2.1610000000000014,
Niagara,2006,106.151,108.342,64.8062,-2.1913,-2.1910000000000025,
Stephen F. Austin,2006,102.572,104.846,62.9703,-2.27389,-2.274000000000001,
Loyola MD,2006,104.974,107.337,68.3802,-2.36351,-2.3629999999999995,
Birmingham Southern,2006,108.765,111.254,57.8214,-2.48932,-2.4890000000000043,
SMU,2006,98.1367,100.672,64.1766,-2.53509,-2.5352999999999923,
Southeastern Louisiana,2006,100.645,103.453,61.0595,-2.80824,-2.808000000000007,
UT Arlington,2006,102.259,105.139,65.7309,-2.88042,-2.8799999999999955,
Green Bay,2006,102.637,105.52,62.738,-2.88301,-2.8829999999999956,
UCF,2006,99.5209,102.583,61.5944,-3.06223,-3.062100000000001,
San Jose St.,2006,95.829,98.9335,67.4616,-3.10449,-3.1045000000000016,
Austin Peay,2006,102.606,105.765,66.301,-3.15851,-3.159000000000006,
Lehigh,2006,96.4704,99.6405,63.2127,-3.17009,-3.170100000000005,
Binghamton,2006,95.6401,98.8881,62.8433,-3.24797,-3.2479999999999905,
Idaho St.,2006,104.573,107.865,70.6203,-3.29213,-3.2920000000000016,
Vermont,2006,98.3633,101.846,64.2559,-3.48291,-3.4827000000000083,
Ball St.,2006,97.9562,101.455,62.8205,-3.49864,-3.498800000000003,
Tennessee Tech,2006,100.214,103.843,67.956,-3.62852,-3.629000000000005,
Southern,2006,96.2068,99.848,64.5164,-3.64127,-3.6411999999999978,16.0
Boston University,2006,96.8305,100.784,58.8295,-3.9536,-3.9535000000000053,
Delaware St.,2006,101.539,105.573,54.232,-4.03457,-4.033999999999992,
Pepperdine,2006,96.9547,101.239,66.3483,-4.28414,-4.284300000000002,
North Texas,2006,102.321,106.629,71.4358,-4.30857,-4.308000000000007,
Tennessee St.,2006,103.994,108.464,64.6181,-4.46953,-4.469999999999999,
Lamar,2006,103.516,107.99,71.746,-4.47308,-4.4739999999999895,
Jacksonville St.,2006,106.405,110.894,69.5475,-4.48882,-4.489000000000004,
Arkansas Little Rock,2006,95.5241,100.503,64.2642,-4.97936,-4.978899999999996,
Montana St.,2006,103.365,108.401,66.268,-5.03619,-5.036000000000001,
Tulane,2006,94.2554,99.3901,65.5008,-5.13476,-5.134700000000009,
Arkansas St.,2006,104.409,109.546,66.8863,-5.13746,-5.1370000000000005,
Tulsa,2006,94.0832,99.2575,63.9307,-5.17426,-5.174299999999988,
Canisius,2006,103.296,108.531,64.1513,-5.23453,-5.234999999999999,
Portland,2006,102.316,107.561,65.2177,-5.24502,-5.2450000000000045,
East Tennessee St.,2006,99.7028,105.048,72.5749,-5.34548,-5.3452000000000055,
High Point,2006,100.382,105.782,69.9341,-5.40081,-5.3999999999999915,
Rice,2006,99.9014,105.504,64.8182,-5.60249,-5.60260000000001,
McNeese St.,2006,97.5451,103.218,69.5724,-5.67301,-5.6728999999999985,
Tennessee Martin,2006,103.19,109.042,67.1496,-5.8517,-5.852000000000004,
Furman,2006,102.404,108.389,62.1872,-5.98515,-5.984999999999999,
Delaware,2006,96.5386,102.576,67.1351,-6.03774,-6.037399999999991,
Georgia St.,2006,101.88,107.933,63.1099,-6.05316,-6.0530000000000115,
UTSA,2006,99.6553,105.833,69.4861,-6.17796,-6.1777000000000015,
Marshall,2006,97.8652,104.045,64.7506,-6.17993,-6.1798,
Elon,2006,97.3809,103.566,63.548,-6.18556,-6.185100000000006,
Utah Valley St.,2006,101.768,108.041,58.8202,-6.27323,-6.272999999999996,
Fairfield,2006,106.019,112.363,65.1124,-6.34416,-6.343999999999994,
New Orleans,2006,98.9219,105.312,62.636,-6.38978,-6.390100000000004,
Western Michigan,2006,96.3817,102.98,64.3034,-6.59792,-6.598300000000009,
Radford,2006,103.848,110.476,66.5905,-6.6281,-6.628,
Rider,2006,100.534,107.206,67.1301,-6.67218,-6.671999999999997,
Chicago St.,2006,101.191,107.901,64.8582,-6.7103,-6.709999999999994,
Cornell,2006,98.6329,105.455,61.6195,-6.82187,-6.822099999999992,
TCU,2006,93.9112,100.972,66.051,-7.06028,-7.0608,
Chattanooga,2006,98.6261,105.784,66.7069,-7.15759,-7.157900000000012,
Appalachian St.,2006,100.282,107.521,63.6284,-7.23921,-7.239000000000004,
St. Bonaventure,2006,100.14,107.415,67.1273,-7.27499,-7.275000000000006,
William & Mary,2006,98.3418,105.693,64.8223,-7.35088,-7.3511999999999915,
Florida Atlantic,2006,102.37,109.777,64.6426,-7.40696,-7.4069999999999965,
Hartford,2006,101.325,108.902,64.6862,-7.57707,-7.576999999999998,
Cleveland St.,2006,91.5363,99.1484,67.7521,-7.61204,-7.612099999999998,
Robert Morris,2006,103.762,111.424,66.2185,-7.66263,-7.662000000000006,
Cal Poly,2006,99.6444,107.367,62.2701,-7.72235,-7.7226,
Richmond,2006,93.4462,101.173,54.7707,-7.72679,-7.726799999999997,
Weber St.,2006,98.9432,106.692,62.166,-7.74846,-7.748799999999989,
Southern Utah,2006,101.52,109.312,64.1472,-7.79179,-7.792000000000002,
Western Carolina,2006,99.5324,107.407,63.0611,-7.87479,-7.874600000000001,
Mount St. Mary's,2006,96.3725,104.279,63.0091,-7.90618,-7.906499999999994,
Youngstown St.,2006,103.33,111.401,63.4185,-8.07143,-8.070999999999998,
Towson,2006,102.749,111.002,67.0488,-8.2528,-8.253,
Wofford,2006,99.1712,107.454,62.8573,-8.28299,-8.282799999999995,
Quinnipiac,2006,98.3034,106.86,69.5426,-8.55706,-8.556600000000003,
Harvard,2006,96.4959,105.14,68.6748,-8.64446,-8.644099999999995,
Gardner Webb,2006,100.452,109.194,62.2658,-8.74216,-8.742000000000004,
Yale,2006,95.8351,104.586,67.8986,-8.75137,-8.750900000000001,
American,2006,98.1042,106.901,63.3223,-8.79715,-8.79679999999999,
Charleston Southern,2006,99.4241,108.234,65.1776,-8.8102,-8.809899999999999,
Bowling Green,2006,97.3722,106.185,65.9026,-8.81256,-8.812799999999996,
Eastern Kentucky,2006,104.884,113.765,62.8318,-8.88062,-8.881,
Wagner,2006,96.97,105.864,64.8762,-8.8939,-8.894000000000005,
Sacred Heart,2006,97.1884,106.104,65.0924,-8.91603,-8.915599999999998,
Cal St. Northridge,2006,95.4754,104.517,68.814,-9.04162,-9.041600000000003,
Eastern Michigan,2006,99.8603,109.219,64.9061,-9.35843,-9.358699999999999,
Princeton,2006,96.7231,106.225,52.4688,-9.50218,-9.501899999999992,
UMBC,2006,100.872,110.484,64.5005,-9.61184,-9.611999999999995,
Alabama A&M,2006,94.3436,104.084,72.888,-9.7408,-9.740400000000008,
Hampton,2006,92.2737,102.047,68.0614,-9.77332,-9.773299999999992,16.0
St. Francis NY,2006,92.7858,102.69,64.4603,-9.90435,-9.904200000000003,
Oakland,2006,103.905,114.13,67.3448,-10.2252,-10.224999999999994,
Jackson St.,2006,95.5381,105.864,69.9104,-10.3263,-10.325900000000004,
FIU,2006,89.5054,100.195,65.2261,-10.6893,-10.689599999999999,
East Carolina,2006,95.4274,106.259,62.866,-10.8317,-10.831599999999995,
IPFW,2006,96.9318,107.779,62.3492,-10.8477,-10.8472,
UNC Greensboro,2006,99.2635,110.168,65.1616,-10.9046,-10.904500000000013,
UMKC,2006,101.952,113.061,65.1948,-11.1089,-11.109000000000009,
South Carolina St.,2006,92.1655,103.312,64.0203,-11.1468,-11.146500000000003,
New Hampshire,2006,97.9227,109.179,58.2358,-11.2561,-11.256299999999996,
Southern Miss,2006,97.2677,108.689,59.4906,-11.4216,-11.421299999999988,
Stetson,2006,95.55,107.075,62.283,-11.525,-11.525000000000006,
Coppin St.,2006,95.2012,106.942,65.2201,-11.7412,-11.740799999999993,
Campbell,2006,101.002,113.146,74.6534,-12.1439,-12.144000000000005,
Louisiana Monroe,2006,92.6003,104.854,64.3374,-12.254,-12.253699999999995,
LIU Brooklyn,2006,96.7163,109.04,67.1745,-12.3233,-12.323700000000002,
Arkansas Pine Bluff,2006,84.8754,97.3373,66.4067,-12.4618,-12.4619,
UC Davis,2006,98.438,110.981,62.0433,-12.543,-12.542999999999992,
Colgate,2006,92.3793,105.086,61.7969,-12.7064,-12.706699999999998,
Idaho,2006,97.8365,110.575,61.1565,-12.7381,-12.738500000000002,
Norfolk St.,2006,90.8188,103.787,64.8224,-12.9679,-12.96820000000001,
Alabama St.,2006,93.7378,107.361,65.6719,-13.6234,-13.623200000000011,
Florida A&M,2006,97.65,111.315,66.2723,-13.6645,-13.664999999999992,
Lafayette,2006,97.2626,111.173,67.4657,-13.9101,-13.910399999999996,
Maine,2006,95.0144,109.052,65.0713,-14.0372,-14.037600000000012,
Bethune Cookman,2006,95.1284,109.175,65.9959,-14.0468,-14.046599999999998,
UNC Asheville,2006,96.7952,110.932,67.063,-14.1368,-14.136800000000008,
Brown,2006,91.0755,105.391,63.2901,-14.3155,-14.3155,
Western Illinois,2006,94.8464,109.464,64.6859,-14.6172,-14.617599999999996,
Columbia,2006,96.8203,111.611,64.28,-14.791,-14.790700000000001,
South Dakota St.,2006,91.5009,106.406,66.7815,-14.9048,-14.905100000000004,
Central Michigan,2006,88.8618,103.905,65.8262,-15.043,-15.043199999999999,
Duquesne,2006,99.5007,114.661,66.6779,-15.1598,-15.160300000000007,
Northern Colorado,2006,100.356,115.565,64.6987,-15.2094,-15.209000000000003,
UC Riverside,2006,90.5338,105.95,69.8035,-15.4163,-15.416200000000003,
Kennesaw St.,2006,97.9211,113.516,64.9488,-15.5945,-15.59490000000001,
Navy,2006,93.4726,109.126,69.358,-15.6531,-15.653400000000005,
Grambling St.,2006,91.4671,107.223,67.1882,-15.7555,-15.755899999999997,
Nicholls St.,2006,96.5451,112.472,68.64,-15.9269,-15.92689999999999,
Dartmouth,2006,94.5392,110.479,61.7678,-15.9398,-15.939800000000005,
Southeast Missouri St.,2006,92.8607,109.147,64.1675,-16.2861,-16.28630000000001,
Alcorn St.,2006,92.6748,109.194,67.9581,-16.5193,-16.519199999999998,
Longwood,2006,96.702,113.387,70.6617,-16.6854,-16.685000000000002,
Eastern Illinois,2006,91.8553,108.774,60.7381,-16.9189,-16.9187,
Stony Brook,2006,91.9347,108.921,64.0842,-16.9864,-16.9863,
James Madison,2006,95.9704,113.055,65.7411,-17.0843,-17.08460000000001,
Howard,2006,93.4208,110.694,65.6671,-17.2736,-17.273200000000003,
VMI,2006,91.2053,109.237,70.5686,-18.032,-18.0317,
Mercer,2006,97.1813,115.45,66.8531,-18.2691,-18.26870000000001,
Centenary,2006,93.8611,112.496,65.8818,-18.6351,-18.634900000000002,
Texas Southern,2006,91.9666,111.203,68.5776,-19.2364,-19.236400000000003,
North Carolina A&T,2006,85.9012,105.369,66.4983,-19.4682,-19.467799999999997,
Texas St.,2006,92.7451,112.743,65.0528,-19.9976,-19.9979,
Mississippi Valley St.,2006,93.7275,113.804,60.6236,-20.0762,-20.076499999999996,
Liberty,2006,90.9005,111.225,64.5917,-20.3249,-20.3245,
North Florida,2006,94.5675,115.38,65.1331,-20.8121,-20.8125,
Maryland Eastern Shore,2006,90.5334,111.775,69.197,-21.2416,-21.241600000000005,
Texas Pan American,2006,88.3723,109.828,65.1244,-21.4555,-21.455700000000007,
Morehead St.,2006,91.0346,112.593,63.5128,-21.5589,-21.558400000000006,
St. Francis PA,2006,93.556,115.378,60.1055,-21.8218,-21.822000000000003,
Jacksonville,2006,93.1142,115.23,71.7839,-22.1156,-22.115800000000007,
The Citadel,2006,90.7561,115.189,64.3654,-24.4327,-24.43289999999999,
Army,2006,87.7031,114.301,59.9378,-26.5982,-26.597899999999996,
Prairie View A&M,2006,86.644,114.51,70.8746,-27.8659,-27.866,
Morgan St.,2006,79.2489,110.248,64.6045,-30.9993,-30.9991,
Savannah St.,2006,80.1921,118.202,67.3533,-38.01,-38.0099,
North Carolina,2007,120.45,88.7132,71.8899,31.7371,31.736800000000002,1.0
Ohio St.,2007,119.341,90.4737,64.2281,28.8677,28.8673,1.0
Florida,2007,120.927,92.0656,64.9276,28.8619,28.861400000000003,1.0
Kansas,2007,115.098,86.837,68.0793,28.2605,28.260999999999996,1.0
Georgetown,2007,121.238,93.1473,59.1413,28.0911,28.0907,2.0
Texas A&M,2007,119.182,91.8518,63.6458,27.3305,27.330200000000005,3.0
Wisconsin,2007,115.733,89.6933,63.2879,26.0394,26.03970000000001,2.0
UCLA,2007,116.164,90.9188,63.0382,25.2454,25.245199999999997,2.0
Memphis,2007,115.184,90.3103,68.0416,24.8739,24.8737,2.0
Duke,2007,112.973,89.3301,63.6919,23.6432,23.642899999999997,6.0
Pittsburgh,2007,118.425,95.5748,61.3083,22.8504,22.8502,3.0
Maryland,2007,112.483,90.1675,71.105,22.3158,22.3155,4.0
Indiana,2007,116.372,95.3063,64.4417,21.0657,21.065700000000007,7.0
Butler,2007,118.052,97.0797,58.1217,20.9727,20.972300000000004,5.0
Kentucky,2007,115.724,94.7893,65.7553,20.9347,20.934700000000007,8.0
Michigan St.,2007,112.195,91.4261,60.1869,20.769,20.768899999999988,9.0
Notre Dame,2007,119.18,98.4445,69.886,20.7354,20.735500000000002,6.0
Villanova,2007,113.578,92.8864,65.5366,20.6914,20.691600000000008,9.0
Texas,2007,120.376,99.8398,66.9647,20.5363,20.536200000000008,4.0
Southern Illinois,2007,109.583,89.2996,60.412,20.283,20.2834,4.0
Georgia Tech,2007,116.887,97.1408,67.0238,19.7464,19.7462,10.0
Oregon,2007,117.207,97.4793,65.5537,19.7274,19.7277,3.0
Louisville,2007,112.8,93.3409,63.5029,19.4594,19.459099999999992,6.0
Air Force,2007,116.286,97.0562,56.6656,19.2294,19.229799999999997,
Arizona,2007,119.512,100.303,67.8259,19.2093,19.209000000000003,8.0
Creighton,2007,114.267,95.1571,62.2034,19.1102,19.109899999999996,10.0
Clemson,2007,112.198,93.7004,65.3633,18.4979,18.49759999999999,
Missouri St.,2007,113.731,95.3592,67.0485,18.3717,18.371799999999993,
Xavier,2007,117.35,99.0491,65.7488,18.3007,18.3009,9.0
Virginia Tech,2007,113.073,95.159,63.1958,17.9139,17.913999999999987,5.0
Washington St.,2007,111.012,93.1182,59.623,17.8933,17.8938,3.0
Marquette,2007,112.208,94.3579,67.4391,17.8501,17.850099999999998,8.0
Mississippi St.,2007,113.752,96.1106,68.2844,17.6419,17.64139999999999,
Illinois,2007,107.542,89.9416,61.5558,17.6003,17.600400000000008,12.0
Purdue,2007,110.368,92.7698,66.1644,17.5977,17.59819999999999,9.0
Florida St.,2007,115.715,98.409,65.5252,17.3062,17.305999999999997,
West Virginia,2007,116.154,99.0237,62.0828,17.1303,17.13029999999999,
Syracuse,2007,112.032,94.9672,69.8075,17.065,17.06479999999999,
Arkansas,2007,110.253,93.3649,65.8864,16.8885,16.888099999999994,12.0
Tennessee,2007,113.576,97.1313,71.0474,16.4443,16.444699999999997,5.0
Nevada,2007,117.804,101.581,65.7055,16.2229,16.223,7.0
Akron,2007,115.109,98.9272,63.318,16.1815,16.181799999999996,
Boston College,2007,117.0,101.094,63.8331,15.9057,15.906000000000006,7.0
Gonzaga,2007,116.012,100.227,66.5965,15.7845,15.784999999999997,10.0
BYU,2007,116.124,100.375,67.1913,15.7494,15.748999999999995,8.0
UNLV,2007,111.624,95.9746,64.7378,15.6493,15.6494,7.0
Bradley,2007,116.634,101.65,66.6691,14.9841,14.983999999999995,
Kansas St.,2007,110.062,95.2363,65.3025,14.8262,14.825699999999998,
Georgia,2007,110.304,95.5547,66.7437,14.7489,14.749300000000005,
Winthrop,2007,113.314,98.6066,61.0453,14.7077,14.707399999999993,11.0
USC,2007,109.896,95.4932,66.6094,14.4031,14.4028,5.0
VCU,2007,116.022,101.653,64.6616,14.3693,14.369,11.0
Virginia,2007,112.895,98.6492,67.7343,14.2454,14.245800000000003,4.0
DePaul,2007,110.405,96.1811,62.0249,14.2244,14.2239,
Oklahoma,2007,107.541,93.4765,62.2965,14.0647,14.064499999999995,
Michigan,2007,108.981,95.1227,62.2747,13.8581,13.8583,
LSU,2007,107.407,93.5538,62.6377,13.853,13.853200000000001,
Connecticut,2007,103.689,89.9561,67.8106,13.7331,13.732899999999987,
Vanderbilt,2007,114.982,101.303,66.2076,13.6783,13.679000000000002,6.0
Davidson,2007,112.107,98.4988,71.316,13.6084,13.608199999999997,13.0
Old Dominion,2007,109.203,95.9276,65.4798,13.2754,13.275400000000005,12.0
Mississippi,2007,113.013,99.8935,66.3,13.1195,13.119500000000002,
Missouri,2007,111.302,98.2097,71.4573,13.0922,13.092300000000009,
Massachusetts,2007,108.515,95.6168,70.0906,12.8985,12.898200000000003,
Wichita St.,2007,110.994,98.4714,62.9115,12.5228,12.522599999999997,
Alabama,2007,113.992,101.517,64.8798,12.475,12.475000000000009,
Stanford,2007,109.515,97.1603,65.2687,12.3543,12.354699999999994,11.0
Texas Tech,2007,111.978,100.346,64.2774,11.6325,11.63199999999999,10.0
Northern Iowa,2007,108.887,97.2884,61.1918,11.5985,11.598600000000005,
Drexel,2007,103.998,92.4127,64.115,11.5857,11.585300000000004,
Oklahoma St.,2007,109.703,98.1213,65.0867,11.5816,11.581699999999998,
Washington,2007,112.653,101.097,68.7106,11.5557,11.556000000000012,
Providence,2007,112.173,101.038,67.9676,11.1353,11.135000000000005,
Iowa,2007,110.338,99.3083,65.9628,11.0296,11.029699999999991,
Appalachian St.,2007,111.789,101.074,66.0269,10.715,10.715000000000003,
Santa Clara,2007,106.473,96.4517,63.3667,10.0212,10.021299999999997,
Hawaii,2007,104.359,94.4218,68.6962,9.93757,9.93719999999999,
Kent St.,2007,105.106,95.2371,64.8381,9.86858,9.868899999999996,
North Carolina St.,2007,112.427,102.854,65.8415,9.57279,9.573000000000008,
California,2007,111.064,101.702,64.0508,9.36263,9.361999999999995,
Nebraska,2007,109.08,99.745,61.6848,9.33546,9.334999999999994,
San Diego St.,2007,104.074,94.9651,68.3513,9.10883,9.108899999999991,
Oral Roberts,2007,107.181,98.146,66.0598,9.03458,9.034999999999997,14.0
Evansville,2007,112.998,104.323,63.7954,8.67418,8.675000000000011,
George Washington,2007,106.11,97.4405,66.4415,8.66941,8.6695,11.0
Illinois St.,2007,106.93,98.4297,64.5898,8.50052,8.50030000000001,
Loyola Chicago,2007,110.214,101.777,64.4286,8.43624,8.436999999999998,
Penn,2007,110.281,102.103,67.5944,8.17781,8.178000000000011,14.0
Miami OH,2007,105.408,97.2962,57.8835,8.11199,8.111800000000002,14.0
Utah St.,2007,111.403,103.321,62.9605,8.08204,8.082000000000008,
George Mason,2007,106.433,98.354,60.3754,8.07891,8.079000000000008,
Auburn,2007,106.515,98.5497,69.8206,7.96552,7.965299999999999,
Texas A&M Corpus Christi,2007,114.201,106.477,67.5189,7.72391,7.7239999999999895,15.0
Holy Cross,2007,103.31,95.6542,61.7425,7.65535,7.655799999999999,13.0
New Mexico St.,2007,108.471,100.934,69.3769,7.5367,7.537000000000006,13.0
St. Joseph's,2007,109.09,101.707,62.0156,7.38259,7.38300000000001,
Houston,2007,107.061,99.8097,68.219,7.25147,7.2513000000000005,
Hofstra,2007,114.786,107.692,64.2279,7.0939,7.094000000000008,
Bucknell,2007,106.556,99.5216,60.8121,7.03402,7.034399999999991,
Wright St.,2007,104.652,97.6213,62.093,7.03058,7.030699999999996,14.0
Utah Valley St.,2007,109.787,103.049,62.068,6.73828,6.7379999999999995,
St. Mary's,2007,106.265,99.83,64.5806,6.43553,6.435000000000002,
Long Beach St.,2007,111.687,105.309,70.5918,6.37727,6.378,12.0
Baylor,2007,111.033,104.677,66.4918,6.35606,6.3559999999999945,
North Dakota St.,2007,109.539,103.195,66.6366,6.34414,6.344000000000008,
Fresno St.,2007,101.593,95.2932,68.2425,6.29936,6.299800000000005,
Wake Forest,2007,107.297,101.012,70.1751,6.28539,6.284999999999997,
Seton Hall,2007,108.278,102.065,69.7855,6.21257,6.213000000000008,
Toledo,2007,105.802,99.9626,66.4012,5.83974,5.839400000000012,
Drake,2007,113.699,107.921,67.1249,5.7779,5.777999999999992,
Miami FL,2007,112.894,107.338,62.9794,5.5559,5.556000000000012,
UCF,2007,109.3,103.781,63.0376,5.5198,5.518999999999991,
Boise St.,2007,106.724,101.26,70.0337,5.46369,5.463999999999999,
Colorado St.,2007,108.012,102.612,67.38,5.39956,5.400000000000006,
Tulsa,2007,101.302,96.0222,64.9778,5.28019,5.279800000000009,
Western Kentucky,2007,112.107,107.13,67.7759,4.97716,4.977000000000004,
UAB,2007,102.394,97.6105,63.4604,4.78305,4.783500000000004,
Western Michigan,2007,107.965,103.241,67.1925,4.72477,4.724000000000004,
Saint Louis,2007,104.756,100.082,61.3502,4.67449,4.674000000000007,
Belmont,2007,106.429,101.758,65.4936,4.67153,4.6710000000000065,15.0
Dayton,2007,104.847,100.496,63.911,4.35025,4.350999999999999,
College of Charleston,2007,103.654,99.4107,64.8943,4.24318,4.243299999999991,
Ohio,2007,109.289,105.219,65.7031,4.07026,4.070000000000007,
Vermont,2007,106.003,101.97,65.6115,4.03263,4.033000000000001,
Marist,2007,109.68,105.753,66.0852,3.92711,3.9270000000000067,
Southern Miss,2007,103.834,100.22,64.7412,3.61322,3.6140000000000043,
Oakland,2007,110.115,106.52,63.3849,3.59483,3.594999999999999,
St. John's,2007,103.223,99.7678,63.4003,3.45526,3.455200000000005,
Albany,2007,107.402,103.976,63.5137,3.42522,3.426000000000002,13.0
Temple,2007,110.361,106.959,68.2477,3.40211,3.402000000000001,
South Carolina,2007,110.024,106.651,60.463,3.3724,3.3730000000000047,
Iowa St.,2007,101.431,98.4105,62.84,3.02062,3.0204999999999984,
Wyoming,2007,108.689,105.679,68.3997,3.00989,3.009999999999991,
Sam Houston St.,2007,106.017,103.129,69.1702,2.88787,2.887999999999991,
Rhode Island,2007,113.101,110.302,67.1698,2.79873,2.7989999999999924,
UTEP,2007,103.581,100.853,71.5772,2.72734,2.7280000000000086,
Fordham,2007,100.866,98.3341,62.3682,2.53154,2.531899999999993,
Northwestern,2007,105.32,102.94,56.3394,2.38034,2.3799999999999955,
Indiana St.,2007,103.834,101.784,61.9576,2.04961,2.049999999999997,
New Mexico,2007,110.382,108.394,64.7834,1.98806,1.9879999999999995,
Green Bay,2007,107.218,105.422,63.6685,1.79636,1.7960000000000065,
Tulane,2007,102.631,100.852,69.2152,1.77968,1.7789999999999964,
Cincinnati,2007,103.488,101.75,64.3032,1.73823,1.7379999999999995,
Valparaiso,2007,101.042,99.584,63.8411,1.45818,1.4579999999999984,
Penn St.,2007,108.147,106.785,62.4014,1.36196,1.362000000000009,
Utah,2007,113.381,112.083,60.6588,1.29842,1.2980000000000018,
Arizona St.,2007,100.703,99.474,57.9763,1.22939,1.2289999999999992,
Siena,2007,106.932,105.762,68.113,1.17004,1.1700000000000017,
Towson,2007,105.416,104.46,64.1376,0.955753,0.9560000000000031,
South Alabama,2007,104.248,103.373,63.7983,0.875518,0.875,
UC Santa Barbara,2007,105.189,104.372,62.9902,0.817476,0.8169999999999931,
Illinois Chicago,2007,106.76,105.983,65.743,0.776473,0.777000000000001,
South Florida,2007,101.796,101.082,64.7825,0.713997,0.7140000000000128,
Detroit,2007,106.873,106.212,60.6283,0.660508,0.6610000000000014,
Cal Poly,2007,108.242,107.799,65.7618,0.443762,0.44299999999999784,
Charlotte,2007,106.123,105.78,65.6849,0.342872,0.3430000000000035,
San Francisco,2007,105.032,105.18,67.7311,-0.148563,-0.14800000000001035,
Idaho St.,2007,104.582,104.788,59.6164,-0.206697,-0.20600000000000307,
San Diego,2007,107.379,107.806,68.5916,-0.427686,-0.4269999999999925,
Minnesota,2007,100.994,101.622,64.6817,-0.62786,-0.6280000000000001,
Northern Arizona,2007,109.932,110.873,71.6759,-0.940843,-0.9410000000000025,
Austin Peay,2007,105.752,106.704,65.3013,-0.951666,-0.9519999999999982,
UNC Greensboro,2007,102.192,103.341,66.1643,-1.14867,-1.149000000000001,
North Texas,2007,102.971,104.218,68.6774,-1.24693,-1.2469999999999999,15.0
Northwestern St.,2007,104.587,105.935,74.0871,-1.34803,-1.347999999999999,
American,2007,100.126,101.533,63.6383,-1.40726,-1.4069999999999965,
UC Irvine,2007,99.4662,100.929,63.9165,-1.4627,-1.4628000000000014,
SMU,2007,101.369,102.935,60.4716,-1.56588,-1.5660000000000025,
Tennessee Tech,2007,103.08,104.893,68.9259,-1.81355,-1.8130000000000024,
Yale,2007,102.527,104.411,65.7901,-1.88403,-1.8840000000000003,
Rice,2007,103.031,105.013,65.308,-1.9822,-1.9819999999999993,
Central Connecticut,2007,104.052,106.074,62.8352,-2.02233,-2.0219999999999914,16.0
Portland St.,2007,104.544,106.671,70.3809,-2.12698,-2.1270000000000095,
High Point,2007,100.868,103.008,65.9114,-2.14077,-2.1400000000000006,
East Tennessee St.,2007,99.0737,101.273,69.2029,-2.19923,-2.199299999999994,
TCU,2007,95.9356,98.1663,66.343,-2.23066,-2.230700000000013,
Weber St.,2007,102.37,104.672,64.785,-2.30205,-2.3019999999999925,15.0
Southern Utah,2007,103.476,105.893,62.5488,-2.41698,-2.4170000000000016,
Cal St. Fullerton,2007,105.017,107.436,73.0602,-2.41854,-2.419000000000011,
IUPUI,2007,106.875,109.323,62.4759,-2.44781,-2.4479999999999933,
Youngstown St.,2007,102.667,105.202,65.0152,-2.53494,-2.5349999999999966,
Northeastern,2007,101.189,103.738,64.0942,-2.54808,-2.5490000000000066,
Eastern Washington,2007,112.231,114.793,71.5255,-2.56179,-2.562000000000012,
Sacred Heart,2007,107.552,110.135,70.7367,-2.58288,-2.5829999999999984,
Cornell,2007,104.352,107.04,62.6279,-2.68806,-2.6880000000000024,
Niagara,2007,107.414,110.105,67.5343,-2.69168,-2.6910000000000025,16.0
Oregon St.,2007,102.105,104.815,64.6167,-2.70977,-2.7099999999999937,
Eastern Kentucky,2007,102.437,105.239,60.6506,-2.80238,-2.8020000000000067,16.0
Marshall,2007,100.604,103.555,66.7524,-2.95038,-2.9510000000000076,
Lipscomb,2007,103.526,106.505,60.8881,-2.97966,-2.978999999999999,
Loyola MD,2007,107.003,110.155,65.2743,-3.15165,-3.152000000000001,
Montana,2007,107.089,110.315,62.304,-3.22568,-3.225999999999999,
Boston University,2007,99.3948,102.813,58.9187,-3.4178,-3.418199999999999,
William & Mary,2007,102.764,106.344,62.625,-3.58025,-3.5799999999999983,
Furman,2007,103.57,107.155,62.5878,-3.5857,-3.585000000000008,
Delaware St.,2007,106.726,110.425,53.8255,-3.69948,-3.698999999999998,
Louisiana Tech,2007,99.7474,103.551,65.2793,-3.80382,-3.803600000000003,
Stephen F. Austin,2007,98.0937,101.925,59.9444,-3.83159,-3.831299999999999,
Buffalo,2007,98.4139,102.391,70.061,-3.97668,-3.977100000000007,
Georgia Southern,2007,97.845,101.879,67.886,-4.03395,-4.034000000000006,
Chattanooga,2007,99.4879,103.736,64.8941,-4.24841,-4.248100000000008,
Middle Tennessee,2007,98.2183,102.67,60.2388,-4.45175,-4.451700000000002,
Chicago St.,2007,107.177,111.749,67.6761,-4.5722,-4.5719999999999885,
Ball St.,2007,96.2137,101.217,62.626,-5.00379,-5.003299999999996,
Columbia,2007,104.689,109.698,61.3539,-5.00973,-5.009,
Arkansas St.,2007,103.551,108.644,67.063,-5.09291,-5.0930000000000035,
Pacific,2007,104.576,109.72,61.7969,-5.14321,-5.1440000000000055,
Rutgers,2007,101.235,106.474,60.4776,-5.23943,-5.239000000000004,
Fairfield,2007,102.072,107.32,59.3139,-5.24843,-5.2479999999999905,
Milwaukee,2007,100.023,105.375,66.4128,-5.35221,-5.352000000000004,
Robert Morris,2007,106.614,112.02,65.6143,-5.40587,-5.405999999999992,
Loyola Marymount,2007,94.8038,100.298,67.2731,-5.4944,-5.494200000000006,
UMKC,2007,107.256,112.765,65.5728,-5.50944,-5.509,
Colorado,2007,100.639,106.416,71.0803,-5.77775,-5.777000000000001,
Central Michigan,2007,100.159,106.166,65.0358,-6.00671,-6.006999999999991,
Lamar,2007,103.386,109.394,68.3539,-6.00711,-6.00800000000001,
Bowling Green,2007,99.4595,105.675,67.0882,-6.2157,-6.215499999999992,
Liberty,2007,101.888,108.271,67.8209,-6.38285,-6.382999999999996,
Murray St.,2007,98.1572,104.599,64.4608,-6.44158,-6.441800000000001,
Pepperdine,2007,104.886,111.361,71.8514,-6.47501,-6.4750000000000085,
Binghamton,2007,98.5434,105.044,66.2645,-6.5002,-6.5005999999999915,
Duquesne,2007,107.652,114.252,72.7837,-6.60068,-6.599999999999994,
Samford,2007,105.958,112.69,54.0649,-6.73233,-6.731999999999999,
UNC Wilmington,2007,99.5216,106.3,65.1096,-6.77816,-6.778399999999991,
Eastern Michigan,2007,97.9345,104.723,65.164,-6.7884,-6.788499999999999,
Brown,2007,98.3883,105.365,61.6188,-6.97665,-6.976699999999994,
Florida Atlantic,2007,104.67,111.905,68.9384,-7.2354,-7.234999999999999,
Northern Illinois,2007,101.993,109.309,65.2604,-7.31544,-7.3160000000000025,
Southeastern Louisiana,2007,101.977,109.31,62.6456,-7.33369,-7.332999999999998,
Cleveland St.,2007,99.6152,106.991,62.886,-7.37566,-7.375799999999998,
Troy,2007,105.437,112.849,66.6943,-7.41157,-7.412000000000006,
San Jose St.,2007,94.9759,102.4,65.3004,-7.42431,-7.42410000000001,
New Orleans,2007,107.444,114.97,63.6985,-7.52652,-7.525999999999996,
Cal St. Northridge,2007,97.517,105.128,70.8212,-7.61132,-7.611000000000004,
La Salle,2007,104.471,112.25,66.4126,-7.77952,-7.778999999999996,
Coastal Carolina,2007,102.257,110.196,65.9262,-7.93923,-7.938999999999993,
Hartford,2007,98.2476,106.365,63.2071,-8.11696,-8.11739999999999,
VMI,2007,106.165,114.346,89.2172,-8.18061,-8.180999999999997,
Western Carolina,2007,101.333,109.621,67.013,-8.28771,-8.287999999999997,
Mount St. Mary's,2007,95.4667,103.889,64.0324,-8.42253,-8.422299999999993,
Georgia St.,2007,100.833,109.358,63.716,-8.52571,-8.525000000000006,
Rider,2007,101.89,110.909,67.2321,-9.01925,-9.019000000000005,
UNC Asheville,2007,96.6648,105.732,67.5233,-9.06676,-9.0672,
Canisius,2007,99.9821,109.145,66.4681,-9.1626,-9.162899999999993,
Louisiana Monroe,2007,101.287,110.451,66.7852,-9.1635,-9.163999999999987,
Hampton,2007,93.5021,102.695,68.5924,-9.19285,-9.192899999999995,
IPFW,2007,98.6464,107.912,66.3145,-9.26521,-9.265600000000006,
Florida A&M,2007,100.826,110.11,67.1306,-9.28363,-9.284000000000006,16.0
Jackson St.,2007,100.077,109.396,69.1948,-9.31953,-9.319000000000003,16.0
Lehigh,2007,98.2102,107.546,62.5107,-9.33574,-9.335800000000006,
Quinnipiac,2007,98.8524,108.213,69.0474,-9.36105,-9.360599999999991,
Wofford,2007,104.562,113.945,65.4806,-9.3835,-9.382999999999996,
Jacksonville,2007,100.272,109.729,69.671,-9.45682,-9.456999999999994,
Centenary,2007,99.5547,109.193,66.591,-9.63843,-9.638300000000001,
Harvard,2007,103.306,112.959,70.5449,-9.65353,-9.653000000000006,
Mississippi Valley St.,2007,93.2099,102.947,62.8817,-9.73709,-9.737099999999998,
Fairleigh Dickinson,2007,101.371,111.124,68.1099,-9.75264,-9.753,
Army,2007,92.5875,102.366,62.5301,-9.77828,-9.778499999999994,
Arkansas Little Rock,2007,100.097,109.938,62.5149,-9.8414,-9.841000000000008,
Monmouth,2007,99.3548,109.224,62.2241,-9.86965,-9.869200000000006,
Manhattan,2007,96.7108,106.753,66.0246,-10.0423,-10.042199999999994,
UT Arlington,2007,101.09,111.157,69.4088,-10.0674,-10.066999999999993,
Maine,2007,99.4444,109.631,65.6503,-10.1864,-10.186599999999999,
Kennesaw St.,2007,99.2212,109.415,64.6576,-10.1936,-10.19380000000001,
Navy,2007,95.4191,105.795,64.2741,-10.3762,-10.375900000000001,
Texas Pan American,2007,101.591,111.99,63.653,-10.3995,-10.399000000000001,
UMBC,2007,99.5331,110.036,61.1218,-10.5034,-10.502899999999997,
Princeton,2007,92.3636,102.901,51.072,-10.5379,-10.537399999999991,
McNeese St.,2007,90.3076,100.986,64.957,-10.6787,-10.67840000000001,
Campbell,2007,99.3186,110.049,72.4565,-10.7301,-10.730400000000003,
Louisiana Lafayette,2007,98.1724,109.18,64.9787,-11.0071,-11.00760000000001,
Nicholls St.,2007,102.331,113.419,68.5985,-11.088,-11.087999999999994,
Montana St.,2007,97.4828,108.573,64.4822,-11.0898,-11.090199999999996,
Portland,2007,94.6779,105.872,63.2386,-11.1945,-11.194100000000006,
Central Arkansas,2007,95.1712,106.755,63.3109,-11.5835,-11.583799999999997,
Stony Brook,2007,92.8755,104.471,63.964,-11.5953,-11.595500000000001,
Richmond,2007,99.3231,111.059,58.6826,-11.7358,-11.7359,
Elon,2007,97.0325,108.808,62.8606,-11.7755,-11.775500000000008,
St. Francis NY,2007,93.2891,105.349,64.4714,-12.0595,-12.059899999999999,
Gardner Webb,2007,97.0995,109.418,63.1532,-12.3183,-12.3185,
Morehead St.,2007,97.6109,109.98,62.9517,-12.3692,-12.369100000000003,
Tennessee St.,2007,97.3479,109.732,64.0881,-12.3844,-12.384100000000004,
North Carolina A&T,2007,96.0449,108.537,70.4137,-12.4919,-12.492100000000008,
Colgate,2007,91.479,104.095,61.0472,-12.6163,-12.616,
FIU,2007,94.8104,107.571,66.3108,-12.7606,-12.760599999999997,
South Carolina St.,2007,95.54,108.353,64.0056,-12.8126,-12.812999999999988,
Morgan St.,2007,97.2224,110.243,65.915,-13.021,-13.020600000000002,
Wagner,2007,98.1211,111.147,67.6919,-13.0256,-13.025900000000007,
New Hampshire,2007,96.9814,110.364,59.5626,-13.3827,-13.38260000000001,
James Madison,2007,102.101,115.681,62.5149,-13.5799,-13.579999999999998,
Sacramento St.,2007,95.024,108.713,74.3813,-13.6887,-13.688999999999993,
Radford,2007,94.8433,108.534,69.059,-13.6902,-13.690700000000007,
Dartmouth,2007,94.1128,107.905,63.3982,-13.7921,-13.792200000000008,
Delaware,2007,96.662,110.654,62.969,-13.9923,-13.99199999999999,
Jacksonville St.,2007,97.5318,111.686,64.7683,-14.1543,-14.154200000000003,
Southeast Missouri St.,2007,99.1341,113.562,70.5181,-14.4279,-14.427899999999994,
St. Bonaventure,2007,98.58,113.621,67.4449,-15.0409,-15.040999999999997,
Mercer,2007,96.4181,111.856,71.3403,-15.4376,-15.437899999999999,
Idaho,2007,94.1655,109.625,65.6836,-15.4592,-15.459500000000006,
Coppin St.,2007,93.5813,109.125,64.6612,-15.5434,-15.543700000000001,
Arkansas Pine Bluff,2007,88.5846,104.144,63.5683,-15.5598,-15.55940000000001,
St. Francis PA,2007,98.4658,114.111,64.0717,-15.6454,-15.645200000000003,
UC Riverside,2007,93.7496,109.482,65.7349,-15.7323,-15.732399999999998,
East Carolina,2007,92.6196,108.359,63.03,-15.7392,-15.73939999999999,
LIU Brooklyn,2007,96.1174,111.887,66.8066,-15.7699,-15.769599999999997,
Southern,2007,88.9802,104.758,65.9659,-15.7778,-15.7778,
Eastern Illinois,2007,94.5546,110.344,62.7118,-15.7889,-15.7894,
Texas St.,2007,97.7282,114.149,74.574,-16.4212,-16.4208,
Lafayette,2007,98.5751,115.102,66.883,-16.527,-16.526899999999998,
Stetson,2007,97.0211,113.552,64.5571,-16.5307,-16.530900000000003,
Northern Colorado,2007,94.7707,111.584,66.8921,-16.8133,-16.813299999999998,
Tennessee Martin,2007,94.1183,111.137,66.0654,-17.0191,-17.018699999999995,
Western Illinois,2007,92.647,109.708,63.4101,-17.0606,-17.060999999999993,
St. Peter's,2007,88.808,106.03,63.3818,-17.2224,-17.221999999999994,
Grambling St.,2007,93.74,111.411,66.8599,-17.671,-17.671000000000006,
UTSA,2007,86.4614,104.152,62.7556,-17.6906,-17.690600000000003,
Alabama St.,2007,90.8625,108.751,63.4575,-17.8883,-17.888500000000008,
UC Davis,2007,93.2189,111.128,68.6262,-17.909,-17.909099999999995,
South Dakota St.,2007,94.328,112.617,64.3552,-18.2887,-18.289,
Longwood,2007,91.2593,109.897,68.7144,-18.6379,-18.63770000000001,
Texas Southern,2007,89.4293,108.278,68.7707,-18.8491,-18.848700000000008,
Norfolk St.,2007,96.9171,115.941,65.9138,-19.0236,-19.023899999999998,
Iona,2007,87.4313,106.825,65.2273,-19.394,-19.39370000000001,
Charleston Southern,2007,95.3565,114.97,63.5429,-19.613,-19.613500000000002,
The Citadel,2007,92.204,112.405,59.1856,-20.201,-20.201000000000008,
Savannah St.,2007,87.7803,108.191,63.6369,-20.4106,-20.410700000000006,
Alcorn St.,2007,91.7945,113.288,68.8881,-21.4935,-21.493499999999997,
Denver,2007,92.9756,114.471,65.7865,-21.4951,-21.495400000000004,
Winston Salem St.,2007,89.9268,111.472,67.5051,-21.5451,-21.545199999999994,
Howard,2007,94.522,116.467,63.8792,-21.9447,-21.944999999999993,
Alabama A&M,2007,83.7228,106.723,70.3008,-23.0002,-23.000199999999992,
Prairie View A&M,2007,84.0083,107.726,69.1386,-23.7173,-23.717699999999994,
Bethune Cookman,2007,82.8608,107.589,59.4019,-24.7285,-24.7282,
NJIT,2007,85.273,110.276,64.8255,-25.0026,-25.003,
North Florida,2007,82.3571,108.472,62.4238,-26.1147,-26.11489999999999,
Maryland Eastern Shore,2007,86.641,113.655,66.9768,-27.0145,-27.013999999999996,
Kansas,2008,121.433,87.4681,66.8546,33.9647,33.9649,1.0
UCLA,2008,118.735,88.16,63.1761,30.5753,30.575000000000003,1.0
Memphis,2008,114.695,85.3169,67.7113,29.3779,29.37809999999999,1.0
North Carolina,2008,120.686,92.5415,71.9191,28.1446,28.144500000000008,1.0
Duke,2008,117.443,89.8149,70.9709,27.6285,27.628100000000003,2.0
Wisconsin,2008,113.619,86.2081,60.8809,27.4107,27.410899999999998,3.0
Georgetown,2008,114.989,90.0051,59.8577,24.9836,24.983900000000006,2.0
Texas,2008,119.757,94.9061,63.0818,24.8513,24.85090000000001,2.0
Stanford,2008,113.328,89.3924,62.7524,23.9361,23.935600000000008,3.0
Washington St.,2008,116.272,92.3676,57.7887,23.9044,23.90440000000001,4.0
Louisville,2008,111.828,88.6299,64.6887,23.198,23.198099999999997,3.0
Clemson,2008,114.102,91.7372,67.3837,22.3653,22.364800000000002,5.0
Xavier,2008,116.413,94.068,62.8978,22.3453,22.345,3.0
Drake,2008,119.786,97.4463,61.8906,22.3393,22.339700000000008,5.0
Tennessee,2008,117.787,95.4494,69.5841,22.3372,22.33760000000001,2.0
Marquette,2008,113.463,91.6188,66.3008,21.8442,21.8442,6.0
Michigan St.,2008,115.444,94.5625,62.7366,20.8814,20.881500000000003,5.0
Davidson,2008,114.056,93.5027,66.0806,20.5532,20.553299999999993,10.0
Arizona,2008,116.577,96.3494,62.8325,20.2271,20.227599999999995,10.0
West Virginia,2008,113.57,93.4302,63.0942,20.14,20.139799999999994,7.0
USC,2008,110.663,90.6973,64.6004,19.9654,19.9657,6.0
Texas A&M,2008,112.029,92.4268,61.5639,19.6026,19.602199999999996,9.0
Pittsburgh,2008,116.407,96.8952,63.1376,19.5116,19.511799999999994,4.0
Indiana,2008,114.362,94.8557,65.6213,19.5064,19.506299999999996,8.0
Gonzaga,2008,114.221,94.8911,65.1856,19.3301,19.32990000000001,7.0
Butler,2008,116.138,96.8401,58.5955,19.2975,19.2979,7.0
Notre Dame,2008,116.335,97.1396,68.9559,19.1955,19.195399999999992,5.0
Connecticut,2008,115.173,96.0511,66.6029,19.1215,19.121899999999997,4.0
Kansas St.,2008,113.383,94.4917,69.2125,18.8909,18.8913,11.0
Purdue,2008,109.692,91.6027,65.7787,18.089,18.089299999999994,6.0
New Mexico,2008,111.412,94.0257,63.9418,17.3867,17.386300000000006,
Oregon,2008,119.29,102.634,64.9184,16.6554,16.656000000000006,9.0
Ohio St.,2008,109.392,92.8876,62.3792,16.5042,16.50439999999999,
BYU,2008,106.852,90.7846,67.4202,16.0675,16.067400000000006,8.0
Mississippi St.,2008,107.347,91.5296,65.8268,15.8174,15.817399999999992,8.0
St. Mary's,2008,110.005,94.2943,65.4301,15.7105,15.710699999999989,10.0
Virginia Tech,2008,105.642,90.2631,65.3285,15.3791,15.378900000000002,
Baylor,2008,115.389,100.017,69.34,15.3717,15.372,11.0
Nebraska,2008,107.815,92.6866,60.882,15.1288,15.1284,
Oklahoma,2008,109.474,94.3986,62.5674,15.0751,15.075400000000002,6.0
Arizona St.,2008,110.561,95.5438,60.7725,15.0174,15.017200000000003,
Arkansas,2008,109.701,94.8336,66.2236,14.8678,14.86739999999999,9.0
St. Joseph's,2008,114.718,100.152,63.5629,14.5658,14.566000000000003,11.0
Miami FL,2008,112.167,97.7713,64.7318,14.3957,14.395700000000005,7.0
Western Kentucky,2008,111.076,97.011,66.5432,14.0646,14.064999999999998,12.0
Syracuse,2008,112.082,98.2166,69.1896,13.8655,13.865399999999994,
Kent St.,2008,108.462,94.6345,64.1316,13.8274,13.8275,9.0
Illinois,2008,107.536,93.8133,60.4286,13.723,13.722700000000003,
Illinois St.,2008,108.249,94.5428,61.6387,13.7059,13.706199999999995,
UNLV,2008,110.183,96.5636,63.0988,13.6193,13.619400000000013,8.0
Vanderbilt,2008,112.598,99.0821,67.6816,13.5159,13.515900000000002,4.0
Georgia Tech,2008,114.274,101.108,67.967,13.1658,13.165999999999997,
Missouri,2008,113.203,100.182,68.6262,13.0209,13.021,
Florida,2008,115.814,102.797,64.2035,13.0163,13.016999999999996,
Villanova,2008,108.903,95.9216,67.2121,12.9811,12.981400000000008,12.0
South Alabama,2008,112.779,100.155,64.0943,12.6239,12.623999999999995,10.0
California,2008,116.729,104.162,67.3719,12.5673,12.566999999999993,
Washington,2008,110.31,97.7962,67.7988,12.5135,12.513800000000003,
Florida St.,2008,108.995,96.5082,64.2429,12.4871,12.486800000000002,
Temple,2008,112.696,100.26,62.9596,12.4365,12.435999999999993,12.0
Southern Illinois,2008,105.694,93.3054,60.4818,12.3887,12.388599999999997,
Mississippi,2008,113.16,100.874,68.2651,12.2857,12.286000000000001,
Minnesota,2008,109.11,96.9058,64.5968,12.2047,12.2042,
UAB,2008,110.601,98.4045,65.838,12.1968,12.1965,
Creighton,2008,110.227,98.0522,64.4725,12.175,12.174800000000005,
Utah,2008,110.672,98.5717,61.6706,12.1006,12.10029999999999,
IUPUI,2008,116.536,104.641,60.2366,11.8951,11.894999999999996,
Maryland,2008,107.076,95.2435,69.5264,11.8327,11.832499999999996,
VCU,2008,104.276,92.5287,62.5945,11.7472,11.747299999999996,
Oklahoma St.,2008,109.552,98.0353,63.4968,11.5166,11.5167,
Massachusetts,2008,110.524,99.1462,73.5957,11.3777,11.377800000000008,
Dayton,2008,111.924,100.674,60.7477,11.2498,11.25,
Oral Roberts,2008,104.822,93.6893,62.6931,11.1323,11.1327,13.0
Rhode Island,2008,115.022,104.224,68.9743,10.7983,10.798000000000002,
Wake Forest,2008,107.562,96.7925,68.1494,10.7697,10.769499999999994,
Miami OH,2008,109.001,98.5274,57.3897,10.4732,10.473600000000005,
George Mason,2008,111.486,101.207,60.9624,10.2781,10.27900000000001,12.0
Houston,2008,113.018,102.793,68.6804,10.2248,10.224999999999994,
Akron,2008,111.242,101.088,62.6372,10.1543,10.15400000000001,
Texas Tech,2008,107.723,97.9257,66.8943,9.79764,9.797299999999993,
Duquesne,2008,108.725,98.9427,72.8319,9.78205,9.782299999999992,
Charlotte,2008,104.796,95.0726,66.031,9.72365,9.723400000000012,
Kentucky,2008,106.849,97.1469,61.9035,9.70175,9.702100000000002,11.0
Virginia,2008,110.486,101.223,67.2469,9.26255,9.263000000000005,
San Diego St.,2008,105.48,96.3687,63.5347,9.11087,9.1113,
Providence,2008,109.935,100.974,65.6222,8.96079,8.960999999999999,
Cal St. Fullerton,2008,112.978,104.103,70.926,8.87459,8.875,14.0
Alabama,2008,110.582,101.803,65.9977,8.77937,8.778999999999996,
Missouri St.,2008,108.134,99.3597,64.4373,8.77418,8.774299999999997,
Bradley,2008,110.915,102.21,67.4939,8.70515,8.705000000000013,
Stephen F. Austin,2008,107.926,99.5019,57.0009,8.42399,8.424099999999996,
Tulsa,2008,105.736,97.3733,63.9377,8.36295,8.362700000000004,
Western Michigan,2008,108.047,100.008,63.1024,8.03895,8.039000000000001,
Georgia,2008,104.018,96.1227,64.1104,7.89531,7.895300000000006,14.0
Ohio,2008,108.926,101.073,62.1965,7.85255,7.853000000000009,
Winthrop,2008,99.6932,92.3864,60.9746,7.30673,7.30680000000001,13.0
New Mexico St.,2008,108.085,101.149,69.0387,6.93614,6.935999999999993,
Nevada,2008,108.059,101.275,66.7498,6.78432,6.783999999999992,
Siena,2008,108.144,101.391,66.6906,6.75339,6.753,13.0
UCF,2008,108.865,102.144,63.4524,6.72104,6.720999999999989,
Cleveland St.,2008,103.115,96.484,64.1945,6.63127,6.631,
Southern Miss,2008,108.075,101.48,62.6991,6.59527,6.594999999999999,
UNC Greensboro,2008,107.772,101.547,63.8869,6.22529,6.2250000000000085,
Boston College,2008,108.69,102.555,63.6198,6.13421,6.134999999999991,
Cincinnati,2008,104.454,98.3385,62.89,6.11588,6.115499999999997,
UTEP,2008,106.982,101.072,69.8681,5.90948,5.909999999999997,
South Carolina,2008,108.669,102.778,64.1229,5.89035,5.890999999999991,
Portland St.,2008,108.411,102.574,65.7791,5.83665,5.837000000000003,16.0
Seton Hall,2008,110.406,104.659,68.5162,5.74623,5.747,
Utah St.,2008,115.111,109.404,62.0925,5.70688,5.707000000000008,
North Carolina St.,2008,107.245,101.867,62.0638,5.37791,5.378,
Illinois Chicago,2008,104.674,99.298,65.0432,5.3758,5.376000000000005,
UC Santa Barbara,2008,102.381,97.0189,64.3511,5.36232,5.362099999999998,
South Florida,2008,107.044,101.979,62.7589,5.06504,5.064999999999998,
Cornell,2008,110.651,105.607,67.2439,5.04434,5.043999999999997,14.0
Northern Iowa,2008,105.844,100.813,58.637,5.03027,5.030999999999992,
Wright St.,2008,103.78,98.7635,59.0204,5.01621,5.016500000000008,
LSU,2008,104.676,99.702,64.9504,4.97428,4.974000000000004,
DePaul,2008,111.409,106.458,65.0534,4.95108,4.951000000000008,
Valparaiso,2008,108.037,103.148,64.7873,4.88931,4.88900000000001,
Old Dominion,2008,106.356,101.542,62.2561,4.81419,4.813999999999993,
San Diego,2008,101.501,96.9684,62.4343,4.53284,4.532600000000002,13.0
Iowa St.,2008,101.645,97.2305,63.3686,4.4141,4.41449999999999,
Colorado,2008,104.597,100.223,60.1865,4.37425,4.373999999999995,
Rider,2008,108.141,103.905,68.1179,4.23565,4.236000000000004,
Boise St.,2008,108.605,104.484,70.2142,4.12039,4.121000000000009,14.0
UMBC,2008,113.762,109.662,63.0741,4.10027,4.099999999999994,15.0
Cal St. Northridge,2008,102.121,98.442,71.6194,3.67856,3.679000000000002,
Indiana St.,2008,105.878,102.283,63.7409,3.59536,3.594999999999999,
Penn St.,2008,107.661,104.098,62.799,3.56307,3.5630000000000024,
North Texas,2008,105.92,102.767,67.4816,3.15389,3.153000000000006,
Georgia Southern,2008,105.447,102.328,68.366,3.119,3.1189999999999998,
North Dakota St.,2008,106.965,103.849,66.3168,3.11607,3.1159999999999997,
Brown,2008,108.004,104.897,60.2885,3.10752,3.1069999999999993,
Sam Houston St.,2008,96.5227,93.5885,66.8973,2.93426,2.934200000000004,
Michigan,2008,104.411,101.593,63.5276,2.81808,2.817999999999998,
Oakland,2008,111.786,109.134,66.5008,2.65156,2.652000000000001,
Pacific,2008,107.135,104.495,63.006,2.64012,2.6400000000000006,
Niagara,2008,106.427,103.801,69.2122,2.62536,2.6260000000000048,
Belmont,2008,109.436,106.857,68.1091,2.57916,2.5790000000000077,15.0
Marshall,2008,105.924,103.771,62.2428,2.15286,2.153000000000006,
Iowa,2008,98.7262,96.6226,58.1897,2.10356,2.1036,
St. John's,2008,98.2567,96.2396,63.1832,2.01712,2.0170999999999992,
Green Bay,2008,106.884,104.893,64.7957,1.99162,1.9909999999999997,
Robert Morris,2008,102.81,100.864,68.242,1.94579,1.945999999999998,
Wichita St.,2008,104.19,102.395,59.8251,1.79517,1.7950000000000017,
Appalachian St.,2008,105.483,103.721,64.6131,1.76261,1.7620000000000005,
La Salle,2008,107.111,105.404,68.3042,1.70663,1.7070000000000078,
American,2008,108.308,106.622,59.5974,1.686,1.686000000000007,15.0
Northern Arizona,2008,105.683,104.032,65.578,1.65095,1.6510000000000105,
Santa Clara,2008,100.85,99.207,59.1722,1.64284,1.6430000000000007,
Auburn,2008,109.565,107.962,64.4248,1.60322,1.6029999999999944,
Marist,2008,105.944,104.428,62.6492,1.51626,1.5160000000000053,
Northeastern,2008,103.023,101.523,60.7174,1.50006,1.5,
Air Force,2008,100.78,99.3339,55.6405,1.44645,1.4461000000000013,
Richmond,2008,101.099,100.199,60.8051,0.899993,0.9000000000000057,
Saint Louis,2008,100.604,99.8639,57.8474,0.740232,0.7400999999999982,
Lamar,2008,108.114,107.398,69.2249,0.715912,0.7160000000000082,
UC Irvine,2008,104.184,103.508,62.2486,0.675594,0.6760000000000019,
UNC Wilmington,2008,108.104,107.64,65.8517,0.464197,0.46399999999999864,
Fordham,2008,102.926,102.47,61.224,0.455955,0.45600000000000307,
Chattanooga,2008,101.982,101.678,71.2812,0.303198,0.30400000000000205,
Austin Peay,2008,104.504,104.677,64.9848,-0.173098,-0.17300000000000182,15.0
Milwaukee,2008,100.577,100.78,66.4072,-0.20339,-0.20300000000000296,
Loyola MD,2008,107.772,108.014,64.0603,-0.242011,-0.24199999999999022,
Middle Tennessee,2008,104.818,105.088,61.5617,-0.270183,-0.269999999999996,
Morgan St.,2008,99.5103,99.8179,64.1152,-0.307581,-0.30759999999999366,
Tulane,2008,101.86,102.289,62.8787,-0.428806,-0.42900000000000205,
College of Charleston,2008,106.285,107.153,65.1032,-0.86828,-0.8680000000000092,
Mount St. Mary's,2008,99.0167,100.058,65.2309,-1.04085,-1.0413000000000068,16.0
Holy Cross,2008,101.057,102.134,58.9263,-1.07715,-1.0769999999999982,
UNC Asheville,2008,106.836,107.963,63.5909,-1.12711,-1.1269999999999953,
George Washington,2008,100.601,101.916,62.7072,-1.31558,-1.3149999999999977,
East Tennessee St.,2008,103.623,105.227,70.694,-1.60427,-1.6039999999999992,
TCU,2008,100.673,102.345,66.0575,-1.67181,-1.671999999999997,
Vermont,2008,100.711,102.446,68.1544,-1.73455,-1.7349999999999994,
Albany,2008,102.957,104.802,62.7037,-1.84494,-1.845000000000013,
Central Michigan,2008,103.02,104.928,67.2659,-1.90821,-1.9080000000000013,
UT Arlington,2008,101.14,103.138,68.0296,-1.99751,-1.9980000000000047,16.0
New Orleans,2008,104.573,106.576,67.5203,-2.00332,-2.003,
Buffalo,2008,100.527,102.831,70.6241,-2.30352,-2.304000000000002,
Eastern Michigan,2008,104.552,106.866,61.8152,-2.31414,-2.313999999999993,
Weber St.,2008,99.6461,102.105,63.3201,-2.45899,-2.4589,
Lafayette,2008,106.359,109.054,67.9329,-2.69522,-2.6950000000000074,
High Point,2008,103.055,105.765,61.2621,-2.71002,-2.7099999999999937,
Fresno St.,2008,98.7465,101.511,65.9625,-2.76459,-2.764499999999998,
William & Mary,2008,100.206,103.154,60.7645,-2.94782,-2.9479999999999933,
Northwestern,2008,105.293,108.283,60.3468,-2.98953,-2.989999999999995,
Rutgers,2008,95.783,98.7848,63.9376,-3.00178,-3.001800000000003,
Wyoming,2008,100.664,103.72,68.0034,-3.05561,-3.0559999999999974,
Gardner Webb,2008,103.435,106.552,69.4462,-3.1175,-3.1170000000000044,
Colgate,2008,97.9136,101.125,63.2693,-3.21124,-3.2113999999999976,
Montana,2008,106.819,110.041,61.5597,-3.22256,-3.221999999999994,
Arkansas Little Rock,2008,94.8857,98.1332,64.1091,-3.24753,-3.2475000000000023,
Elon,2008,97.6116,100.957,61.1578,-3.34585,-3.345399999999998,
Louisiana Lafayette,2008,97.4016,100.767,62.9108,-3.36517,-3.365399999999994,
IPFW,2008,100.599,104.14,64.9457,-3.54119,-3.540999999999997,
Lipscomb,2008,101.094,104.844,65.5886,-3.7505,-3.75,
Loyola Chicago,2008,99.9827,103.873,59.6592,-3.89027,-3.8903000000000105,
Navy,2008,101.268,105.163,72.6443,-3.8957,-3.894999999999996,
Murray St.,2008,104.107,108.148,63.1012,-4.04123,-4.040999999999997,
Central Connecticut,2008,104.164,108.206,61.8414,-4.04162,-4.042000000000002,
Bowling Green,2008,100.361,104.514,63.0147,-4.15281,-4.152999999999992,
Liberty,2008,103.561,108.017,61.6126,-4.4566,-4.455999999999989,
Southeastern Louisiana,2008,95.7673,100.253,63.4462,-4.48566,-4.485699999999994,
Delaware,2008,97.5834,102.099,64.2245,-4.5159,-4.515600000000006,
Sacred Heart,2008,101.551,106.354,67.283,-4.80274,-4.802999999999997,
Alabama St.,2008,102.016,106.844,63.7104,-4.82841,-4.827999999999989,
Wofford,2008,106.295,111.139,60.5238,-4.84456,-4.843999999999994,
Hampton,2008,94.3261,99.3321,65.8377,-5.00606,-5.006,
Evansville,2008,98.7572,103.851,62.1644,-5.09407,-5.093800000000002,
Utah Valley St.,2008,105.028,110.149,59.9594,-5.12102,-5.120999999999995,
Hofstra,2008,97.7538,102.93,66.5159,-5.17651,-5.176200000000009,
LIU Brooklyn,2008,100.471,105.701,68.7578,-5.23067,-5.22999999999999,
Jacksonville,2008,101.825,107.065,65.5068,-5.23935,-5.239999999999995,
Fairfield,2008,104.899,110.166,59.8171,-5.26749,-5.266999999999996,
James Madison,2008,103.774,109.074,67.9441,-5.30067,-5.299999999999997,
Southern Utah,2008,102.189,107.694,64.0391,-5.50539,-5.50500000000001,
St. Bonaventure,2008,104.433,110.182,64.1605,-5.74831,-5.748999999999995,
Toledo,2008,93.955,99.7089,63.6821,-5.7539,-5.753900000000002,
Youngstown St.,2008,97.7629,103.621,66.5288,-5.85772,-5.858099999999993,
Binghamton,2008,99.7937,105.699,61.6682,-5.90551,-5.905299999999997,
Florida Atlantic,2008,102.484,108.394,68.0245,-5.90941,-5.910000000000011,
Iona,2008,94.8161,100.833,65.6432,-6.01696,-6.016899999999993,
Pepperdine,2008,99.9238,106.073,72.0357,-6.14923,-6.149199999999993,
Boston University,2008,96.9937,103.146,62.4468,-6.15229,-6.152299999999997,
East Carolina,2008,103.468,109.847,64.5416,-6.37903,-6.378999999999991,
Wagner,2008,97.0884,103.559,66.7875,-6.47088,-6.470600000000005,
Montana St.,2008,104.925,111.555,65.7078,-6.62964,-6.63000000000001,
Tennessee St.,2008,103.992,110.724,67.8549,-6.73168,-6.731999999999999,
Hawaii,2008,102.067,108.967,66.1138,-6.89985,-6.900000000000006,
Northern Colorado,2008,100.098,107.005,66.9952,-6.90698,-6.9069999999999965,
Ball St.,2008,95.6213,102.632,60.4732,-7.01107,-7.0107,
Denver,2008,98.3114,105.348,54.4947,-7.03668,-7.036599999999993,
Yale,2008,99.9038,107.006,64.7072,-7.10247,-7.102199999999996,
McNeese St.,2008,96.4454,103.595,64.4808,-7.14933,-7.149599999999992,
Oregon St.,2008,95.4755,102.749,64.36,-7.27308,-7.2734999999999985,
Quinnipiac,2008,104.763,112.113,65.9578,-7.35026,-7.349999999999994,
Nicholls St.,2008,94.8164,102.2,64.1662,-7.38365,-7.383600000000001,
Towson,2008,99.0605,106.461,64.8484,-7.40044,-7.400499999999994,
Troy,2008,104.407,111.85,69.5397,-7.44342,-7.442999999999998,
Bucknell,2008,95.6584,103.137,61.5048,-7.47882,-7.4786,
Texas Pan American,2008,105.436,113.103,61.9646,-7.66752,-7.666999999999987,
Manhattan,2008,101.504,109.234,65.3826,-7.72959,-7.72999999999999,
Hartford,2008,102.326,110.057,65.8682,-7.73074,-7.731000000000009,
Eastern Washington,2008,96.3389,104.188,63.2959,-7.84925,-7.849100000000007,
Tennessee Martin,2008,105.953,114.091,67.475,-8.13807,-8.137999999999991,
Tennessee Tech,2008,99.8434,108.058,69.2441,-8.21471,-8.214600000000004,
Western Carolina,2008,98.1255,106.344,62.5756,-8.21809,-8.218499999999992,
Lehigh,2008,96.3615,104.618,63.5139,-8.25655,-8.256499999999988,
Detroit,2008,100.622,108.938,59.6835,-8.31575,-8.316000000000003,
San Francisco,2008,99.043,107.385,65.2491,-8.34236,-8.341999999999999,
Northwestern St.,2008,98.554,106.927,71.9115,-8.37276,-8.373000000000005,
Western Illinois,2008,98.4923,106.897,65.5131,-8.40511,-8.404700000000005,
Georgia St.,2008,98.2487,106.662,61.5152,-8.41282,-8.413300000000007,
UMKC,2008,100.012,108.447,65.2351,-8.43457,-8.435000000000002,
VMI,2008,105.429,114.002,77.007,-8.57306,-8.572999999999993,
Drexel,2008,90.6744,99.2496,63.6863,-8.57528,-8.575199999999995,
San Jose St.,2008,97.7893,106.503,66.0806,-8.71351,-8.713700000000003,
Texas St.,2008,100.861,109.783,77.3752,-8.92161,-8.921999999999997,
FIU,2008,92.9215,101.886,65.7262,-8.96477,-8.964500000000001,
Chicago St.,2008,102.217,111.401,70.2006,-9.18382,-9.183999999999997,
Columbia,2008,97.1556,106.361,61.2432,-9.2054,-9.205399999999997,
Army,2008,89.2364,98.6651,62.2383,-9.42866,-9.428699999999992,
Colorado St.,2008,101.916,111.354,62.9576,-9.43746,-9.438000000000002,
Portland,2008,98.9172,108.448,61.9424,-9.5308,-9.5308,
Cal Poly,2008,95.1362,104.669,64.5269,-9.53333,-9.532799999999995,
Northern Illinois,2008,96.8732,106.507,68.8029,-9.63359,-9.633800000000008,
Louisiana Monroe,2008,101.968,112.008,64.5016,-10.0404,-10.039999999999992,
Texas A&M Corpus Christi,2008,96.6362,106.886,62.9549,-10.2494,-10.249799999999993,
Arkansas St.,2008,104.791,115.089,63.4691,-10.2982,-10.298000000000002,
Centenary,2008,99.9144,110.223,66.7277,-10.3086,-10.308599999999998,
South Dakota St.,2008,99.0563,109.416,63.8228,-10.3599,-10.359700000000004,
Stetson,2008,93.4198,103.924,63.8452,-10.5044,-10.504200000000012,
Delaware St.,2008,101.482,112.418,54.831,-10.9359,-10.936000000000007,
New Hampshire,2008,97.0602,108.423,64.5178,-11.363,-11.362800000000007,
Eastern Kentucky,2008,97.503,108.974,59.4054,-11.4706,-11.471000000000004,
Central Arkansas,2008,94.1728,105.743,64.3832,-11.5702,-11.5702,
Harvard,2008,99.7434,111.39,66.3005,-11.6471,-11.646600000000007,
UTSA,2008,94.6634,106.324,62.7395,-11.6602,-11.660600000000002,
St. Peter's,2008,94.4837,106.225,66.4295,-11.7409,-11.741299999999995,
Mercer,2008,97.4012,109.421,70.2078,-12.0199,-12.019800000000004,
Savannah St.,2008,87.9961,100.284,65.6146,-12.2882,-12.287900000000008,
Coastal Carolina,2008,99.0216,111.35,62.9516,-12.3287,-12.328399999999988,
SMU,2008,94.756,107.087,63.8258,-12.3308,-12.331000000000003,
USC Upstate,2008,93.3333,105.669,62.7013,-12.3354,-12.335700000000003,
Morehead St.,2008,95.0846,107.761,61.9507,-12.6765,-12.676400000000001,
Penn,2008,95.9653,108.707,67.8108,-12.7422,-12.741699999999994,
Campbell,2008,95.8837,108.759,67.8212,-12.8752,-12.875299999999996,
Norfolk St.,2008,96.835,109.803,68.0533,-12.9683,-12.968000000000004,
Idaho,2008,96.2586,109.466,63.5144,-13.2077,-13.207399999999993,
UC Riverside,2008,93.6816,106.994,61.1572,-13.3122,-13.312399999999997,
Presbyterian,2008,97.3939,111.101,57.8477,-13.7075,-13.707099999999997,
Idaho St.,2008,95.88,109.634,59.3942,-13.7542,-13.754000000000005,
Furman,2008,94.9002,108.787,63.3002,-13.8866,-13.886800000000008,
St. Francis NY,2008,92.7332,106.972,66.7463,-14.2387,-14.238799999999998,
Coppin St.,2008,92.4179,106.658,62.2413,-14.2405,-14.240099999999998,16.0
Radford,2008,95.8356,110.134,67.5859,-14.2986,-14.2984,
Samford,2008,96.8035,111.225,53.893,-14.4211,-14.421499999999995,
Long Beach St.,2008,96.3335,110.926,62.2301,-14.5921,-14.592500000000001,
Stony Brook,2008,92.2999,106.9,61.751,-14.6004,-14.600100000000012,
Florida A&M,2008,94.2169,108.85,64.9181,-14.6333,-14.633099999999999,
Fairleigh Dickinson,2008,99.7805,114.678,66.9306,-14.8978,-14.897499999999994,
Mississippi Valley St.,2008,92.1127,107.08,62.3905,-14.9674,-14.967299999999994,16.0
Rice,2008,86.5477,101.554,64.492,-15.0066,-15.006299999999996,
North Carolina A&T,2008,95.8865,111.206,66.6695,-15.3197,-15.319500000000005,
Canisius,2008,94.7309,110.13,63.3606,-15.399,-15.39909999999999,
Florida Gulf Coast,2008,94.3783,109.791,66.7924,-15.4127,-15.412700000000001,
Monmouth,2008,92.8728,108.369,59.6896,-15.4961,-15.496200000000002,
Southeast Missouri St.,2008,95.9771,111.519,73.7425,-15.5416,-15.541900000000012,
Princeton,2008,93.2562,108.875,58.2007,-15.6187,-15.618799999999993,
Kennesaw St.,2008,94.125,109.842,67.5036,-15.7172,-15.716999999999999,
Dartmouth,2008,92.2791,108.158,63.9365,-15.8784,-15.878900000000002,
Southern,2008,89.9296,106.032,62.5954,-16.1022,-16.102400000000003,
Jackson St.,2008,92.8615,108.97,69.3209,-16.108,-16.108499999999992,
South Carolina St.,2008,95.4858,112.027,69.6551,-16.5413,-16.541200000000003,
Charleston Southern,2008,98.8771,115.494,67.6951,-16.6166,-16.6169,
Alabama A&M,2008,89.2689,106.009,67.5386,-16.7398,-16.740099999999998,
Cal St. Bakersfield,2008,96.4741,113.54,64.4884,-17.0663,-17.0659,
St. Francis PA,2008,96.9409,114.141,60.2166,-17.2001,-17.200100000000006,
UC Davis,2008,97.9658,115.374,62.2354,-17.4084,-17.408199999999994,
Maine,2008,92.3749,110.207,65.5872,-17.8322,-17.832099999999997,
Winston Salem St.,2008,89.618,107.736,64.9701,-18.1175,-18.11800000000001,
Bethune Cookman,2008,92.0879,110.415,57.1959,-18.3271,-18.3271,
Eastern Illinois,2008,95.6515,114.038,60.9712,-18.3867,-18.386499999999998,
Jacksonville St.,2008,97.1824,115.645,66.6403,-18.4628,-18.462599999999995,
Longwood,2008,97.8792,116.434,65.7973,-18.5551,-18.5548,
Louisiana Tech,2008,93.1921,112.2,62.5439,-19.0075,-19.007900000000006,
Arkansas Pine Bluff,2008,87.4973,107.086,62.0268,-19.5883,-19.588700000000003,
The Citadel,2008,94.5151,116.117,61.4303,-21.602,-21.6019,
Prairie View A&M,2008,89.5041,111.3,68.7337,-21.7959,-21.795900000000003,
Loyola Marymount,2008,91.2182,113.318,67.5498,-22.1003,-22.099800000000002,
Sacramento St.,2008,90.0046,112.142,67.981,-22.1377,-22.1374,
Howard,2008,85.8144,108.998,62.0021,-23.184,-23.1836,
Texas Southern,2008,88.1185,111.347,66.7216,-23.2286,-23.228499999999997,
North Carolina Central,2008,85.147,108.384,67.7365,-23.2369,-23.236999999999995,
North Florida,2008,86.0909,109.837,63.7152,-23.746,-23.7461,
Grambling St.,2008,90.7259,115.03,67.673,-24.3044,-24.304100000000005,
Alcorn St.,2008,93.2823,118.096,67.0995,-24.8141,-24.813699999999997,
Maryland Eastern Shore,2008,86.0525,114.267,66.4598,-28.2145,-28.2145,
NJIT,2008,77.1281,109.927,69.0839,-32.7985,-32.7989,
Air Force,2009,98.4447,103.649,57.2841,-5.20376,-5.2043000000000035,
Akron,2009,102.057,95.0743,64.5005,6.9826,6.982700000000008,13.0
Alabama,2009,105.597,98.9612,66.8696,6.63599,6.635799999999989,
Alabama A&M,2009,85.729,106.133,69.4853,-20.4043,-20.403999999999996,
Alabama St.,2009,101.941,103.957,62.7485,-2.01623,-2.015999999999991,16.0
Albany,2009,96.7247,103.89,63.6401,-7.16505,-7.165300000000002,
Alcorn St.,2009,91.878,118.029,71.7639,-26.1513,-26.150999999999996,
American,2009,104.705,100.204,59.7892,4.50143,4.501000000000005,14.0
Appalachian St.,2009,100.963,109.246,69.0397,-8.28334,-8.283000000000001,
Arizona,2009,117.23,101.217,63.6396,16.0133,16.013000000000005,12.0
Arizona St.,2009,117.682,94.244,58.5891,23.4381,23.438000000000002,6.0
Arkansas,2009,104.702,101.555,67.9087,3.14695,3.1469999999999914,
Arkansas Little Rock,2009,99.5738,98.4021,64.2481,1.17169,1.1717000000000013,
Arkansas Pine Bluff,2009,87.64,101.14,69.0532,-13.5004,-13.5,
Arkansas St.,2009,95.4796,100.839,63.631,-5.3594,-5.359399999999994,
Army,2009,87.8349,100.408,62.207,-12.5727,-12.573099999999997,
Auburn,2009,106.154,93.9604,67.1773,12.1939,12.19359999999999,
Austin Peay,2009,106.558,108.539,65.9363,-1.98079,-1.9809999999999945,
Ball St.,2009,94.8846,101.341,59.9904,-6.4569,-6.456399999999988,
Baylor,2009,114.336,99.7049,65.4082,14.6313,14.631100000000004,
Belmont,2009,105.705,102.518,67.903,3.18731,3.1869999999999976,
Bethune Cookman,2009,89.1245,100.874,59.1896,-11.7497,-11.749499999999998,
Binghamton,2009,101.747,102.618,66.5996,-0.871417,-0.8709999999999951,15.0
Boise St.,2009,102.734,101.26,67.703,1.47328,1.4739999999999895,
Boston College,2009,113.378,101.263,64.7471,12.1159,12.114999999999995,7.0
Boston University,2009,103.873,104.57,62.0329,-0.696231,-0.6969999999999885,
Bowling Green,2009,101.761,100.446,61.7094,1.31431,1.3149999999999977,
Bradley,2009,104.929,100.693,63.8783,4.23531,4.236000000000004,
Brown,2009,94.8823,108.694,63.5336,-13.8117,-13.811700000000002,
Bryant,2009,93.575,114.17,60.3093,-20.5953,-20.595,
Bucknell,2009,92.9454,106.087,66.6222,-13.1418,-13.141599999999997,
Buffalo,2009,101.794,97.4316,63.7803,4.36264,4.362399999999994,
Butler,2009,109.777,93.6264,61.9683,16.1506,16.150599999999997,9.0
BYU,2009,114.296,92.6399,68.4554,21.6562,21.65610000000001,8.0
Cal Poly,2009,97.386,106.718,64.3519,-9.33172,-9.332000000000008,
Cal St. Bakersfield,2009,99.7587,109.355,64.0979,-9.59581,-9.5963,
Cal St. Fullerton,2009,105.277,108.341,66.6346,-3.06425,-3.063999999999993,
Cal St. Northridge,2009,101.374,96.2591,71.325,5.11477,5.114899999999992,15.0
California,2009,116.839,98.6172,65.2261,18.2213,18.2218,7.0
Campbell,2009,95.5141,102.329,68.1713,-6.81464,-6.814899999999994,
Canisius,2009,93.4504,99.4989,65.8203,-6.04845,-6.048500000000004,
Centenary,2009,95.5902,102.922,65.332,-7.33142,-7.331800000000001,
Central Arkansas,2009,93.8501,110.953,63.9411,-17.1032,-17.102900000000005,
Central Connecticut,2009,97.3173,109.238,62.8509,-11.9211,-11.920699999999997,
Central Michigan,2009,98.69,106.36,61.8086,-7.66999,-7.670000000000002,
Charleston Southern,2009,96.2707,111.693,64.3505,-15.422,-15.422299999999993,
Charlotte,2009,103.291,101.56,64.8331,1.73046,1.7309999999999945,
Chattanooga,2009,104.271,108.116,68.6926,-3.84568,-3.844999999999999,16.0
Chicago St.,2009,105.608,111.58,73.484,-5.97238,-5.971999999999994,
Cincinnati,2009,108.292,99.6321,62.8679,8.66044,8.659900000000007,
Clemson,2009,116.758,96.4646,67.3639,20.2938,20.29339999999999,7.0
Cleveland St.,2009,104.438,92.7341,63.1428,11.7042,11.703900000000004,13.0
Coastal Carolina,2009,95.7909,107.157,65.5142,-11.3665,-11.366100000000003,
Colgate,2009,90.2502,105.403,60.2648,-15.1533,-15.1528,
College of Charleston,2009,108.522,107.632,65.5913,0.889763,0.8900000000000006,
Colorado,2009,100.754,102.093,61.0037,-1.33859,-1.3389999999999986,
Colorado St.,2009,106.802,107.734,65.7948,-0.932145,-0.931999999999988,
Columbia,2009,90.4868,101.35,63.4337,-10.8627,-10.863199999999992,
Connecticut,2009,114.597,86.5571,65.5863,28.0401,28.03989999999999,1.0
Coppin St.,2009,97.9809,107.125,63.8857,-9.14368,-9.144099999999995,
Cornell,2009,108.108,102.611,65.0003,5.49712,5.497,14.0
Creighton,2009,111.803,99.1071,66.6646,12.6959,12.695899999999995,
Dartmouth,2009,92.4331,108.518,63.7769,-16.0853,-16.084900000000005,
Davidson,2009,105.438,93.706,69.0647,11.7325,11.732,
Dayton,2009,103.115,93.6967,63.8365,9.41849,9.418299999999988,11.0
Delaware,2009,102.051,106.438,66.3257,-4.38778,-4.3870000000000005,
Delaware St.,2009,96.7302,113.234,57.5603,-16.504,-16.5038,
Denver,2009,102.276,105.826,55.4321,-3.54998,-3.549999999999997,
DePaul,2009,101.619,105.31,63.9408,-3.69149,-3.6910000000000025,
Detroit,2009,91.1143,100.567,63.1792,-9.45248,-9.452699999999993,
Drake,2009,101.588,99.5731,62.2398,2.01446,2.0148999999999972,
Drexel,2009,98.0174,95.7628,62.254,2.25464,2.2545999999999964,
Duke,2009,117.869,92.541,65.5211,25.3284,25.328000000000003,2.0
Duquesne,2009,113.802,104.97,68.4312,8.83224,8.832000000000008,
East Carolina,2009,110.2,114.203,63.9736,-4.00261,-4.003,
East Tennessee St.,2009,106.255,101.161,68.8103,5.09407,5.093999999999994,16.0
Eastern Illinois,2009,96.9213,106.465,61.0031,-9.5434,-9.543700000000001,
Eastern Kentucky,2009,111.988,111.384,58.6566,0.603726,0.6039999999999992,
Eastern Michigan,2009,89.7372,104.696,60.5676,-14.9587,-14.958799999999997,
Eastern Washington,2009,97.478,104.837,62.9979,-7.35938,-7.359000000000009,
Elon,2009,94.4309,107.055,63.3088,-12.6241,-12.624100000000013,
Evansville,2009,102.619,98.383,65.5474,4.23639,4.236000000000004,
Fairfield,2009,102.854,103.584,62.9993,-0.730267,-0.730000000000004,
Fairleigh Dickinson,2009,91.0168,112.541,67.1021,-21.5239,-21.524199999999993,
FIU,2009,96.8406,105.868,63.613,-9.02721,-9.0274,
Florida,2009,114.708,98.6018,65.2533,16.1061,16.1062,
Florida A&M,2009,90.2555,110.125,65.4994,-19.8694,-19.869500000000002,
Florida Atlantic,2009,100.992,112.72,63.4879,-11.7277,-11.727999999999994,
Florida Gulf Coast,2009,91.6794,105.066,68.637,-13.3866,-13.386600000000001,
Florida St.,2009,105.685,89.7283,65.4367,15.9569,15.956699999999998,5.0
Fordham,2009,92.6824,111.604,66.052,-18.9216,-18.921599999999998,
Fresno St.,2009,99.4418,103.001,65.78,-3.55918,-3.559200000000004,
Furman,2009,90.8326,110.161,63.163,-19.3285,-19.328400000000002,
Gardner Webb,2009,101.249,106.896,67.8852,-5.64701,-5.647000000000006,
George Mason,2009,103.491,96.0831,61.5069,7.40753,7.407899999999998,
George Washington,2009,101.854,104.125,62.3717,-2.2715,-2.271000000000001,
Georgetown,2009,109.592,92.7719,62.3885,16.82,16.820099999999996,
Georgia,2009,95.055,97.9646,67.437,-2.90963,-2.9095999999999975,
Georgia Southern,2009,97.5843,112.444,68.1646,-14.8601,-14.859700000000004,
Georgia St.,2009,98.0067,104.084,59.462,-6.07705,-6.077300000000008,
Georgia Tech,2009,100.062,93.1801,69.8153,6.88164,6.881900000000002,
Gonzaga,2009,116.862,90.9086,66.4288,25.9534,25.953399999999988,4.0
Grambling St.,2009,89.4174,116.315,61.1429,-26.8975,-26.897599999999997,
Green Bay,2009,113.06,102.264,64.2184,10.7959,10.796000000000006,
Hampton,2009,85.9231,95.9235,62.8146,-10.0003,-10.000399999999999,
Hartford,2009,91.6041,107.719,62.7663,-16.1153,-16.11489999999999,
Harvard,2009,101.914,109.704,64.409,-7.78978,-7.789999999999992,
Hawaii,2009,96.9146,100.823,63.2271,-3.90841,-3.9084000000000003,
High Point,2009,90.5988,105.102,62.9203,-14.503,-14.503200000000007,
Hofstra,2009,97.1391,98.2049,66.2845,-1.06583,-1.0657999999999959,
Holy Cross,2009,98.2891,99.7632,63.8914,-1.47411,-1.4740999999999929,
Houston,2009,110.131,98.1508,68.2519,11.9803,11.980199999999996,
Houston Baptist,2009,95.3911,113.433,69.7033,-18.0416,-18.041900000000012,
Howard,2009,90.4917,110.354,64.6418,-19.8625,-19.862300000000005,
Idaho,2009,103.796,103.056,61.4635,0.73957,0.7400000000000091,
Idaho St.,2009,102.546,104.677,61.8724,-2.13054,-2.1310000000000002,
Illinois,2009,106.425,87.3285,61.8419,19.0963,19.096499999999992,5.0
Illinois Chicago,2009,105.236,102.092,64.4415,3.1447,3.1440000000000055,
Illinois St.,2009,108.469,95.7094,63.4267,12.7593,12.759599999999992,
Indiana,2009,98.5931,102.756,64.7284,-4.16299,-4.162899999999993,
Indiana St.,2009,102.406,105.507,62.6644,-3.10105,-3.100999999999999,
Iona,2009,95.5411,98.1813,63.1677,-2.64017,-2.640199999999993,
Iowa,2009,108.086,99.8382,56.9473,8.2476,8.247799999999998,
Iowa St.,2009,102.019,97.7815,63.0457,4.23733,4.237500000000011,
IPFW,2009,102.017,106.39,64.6181,-4.37245,-4.373000000000005,
IUPUI,2009,103.459,104.266,60.5438,-0.806524,-0.8070000000000022,
Jackson St.,2009,97.6398,104.519,67.2301,-6.87923,-6.8792000000000115,
Jacksonville,2009,107.895,103.89,65.5936,4.00432,4.0049999999999955,
Jacksonville St.,2009,99.7271,107.874,63.5828,-8.14716,-8.146900000000002,
James Madison,2009,105.19,103.388,65.1557,1.80122,1.8019999999999925,
Kansas,2009,114.807,91.6765,66.4233,23.1309,23.130499999999998,3.0
Kansas St.,2009,109.135,94.4566,66.8055,14.6783,14.67840000000001,
Kennesaw St.,2009,89.1141,112.77,60.9771,-23.6557,-23.655900000000003,
Kent St.,2009,102.873,99.49,65.2598,3.38303,3.3830000000000098,
Kentucky,2009,106.566,92.0341,66.6626,14.5319,14.531900000000007,
La Salle,2009,105.32,100.115,66.0082,5.2044,5.204999999999998,
Lafayette,2009,94.6477,111.855,67.7949,-17.2076,-17.207300000000004,
Lamar,2009,99.9828,103.913,65.7588,-3.92985,-3.9301999999999992,
Lehigh,2009,93.5048,102.398,65.4012,-8.89361,-8.893199999999993,
Liberty,2009,105.599,107.642,64.0127,-2.04254,-2.042999999999992,
Lipscomb,2009,104.886,104.688,67.0271,0.197695,0.1979999999999933,
LIU Brooklyn,2009,100.21,106.916,66.7304,-6.70625,-6.706000000000003,
Long Beach St.,2009,104.127,104.38,65.2324,-0.252927,-0.2530000000000001,
Longwood,2009,96.5144,112.172,73.0944,-15.6573,-15.657600000000002,
Louisiana Lafayette,2009,96.8923,105.007,65.2606,-8.11487,-8.1147,
Louisiana Monroe,2009,96.6582,109.746,66.6837,-13.0873,-13.087800000000001,
Louisiana Tech,2009,101.059,100.839,61.881,0.219524,0.21999999999999886,
Louisville,2009,109.217,83.849,66.967,25.3676,25.367999999999995,1.0
Loyola Chicago,2009,99.4584,105.028,63.1058,-5.56918,-5.569600000000008,
Loyola Marymount,2009,88.8754,107.351,63.4525,-18.4756,-18.4756,
Loyola MD,2009,102.332,107.295,64.9211,-4.96243,-4.963000000000008,
LSU,2009,110.576,95.8662,65.4797,14.7097,14.709799999999987,8.0
Maine,2009,97.1663,110.434,63.6297,-13.2678,-13.26769999999999,
Manhattan,2009,97.1423,99.5135,64.687,-2.37122,-2.3711999999999875,
Marist,2009,94.031,101.614,66.1637,-7.58249,-7.582999999999998,
Marquette,2009,117.058,96.076,67.198,20.9824,20.982000000000014,6.0
Marshall,2009,106.765,105.728,63.9763,1.03751,1.0370000000000061,
Maryland,2009,108.705,95.4167,65.5865,13.2883,13.288299999999992,10.0
Maryland Eastern Shore,2009,88.7023,116.521,62.8505,-27.8187,-27.818700000000007,
Massachusetts,2009,104.664,102.539,67.7676,2.12474,2.125,
McNeese St.,2009,93.7034,99.5624,64.0805,-5.85902,-5.858999999999995,
Memphis,2009,110.759,81.3187,64.5834,29.4398,29.440299999999993,2.0
Mercer,2009,104.566,109.222,66.7989,-4.65646,-4.655999999999992,
Miami FL,2009,111.213,95.8537,63.5756,15.3593,15.35929999999999,
Miami OH,2009,103.223,95.7578,59.8119,7.46484,7.465199999999996,
Michigan,2009,112.016,97.5173,62.0992,14.4984,14.4987,10.0
Michigan St.,2009,112.732,89.9494,65.9592,22.7829,22.782600000000002,2.0
Middle Tennessee,2009,103.997,104.236,62.5532,-0.239066,-0.23900000000000432,
Milwaukee,2009,104.189,103.132,65.9576,1.05687,1.056999999999988,
Minnesota,2009,107.586,91.8263,63.7652,15.7592,15.759699999999995,10.0
Mississippi,2009,111.096,103.824,65.5549,7.27273,7.272000000000006,
Mississippi St.,2009,107.733,95.9223,66.7566,11.8111,11.810699999999997,13.0
Mississippi Valley St.,2009,93.6731,112.318,65.6783,-18.6449,-18.644899999999993,
Missouri,2009,114.53,91.046,69.8579,23.484,23.483999999999995,3.0
Missouri St.,2009,99.2512,101.767,61.5813,-2.51605,-2.5157999999999987,
Monmouth,2009,93.4141,112.494,63.3094,-19.0799,-19.079899999999995,
Montana,2009,103.789,104.088,61.1703,-0.298523,-0.2989999999999924,
Montana St.,2009,100.682,106.443,64.084,-5.76156,-5.760999999999996,
Morehead St.,2009,102.308,102.325,64.5465,-0.017075,-0.016999999999995907,16.0
Morgan St.,2009,99.986,98.5712,64.8231,1.41474,1.4147999999999996,15.0
Mount St. Mary's,2009,101.277,99.3838,63.3619,1.89355,1.8932000000000073,
Murray St.,2009,102.527,100.074,61.7143,2.45275,2.453000000000003,
Navy,2009,98.2577,103.558,68.0618,-5.30055,-5.300300000000007,
Nebraska,2009,103.068,91.0298,61.6176,12.0385,12.038200000000003,
Nevada,2009,105.465,99.0951,65.53,6.36988,6.369900000000001,
New Hampshire,2009,96.6448,105.283,61.3955,-8.63802,-8.638199999999998,
New Mexico,2009,112.208,96.7668,63.3909,15.4413,15.441199999999995,
New Mexico St.,2009,109.154,105.606,68.4856,3.54822,3.548000000000002,
New Orleans,2009,91.3205,102.712,64.6901,-11.3912,-11.391500000000008,
Niagara,2009,109.374,98.2764,67.9689,11.0972,11.0976,
Nicholls St.,2009,101.514,101.893,58.5193,-0.37878,-0.3790000000000049,
NJIT,2009,71.1271,106.336,64.0825,-35.2087,-35.2089,
Norfolk St.,2009,97.1514,111.025,69.3025,-13.8739,-13.87360000000001,
North Carolina,2009,122.645,94.0872,72.454,28.5574,28.5578,1.0
North Carolina A&T,2009,91.2077,104.567,69.0769,-13.3597,-13.35929999999999,
North Carolina Central,2009,85.3316,114.21,68.3736,-28.8786,-28.8784,
North Carolina St.,2009,113.087,103.159,62.2232,9.92831,9.927999999999997,
North Dakota St.,2009,113.637,101.211,66.9142,12.4256,12.426000000000002,14.0
North Florida,2009,88.785,108.995,61.4886,-20.2101,-20.210000000000008,
North Texas,2009,108.536,107.709,67.401,0.826715,0.8269999999999982,
Northeastern,2009,105.753,99.3677,59.1151,6.38518,6.385300000000001,
Northern Arizona,2009,101.633,107.721,61.401,-6.0886,-6.088000000000008,
Northern Colorado,2009,103.113,106.034,65.736,-2.92079,-2.9210000000000065,
Northern Illinois,2009,94.2897,106.53,68.1622,-12.2401,-12.240300000000005,
Northern Iowa,2009,110.659,100.806,60.1385,9.85203,9.853000000000009,12.0
Northwestern,2009,110.854,98.6309,59.5789,12.2229,12.223100000000002,
Northwestern St.,2009,91.4226,107.564,74.1186,-16.1416,-16.14139999999999,
Notre Dame,2009,115.476,100.097,66.627,15.3787,15.379000000000005,
Oakland,2009,113.649,107.391,63.7872,6.25785,6.257999999999996,
Ohio,2009,101.484,102.163,64.405,-0.679194,-0.679000000000002,
Ohio St.,2009,113.731,97.2667,61.9585,16.4647,16.464299999999994,8.0
Oklahoma,2009,117.928,94.6403,66.283,23.2882,23.2877,2.0
Oklahoma St.,2009,115.065,97.2997,69.1545,17.7655,17.765299999999996,8.0
Old Dominion,2009,104.334,99.5915,60.8964,4.74238,4.742500000000007,
Oral Roberts,2009,102.532,94.7513,66.9237,7.78052,7.780699999999996,
Oregon,2009,103.877,103.468,67.5506,0.409889,0.4089999999999918,
Oregon St.,2009,103.375,100.367,57.7044,3.00847,3.0079999999999956,
Pacific,2009,108.675,103.421,57.3999,5.2542,5.253999999999991,
Penn,2009,95.5844,105.484,66.5831,-9.89936,-9.899599999999992,
Penn St.,2009,110.29,99.7014,61.0855,10.5882,10.5886,
Pepperdine,2009,92.5415,105.339,65.878,-12.7971,-12.7975,
Pittsburgh,2009,121.48,92.002,64.7792,29.4777,29.47800000000001,1.0
Portland,2009,106.66,101.26,63.5094,5.39933,5.3999999999999915,
Portland St.,2009,108.934,104.084,64.4177,4.85027,4.849999999999994,13.0
Prairie View A&M,2009,94.1212,105.588,66.3096,-11.4665,-11.466799999999992,
Presbyterian,2009,93.3266,100.882,59.7479,-7.5555,-7.555400000000006,
Princeton,2009,94.9973,103.736,56.928,-8.7383,-8.738700000000009,
Providence,2009,111.129,100.516,71.3289,10.6131,10.613,
Purdue,2009,110.175,88.2115,65.2998,21.9637,21.963499999999996,5.0
Quinnipiac,2009,96.8318,107.623,63.8564,-10.791,-10.791200000000003,
Radford,2009,101.326,101.791,68.3948,-0.465293,-0.4650000000000034,16.0
Rhode Island,2009,113.336,101.455,67.0798,11.8812,11.881,
Rice,2009,100.09,106.02,62.7848,-5.92966,-5.929999999999993,
Richmond,2009,106.532,101.534,62.9107,4.99861,4.9979999999999905,
Rider,2009,105.352,105.934,66.8703,-0.582382,-0.5819999999999936,
Robert Morris,2009,101.428,99.9183,65.4018,1.5095,1.5096999999999952,15.0
Rutgers,2009,98.0084,96.9997,63.5814,1.00869,1.0086999999999904,
Sacramento St.,2009,89.4098,113.909,62.9678,-24.4992,-24.499200000000002,
Sacred Heart,2009,103.494,105.614,67.3089,-2.1203,-2.1200000000000045,
St. Joseph's,2009,105.194,98.6746,63.3108,6.51897,6.5194000000000045,
Saint Louis,2009,101.328,99.6802,59.3937,1.64788,1.6478000000000037,
St. Mary's,2009,110.267,97.4637,65.2107,12.8036,12.803299999999993,
St. Peter's,2009,93.184,102.644,61.9909,-9.45968,-9.460000000000008,
Sam Houston St.,2009,107.015,103.363,65.4168,3.6515,3.652000000000001,
Samford,2009,100.9,108.374,57.1847,-7.47461,-7.4739999999999895,
San Diego,2009,98.0289,97.6602,61.5139,0.36871,0.3686999999999898,
San Diego St.,2009,109.819,93.3221,60.947,16.4968,16.496899999999997,
San Francisco,2009,103.921,110.575,63.9895,-6.6536,-6.653999999999996,
San Jose St.,2009,101.312,103.699,65.534,-2.3866,-2.3870000000000005,
Santa Clara,2009,101.455,98.9725,63.0988,2.4823,2.4825000000000017,
Savannah St.,2009,85.4665,101.265,62.673,-15.7982,-15.798500000000004,
Seton Hall,2009,110.252,100.098,67.0301,10.1542,10.153999999999996,
Siena,2009,110.158,98.4844,70.1991,11.6737,11.673600000000008,9.0
SIU Edwardsville,2009,90.7581,104.541,68.8155,-13.7829,-13.782899999999998,
SMU,2009,101.417,104.668,62.9608,-3.25086,-3.2510000000000048,
South Alabama,2009,102.363,103.808,62.5524,-1.44532,-1.4450000000000074,
South Carolina,2009,107.759,95.8102,71.8345,11.9487,11.948800000000006,
South Carolina St.,2009,96.1108,106.331,67.9187,-10.2201,-10.220200000000006,
South Dakota St.,2009,104.527,108.546,63.906,-4.01952,-4.0190000000000055,
South Florida,2009,101.099,98.8631,60.1953,2.23614,2.235900000000001,
Southeast Missouri St.,2009,94.4852,116.538,69.0381,-22.0533,-22.05279999999999,
Southeastern Louisiana,2009,100.074,103.003,64.4255,-2.9287,-2.929000000000002,
Southern,2009,90.973,110.632,64.0553,-19.6588,-19.659000000000006,
Southern Illinois,2009,102.021,100.892,63.0245,1.12921,1.1290000000000049,
Southern Miss,2009,106.456,104.581,61.8928,1.87461,1.875,
Southern Utah,2009,101.719,107.05,61.922,-5.33144,-5.331000000000003,
St. Bonaventure,2009,98.1725,100.475,69.4702,-2.30242,-2.302499999999995,
St. Francis NY,2009,95.5755,109.309,65.5098,-13.7336,-13.733499999999992,
St. Francis PA,2009,94.0092,113.269,61.5815,-19.26,-19.2598,
St. John's,2009,102.323,98.3914,64.3214,3.93178,3.931599999999989,
Stanford,2009,111.621,98.0584,66.9922,13.5622,13.562599999999989,
Stephen F. Austin,2009,97.6543,90.9171,61.6881,6.73718,6.737200000000001,14.0
Stetson,2009,95.6574,103.823,66.548,-8.1652,-8.165599999999998,
Stony Brook,2009,97.7153,100.221,62.1712,-2.50581,-2.5057000000000045,
Syracuse,2009,116.963,95.2698,69.2046,21.693,21.69319999999999,3.0
TCU,2009,103.33,99.6654,62.2265,3.66415,3.664599999999993,
Temple,2009,109.311,94.9885,62.8987,14.3226,14.322500000000005,11.0
Tennessee,2009,114.801,98.2193,67.356,16.5817,16.581699999999998,9.0
Tennessee Martin,2009,107.611,103.981,67.3939,3.6299,3.6300000000000097,
Tennessee St.,2009,101.055,111.193,67.9326,-10.1384,-10.137999999999991,
Tennessee Tech,2009,97.3977,104.06,70.7876,-6.66254,-6.662300000000002,
Texas,2009,110.7,92.1925,64.8728,18.5075,18.507500000000007,7.0
Texas A&M,2009,112.024,97.6525,63.1826,14.3716,14.371499999999997,9.0
Texas A&M Corpus Christi,2009,99.5689,99.289,65.7566,0.279812,0.2798999999999978,
Texas Pan American,2009,93.4253,112.008,61.9783,-18.5823,-18.582700000000003,
Texas Southern,2009,93.0606,111.421,66.086,-18.3608,-18.360400000000013,
Texas St.,2009,102.109,105.905,73.2411,-3.7965,-3.7960000000000065,
Texas Tech,2009,108.863,102.307,70.7192,6.55654,6.555999999999997,
The Citadel,2009,102.31,105.353,60.6619,-3.04222,-3.042999999999992,
Toledo,2009,92.13,105.483,64.1804,-13.3527,-13.353000000000009,
Towson,2009,100.542,109.002,65.0584,-8.45918,-8.459999999999994,
Troy,2009,108.014,109.439,68.9828,-1.4252,-1.4249999999999972,
Tulane,2009,98.4412,99.1083,64.066,-0.667066,-0.6671000000000049,
Tulsa,2009,106.458,93.1195,63.3274,13.3389,13.338499999999996,
UAB,2009,109.716,95.817,65.7822,13.8991,13.899000000000001,
UC Davis,2009,104.93,109.601,68.8542,-4.67078,-4.670999999999992,
UC Irvine,2009,103.823,108.009,61.9322,-4.18623,-4.186000000000007,
UC Riverside,2009,97.2784,101.779,59.2349,-4.50096,-4.5005999999999915,
UC Santa Barbara,2009,99.4894,99.4531,64.318,0.0362603,0.03629999999999711,
UCF,2009,105.564,103.064,65.2639,2.49942,2.5,
UCLA,2009,119.973,94.8599,64.4791,25.1136,25.113100000000003,6.0
UMBC,2009,101.529,110.174,62.9306,-8.64535,-8.64500000000001,
UMKC,2009,99.0531,109.932,64.8422,-10.8785,-10.878900000000002,
UNC Asheville,2009,101.651,110.085,67.0765,-8.43363,-8.433999999999997,
UNC Greensboro,2009,92.9615,111.956,64.1606,-18.9941,-18.994500000000002,
UNC Wilmington,2009,98.5244,113.598,70.0129,-15.0739,-15.073599999999999,
UNLV,2009,106.746,94.7334,64.614,12.0121,12.012599999999992,
USC,2009,109.428,91.7696,62.8813,17.6587,17.6584,10.0
USC Upstate,2009,92.8036,104.359,61.824,-11.5555,-11.555399999999992,
UT Arlington,2009,108.985,106.903,68.2828,2.08167,2.0819999999999936,
Utah,2009,110.948,91.91,64.0174,19.0381,19.037999999999997,5.0
Utah St.,2009,117.04,101.747,59.522,15.293,15.293000000000006,11.0
Utah Valley,2009,103.751,105.633,59.8977,-1.88277,-1.8819999999999908,
UTEP,2009,106.067,95.719,69.7387,10.3485,10.347999999999999,
UTSA,2009,101.682,103.915,68.2457,-2.23331,-2.233000000000004,
Valparaiso,2009,99.3211,104.501,62.4835,-5.18008,-5.1799000000000035,
Vanderbilt,2009,107.284,97.281,64.5743,10.0034,10.003,
VCU,2009,109.286,96.5255,65.3295,12.7601,12.760500000000008,11.0
Vermont,2009,108.168,99.6596,68.4103,8.50875,8.508400000000009,
Villanova,2009,113.638,91.9303,66.8453,21.7081,21.707700000000003,3.0
Virginia,2009,103.132,97.2184,66.5527,5.9132,5.913600000000002,
Virginia Tech,2009,110.049,97.6141,64.6508,12.4344,12.434900000000013,
VMI,2009,108.174,108.361,79.4805,-0.186629,-0.1869999999999976,
Wagner,2009,97.1686,107.538,65.7542,-10.3692,-10.369399999999999,
Wake Forest,2009,111.358,91.0587,72.3248,20.299,20.299300000000002,4.0
Washington,2009,112.741,90.8054,71.7787,21.9358,21.935599999999994,4.0
Washington St.,2009,104.922,89.8119,56.8184,15.11,15.110100000000003,
Weber St.,2009,103.458,98.5793,66.2067,4.87867,4.878699999999995,
West Virginia,2009,114.693,89.6619,63.2031,25.031,25.031099999999995,6.0
Western Carolina,2009,100.39,107.097,67.0541,-6.7062,-6.706999999999994,
Western Illinois,2009,97.0051,110.233,57.827,-13.2282,-13.227900000000005,
Western Kentucky,2009,109.869,102.838,64.2906,7.03093,7.031000000000006,12.0
Western Michigan,2009,97.987,105.229,62.8825,-7.24208,-7.242000000000004,
Wichita St.,2009,101.901,98.9991,61.6502,2.90193,2.9018999999999977,
William & Mary,2009,95.7203,102.312,60.3725,-6.59145,-6.591700000000003,
Winston Salem St.,2009,83.5374,107.46,66.6691,-23.9228,-23.92259999999999,
Winthrop,2009,91.678,102.159,61.1129,-10.4814,-10.481000000000009,
Wisconsin,2009,113.854,95.8886,58.4386,17.9651,17.965400000000002,12.0
Wofford,2009,105.724,110.971,61.2153,-5.24766,-5.247,
Wright St.,2009,100.315,93.2857,60.9204,7.02957,7.029299999999992,
Wyoming,2009,107.4,103.688,68.8961,3.71208,3.7120000000000033,
Xavier,2009,111.158,92.0625,65.3071,19.0951,19.0955,4.0
Yale,2009,94.9077,101.954,64.7357,-7.04599,-7.046299999999988,
Youngstown St.,2009,101.345,106.42,65.0005,-5.07435,-5.075000000000003,
Air Force,2010,96.7489,104.867,56.9537,-8.11778,-8.118099999999998,
Akron,2010,104.979,99.5146,64.8245,5.464,5.464399999999998,
Alabama,2010,107.245,95.0116,63.9164,12.2332,12.233400000000003,
Alabama A&M,2010,86.8857,107.126,69.7819,-20.2398,-20.240300000000005,
Alabama St.,2010,92.8981,106.055,64.8552,-13.1573,-13.156900000000007,
Albany,2010,96.6609,110.062,63.2557,-13.4012,-13.4011,
Alcorn St.,2010,80.5574,113.696,71.755,-33.1384,-33.1386,
American,2010,93.621,106.814,62.0241,-13.1926,-13.192999999999998,
Appalachian St.,2010,108.722,104.148,64.7502,4.57447,4.573999999999998,
Arizona,2010,108.228,98.947,67.1812,9.28084,9.280999999999992,
Arizona St.,2010,110.088,93.9936,60.4148,16.094,16.094399999999993,
Arkansas,2010,105.356,100.342,69.3508,5.01339,5.013999999999996,
Arkansas Little Rock,2010,99.182,111.164,65.1176,-11.9817,-11.982,
Arkansas Pine Bluff,2010,91.8221,99.7369,64.9785,-7.91476,-7.9148,16.0
Arkansas St.,2010,98.7304,101.683,66.1056,-2.95302,-2.952600000000004,
Army,2010,88.8668,98.7012,62.5239,-9.83448,-9.834400000000002,
Auburn,2010,109.363,102.559,68.659,6.80392,6.804000000000002,
Austin Peay,2010,103.27,107.018,65.6639,-3.74783,-3.7480000000000047,
Ball St.,2010,93.9931,99.7053,61.624,-5.71217,-5.712199999999996,
Baylor,2010,118.384,94.9837,64.0252,23.4007,23.4003,3.0
Belmont,2010,102.793,99.3597,68.4235,3.43312,3.4333000000000027,
Bethune Cookman,2010,93.5607,106.495,58.4898,-12.9344,-12.934300000000007,
Binghamton,2010,97.6652,108.906,62.1626,-11.2407,-11.240800000000007,
Boise St.,2010,102.02,100.65,69.0463,1.36999,1.3699999999999903,
Boston College,2010,110.456,99.5104,63.7051,10.9456,10.945599999999999,
Boston University,2010,101.605,99.1842,68.6043,2.42059,2.4208,
Bowling Green,2010,100.943,103.995,62.717,-3.05223,-3.0520000000000067,
Bradley,2010,105.747,100.502,64.5103,5.24513,5.2450000000000045,
Brown,2010,99.4592,111.95,65.6971,-12.491,-12.490800000000007,
Bryant,2010,79.0557,111.454,61.6653,-32.3988,-32.39829999999999,
Bucknell,2010,97.5726,105.759,63.4252,-8.18613,-8.186400000000006,
Buffalo,2010,106.182,104.852,67.7819,1.33041,1.3299999999999983,
Butler,2010,110.745,90.7154,63.243,20.0295,20.029600000000002,5.0
BYU,2010,117.315,92.8309,70.9239,24.4842,24.484099999999998,7.0
Cal Poly,2010,102.949,110.547,65.9837,-7.59788,-7.597999999999999,
Cal St. Bakersfield,2010,95.8806,107.746,66.6869,-11.8652,-11.865399999999994,
Cal St. Fullerton,2010,102.149,105.846,67.5356,-3.6971,-3.6970000000000027,
Cal St. Northridge,2010,97.3764,102.872,70.342,-5.49585,-5.495599999999996,
California,2010,119.968,97.7354,67.121,22.2322,22.232600000000005,8.0
Campbell,2010,100.045,99.4588,63.8184,0.586506,0.5862000000000052,
Canisius,2010,99.7764,102.643,65.185,-2.86664,-2.8666000000000054,
Centenary,2010,94.6685,113.013,69.3884,-18.3444,-18.34450000000001,
Central Arkansas,2010,91.6832,106.002,63.7502,-14.3185,-14.318799999999996,
Central Connecticut,2010,91.8213,107.491,62.9821,-15.6701,-15.669700000000006,
Central Michigan,2010,101.061,103.096,63.1456,-2.03549,-2.0349999999999966,
Charleston Southern,2010,94.5569,107.19,62.193,-12.6333,-12.633099999999999,
Charlotte,2010,108.305,100.542,66.6641,7.76254,7.763000000000005,
Chattanooga,2010,96.2669,105.006,68.4679,-8.73941,-8.739099999999993,
Chicago St.,2010,84.88,109.575,66.7213,-24.6947,-24.695000000000007,
Cincinnati,2010,106.323,93.4698,64.2938,12.853,12.853199999999987,
Clemson,2010,109.94,90.3071,67.2015,19.633,19.632899999999992,7.0
Cleveland St.,2010,105.025,103.502,64.0554,1.5229,1.5230000000000103,
Coastal Carolina,2010,102.093,98.9354,62.5502,3.15768,3.157600000000002,
Colgate,2010,97.357,110.169,65.1997,-12.8123,-12.811999999999998,
College of Charleston,2010,108.105,106.775,67.8921,1.3299,1.3299999999999983,
Colorado,2010,112.64,104.237,66.6131,8.40309,8.403000000000006,
Colorado St.,2010,101.541,97.8012,65.5168,3.73938,3.7398000000000025,
Columbia,2010,91.6495,105.5,63.5752,-13.8501,-13.850499999999997,
Connecticut,2010,107.123,91.4325,67.6268,15.6907,15.6905,
Coppin St.,2010,88.9192,108.274,64.583,-19.3544,-19.354799999999997,
Cornell,2010,115.443,101.891,63.4422,13.552,13.551999999999992,12.0
Creighton,2010,107.063,102.607,65.1422,4.45612,4.456000000000003,
Dartmouth,2010,81.94,106.537,63.0172,-24.5973,-24.59700000000001,
Davidson,2010,102.803,104.704,64.8694,-1.9014,-1.9009999999999962,
Dayton,2010,106.789,90.2501,64.3551,16.5385,16.538899999999998,
Delaware,2010,99.277,108.512,63.5979,-9.23495,-9.235,
Delaware St.,2010,96.4778,106.584,57.8684,-10.1062,-10.106200000000001,
Denver,2010,106.017,107.373,58.0615,-1.35556,-1.3560000000000088,
DePaul,2010,99.9618,99.6958,61.339,0.265995,0.26599999999999113,
Detroit,2010,100.178,96.2132,67.0753,3.9652,3.9647999999999968,
Drake,2010,106.775,107.102,62.6189,-0.326731,-0.3269999999999982,
Drexel,2010,100.016,97.3288,63.3113,2.68719,2.6872000000000043,
Duke,2010,119.296,87.7467,64.9637,31.5489,31.549300000000002,1.0
Duquesne,2010,102.207,99.1215,69.2979,3.08549,3.085499999999996,
East Carolina,2010,101.847,108.045,66.5803,-6.19747,-6.1980000000000075,
East Tennessee St.,2010,100.3,97.8928,66.1025,2.40771,2.407200000000003,16.0
Eastern Illinois,2010,99.5385,103.623,62.7843,-4.08454,-4.084500000000006,
Eastern Kentucky,2010,109.862,110.294,60.8685,-0.432592,-0.43200000000000216,
Eastern Michigan,2010,99.8174,101.181,64.8814,-1.3639,-1.363599999999991,
Eastern Washington,2010,96.3023,106.317,67.5579,-10.0147,-10.01469999999999,
Elon,2010,95.6347,106.118,66.5535,-10.4834,-10.4833,
Evansville,2010,97.0637,102.905,65.0403,-5.84175,-5.841300000000004,
Fairfield,2010,106.18,100.258,64.9005,5.92182,5.922000000000011,
Fairleigh Dickinson,2010,91.6863,109.251,66.6171,-17.565,-17.564700000000002,
FIU,2010,98.3876,112.814,66.6764,-14.4267,-14.426399999999987,
Florida,2010,112.433,97.4388,63.5599,14.9939,14.994200000000006,10.0
Florida A&M,2010,92.3961,113.291,66.5865,-20.8947,-20.894899999999993,
Florida Atlantic,2010,103.531,106.806,67.2513,-3.27454,-3.2749999999999915,
Florida Gulf Coast,2010,94.2994,108.335,66.2334,-14.036,-14.035599999999988,
Florida St.,2010,104.941,86.3361,64.8904,18.605,18.6049,9.0
Fordham,2010,92.8164,107.369,70.1498,-14.5529,-14.552599999999998,
Fresno St.,2010,99.8386,98.7944,65.0062,1.04415,1.0442000000000036,
Furman,2010,97.3926,104.687,67.1601,-7.29427,-7.294399999999996,
Gardner Webb,2010,89.902,110.302,69.3464,-20.4005,-20.400000000000006,
George Mason,2010,102.02,100.824,63.8527,1.19621,1.195999999999998,
George Washington,2010,102.805,97.6481,66.8441,5.1572,5.156900000000007,
Georgetown,2010,116.551,92.2687,65.0947,24.2828,24.282300000000006,3.0
Georgia,2010,109.338,100.909,63.7464,8.42874,8.428999999999988,
Georgia Southern,2010,97.4646,111.727,70.1872,-14.2626,-14.2624,
Georgia St.,2010,99.4156,103.07,61.2876,-3.65449,-3.6543999999999954,
Georgia Tech,2010,108.997,90.9613,67.9549,18.0357,18.035700000000006,10.0
Gonzaga,2010,112.378,95.585,67.0743,16.7934,16.793000000000006,8.0
Grambling St.,2010,88.4166,113.887,66.9836,-25.4701,-25.470399999999998,
Green Bay,2010,106.109,104.206,62.9367,1.90294,1.9029999999999916,
Hampton,2010,93.7434,99.8684,66.3819,-6.125,-6.125,
Hartford,2010,95.1841,111.292,62.4685,-16.1078,-16.1079,
Harvard,2010,106.976,100.2,66.6412,6.77585,6.775999999999996,
Hawaii,2010,101.076,107.515,63.5985,-6.43864,-6.439000000000007,
High Point,2010,96.9961,108.978,67.0212,-11.9819,-11.981899999999996,
Hofstra,2010,101.559,96.9264,68.7046,4.63276,4.6325999999999965,
Holy Cross,2010,101.824,109.166,64.726,-7.34199,-7.341999999999999,
Houston,2010,111.84,102.537,70.8516,9.30246,9.302999999999997,13.0
Houston Baptist,2010,93.3963,112.67,71.8438,-19.2739,-19.273700000000005,
Howard,2010,88.0448,109.98,63.9855,-21.9356,-21.93520000000001,
Idaho,2010,105.379,102.334,64.5617,3.0453,3.0450000000000017,
Idaho St.,2010,103.6,115.053,62.1493,-11.4532,-11.453000000000003,
Illinois,2010,108.416,93.8851,66.0838,14.5312,14.530900000000003,
Illinois Chicago,2010,95.9107,104.345,66.8529,-8.43437,-8.434299999999993,
Illinois St.,2010,107.761,98.9193,64.1265,8.84158,8.841699999999989,
Indiana,2010,101.173,102.45,67.012,-1.27711,-1.277000000000001,
Indiana St.,2010,104.222,101.462,63.592,2.75998,2.759999999999991,
Iona,2010,99.75,93.6255,64.3155,6.12445,6.124499999999998,
Iowa,2010,103.106,103.159,60.7908,-0.0533603,-0.05300000000001148,
Iowa St.,2010,106.789,95.9736,67.0203,10.815,10.815399999999997,
IPFW,2010,96.5802,103.767,65.3953,-7.18711,-7.186799999999991,
IUPUI,2010,108.44,102.25,64.2704,6.19053,6.189999999999998,
Jackson St.,2010,92.431,104.635,63.6229,-12.2042,-12.204000000000008,
Jacksonville,2010,101.592,99.9546,67.5027,1.63722,1.6373999999999995,
Jacksonville St.,2010,97.0253,107.566,66.2901,-10.5408,-10.540700000000001,
James Madison,2010,100.83,105.009,66.4651,-4.17858,-4.179000000000002,
Kansas,2010,119.854,87.3419,66.6569,32.5121,32.512100000000004,1.0
Kansas St.,2010,115.425,90.4885,69.501,24.9367,24.936499999999995,2.0
Kennesaw St.,2010,97.5401,108.367,63.8649,-10.8273,-10.826900000000009,
Kent St.,2010,106.133,96.9688,66.415,9.16396,9.164199999999994,
Kentucky,2010,114.384,89.4743,67.5908,24.9097,24.9097,1.0
La Salle,2010,105.805,104.812,66.8879,0.993037,0.9930000000000092,
Lafayette,2010,103.627,111.497,66.2938,-7.87012,-7.8700000000000045,
Lamar,2010,96.0002,108.09,67.3135,-12.0899,-12.089799999999997,
Lehigh,2010,104.907,106.362,68.4313,-1.45422,-1.4549999999999983,16.0
Liberty,2010,96.189,107.711,65.2853,-11.5221,-11.522000000000006,
Lipscomb,2010,108.812,109.127,68.9049,-0.315111,-0.3149999999999977,
LIU Brooklyn,2010,99.3425,110.464,66.6214,-11.1218,-11.121499999999997,
Long Beach St.,2010,100.139,98.1152,68.9574,2.02338,2.0237999999999943,
Longwood,2010,97.6734,111.27,72.0684,-13.5967,-13.596599999999995,
Louisiana Lafayette,2010,99.0355,103.24,65.3522,-4.2045,-4.204499999999996,
Louisiana Monroe,2010,98.1048,109.925,65.5808,-11.8202,-11.8202,
Louisiana Tech,2010,106.159,99.1101,67.2967,7.04911,7.048900000000003,
Louisville,2010,115.013,97.1787,65.9182,17.834,17.8343,9.0
Loyola Chicago,2010,101.027,105.972,62.4552,-4.94429,-4.944999999999993,
Loyola Marymount,2010,107.92,106.96,68.3348,0.96002,0.960000000000008,
Loyola MD,2010,99.1205,103.178,64.8019,-4.05729,-4.05749999999999,
LSU,2010,99.3399,100.901,60.7407,-1.56073,-1.5610999999999962,
Maine,2010,93.8468,98.1413,64.1391,-4.29449,-4.294499999999999,
Manhattan,2010,98.9515,101.27,65.7627,-2.31879,-2.3185000000000002,
Marist,2010,90.4641,112.517,62.262,-22.0528,-22.052899999999994,
Marquette,2010,114.599,94.1043,61.8892,20.4947,20.49470000000001,6.0
Marshall,2010,109.873,98.1837,67.9551,11.6893,11.689300000000003,
Maryland,2010,117.599,94.8962,68.1243,22.7026,22.70280000000001,4.0
Maryland Eastern Shore,2010,91.1952,109.743,64.7597,-18.548,-18.547799999999995,
Massachusetts,2010,102.242,102.323,68.1783,-0.0807156,-0.08099999999998886,
McNeese St.,2010,98.5363,110.438,64.9067,-11.9013,-11.901700000000005,
Memphis,2010,114.645,98.6554,64.6107,15.9893,15.989599999999996,
Mercer,2010,107.352,110.914,67.6912,-3.56156,-3.5619999999999976,
Miami FL,2010,112.018,97.0437,64.8718,14.9748,14.9743,
Miami OH,2010,103.427,100.833,59.3518,2.59394,2.5940000000000083,
Michigan,2010,107.271,95.3751,61.399,11.8961,11.895899999999997,
Michigan St.,2010,112.268,91.9702,65.5206,20.2975,20.297799999999995,5.0
Middle Tennessee,2010,100.025,99.4776,64.1902,0.547728,0.5474000000000103,
Milwaukee,2010,104.776,101.45,65.8018,3.32635,3.3259999999999934,
Minnesota,2010,112.547,93.7989,65.3869,18.7481,18.748099999999994,11.0
Mississippi,2010,113.008,97.3706,67.9505,15.6373,15.6374,
Mississippi St.,2010,108.797,92.2909,66.1536,16.5065,16.506100000000004,
Mississippi Valley St.,2010,90.991,111.833,66.8009,-20.8417,-20.842,
Missouri,2010,110.105,90.4261,68.6097,19.6787,19.6789,10.0
Missouri St.,2010,110.271,101.057,64.0592,9.21464,9.213999999999999,
Monmouth,2010,91.9798,105.565,65.1758,-13.5856,-13.5852,
Montana,2010,106.707,98.1992,61.6822,8.50753,8.507799999999989,14.0
Montana St.,2010,103.23,104.631,62.9977,-1.4006,-1.4009999999999962,
Morehead St.,2010,104.201,97.6895,63.916,6.51196,6.511499999999998,
Morgan St.,2010,105.657,103.75,68.151,1.90682,1.9069999999999965,15.0
Mount St. Mary's,2010,96.3044,97.321,65.6027,-1.01666,-1.0165999999999968,
Murray St.,2010,108.952,94.3666,65.5723,14.5856,14.585399999999993,13.0
Navy,2010,95.8869,108.7,70.2503,-12.8128,-12.813100000000006,
Nebraska,2010,106.582,98.5338,62.4004,8.0483,8.048199999999994,
Nevada,2010,112.4,102.628,68.058,9.77183,9.772000000000006,
New Hampshire,2010,91.1237,101.008,64.1144,-9.88435,-9.884299999999996,
New Mexico,2010,114.142,96.7568,67.1887,17.3849,17.385199999999998,3.0
New Mexico St.,2010,111.342,105.22,70.1148,6.12172,6.122,12.0
New Orleans,2010,88.679,105.307,63.2526,-16.6281,-16.628,
Niagara,2010,105.337,101.201,67.6563,4.13631,4.13600000000001,
Nicholls St.,2010,99.0747,110.236,61.0489,-11.1618,-11.161299999999997,
NJIT,2010,84.2586,106.467,66.2376,-22.2088,-22.208399999999997,
Norfolk St.,2010,95.7567,106.743,70.8027,-10.9863,-10.9863,
North Carolina,2010,107.058,94.1005,70.0732,12.9578,12.95750000000001,
North Carolina A&T,2010,93.5009,107.225,67.337,-13.7241,-13.724099999999993,
North Carolina Central,2010,85.507,107.858,66.1608,-22.3514,-22.351,
North Carolina St.,2010,106.604,94.4286,63.9694,12.1755,12.175399999999996,
North Dakota,2010,92.367,117.258,63.8747,-24.8914,-24.89099999999999,
North Dakota St.,2010,96.1483,103.811,66.8957,-7.66283,-7.662700000000001,
North Florida,2010,91.2924,101.926,62.5308,-10.6337,-10.633600000000001,
North Texas,2010,102.939,103.298,67.1128,-0.358811,-0.35900000000000887,15.0
Northeastern,2010,105.722,94.4434,60.3186,11.2789,11.278599999999997,
Northern Arizona,2010,98.8525,103.823,65.7345,-4.97043,-4.970499999999987,
Northern Colorado,2010,104.651,99.5949,66.307,5.05635,5.056100000000001,
Northern Illinois,2010,98.6609,106.168,68.8491,-7.50685,-7.507100000000008,
Northern Iowa,2010,108.029,89.7638,58.576,18.2648,18.265199999999993,9.0
Northwestern,2010,112.884,102.451,62.3663,10.4326,10.433000000000007,
Northwestern St.,2010,96.3563,110.381,73.6392,-14.0243,-14.024699999999996,
Notre Dame,2010,119.809,101.439,62.3372,18.3693,18.370000000000005,6.0
Oakland,2010,107.635,103.917,68.5659,3.71824,3.7180000000000035,14.0
Ohio,2010,105.808,98.4546,68.1933,7.35379,7.353400000000008,14.0
Ohio St.,2010,117.429,91.9581,64.023,25.4713,25.4709,2.0
Oklahoma,2010,109.643,102.912,64.8331,6.7313,6.7309999999999945,
Oklahoma St.,2010,111.497,94.9637,66.2045,16.5333,16.533299999999997,7.0
Old Dominion,2010,107.842,90.1999,62.4677,17.6423,17.6421,11.0
Oral Roberts,2010,101.9,98.9111,65.1543,2.98891,2.988900000000001,
Oregon,2010,105.591,101.256,65.2431,4.33442,4.334999999999994,
Oregon St.,2010,98.5341,94.7992,60.2604,3.73493,3.734899999999996,
Pacific,2010,105.442,98.514,58.9432,6.92766,6.927999999999997,
Penn,2010,96.8515,111.796,63.6304,-14.9443,-14.944500000000005,
Penn St.,2010,107.637,100.158,61.7789,7.47897,7.478999999999999,
Pepperdine,2010,97.9111,109.678,65.1229,-11.767,-11.766899999999993,
Pittsburgh,2010,111.307,92.5315,60.3262,18.7753,18.775500000000008,3.0
Portland,2010,109.87,98.6659,62.7078,11.2037,11.204100000000011,
Portland St.,2010,113.066,113.643,65.5013,-0.577217,-0.5769999999999982,
Prairie View A&M,2010,85.009,101.096,65.8671,-16.0871,-16.087000000000003,
Presbyterian,2010,90.6688,110.956,61.6416,-20.2873,-20.2872,
Princeton,2010,96.9547,92.9142,57.9334,4.04057,4.040500000000009,
Providence,2010,115.818,106.667,72.8378,9.15099,9.150999999999996,
Purdue,2010,110.762,88.1665,65.4793,22.5959,22.5955,4.0
Quinnipiac,2010,102.833,103.889,67.4193,-1.05597,-1.0559999999999974,
Radford,2010,95.4098,99.917,67.5704,-4.5072,-4.507199999999997,
Rhode Island,2010,112.829,100.068,67.0114,12.7605,12.760999999999996,
Rice,2010,95.7567,103.907,65.2893,-8.15035,-8.150300000000001,
Richmond,2010,108.108,92.8809,62.1031,15.2274,15.227100000000007,7.0
Rider,2010,102.63,104.025,66.7545,-1.39527,-1.3950000000000102,
Robert Morris,2010,99.6218,101.452,65.7182,-1.83054,-1.830200000000005,15.0
Rutgers,2010,103.308,101.474,67.1206,1.83436,1.8340000000000032,
Sacramento St.,2010,93.0954,105.263,66.161,-12.1673,-12.167600000000007,
Sacred Heart,2010,98.5772,110.179,68.6591,-11.6021,-11.601799999999997,
St. Joseph's,2010,102.006,102.346,68.3861,-0.340109,-0.3400000000000034,
Saint Louis,2010,99.7224,92.0802,61.4956,7.64224,7.642199999999988,
St. Mary's,2010,116.442,97.0364,66.3664,19.4058,19.405599999999993,10.0
St. Peter's,2010,92.4659,92.8791,63.7398,-0.413217,-0.41319999999998913,
Sam Houston St.,2010,110.763,103.694,68.6965,7.06873,7.069000000000003,14.0
Samford,2010,99.8072,108.943,55.8895,-9.13545,-9.135800000000003,
San Diego,2010,98.417,101.619,61.5126,-3.20164,-3.201999999999998,
San Diego St.,2010,111.49,94.1721,62.9348,17.3175,17.317899999999995,11.0
San Francisco,2010,100.457,103.089,65.6581,-2.63256,-2.632000000000005,
San Jose St.,2010,109.581,109.879,65.5907,-0.298121,-0.2980000000000018,
Santa Clara,2010,96.0717,103.097,65.4586,-7.02542,-7.025299999999987,
Savannah St.,2010,89.3317,103.873,60.8423,-14.5418,-14.541300000000007,
Seattle,2010,100.422,100.677,77.3739,-0.254644,-0.25500000000000966,
Seton Hall,2010,112.967,99.2067,69.2169,13.7602,13.7603,
Siena,2010,109.569,95.6534,68.3596,13.9156,13.915599999999998,13.0
SIU Edwardsville,2010,87.5812,110.968,66.1957,-23.3872,-23.386800000000008,
SMU,2010,106.026,103.199,60.4434,2.82703,2.826999999999998,
South Alabama,2010,95.8334,104.28,64.2825,-8.44687,-8.446600000000004,
South Carolina,2010,105.944,97.2218,68.2789,8.72262,8.7222,
South Carolina St.,2010,96.9825,105.762,67.6517,-8.77908,-8.779499999999999,
South Dakota,2010,97.9328,106.33,72.3457,-8.39753,-8.397199999999998,
South Dakota St.,2010,105.074,110.07,66.5157,-4.996,-4.995999999999995,
South Florida,2010,108.141,96.83,63.2455,11.3107,11.311000000000007,
Southeast Missouri St.,2010,90.2188,106.517,66.1618,-16.2985,-16.298199999999994,
Southeastern Louisiana,2010,100.449,103.655,66.155,-3.20679,-3.206000000000003,
Southern,2010,83.1804,110.354,68.1346,-27.1733,-27.173599999999993,
Southern Illinois,2010,105.506,100.727,65.8492,4.77936,4.778999999999996,
Southern Miss,2010,103.679,95.3692,60.6941,8.31014,8.309799999999996,
Southern Utah,2010,89.5157,108.826,65.8467,-19.3102,-19.310299999999998,
St. Bonaventure,2010,105.854,102.375,66.2854,3.4789,3.478999999999999,
St. Francis NY,2010,89.2714,105.25,63.3491,-15.979,-15.9786,
St. Francis PA,2010,94.9432,111.535,63.3129,-16.5916,-16.591799999999992,
St. John's,2010,105.769,93.6272,63.8149,12.1417,12.141800000000003,
Stanford,2010,106.1,99.0974,65.9408,7.00307,7.002600000000001,
Stephen F. Austin,2010,102.472,101.144,58.3066,1.32797,1.3279999999999887,
Stetson,2010,89.957,110.974,65.5847,-21.017,-21.01700000000001,
Stony Brook,2010,101.797,103.004,64.659,-1.20729,-1.2070000000000078,
Syracuse,2010,118.167,90.5783,68.6909,27.5886,27.588700000000003,1.0
TCU,2010,105.042,105.226,62.6773,-0.184256,-0.1839999999999975,
Temple,2010,107.306,86.2797,59.9751,21.0266,21.026299999999992,5.0
Tennessee,2010,106.604,89.2115,67.6684,17.3928,17.3925,6.0
Tennessee Martin,2010,89.7204,111.135,69.4068,-21.4142,-21.414600000000007,
Tennessee St.,2010,97.2537,106.859,66.7732,-9.60516,-9.6053,
Tennessee Tech,2010,104.262,113.536,66.2228,-9.27336,-9.274000000000001,
Texas,2010,113.444,92.8117,71.1683,20.6323,20.6323,8.0
Texas A&M,2010,112.093,91.9447,64.0152,20.1487,20.148300000000006,5.0
Texas A&M Corpus Christi,2010,98.9214,99.0408,64.3381,-0.119448,-0.11939999999999884,
Texas Pan American,2010,89.0711,107.588,65.9285,-18.5165,-18.516899999999993,
Texas Southern,2010,92.7699,103.733,66.0371,-10.9631,-10.963099999999997,
Texas St.,2010,98.0458,104.369,74.5027,-6.32364,-6.3232,
Texas Tech,2010,108.077,98.3316,70.6158,9.74511,9.745400000000004,
The Citadel,2010,99.6685,102.191,59.059,-2.52204,-2.522500000000008,
Toledo,2010,88.2951,108.056,60.1525,-19.7609,-19.760899999999992,
Towson,2010,102.179,110.072,67.4053,-7.89305,-7.893000000000001,
Troy,2010,104.754,105.15,65.6368,-0.396498,-0.3960000000000008,
Tulane,2010,94.8436,100.075,65.0316,-5.23111,-5.231400000000008,
Tulsa,2010,107.271,97.2309,65.6384,10.0403,10.040099999999995,
UAB,2010,104.69,92.2573,63.6938,12.433,12.432699999999997,
UC Davis,2010,100.627,106.257,66.0135,-5.63056,-5.63000000000001,
UC Irvine,2010,100.721,109.133,62.9977,-8.4123,-8.411999999999992,
UC Riverside,2010,97.761,104.037,60.4334,-6.27564,-6.2760000000000105,
UC Santa Barbara,2010,100.038,97.6604,66.0756,2.37748,2.377600000000001,15.0
UCF,2010,102.394,101.719,62.9608,0.67482,0.6750000000000114,
UCLA,2010,106.085,100.283,63.8797,5.8018,5.8019999999999925,
UMBC,2010,95.0826,114.496,65.7874,-19.413,-19.413399999999996,
UMKC,2010,97.8779,111.444,64.5742,-13.5665,-13.566100000000006,
UNC Asheville,2010,96.9853,108.09,70.3812,-11.105,-11.104700000000008,
UNC Greensboro,2010,95.5703,104.642,66.2362,-9.07158,-9.071699999999993,
UNC Wilmington,2010,98.3701,102.274,67.4074,-3.90384,-3.9039000000000073,
UNLV,2010,109.859,92.6156,65.9121,17.2431,17.243399999999994,8.0
USC,2010,96.5881,85.6509,61.7637,10.9371,10.937200000000004,
USC Upstate,2010,91.5267,103.227,64.6757,-11.7007,-11.700299999999999,
UT Arlington,2010,95.4281,103.242,70.5071,-7.81401,-7.813900000000004,
Utah,2010,102.836,97.4227,64.4095,5.41305,5.4132999999999925,
Utah St.,2010,116.361,95.0722,59.4224,21.2893,21.28880000000001,12.0
Utah Valley,2010,89.4433,109.009,60.6498,-19.566,-19.565700000000007,
UTEP,2010,107.504,89.9248,67.4737,17.5793,17.5792,12.0
UTSA,2010,103.475,105.599,62.4626,-2.12325,-2.1240000000000094,
Valparaiso,2010,109.969,111.448,66.646,-1.4789,-1.4789999999999992,
Vanderbilt,2010,113.609,96.0838,68.4945,17.5253,17.525199999999998,4.0
VCU,2010,111.912,97.9479,67.336,13.9641,13.964100000000002,
Vermont,2010,103.697,100.573,65.8979,3.12414,3.1240000000000094,16.0
Villanova,2010,118.572,95.5965,71.172,22.9755,22.975499999999997,2.0
Virginia,2010,107.661,96.7746,61.2514,10.8867,10.886399999999995,
Virginia Tech,2010,107.915,91.2568,67.5874,16.6585,16.658200000000008,
VMI,2010,102.319,119.885,83.0001,-17.5659,-17.566000000000003,
Wagner,2010,88.649,110.906,65.3294,-22.2572,-22.257000000000005,
Wake Forest,2010,106.69,91.7943,68.4678,14.8954,14.89569999999999,9.0
Washington,2010,111.513,93.6021,71.3389,17.9107,17.910900000000012,11.0
Washington St.,2010,108.006,101.987,65.6699,6.01867,6.0190000000000055,
Weber St.,2010,109.665,101.952,66.955,7.71332,7.713000000000008,
West Virginia,2010,117.329,91.5966,62.3139,25.7322,25.7324,2.0
Western Carolina,2010,104.273,103.366,68.5058,0.906875,0.9069999999999965,
Western Illinois,2010,91.0745,101.628,60.3716,-10.553,-10.5535,
Western Kentucky,2010,105.601,101.168,64.0681,4.43341,4.432999999999993,
Western Michigan,2010,106.329,103.424,65.596,2.90557,2.904999999999987,
Wichita St.,2010,108.648,96.2967,64.0795,12.3515,12.351299999999995,
William & Mary,2010,109.774,103.089,59.5062,6.6843,6.685000000000002,
Winston Salem St.,2010,86.5828,107.106,65.9857,-20.5232,-20.52319999999999,
Winthrop,2010,90.8904,95.0021,63.9135,-4.11173,-4.111699999999999,16.0
Wisconsin,2010,115.399,89.8348,58.6587,25.564,25.5642,4.0
Wofford,2010,104.267,94.8414,63.1377,9.42513,9.425600000000003,13.0
Wright St.,2010,107.825,96.3973,61.351,11.4274,11.427700000000002,
Wyoming,2010,97.2988,104.317,69.685,-7.01805,-7.018199999999993,
Xavier,2010,114.769,94.9437,68.8639,19.8256,19.8253,6.0
Yale,2010,95.7065,106.348,65.9333,-10.6414,-10.641499999999994,
Youngstown St.,2010,98.6538,105.462,66.6781,-6.80804,-6.808199999999999,
Air Force,2011,105.717,101.138,61.2714,4.57898,4.5789999999999935,
Akron,2011,103.29,99.533,66.2222,3.75741,3.757000000000005,15.0
Alabama,2011,103.651,91.2692,63.8506,12.3817,12.381799999999998,
Alabama A&M,2011,86.2111,102.981,70.1295,-16.7695,-16.769899999999993,
Alabama St.,2011,92.3675,105.437,63.859,-13.0699,-13.06949999999999,16.0
Albany,2011,100.971,107.795,60.3227,-6.82393,-6.823999999999998,
Alcorn St.,2011,85.559,110.81,76.097,-25.251,-25.251000000000005,
American,2011,103.44,103.946,60.7173,-0.505234,-0.5060000000000002,
Appalachian St.,2011,103.768,108.47,66.4558,-4.70139,-4.701999999999998,
Arizona,2011,115.936,97.0522,65.5658,18.8834,18.883800000000008,5.0
Arizona St.,2011,103.482,100.457,62.9875,3.0256,3.0250000000000057,
Arkansas,2011,105.369,100.3,66.396,5.06969,5.069000000000003,
Arkansas Little Rock,2011,100.167,104.657,64.4828,-4.48952,-4.489999999999995,16.0
Arkansas Pine Bluff,2011,88.2123,110.434,66.1804,-22.2218,-22.2217,
Arkansas St.,2011,100.277,102.945,64.5389,-2.66803,-2.667999999999992,
Army,2011,98.8434,109.164,67.2642,-10.3202,-10.320599999999999,
Auburn,2011,96.013,102.039,64.8293,-6.02615,-6.025999999999996,
Austin Peay,2011,102.194,99.9312,66.9041,2.26245,2.2627999999999986,
Ball St.,2011,102.36,102.61,64.0049,-0.24985,-0.25,
Baylor,2011,106.531,97.2359,65.3086,9.29515,9.295100000000005,
Belmont,2011,112.236,93.268,68.7655,18.9677,18.968000000000004,13.0
Bethune Cookman,2011,99.1894,111.059,61.3427,-11.8697,-11.869599999999991,
Binghamton,2011,96.9604,112.777,61.9969,-15.8164,-15.816599999999994,
Boise St.,2011,107.558,98.1973,67.4333,9.36041,9.360700000000008,
Boston College,2011,116.394,104.544,63.0239,11.8497,11.850000000000009,
Boston University,2011,102.907,103.292,63.0646,-0.385171,-0.3850000000000051,16.0
Bowling Green,2011,96.8054,103.794,64.5415,-6.98822,-6.988599999999991,
Bradley,2011,100.115,103.6,66.1446,-3.48477,-3.4849999999999994,
Brown,2011,102.188,108.553,68.4193,-6.36482,-6.364999999999995,
Bryant,2011,99.7982,113.56,65.1317,-13.762,-13.761800000000008,
Bucknell,2011,105.356,97.7759,65.0026,7.57974,7.580100000000002,14.0
Buffalo,2011,104.545,99.7813,66.0653,4.76358,4.7637,
Butler,2011,112.272,97.278,63.7754,14.9935,14.994,8.0
BYU,2011,117.73,94.2638,70.3423,23.4657,23.4662,3.0
Cal Poly,2011,97.2646,97.0296,59.9981,0.234938,0.23499999999999943,
Cal St. Bakersfield,2011,96.5832,110.683,67.7289,-14.1002,-14.099800000000002,
Cal St. Fullerton,2011,104.216,112.382,67.8951,-8.1658,-8.166000000000011,
Cal St. Northridge,2011,100.148,104.922,68.1058,-4.77403,-4.774000000000001,
California,2011,109.448,98.4542,67.858,10.9938,10.993799999999993,
Campbell,2011,96.9465,104.899,64.4485,-7.95245,-7.952500000000001,
Canisius,2011,102.354,103.571,65.123,-1.21718,-1.2169999999999987,
Centenary,2011,83.1743,112.422,69.1003,-29.2473,-29.247699999999995,
Central Arkansas,2011,89.8379,111.706,70.0752,-21.8676,-21.8681,
Central Connecticut,2011,100.157,99.3391,66.4243,0.818341,0.8178999999999945,
Central Michigan,2011,91.0585,101.208,63.5017,-10.1496,-10.149500000000003,
Charleston Southern,2011,102.17,106.524,66.2472,-4.35416,-4.353999999999999,
Charlotte,2011,100.79,104.703,64.0794,-3.91332,-3.9129999999999967,
Chattanooga,2011,98.242,107.907,68.4926,-9.66535,-9.664999999999992,
Chicago St.,2011,88.9963,117.7,70.5478,-28.7032,-28.703699999999998,
Cincinnati,2011,109.822,90.218,63.2667,19.6039,19.604,6.0
Clemson,2011,107.856,90.4152,64.0185,17.4409,17.440799999999996,12.0
Cleveland St.,2011,109.428,97.5616,65.5366,11.8662,11.866399999999999,
Coastal Carolina,2011,104.832,99.4205,66.2508,5.41117,5.4114999999999895,
Colgate,2011,96.5603,111.726,66.3559,-15.1656,-15.165700000000001,
College of Charleston,2011,112.969,103.172,66.0496,9.79663,9.796999999999997,
Colorado,2011,116.433,102.788,67.3964,13.6455,13.64500000000001,
Colorado St.,2011,108.722,98.2715,66.3747,10.4501,10.450499999999991,
Columbia,2011,100.671,105.011,67.2073,-4.34012,-4.339999999999989,
Connecticut,2011,114.804,93.1006,65.3986,21.703,21.703400000000002,3.0
Coppin St.,2011,97.6737,107.257,68.5944,-9.5838,-9.583300000000008,
Cornell,2011,104.44,106.751,65.4961,-2.31023,-2.311000000000007,
Creighton,2011,106.539,101.914,63.3367,4.6249,4.625,
Dartmouth,2011,90.1168,106.61,65.6436,-16.4927,-16.4932,
Davidson,2011,103.394,102.347,67.0244,1.04643,1.0470000000000113,
Dayton,2011,103.588,96.9575,65.3604,6.63005,6.630499999999998,
Delaware,2011,99.4864,102.941,63.7759,-3.45413,-3.4545999999999992,
Delaware St.,2011,98.4367,112.372,59.8491,-13.9353,-13.935299999999998,
Denver,2011,99.3518,103.801,56.6301,-4.44924,-4.449200000000005,
DePaul,2011,102.449,105.685,68.6632,-3.23656,-3.236000000000004,
Detroit,2011,106.083,103.07,70.1012,3.01266,3.0130000000000052,
Drake,2011,100.38,104.717,65.0082,-4.33675,-4.337000000000003,
Drexel,2011,98.6098,92.3513,63.3012,6.25848,6.258500000000012,
Duke,2011,118.637,89.0891,69.1256,29.5475,29.5479,1.0
Duquesne,2011,106.55,93.4124,70.9255,13.1381,13.137599999999992,
East Carolina,2011,105.296,103.196,65.3193,2.09979,2.1000000000000085,
East Tennessee St.,2011,102.472,97.934,64.0693,4.53816,4.537999999999997,
Eastern Illinois,2011,92.2765,105.784,63.0878,-13.5076,-13.507500000000007,
Eastern Kentucky,2011,101.494,108.247,61.2092,-6.75275,-6.753,
Eastern Michigan,2011,88.6324,99.5523,66.5158,-10.9199,-10.919899999999998,
Eastern Washington,2011,98.602,107.199,64.1088,-8.59736,-8.596999999999994,
Elon,2011,103.455,110.457,67.5718,-7.00174,-7.001999999999995,
Evansville,2011,100.151,101.804,66.6996,-1.65348,-1.6530000000000058,
Fairfield,2011,97.7809,91.6053,65.4974,6.17567,6.175600000000003,
Fairleigh Dickinson,2011,92.4386,109.043,66.563,-16.6045,-16.604400000000012,
FIU,2011,99.9591,111.115,68.7925,-11.1555,-11.155899999999988,
Florida,2011,114.555,95.0304,62.5758,19.5245,19.524600000000007,2.0
Florida A&M,2011,87.8561,106.364,66.8313,-18.5082,-18.507900000000006,
Florida Atlantic,2011,101.966,103.317,62.8068,-1.35046,-1.350999999999999,
Florida Gulf Coast,2011,93.8723,105.23,67.9349,-11.3577,-11.357700000000008,
Florida St.,2011,103.157,88.1874,67.5152,14.9701,14.9696,10.0
Fordham,2011,97.3834,109.02,66.6503,-11.637,-11.636600000000001,
Fresno St.,2011,101.412,101.891,66.0048,-0.479291,-0.4789999999999992,
Furman,2011,104.37,101.998,63.1638,2.372,2.372,
Gardner Webb,2011,94.4685,104.177,63.6839,-9.70862,-9.7085,
George Mason,2011,113.269,94.9599,65.0301,18.3096,18.3091,8.0
George Washington,2011,100.66,101.234,63.9631,-0.573889,-0.5739999999999981,
Georgetown,2011,114.287,95.2916,63.7784,18.9952,18.995400000000004,6.0
Georgia,2011,107.153,95.1889,64.1695,11.9637,11.964100000000002,10.0
Georgia Southern,2011,88.7765,108.476,66.4403,-19.6996,-19.6995,
Georgia St.,2011,93.8756,98.8557,64.126,-4.98009,-4.980099999999993,
Georgia Tech,2011,101.547,95.5129,68.2243,6.03377,6.034099999999995,
Gonzaga,2011,110.61,94.1013,66.6571,16.5087,16.508700000000005,11.0
Grambling St.,2011,86.6206,106.254,66.5282,-19.6337,-19.63340000000001,
Green Bay,2011,103.531,102.954,65.2009,0.577225,0.5770000000000124,
Hampton,2011,93.9345,97.7279,66.566,-3.79341,-3.7934000000000054,16.0
Hartford,2011,92.0271,103.678,63.4031,-11.6514,-11.650899999999993,
Harvard,2011,112.266,100.848,63.7543,11.4183,11.418000000000006,
Hawaii,2011,100.895,100.405,66.2058,0.490053,0.4899999999999949,
High Point,2011,93.8158,108.14,67.2437,-14.3237,-14.324200000000005,
Hofstra,2011,107.916,104.989,65.4596,2.92719,2.9269999999999925,
Holy Cross,2011,100.981,106.103,65.1037,-5.12229,-5.122,
Houston,2011,100.693,105.444,65.9093,-4.75057,-4.751000000000005,
Houston Baptist,2011,90.5213,112.727,70.9586,-22.2061,-22.205700000000007,
Howard,2011,87.2466,111.368,64.974,-24.1218,-24.121399999999994,
Idaho,2011,104.522,101.615,63.8239,2.90658,2.9070000000000107,
Idaho St.,2011,97.7802,110.598,64.3352,-12.8179,-12.817800000000005,
Illinois,2011,112.305,92.727,65.2946,19.5782,19.578000000000003,9.0
Illinois Chicago,2011,95.5581,103.73,64.5999,-8.17157,-8.171900000000008,
Illinois St.,2011,95.2843,102.225,62.7247,-6.94095,-6.9406999999999925,
Indiana,2011,109.235,101.226,65.0455,8.00905,8.009,
Indiana St.,2011,101.49,96.8677,65.4175,4.62225,4.622299999999996,14.0
Iona,2011,113.204,101.25,68.1197,11.9544,11.953999999999994,
Iowa,2011,102.817,96.2612,67.0992,6.55564,6.555799999999991,
Iowa St.,2011,107.612,98.667,69.3777,8.94513,8.944999999999993,
IPFW,2011,105.096,105.984,65.4229,-0.887926,-0.887999999999991,
IUPUI,2011,110.727,106.995,62.0376,3.73141,3.7319999999999993,
Jackson St.,2011,94.9042,105.373,63.6592,-10.4685,-10.468800000000002,
Jacksonville,2011,97.7795,97.8714,67.5457,-0.0918743,-0.09189999999999543,
Jacksonville St.,2011,95.1453,107.457,61.8157,-12.312,-12.311699999999988,
James Madison,2011,107.849,101.629,67.0103,6.2198,6.219999999999999,
Kansas,2011,119.505,90.8029,68.9821,28.7018,28.7021,1.0
Kansas St.,2011,109.524,92.0845,66.786,17.4393,17.439499999999995,5.0
Kennesaw St.,2011,97.731,114.309,64.0785,-16.5777,-16.578000000000003,
Kent St.,2011,103.556,98.5012,66.8425,5.05456,5.0548,
Kentucky,2011,117.76,92.4889,65.932,25.2715,25.271100000000004,4.0
La Salle,2011,106.076,106.466,71.2799,-0.389789,-0.39000000000000057,
Lafayette,2011,102.374,107.331,64.7991,-4.95616,-4.957000000000008,
Lamar,2011,99.6792,106.328,73.8485,-6.64888,-6.6488000000000085,
Lehigh,2011,102.15,104.103,70.3145,-1.953,-1.9529999999999887,
Liberty,2011,96.9246,102.277,65.0546,-5.35219,-5.352400000000003,
Lipscomb,2011,105.998,104.718,69.7518,1.28042,1.2800000000000011,
LIU Brooklyn,2011,108.912,103.533,73.2043,5.37973,5.379000000000005,15.0
Long Beach St.,2011,106.293,99.1409,68.7593,7.15248,7.152100000000004,
Longwood,2011,101.499,117.888,70.265,-16.3882,-16.38900000000001,
Louisiana Lafayette,2011,98.0647,103.919,68.0929,-5.85472,-5.854299999999995,
Louisiana Monroe,2011,93.7974,112.717,62.2449,-18.92,-18.919600000000003,
Louisiana Tech,2011,95.0733,101.761,65.9392,-6.68747,-6.687699999999992,
Louisville,2011,111.247,88.3769,66.988,22.87,22.870099999999994,4.0
Loyola Chicago,2011,105.045,102.331,64.8891,2.71472,2.7139999999999986,
Loyola Marymount,2011,101.316,104.761,66.8132,-3.44428,-3.444999999999993,
Loyola MD,2011,102.841,104.007,65.2243,-1.16543,-1.166000000000011,
LSU,2011,94.6919,100.592,65.174,-5.89978,-5.900099999999995,
Maine,2011,104.029,107.447,65.1212,-3.41866,-3.4180000000000064,
Manhattan,2011,95.8358,110.203,62.7965,-14.3676,-14.367199999999997,
Marist,2011,94.2017,110.522,65.2318,-16.3206,-16.320300000000003,
Marquette,2011,115.623,97.4927,66.7571,18.1301,18.130300000000005,11.0
Marshall,2011,108.5,99.7517,67.3063,8.74807,8.7483,
Maryland,2011,109.062,93.8781,70.0358,15.1843,15.183899999999994,
Maryland Eastern Shore,2011,91.4281,113.396,69.2395,-21.9678,-21.9679,
Massachusetts,2011,97.7293,98.8746,66.927,-1.14527,-1.145300000000006,
McNeese St.,2011,105.381,108.402,65.3335,-3.02038,-3.021000000000001,
Memphis,2011,103.673,96.7112,67.8874,6.96184,6.961799999999997,12.0
Mercer,2011,100.271,104.154,65.6767,-3.88275,-3.8829999999999956,
Miami FL,2011,111.297,99.0923,64.3343,12.2044,12.204700000000003,
Miami OH,2011,104.729,106.49,62.8391,-1.76103,-1.7609999999999957,
Michigan,2011,110.77,95.3533,61.959,15.4164,15.416699999999992,8.0
Michigan St.,2011,108.503,93.7079,65.0151,14.7956,14.795100000000005,10.0
Middle Tennessee,2011,97.8308,99.9884,65.9874,-2.15752,-2.157600000000002,
Milwaukee,2011,103.826,101.343,65.8307,2.48322,2.48299999999999,
Minnesota,2011,109.487,96.9194,65.3157,12.5674,12.567599999999999,
Mississippi,2011,112.224,102.539,66.322,9.68494,9.685000000000002,
Mississippi St.,2011,106.669,103.687,66.608,2.98178,2.9819999999999993,
Mississippi Valley St.,2011,93.0273,107.527,71.722,-14.4993,-14.499700000000004,
Missouri,2011,112.932,96.3729,71.2086,16.559,16.5591,11.0
Missouri St.,2011,111.969,101.817,62.0619,10.1517,10.152000000000001,
Monmouth,2011,93.8372,104.299,63.0271,-10.4623,-10.46180000000001,
Montana,2011,101.029,95.1386,62.8363,5.88998,5.8904,
Montana St.,2011,99.6283,107.091,64.7866,-7.46316,-7.462699999999998,
Morehead St.,2011,105.208,98.4152,63.8399,6.79253,6.7928,13.0
Morgan St.,2011,94.1199,101.324,65.8924,-7.20386,-7.204099999999997,
Mount St. Mary's,2011,94.1376,101.854,64.3963,-7.71606,-7.716399999999993,
Murray St.,2011,103.497,100.484,62.5927,3.01245,3.0130000000000052,
Navy,2011,92.5328,102.185,69.7944,-9.65217,-9.652200000000008,
Nebraska,2011,104.85,91.7745,62.6606,13.0752,13.075499999999991,
Nevada,2011,103.88,102.952,67.2782,0.927333,0.9279999999999973,
New Hampshire,2011,90.336,101.835,62.1032,-11.4992,-11.498999999999995,
New Mexico,2011,111.132,96.0676,65.2898,15.0649,15.064400000000006,
New Mexico St.,2011,104.992,102.289,67.0285,2.70315,2.703000000000003,
Niagara,2011,91.5923,104.335,67.5458,-12.743,-12.7427,
Nicholls St.,2011,96.5107,102.195,60.325,-5.68467,-5.684299999999993,
NJIT,2011,92.1686,106.615,65.9757,-14.4466,-14.446399999999997,
Norfolk St.,2011,96.4256,109.044,69.1818,-12.6188,-12.618399999999994,
North Carolina,2011,110.652,89.1087,70.5943,21.5431,21.543300000000002,2.0
North Carolina A&T,2011,98.3649,110.646,68.2119,-12.2814,-12.281099999999995,
North Carolina Central,2011,95.2991,110.273,66.0409,-14.9735,-14.9739,
North Carolina St.,2011,109.117,102.114,66.3562,7.0027,7.003,
North Dakota,2011,91.4182,104.467,66.8202,-13.0492,-13.0488,
North Dakota St.,2011,104.06,103.647,67.3706,0.413063,0.4129999999999967,
North Florida,2011,98.9888,103.965,65.7442,-4.97612,-4.976200000000006,
North Texas,2011,108.412,108.997,67.4935,-0.584999,-0.5849999999999937,
Northeastern,2011,107.894,110.936,62.9936,-3.04196,-3.0420000000000016,
Northern Arizona,2011,105.83,101.894,65.435,3.93537,3.935999999999993,
Northern Colorado,2011,106.011,101.426,67.118,4.58447,4.584999999999994,15.0
Northern Illinois,2011,98.1858,108.463,67.8818,-10.2767,-10.277199999999993,
Northern Iowa,2011,108.23,103.972,59.3976,4.25805,4.25800000000001,
Northwestern,2011,115.642,103.29,63.3951,12.3519,12.35199999999999,
Northwestern St.,2011,100.46,109.248,71.5061,-8.78794,-8.788000000000011,
Notre Dame,2011,121.279,96.6246,63.3777,24.6542,24.654399999999995,2.0
Oakland,2011,117.282,104.345,71.6088,12.9371,12.936999999999998,13.0
Ohio,2011,106.619,105.279,67.2952,1.3396,1.3400000000000034,
Ohio St.,2011,123.643,91.4115,64.4098,32.232,32.2315,1.0
Oklahoma,2011,104.142,101.646,64.5625,2.49573,2.495999999999995,
Oklahoma St.,2011,105.83,95.8304,64.9871,10.0,9.999600000000001,
Old Dominion,2011,109.126,94.8747,60.8228,14.251,14.2513,9.0
Oral Roberts,2011,110.397,106.439,66.1651,3.95754,3.9580000000000126,
Oregon,2011,105.584,98.8705,66.3777,6.71304,6.713499999999996,
Oregon St.,2011,102.271,101.543,69.5573,0.728239,0.7279999999999944,
Pacific,2011,105.014,102.678,59.8456,2.33657,2.3359999999999985,
Penn,2011,101.095,102.897,63.6914,-1.80134,-1.8020000000000067,
Penn St.,2011,111.847,97.4264,59.8734,14.4209,14.420599999999993,10.0
Pepperdine,2011,103.887,109.074,65.9861,-5.18712,-5.186999999999998,
Pittsburgh,2011,119.627,92.2012,62.2651,27.4261,27.425799999999995,1.0
Portland,2011,111.82,105.004,62.9926,6.81528,6.815999999999988,
Portland St.,2011,103.561,112.727,67.2217,-9.16679,-9.165999999999997,
Prairie View A&M,2011,85.2357,106.92,66.6207,-21.6844,-21.684300000000007,
Presbyterian,2011,100.903,108.762,59.4417,-7.8593,-7.858999999999995,
Princeton,2011,106.219,97.4016,63.3505,8.81724,8.817399999999992,13.0
Providence,2011,109.347,101.939,71.7985,7.40792,7.408000000000001,
Purdue,2011,115.013,89.4016,66.3974,25.6115,25.611400000000003,3.0
Quinnipiac,2011,103.95,103.71,67.2616,0.240078,0.2400000000000091,
Radford,2011,85.9941,106.173,66.9594,-20.1789,-20.1789,
Rhode Island,2011,102.918,99.0077,66.2332,3.91002,3.9103000000000065,
Rice,2011,104.453,103.446,63.9576,1.00646,1.007000000000005,
Richmond,2011,111.003,95.4298,63.1619,15.5729,15.5732,12.0
Rider,2011,107.333,102.239,67.9174,5.09411,5.093999999999994,
Robert Morris,2011,102.488,100.645,63.7451,1.84288,1.8430000000000035,
Rutgers,2011,107.997,98.3272,62.9516,9.66959,9.669799999999995,
Sacramento St.,2011,92.8774,108.999,63.7374,-16.1214,-16.1216,
Sacred Heart,2011,98.5249,107.779,65.773,-9.25396,-9.254099999999994,
St. Joseph's,2011,105.497,107.56,63.1971,-2.06296,-2.0630000000000024,
Saint Louis,2011,98.8188,95.3909,63.7329,3.42792,3.427899999999994,
St. Mary's,2011,117.116,101.069,65.3531,16.0464,16.046999999999997,
St. Peter's,2011,95.0018,91.7599,64.6119,3.24183,3.241900000000001,14.0
Sam Houston St.,2011,102.548,103.519,65.6983,-0.970969,-0.9710000000000036,
Samford,2011,95.531,110.432,60.2853,-14.9012,-14.900999999999996,
San Diego,2011,92.236,104.547,64.1501,-12.3108,-12.310999999999993,
San Diego St.,2011,113.834,88.2242,62.8786,25.6096,25.609800000000007,2.0
San Francisco,2011,101.706,99.8501,66.3388,1.85615,1.8559000000000054,
San Jose St.,2011,103.958,104.664,66.8579,-0.706475,-0.7060000000000031,
Santa Clara,2011,104.926,103.107,66.8755,1.81919,1.8190000000000026,
Savannah St.,2011,90.4811,99.5718,62.3535,-9.09067,-9.090699999999998,
Seattle,2011,92.3248,101.746,72.3584,-9.4213,-9.421199999999999,
Seton Hall,2011,103.699,90.6465,67.9375,13.0522,13.052499999999995,
Siena,2011,98.4754,101.984,68.3118,-3.50848,-3.5086000000000013,
SIU Edwardsville,2011,86.0098,112.545,68.676,-26.5355,-26.535200000000003,
SMU,2011,103.616,102.854,60.0173,0.762431,0.7620000000000005,
South Alabama,2011,99.1256,111.495,67.304,-12.3689,-12.369399999999999,
South Carolina,2011,100.299,97.3162,67.4158,2.98286,2.9828000000000117,
South Carolina St.,2011,91.0057,110.22,66.7084,-19.2139,-19.214299999999994,
South Dakota,2011,99.3269,110.815,71.2638,-11.4879,-11.488100000000003,
South Dakota St.,2011,115.074,109.762,67.6141,5.3126,5.311999999999998,
South Florida,2011,103.016,99.5947,61.4364,3.4209,3.4213000000000022,
Southeast Missouri St.,2011,96.9961,109.631,66.5462,-12.635,-12.634900000000002,
Southeastern Louisiana,2011,98.1411,106.458,65.0581,-8.31674,-8.316900000000004,
Southern,2011,81.5684,112.032,64.9951,-30.4631,-30.4636,
Southern Illinois,2011,95.9505,101.332,63.6993,-5.38143,-5.381499999999988,
Southern Miss,2011,111.38,100.858,64.9592,10.5213,10.521999999999991,
Southern Utah,2011,99.8128,108.736,66.6962,-8.92311,-8.923200000000008,
St. Bonaventure,2011,106.413,103.953,63.1484,2.45996,2.4599999999999937,
St. Francis NY,2011,98.127,101.981,66.3466,-3.85384,-3.853999999999999,
St. Francis PA,2011,98.853,109.376,65.335,-10.5233,-10.52300000000001,
St. John's,2011,110.496,93.6698,66.3588,16.8263,16.8262,6.0
Stanford,2011,104.145,97.7415,64.4082,6.40311,6.403499999999994,
Stephen F. Austin,2011,95.9754,100.002,59.399,-4.02629,-4.026600000000002,
Stetson,2011,95.9156,109.094,65.5834,-13.1785,-13.178399999999996,
Stony Brook,2011,92.9422,98.6096,62.726,-5.66742,-5.667400000000001,
Syracuse,2011,114.248,91.6187,65.0381,22.6298,22.6293,3.0
TCU,2011,101.817,101.91,66.3657,-0.0935564,-0.09300000000000352,
Temple,2011,109.724,92.7362,64.7767,16.988,16.987800000000007,7.0
Tennessee,2011,107.96,94.5968,66.3754,13.3636,13.363199999999992,9.0
Tennessee Martin,2011,96.7259,109.471,68.4205,-12.7451,-12.745100000000008,
Tennessee St.,2011,101.386,108.202,64.546,-6.81588,-6.8160000000000025,
Tennessee Tech,2011,100.473,104.935,70.1759,-4.4612,-4.462000000000003,
Texas,2011,114.882,88.1564,65.8605,26.7252,26.7256,4.0
Texas A&M,2011,109.943,94.5593,61.4192,15.3838,15.383700000000005,7.0
Texas A&M Corpus Christi,2011,92.2646,108.217,64.8912,-15.9521,-15.952399999999997,
Texas Pan American,2011,93.3753,114.337,65.2229,-20.9621,-20.961700000000008,
Texas Southern,2011,91.8765,102.601,65.1766,-10.7248,-10.724500000000006,
Texas St.,2011,99.6226,107.426,73.3835,-7.80332,-7.803399999999996,
Texas Tech,2011,106.68,102.491,69.726,4.18895,4.189000000000007,
The Citadel,2011,100.1,111.049,62.3246,-10.949,-10.949000000000012,
Toledo,2011,91.0172,111.911,63.1787,-20.8939,-20.8938,
Towson,2011,104.883,115.689,65.4975,-10.8061,-10.805999999999997,
Troy,2011,97.15,107.21,70.6114,-10.0602,-10.059999999999988,
Tulane,2011,101.59,103.804,65.0835,-2.21336,-2.2139999999999986,
Tulsa,2011,106.392,99.3455,66.0764,7.04614,7.046499999999995,
UAB,2011,108.63,96.1119,62.1202,12.5184,12.51809999999999,12.0
UC Davis,2011,102.253,108.941,66.8975,-6.68783,-6.688000000000002,
UC Irvine,2011,102.046,106.308,70.2437,-4.26169,-4.2620000000000005,
UC Riverside,2011,97.2498,106.195,65.2249,-8.94545,-8.9452,
UC Santa Barbara,2011,103.503,99.4018,64.4276,4.10161,4.101200000000006,15.0
UCF,2011,105.36,99.4511,64.4296,5.90856,5.908900000000003,
UCLA,2011,107.561,93.8189,65.5545,13.7419,13.742100000000008,7.0
UMBC,2011,95.2741,117.599,67.2709,-22.3246,-22.3249,
UMKC,2011,101.028,110.929,64.2005,-9.90113,-9.900999999999996,
UNC Asheville,2011,101.432,99.0391,67.7991,2.393,2.3928999999999974,16.0
UNC Greensboro,2011,98.7073,110.065,70.0054,-11.3581,-11.357699999999994,
UNC Wilmington,2011,101.009,105.383,62.1977,-4.37416,-4.373999999999995,
UNLV,2011,110.321,91.5518,66.9325,18.7696,18.769199999999998,8.0
USC,2011,108.303,93.9363,62.1879,14.3669,14.366699999999994,11.0
USC Upstate,2011,91.7407,108.402,63.4098,-16.6615,-16.661299999999997,
UT Arlington,2011,95.9603,103.898,67.5006,-7.93779,-7.937699999999992,
Utah,2011,102.985,99.9792,67.7331,3.00585,3.0057999999999936,
Utah St.,2011,110.413,90.2135,62.8424,20.1997,20.1995,12.0
Utah Valley,2011,100.182,108.159,65.7339,-7.9763,-7.977000000000004,
UTEP,2011,104.666,93.7891,66.8224,10.8769,10.876899999999992,
UTSA,2011,101.474,106.668,67.0401,-5.19344,-5.194000000000003,16.0
Valparaiso,2011,105.531,98.658,66.4379,6.8731,6.873000000000005,
Vanderbilt,2011,115.206,97.7687,66.882,17.437,17.437300000000008,5.0
VCU,2011,109.563,100.813,65.9737,8.74997,8.75,11.0
Vermont,2011,101.693,98.6777,64.9432,3.01499,3.0152999999999963,
Villanova,2011,114.746,96.4465,65.5804,18.299,18.299499999999995,9.0
Virginia,2011,103.295,97.4698,59.6034,5.82514,5.825199999999995,
Virginia Tech,2011,108.618,92.662,64.0788,15.9564,15.955999999999989,
VMI,2011,109.874,113.132,75.1147,-3.25831,-3.2580000000000098,
Wagner,2011,99.7801,105.051,66.6897,-5.27116,-5.2708999999999975,
Wake Forest,2011,99.5379,108.474,69.277,-8.93588,-8.93610000000001,
Washington,2011,116.488,94.2736,70.7555,22.2141,22.214399999999998,7.0
Washington St.,2011,108.797,94.7098,67.8244,14.0872,14.087199999999996,
Weber St.,2011,103.768,103.541,64.8842,0.227654,0.22700000000000387,
West Virginia,2011,113.313,93.145,62.7344,20.1684,20.168000000000006,5.0
Western Carolina,2011,97.7862,99.9942,68.4887,-2.20794,-2.2080000000000126,
Western Illinois,2011,86.8366,106.876,61.6237,-20.0398,-20.0394,
Western Kentucky,2011,99.848,104.403,67.2038,-4.55548,-4.555000000000007,
Western Michigan,2011,104.359,104.655,67.3864,-0.295901,-0.2960000000000065,
Wichita St.,2011,111.45,97.9047,65.0118,13.5455,13.545299999999997,
William & Mary,2011,102.038,107.788,63.2502,-5.75017,-5.75,
Winthrop,2011,95.4612,100.325,65.2854,-4.86398,-4.863799999999998,
Wisconsin,2011,121.946,96.348,56.891,25.5977,25.598,4.0
Wofford,2011,111.911,104.341,63.4771,7.57016,7.570000000000007,14.0
Wright St.,2011,104.258,99.1008,61.9718,5.15764,5.157199999999989,
Wyoming,2011,98.0691,103.056,66.4235,-4.98726,-4.9868999999999915,
Xavier,2011,112.808,96.2683,64.8622,16.5395,16.53970000000001,6.0
Yale,2011,98.8333,100.297,66.0483,-1.46348,-1.4637000000000029,
Youngstown St.,2011,99.0919,107.221,68.909,-8.12868,-8.129100000000008,
Kentucky,2012,120.566,88.8382,64.0843,31.7277,31.727800000000002,1.0
Ohio St.,2012,117.705,87.8032,65.7505,29.9016,29.901799999999994,2.0
Michigan St.,2012,115.088,86.2697,63.9032,28.8179,28.818299999999994,1.0
Kansas,2012,116.066,89.1479,65.9779,26.918,26.918099999999995,2.0
Missouri,2012,124.486,97.8055,64.7708,26.6802,26.68050000000001,2.0
North Carolina,2012,117.11,90.8369,70.0151,26.2727,26.2731,1.0
Syracuse,2012,116.026,90.5173,64.1527,25.5085,25.50869999999999,1.0
Wisconsin,2012,111.961,88.662,57.0497,23.2991,23.298999999999992,4.0
Wichita St.,2012,116.963,93.7271,65.0878,23.2362,23.2359,5.0
Memphis,2012,114.7,92.1444,66.8618,22.5554,22.5556,8.0
Indiana,2012,119.547,97.0081,66.0427,22.5388,22.538899999999998,4.0
Baylor,2012,115.656,94.2364,64.8088,21.4193,21.419600000000003,3.0
Duke,2012,117.909,97.043,65.6315,20.8659,20.866,2.0
Saint Louis,2012,111.629,91.0501,61.301,20.5785,20.578900000000004,9.0
Georgetown,2012,109.993,89.6577,61.6397,20.3352,20.33529999999999,3.0
Vanderbilt,2012,114.775,94.4476,63.9958,20.3275,20.32740000000001,5.0
Florida,2012,120.271,99.98,63.4917,20.2909,20.290999999999997,7.0
New Mexico,2012,110.405,90.4523,65.0743,19.9522,19.952700000000007,5.0
Marquette,2012,112.422,93.0852,69.187,19.3365,19.336799999999997,3.0
Louisville,2012,105.207,86.3916,65.9921,18.8157,18.815399999999997,4.0
Kansas St.,2012,109.953,91.6575,65.8239,18.2953,18.295500000000004,8.0
Michigan,2012,113.975,95.8679,59.5682,18.1066,18.10709999999999,4.0
Florida St.,2012,107.767,89.7815,66.0495,17.9858,17.985500000000002,3.0
Belmont,2012,117.088,99.4192,66.7473,17.6692,17.66879999999999,14.0
Virginia,2012,106.186,88.8224,58.3843,17.3633,17.363600000000005,10.0
Creighton,2012,119.641,102.559,65.4893,17.0818,17.082000000000008,8.0
Gonzaga,2012,111.604,94.5893,64.3904,17.0149,17.014700000000005,7.0
Alabama,2012,106.031,89.3714,61.5091,16.6596,16.65960000000001,9.0
California,2012,111.11,94.5611,65.1101,16.549,16.548900000000003,12.0
Texas,2012,113.26,96.748,64.1535,16.5122,16.512,11.0
Iowa St.,2012,112.844,96.3879,65.1229,16.4561,16.456099999999992,8.0
UNLV,2012,109.975,93.9097,67.7911,16.0655,16.065299999999993,6.0
Purdue,2012,116.142,100.148,63.7048,15.9933,15.994,10.0
Long Beach St.,2012,111.581,95.9447,65.5618,15.6363,15.636300000000006,12.0
Temple,2012,114.086,98.5508,65.2739,15.5352,15.535200000000003,5.0
St. Mary's,2012,114.424,98.8981,62.3728,15.5262,15.525900000000007,7.0
Cincinnati,2012,109.258,94.1152,61.9205,15.1423,15.142799999999994,6.0
Murray St.,2012,110.21,95.1414,64.2846,15.069,15.06859999999999,6.0
Connecticut,2012,111.126,96.1075,62.2672,15.0185,15.018500000000003,9.0
Harvard,2012,108.398,93.6424,59.748,14.756,14.755600000000001,12.0
West Virginia,2012,111.599,97.0738,63.2691,14.5249,14.525199999999998,10.0
Miami FL,2012,111.326,96.9034,62.9379,14.423,14.422599999999989,
Notre Dame,2012,110.251,96.0393,59.5561,14.2112,14.211700000000008,7.0
Drexel,2012,108.551,95.2144,59.7676,13.3367,13.336600000000004,
North Carolina St.,2012,111.847,98.7065,66.3856,13.1406,13.140499999999989,11.0
Seton Hall,2012,106.878,93.7784,63.9566,13.1001,13.099599999999995,
Middle Tennessee,2012,107.919,94.8975,63.8798,13.0217,13.021500000000003,
Arizona,2012,107.729,94.7837,63.5621,12.9455,12.945300000000003,
BYU,2012,106.894,93.9601,71.6581,12.9336,12.933900000000008,14.0
VCU,2012,107.166,94.5327,64.298,12.6331,12.633299999999991,12.0
San Diego St.,2012,107.254,94.7608,65.1097,12.4935,12.493200000000002,6.0
Iona,2012,115.979,103.63,69.0723,12.3492,12.349000000000004,14.0
La Salle,2012,107.349,95.4184,66.9806,11.9305,11.930599999999998,
South Dakota St.,2012,113.756,102.043,64.332,11.7129,11.712999999999994,14.0
Tennessee,2012,106.994,95.3155,63.1905,11.679,11.6785,
New Mexico St.,2012,109.141,97.4887,69.1013,11.6518,11.652300000000011,13.0
Xavier,2012,107.588,95.9824,65.9384,11.6059,11.605599999999995,10.0
St. Bonaventure,2012,110.138,98.5497,62.409,11.5887,11.588300000000004,14.0
Minnesota,2012,108.522,97.0164,62.6594,11.5056,11.505600000000001,
South Florida,2012,102.792,91.3144,57.9277,11.4773,11.477599999999995,12.0
Stanford,2012,105.378,93.9115,65.4299,11.4666,11.466499999999996,
Northwestern,2012,115.102,103.705,61.8014,11.3973,11.397000000000006,
St. Joseph's,2012,110.465,99.167,64.131,11.2983,11.298000000000002,
Southern Miss,2012,111.225,99.9599,63.0961,11.2651,11.26509999999999,9.0
UCLA,2012,107.983,96.9433,64.0218,11.04,11.03970000000001,
Dayton,2012,112.845,101.846,63.4086,10.9992,10.998999999999995,
Ohio,2012,105.736,94.9527,65.5881,10.7829,10.783300000000011,13.0
Davidson,2012,111.768,101.075,66.7002,10.6934,10.692999999999998,13.0
Denver,2012,110.589,99.9149,59.5979,10.6745,10.674099999999996,
Akron,2012,107.696,97.0412,65.7394,10.6552,10.654799999999994,
Oregon,2012,111.153,100.827,65.5117,10.3255,10.326000000000008,
Washington,2012,108.382,98.1706,68.6826,10.2113,10.211400000000012,
Wyoming,2012,102.767,92.6193,58.6834,10.1473,10.1477,
Pittsburgh,2012,111.576,101.837,61.8585,9.73898,9.73899999999999,
Mississippi St.,2012,111.587,101.859,63.1929,9.72868,9.728000000000009,
Marshall,2012,108.967,99.2542,64.2568,9.71323,9.712800000000001,
Colorado St.,2012,113.273,103.767,63.0838,9.50647,9.506,11.0
Illinois,2012,104.189,94.7185,63.4355,9.47005,9.470499999999987,
Cleveland St.,2012,105.424,96.2103,62.7139,9.21363,9.213700000000003,
Northern Iowa,2012,106.467,97.2604,60.7237,9.2066,9.206599999999995,
Virginia Tech,2012,106.636,97.6711,61.1938,8.96467,8.9649,
Clemson,2012,105.261,96.3131,62.3921,8.94805,8.94789999999999,
Oral Roberts,2012,112.11,103.165,62.5618,8.94523,8.944999999999993,
Lehigh,2012,108.606,99.6982,67.0402,8.90823,8.907799999999995,15.0
Missouri St.,2012,105.375,96.7064,61.7574,8.66873,8.668599999999998,
Massachusetts,2012,104.867,96.2883,72.6224,8.57902,8.578699999999998,
UCF,2012,106.548,98.1871,62.3368,8.36094,8.3609,
Colorado,2012,104.614,96.2689,64.2147,8.34556,8.345100000000002,11.0
Villanova,2012,108.577,100.39,66.6576,8.18665,8.186999999999998,
Mississippi,2012,103.657,95.514,64.727,8.14351,8.143,
Tulsa,2012,106.093,98.0291,63.153,8.06419,8.063900000000004,
LSU,2012,101.32,93.441,64.1851,7.87872,7.878999999999991,
Montana,2012,103.543,95.6693,63.555,7.87347,7.8736999999999995,13.0
Oklahoma St.,2012,106.904,99.0656,64.7126,7.83887,7.838399999999993,
Georgia St.,2012,101.98,94.178,62.9853,7.80249,7.802000000000007,
Oregon St.,2012,110.952,103.245,68.9136,7.70744,7.706999999999994,
Buffalo,2012,106.932,99.3274,66.4492,7.60481,7.604600000000005,
Illinois St.,2012,107.409,99.9241,62.4034,7.48497,7.48490000000001,
Lamar,2012,107.54,100.064,65.5439,7.476,7.476000000000013,16.0
Princeton,2012,106.495,99.105,61.297,7.38983,7.390000000000001,
Bucknell,2012,107.104,99.9886,62.0751,7.11532,7.115399999999994,
Iowa,2012,110.181,103.29,66.1857,6.89056,6.890999999999991,
Wagner,2012,104.384,97.5625,66.3999,6.82167,6.8215,
Oklahoma,2012,105.134,98.372,65.8353,6.76237,6.7620000000000005,
Old Dominion,2012,101.309,94.5886,63.6881,6.72016,6.720399999999998,
UC Santa Barbara,2012,110.008,103.414,62.774,6.59355,6.593999999999994,
Mercer,2012,103.844,97.4163,62.5776,6.42749,6.427699999999987,
Nevada,2012,105.6,99.2952,63.1916,6.30455,6.3048,
Evansville,2012,109.962,103.774,65.4523,6.18742,6.188000000000002,
Richmond,2012,108.918,102.85,62.0833,6.06762,6.068000000000012,
George Mason,2012,103.828,97.8245,66.4008,6.00332,6.0035000000000025,
Kent St.,2012,106.114,100.157,66.2603,5.95707,5.957000000000008,
Georgia,2012,104.249,98.5533,60.8652,5.69553,5.695700000000002,
UT Arlington,2012,104.824,99.277,70.4314,5.54728,5.546999999999997,
Detroit,2012,108.41,102.907,66.4169,5.50243,5.503,15.0
Texas A&M,2012,101.073,95.8064,60.6885,5.26613,5.266599999999997,
Fairfield,2012,100.272,95.0574,63.0517,5.21428,5.214600000000004,
UNC Asheville,2012,109.605,104.64,67.7396,4.96548,4.965000000000003,16.0
Rutgers,2012,101.675,96.772,64.5193,4.90274,4.902999999999992,
Bowling Green,2012,103.637,98.9472,63.2447,4.69008,4.689800000000005,
Weber St.,2012,110.609,105.921,64.6481,4.6874,4.687999999999988,
Butler,2012,99.3499,94.971,63.3411,4.37892,4.378900000000002,
Vermont,2012,104.447,100.224,61.3192,4.2234,4.222999999999999,16.0
UAB,2012,100.861,96.6647,60.3643,4.19588,4.196300000000008,
Duquesne,2012,106.941,102.78,66.3653,4.16094,4.161000000000001,
Arkansas,2012,106.167,102.103,68.8833,4.06351,4.064000000000007,
Indiana St.,2012,102.025,98.1031,63.2976,3.92163,3.921900000000008,
Providence,2012,109.695,105.929,64.4594,3.76583,3.765999999999991,
Maryland,2012,106.499,102.734,65.4543,3.76458,3.7650000000000006,
Manhattan,2012,102.69,98.9665,65.9398,3.72319,3.7235000000000014,
Loyola MD,2012,103.745,100.068,62.6291,3.6774,3.6770000000000067,15.0
East Carolina,2012,104.511,101.018,64.4517,3.49266,3.492999999999995,
Drake,2012,101.307,97.8608,64.8035,3.44667,3.4462000000000046,
Washington St.,2012,107.434,103.998,62.87,3.43564,3.435999999999993,
Valparaiso,2012,105.82,102.45,63.4277,3.3702,3.3699999999999903,
Utah St.,2012,107.711,104.363,59.5807,3.34806,3.347999999999999,
Robert Morris,2012,105.104,101.809,62.1644,3.29423,3.2950000000000017,
Penn,2012,103.999,100.718,61.1972,3.28167,3.2809999999999917,
Penn St.,2012,102.691,99.416,62.38,3.27451,3.2750000000000057,
San Francisco,2012,108.417,105.39,67.2897,3.02657,3.027000000000001,
UTEP,2012,101.73,98.8081,60.7327,2.92204,2.921900000000008,
USC Upstate,2012,103.674,101.053,65.8823,2.62174,2.6210000000000093,
Loyola Marymount,2012,102.278,99.7424,64.3355,2.53536,2.5356000000000023,
Milwaukee,2012,100.382,97.8929,64.0467,2.48933,2.4891000000000076,
Auburn,2012,99.4549,97.2998,63.2399,2.15505,2.1550999999999902,
East Tennessee St.,2012,101.513,99.3633,63.4448,2.14997,2.14970000000001,
Boise St.,2012,105.487,103.389,63.6415,2.09806,2.097999999999999,
Rice,2012,101.089,99.1188,66.9876,1.97041,1.9702000000000055,
Stony Brook,2012,103.064,101.171,60.5392,1.89312,1.8929999999999865,
Idaho,2012,106.057,104.267,61.3676,1.79093,1.7900000000000063,
Charlotte,2012,99.8098,98.1215,66.8523,1.68828,1.6882999999999981,
Stephen F. Austin,2012,97.3307,95.721,57.8747,1.60963,1.6096999999999895,
TCU,2012,106.432,104.884,66.4976,1.54847,1.5480000000000018,
Nebraska,2012,103.101,101.597,60.783,1.50353,1.5040000000000049,
Yale,2012,101.302,99.8855,65.559,1.41641,1.4165000000000134,
Quinnipiac,2012,103.504,102.092,64.8548,1.41251,1.4120000000000061,
DePaul,2012,108.134,106.723,70.603,1.41078,1.4110000000000014,
Oakland,2012,113.721,112.515,68.8167,1.20625,1.206000000000003,
Cal St. Fullerton,2012,108.951,107.783,67.1947,1.16803,1.1679999999999922,
College of Charleston,2012,102.159,101.339,65.6661,0.820372,0.8200000000000074,
St. John's,2012,103.411,102.598,65.4338,0.812775,0.8130000000000024,
North Texas,2012,100.544,99.9159,67.1415,0.628334,0.6281000000000034,
Cal Poly,2012,104.238,103.667,58.4306,0.570866,0.570999999999998,
LIU Brooklyn,2012,108.1,107.557,72.7955,0.542871,0.5429999999999922,16.0
Youngstown St.,2012,105.977,105.47,63.7228,0.506678,0.507000000000005,
North Dakota St.,2012,105.412,104.96,64.8213,0.451846,0.4520000000000124,
South Carolina,2012,103.045,102.607,61.048,0.43749,0.4380000000000024,
Delaware,2012,103.378,102.987,66.3895,0.390971,0.39100000000000534,
Tennessee St.,2012,100.97,100.835,64.3041,0.134724,0.13500000000000512,
Western Michigan,2012,105.386,105.321,64.3493,0.0651461,0.06499999999999773,
American,2012,101.302,101.564,60.8311,-0.262925,-0.26199999999998624,
UTSA,2012,103.906,104.346,65.6677,-0.439845,-0.4399999999999977,
Georgia Tech,2012,98.2412,98.8882,61.4907,-0.647019,-0.6469999999999914,
George Washington,2012,101.54,102.187,61.8513,-0.647289,-0.6469999999999914,
Western Illinois,2012,97.2148,97.871,56.9022,-0.656163,-0.6561999999999983,
Green Bay,2012,101.011,101.831,65.4792,-0.81994,-0.8200000000000074,
Charleston Southern,2012,104.261,105.1,68.695,-0.8387,-0.8389999999999986,
Florida Gulf Coast,2012,104.841,105.833,65.8394,-0.991548,-0.9920000000000044,
Tennessee Tech,2012,103.844,104.982,66.9344,-1.13764,-1.1380000000000052,
Arkansas Little Rock,2012,98.2305,99.5732,63.0638,-1.34268,-1.3426999999999936,
Fresno St.,2012,101.289,102.801,61.1196,-1.51175,-1.5120000000000005,
Air Force,2012,100.033,101.626,60.4091,-1.59285,-1.5930000000000035,
Columbia,2012,101.072,102.851,61.7953,-1.77847,-1.7789999999999964,
Boston University,2012,99.5294,101.311,63.1783,-1.78143,-1.7816000000000116,
Savannah St.,2012,95.1331,96.9658,61.8618,-1.83267,-1.8327000000000027,
Houston,2012,105.422,107.434,65.4454,-2.01258,-2.0120000000000005,
North Florida,2012,102.741,104.823,64.661,-2.08239,-2.0819999999999936,
Northeastern,2012,100.18,102.581,62.9147,-2.4006,-2.4009999999999962,
Coastal Carolina,2012,101.894,104.328,63.1913,-2.43367,-2.4339999999999975,
Tulane,2012,97.8919,100.337,63.9027,-2.44519,-2.4450999999999965,
Norfolk St.,2012,99.5279,101.974,66.0683,-2.44646,-2.4461000000000013,15.0
Wofford,2012,101.305,103.765,60.101,-2.45995,-2.4599999999999937,
Louisiana Tech,2012,100.882,103.381,66.7544,-2.49908,-2.4989999999999952,
Miami OH,2012,102.195,104.717,58.7995,-2.52121,-2.5220000000000056,
Arkansas St.,2012,102.334,104.893,61.3128,-2.55833,-2.5589999999999975,
Ball St.,2012,99.9042,102.472,61.589,-2.56744,-2.567799999999991,
SMU,2012,97.908,100.483,58.6026,-2.57521,-2.575000000000003,
Morehead St.,2012,100.233,102.846,59.1496,-2.61367,-2.6129999999999995,
Albany,2012,108.42,111.106,63.6794,-2.68587,-2.685999999999993,
Louisiana Lafayette,2012,94.8391,97.5982,67.9261,-2.75904,-2.7591000000000037,
Western Kentucky,2012,98.1875,101.022,66.9018,-2.83435,-2.8345000000000056,16.0
Toledo,2012,103.421,106.313,65.103,-2.89232,-2.891999999999996,
IUPUI,2012,107.693,110.634,64.6464,-2.94063,-2.9410000000000025,
Florida Atlantic,2012,101.109,104.059,62.8006,-2.95073,-2.950000000000003,
Portland St.,2012,107.914,110.966,65.4058,-3.05199,-3.0519999999999925,
Jacksonville St.,2012,98.1702,101.237,62.5995,-3.06639,-3.0668000000000006,
Austin Peay,2012,102.182,105.477,66.8663,-3.29515,-3.2950000000000017,
Eastern Washington,2012,101.283,104.649,66.922,-3.36601,-3.3659999999999997,
Cornell,2012,98.0108,101.381,66.6121,-3.37044,-3.370199999999997,
South Alabama,2012,100.951,104.334,64.0865,-3.38366,-3.3830000000000098,
Wake Forest,2012,101.98,105.62,65.344,-3.64064,-3.6400000000000006,
McNeese St.,2012,100.921,104.745,63.5205,-3.82393,-3.823999999999998,
Hawaii,2012,103.079,107.068,68.9673,-3.98852,-3.9890000000000043,
Lipscomb,2012,100.824,104.858,68.0315,-4.03344,-4.034000000000006,
Wright St.,2012,95.0838,99.28,61.3772,-4.19616,-4.196200000000005,
North Carolina Central,2012,97.3494,101.568,64.8362,-4.21898,-4.218599999999995,
San Diego,2012,101.64,105.993,64.7057,-4.35326,-4.352999999999994,
St. Francis NY,2012,97.1001,101.455,67.4464,-4.35513,-4.354900000000001,
Central Connecticut,2012,99.2214,103.616,66.2761,-4.39464,-4.394599999999997,
Southern Illinois,2012,99.1378,103.609,64.1668,-4.47073,-4.471199999999996,
Hofstra,2012,98.6113,103.264,64.7555,-4.65317,-4.652699999999996,
Northwestern St.,2012,97.3197,102.296,68.5546,-4.97613,-4.976300000000009,
Holy Cross,2012,98.6516,103.745,64.5964,-5.09361,-5.093400000000003,
Rhode Island,2012,102.333,107.548,65.7973,-5.21503,-5.215000000000003,
Rider,2012,103.988,109.239,66.7418,-5.25163,-5.251000000000005,
Southeast Missouri St.,2012,105.281,110.534,63.8677,-5.2535,-5.253,
FIU,2012,99.1704,104.481,63.0508,-5.31036,-5.310599999999994,
Seattle,2012,98.2904,103.649,73.9193,-5.35912,-5.358599999999996,
USC,2012,90.3909,95.8226,59.131,-5.43172,-5.431699999999992,
Siena,2012,97.0713,102.9,63.8253,-5.82904,-5.828700000000012,
Texas Tech,2012,95.0021,100.851,63.3959,-5.84916,-5.8489,
Campbell,2012,103.337,109.471,66.3274,-6.13412,-6.134,
Southern Utah,2012,98.029,104.181,62.1779,-6.15246,-6.152000000000001,
High Point,2012,105.246,111.507,62.951,-6.26047,-6.26100000000001,
Sacred Heart,2012,102.182,108.474,65.3048,-6.29184,-6.292000000000002,
Arizona St.,2012,99.9735,106.338,61.7959,-6.36479,-6.3644999999999925,
Mississippi Valley St.,2012,98.6794,105.054,67.9152,-6.3745,-6.374600000000001,16.0
UNC Wilmington,2012,100.219,106.61,65.1236,-6.39063,-6.391000000000005,
Lafayette,2012,105.796,112.303,64.7604,-6.50758,-6.506999999999991,
Western Carolina,2012,100.45,107.012,65.0334,-6.56149,-6.561999999999998,
Delaware St.,2012,101.06,107.762,59.5911,-6.70123,-6.701999999999998,
Georgia Southern,2012,97.5124,104.333,64.5337,-6.82093,-6.820599999999999,
Jacksonville,2012,99.0468,105.896,64.7918,-6.84883,-6.849199999999996,
Furman,2012,97.8215,104.713,63.2563,-6.89125,-6.8914999999999935,
Cal St. Bakersfield,2012,101.592,108.514,63.9556,-6.92189,-6.921999999999997,
UC Irvine,2012,97.0184,104.023,68.4144,-7.00434,-7.004599999999996,
Niagara,2012,102.821,109.834,66.5931,-7.01254,-7.013000000000005,
James Madison,2012,100.682,107.79,64.744,-7.10769,-7.108000000000004,
Utah Valley,2012,99.0601,106.194,63.8815,-7.13439,-7.133899999999997,
Stetson,2012,100.275,107.941,69.7995,-7.66644,-7.665999999999997,
Presbyterian,2012,102.446,110.21,58.7047,-7.76361,-7.763999999999996,
Central Michigan,2012,98.2427,106.09,63.2179,-7.84724,-7.847300000000004,
Northern Colorado,2012,104.656,112.562,65.0487,-7.90667,-7.905999999999992,
Morgan St.,2012,98.8411,106.935,65.0848,-8.0937,-8.093900000000005,
Bradley,2012,94.9651,103.079,66.7472,-8.11396,-8.113899999999987,
Elon,2012,97.6005,105.816,67.5793,-8.21545,-8.215500000000006,
Marist,2012,98.2857,106.598,66.8416,-8.31272,-8.312299999999993,
Appalachian St.,2012,99.3456,107.684,64.7545,-8.33886,-8.338399999999993,
Bethune Cookman,2012,101.066,109.417,61.8067,-8.35023,-8.350999999999999,
Boston College,2012,95.3083,103.913,63.0253,-8.60483,-8.604699999999994,
Texas St.,2012,100.389,109.009,71.1295,-8.62066,-8.620000000000005,
Eastern Michigan,2012,90.2934,98.9885,58.4206,-8.69514,-8.695099999999996,
North Dakota,2012,95.585,104.292,65.6881,-8.70676,-8.707000000000008,
Eastern Kentucky,2012,100.462,109.313,60.7178,-8.85169,-8.850999999999999,
Winthrop,2012,94.2943,103.148,61.0545,-8.85386,-8.85369999999999,
Texas Southern,2012,92.2663,101.172,64.6072,-8.90532,-8.905699999999996,
Troy,2012,104.867,113.784,66.4198,-8.91723,-8.917000000000002,
Chattanooga,2012,97.4745,106.489,66.6325,-9.01435,-9.014499999999998,
Fordham,2012,94.4735,103.743,65.7182,-9.26917,-9.269499999999994,
IPFW,2012,98.1273,107.518,67.6994,-9.39047,-9.390699999999995,
Gardner Webb,2012,95.0086,104.402,63.1693,-9.39354,-9.3934,
San Jose St.,2012,99.9396,109.495,63.2789,-9.55539,-9.555400000000006,
Maine,2012,96.4678,106.054,66.1592,-9.58657,-9.586200000000005,
Coppin St.,2012,106.295,115.915,67.6292,-9.62017,-9.620000000000005,
VMI,2012,101.922,111.666,71.9346,-9.74355,-9.744,
UC Riverside,2012,90.2987,100.299,61.8843,-10.0007,-10.00030000000001,
Pacific,2012,97.5932,107.704,60.9201,-10.111,-10.110799999999998,
Santa Clara,2012,103.245,113.362,64.572,-10.1174,-10.11699999999999,
UNC Greensboro,2012,97.3034,107.524,70.4743,-10.2202,-10.220600000000005,
Sam Houston St.,2012,89.6413,99.9313,61.7532,-10.29,-10.289999999999992,
South Dakota,2012,98.9022,109.209,67.3076,-10.3066,-10.30680000000001,
Illinois Chicago,2012,97.6231,107.999,63.6381,-10.376,-10.375900000000001,
UMKC,2012,99.5889,109.986,62.0693,-10.3974,-10.397100000000009,
Portland,2012,98.9386,109.391,65.6569,-10.4521,-10.452400000000011,
Samford,2012,101.873,112.415,60.9237,-10.5414,-10.542000000000002,
Pepperdine,2012,94.1947,104.817,60.1335,-10.6218,-10.622299999999996,
Hampton,2012,91.724,102.413,66.3436,-10.689,-10.688999999999993,
Loyola Chicago,2012,95.0137,105.775,58.7377,-10.7615,-10.761300000000006,
Liberty,2012,100.184,111.175,63.5871,-10.9914,-10.991,
Montana St.,2012,97.2344,108.813,65.4939,-11.579,-11.578600000000009,
Monmouth,2012,96.5306,108.136,67.3409,-11.6059,-11.605399999999989,
Sacramento St.,2012,98.0506,109.859,64.0959,-11.808,-11.808399999999992,
New Hampshire,2012,90.4079,102.758,63.7132,-12.3504,-12.350099999999998,
Mount St. Mary's,2012,92.8873,105.381,61.9445,-12.4937,-12.493700000000004,
William & Mary,2012,97.7386,110.4,61.6584,-12.6618,-12.6614,
Dartmouth,2012,91.022,103.898,61.9403,-12.8759,-12.87599999999999,
Eastern Illinois,2012,97.3108,110.23,62.3774,-12.9194,-12.919200000000004,
Army,2012,93.3844,106.393,67.4895,-13.0089,-13.008600000000001,
Southeastern Louisiana,2012,86.4249,99.4842,62.3051,-13.0593,-13.059300000000007,
North Carolina A&T,2012,93.7132,106.951,67.4055,-13.2375,-13.237799999999993,
NJIT,2012,96.289,109.578,63.5023,-13.2894,-13.289000000000001,
Idaho St.,2012,96.9914,110.593,64.3227,-13.6017,-13.601600000000005,
Cal St. Northridge,2012,98.0196,111.755,67.1355,-13.7354,-13.735399999999998,
Utah,2012,92.7528,107.097,60.2433,-14.3439,-14.3442,
Texas A&M Corpus Christi,2012,89.7385,104.38,64.1557,-14.6419,-14.641499999999994,
SIU Edwardsville,2012,95.1818,110.13,66.9763,-14.948,-14.9482,
Hartford,2012,90.893,105.861,63.4286,-14.9684,-14.968000000000004,
Howard,2012,90.6493,105.879,64.6935,-15.2298,-15.229700000000008,
St. Francis PA,2012,94.7689,110.392,62.2769,-15.6228,-15.623099999999994,
Louisiana Monroe,2012,96.7671,112.44,62.7885,-15.6729,-15.672899999999998,
Brown,2012,95.0803,110.785,63.4044,-15.7044,-15.704700000000003,
Texas Pan American,2012,92.4991,108.724,63.1394,-16.225,-16.224900000000005,
Southern,2012,89.7019,106.347,62.7573,-16.6448,-16.6451,
Alabama St.,2012,87.6283,104.409,62.8437,-16.781,-16.78070000000001,
Radford,2012,89.8562,106.717,63.2993,-16.8606,-16.860799999999998,
St. Peter's,2012,89.1096,106.414,62.6944,-17.304,-17.3044,
Florida A&M,2012,93.062,110.488,67.2104,-17.426,-17.426000000000002,
Houston Baptist,2012,92.8287,110.354,69.5405,-17.525,-17.5253,
Kennesaw St.,2012,97.0075,114.537,61.3619,-17.5294,-17.529500000000013,
Central Arkansas,2012,93.0372,110.583,70.9239,-17.5456,-17.5458,
Arkansas Pine Bluff,2012,93.1871,111.065,64.5536,-17.8782,-17.877899999999997,
Nicholls St.,2012,100.723,118.721,64.1102,-17.9981,-17.998000000000005,
Prairie View A&M,2012,85.3128,103.318,69.3156,-18.0051,-18.005200000000002,
The Citadel,2012,92.4369,110.445,62.6503,-18.0081,-18.0081,
Colgate,2012,97.2659,115.642,64.0407,-18.3759,-18.376099999999994,
Maryland Eastern Shore,2012,86.8142,105.535,66.2812,-18.721,-18.720799999999997,
UC Davis,2012,94.3675,113.143,64.1113,-18.7754,-18.775499999999994,
Canisius,2012,94.5097,113.301,64.5005,-18.791,-18.791300000000007,
Navy,2012,91.0196,110.372,58.9266,-19.352,-19.352400000000003,
Northern Illinois,2012,90.0988,109.546,61.3761,-19.4472,-19.44720000000001,
Alcorn St.,2012,88.0774,108.172,66.8581,-20.0947,-20.0946,
Jackson St.,2012,88.0979,108.51,59.9944,-20.4126,-20.41210000000001,
Nebraska Omaha,2012,96.8203,117.24,69.717,-20.4201,-20.41969999999999,
Chicago St.,2012,88.4206,109.324,68.564,-20.9036,-20.903400000000005,
Tennessee Martin,2012,93.847,114.909,64.4145,-21.0622,-21.062000000000012,
Alabama A&M,2012,89.7658,111.109,66.0913,-21.3437,-21.343199999999996,
Fairleigh Dickinson,2012,87.2477,108.823,65.8174,-21.5755,-21.5753,
Northern Arizona,2012,89.7437,112.279,63.8973,-22.5354,-22.535299999999992,
Bryant,2012,93.6072,116.244,63.8449,-22.6372,-22.636799999999994,
Towson,2012,86.9939,109.663,60.787,-22.6688,-22.6691,
Longwood,2012,99.3671,122.418,68.411,-23.0508,-23.050900000000013,
UMBC,2012,90.9223,114.559,67.2405,-23.6366,-23.63669999999999,
South Carolina St.,2012,92.0567,116.7,67.8501,-24.6428,-24.643299999999996,
Binghamton,2012,86.2052,112.461,63.8762,-26.2555,-26.255799999999994,
Grambling St.,2012,84.9505,115.178,63.5931,-30.2271,-30.227499999999992,
Air Force,2013,112.884,104.44,62.5525,8.44339,8.444000000000003,
Akron,2013,107.801,94.0583,64.6243,13.7427,13.7427,12.0
Alabama,2013,104.11,93.3046,59.7128,10.8058,10.805400000000006,
Alabama A&M,2013,90.5796,111.498,64.2054,-20.9186,-20.918400000000005,
Alabama St.,2013,92.2111,112.052,64.0774,-19.8407,-19.840900000000005,
Albany,2013,102.346,101.191,61.1481,1.15535,1.1550000000000011,15.0
Alcorn St.,2013,85.0248,102.166,65.9162,-17.1413,-17.141199999999998,
American,2013,97.9437,108.373,57.7735,-10.4295,-10.429299999999998,
Appalachian St.,2013,99.1538,108.194,65.7496,-9.03967,-9.040199999999999,
Arizona,2013,114.263,93.7326,64.9417,20.5305,20.5304,6.0
Arizona St.,2013,107.442,97.8863,63.6642,9.55609,9.555699999999987,
Arkansas,2013,106.458,97.1527,68.8821,9.30544,9.305300000000003,
Arkansas Little Rock,2013,97.5432,102.244,65.67,-4.70131,-4.700800000000001,
Arkansas Pine Bluff,2013,92.3278,103.619,65.8216,-11.2914,-11.291200000000003,
Arkansas St.,2013,98.7358,96.945,63.5159,1.79084,1.7908000000000044,
Army,2013,105.26,104.506,66.0861,0.753956,0.7540000000000049,
Auburn,2013,98.6381,101.419,64.8133,-2.78102,-2.7809000000000026,
Austin Peay,2013,98.644,113.007,66.8251,-14.3633,-14.363,
Ball St.,2013,99.3517,106.979,64.2577,-7.62735,-7.627300000000005,
Baylor,2013,112.747,96.816,65.235,15.9309,15.930999999999997,
Belmont,2013,111.598,95.8476,65.3017,15.7507,15.750399999999999,11.0
Bethune Cookman,2013,97.8845,107.783,64.3826,-9.89815,-9.898499999999999,
Binghamton,2013,86.1058,110.185,64.4322,-24.0794,-24.0792,
Boise St.,2013,113.2,98.0999,64.2697,15.1001,15.100099999999998,13.0
Boston College,2013,109.874,103.836,61.9464,6.0385,6.037999999999997,
Boston University,2013,105.483,103.174,63.5027,2.30849,2.3089999999999975,
Bowling Green,2013,96.9269,100.486,62.115,-3.5592,-3.559100000000001,
Bradley,2013,102.835,102.582,64.4788,0.25308,0.2530000000000001,
Brown,2013,95.6757,101.589,62.5681,-5.91285,-5.9132999999999925,
Bryant,2013,109.728,109.993,64.0387,-0.264732,-0.26500000000000057,
Bucknell,2013,107.882,94.4384,60.9891,13.4434,13.443600000000004,11.0
Buffalo,2013,103.442,104.471,63.2975,-1.02808,-1.0290000000000106,
Butler,2013,110.071,95.2626,62.5561,14.8086,14.808399999999992,6.0
BYU,2013,108.501,97.3038,68.9935,11.1969,11.19720000000001,
Cal Poly,2013,107.449,103.997,57.627,3.45213,3.451999999999998,
Cal St. Bakersfield,2013,98.2683,104.49,63.7481,-6.2218,-6.2216999999999985,
Cal St. Fullerton,2013,107.571,109.75,67.7165,-2.17913,-2.179000000000002,
Cal St. Northridge,2013,104.376,108.182,68.5884,-3.80603,-3.8059999999999974,
California,2013,107.434,94.7044,63.887,12.7298,12.72959999999999,12.0
Campbell,2013,97.5349,110.841,64.065,-13.3061,-13.3061,
Canisius,2013,111.153,106.224,64.1136,4.92884,4.929000000000002,
Central Arkansas,2013,100.224,112.923,70.4754,-12.6995,-12.698999999999998,
Central Connecticut,2013,101.644,109.777,68.1197,-8.13255,-8.132999999999996,
Central Michigan,2013,105.006,112.345,63.5715,-7.33878,-7.338999999999999,
Charleston Southern,2013,101.686,103.055,65.7695,-1.3698,-1.3689999999999998,
Charlotte,2013,100.838,97.1503,65.665,3.6875,3.6876999999999924,
Chattanooga,2013,97.5108,111.725,65.5551,-14.2144,-14.214199999999991,
Chicago St.,2013,90.5069,103.153,64.5575,-12.6457,-12.646100000000004,
Cincinnati,2013,105.794,90.2087,62.2632,15.5856,15.585300000000004,10.0
Clemson,2013,101.191,95.8005,60.2685,5.39051,5.390500000000003,
Cleveland St.,2013,99.71,107.834,62.9267,-8.12396,-8.12400000000001,
Coastal Carolina,2013,97.7113,103.573,63.064,-5.86135,-5.861699999999999,
Colgate,2013,97.4406,107.059,64.9454,-9.6182,-9.618399999999994,
College of Charleston,2013,101.339,100.218,62.5016,1.12116,1.1209999999999951,
Colorado,2013,107.269,92.4737,63.0028,14.7956,14.795300000000012,10.0
Colorado St.,2013,118.136,97.9562,62.9945,20.1795,20.1798,8.0
Columbia,2013,100.918,103.264,59.5891,-2.34546,-2.3459999999999894,
Connecticut,2013,109.815,95.7964,63.1525,14.0184,14.018599999999992,
Coppin St.,2013,93.0328,107.702,66.1912,-14.6695,-14.669200000000004,
Cornell,2013,99.713,108.399,65.4282,-8.6861,-8.686000000000007,
Creighton,2013,119.389,97.1644,63.0944,22.2247,22.224599999999995,7.0
Dartmouth,2013,96.3169,106.617,62.3983,-10.3003,-10.3001,
Davidson,2013,112.441,101.27,63.2755,11.1711,11.171000000000006,14.0
Dayton,2013,112.4,101.263,64.015,11.137,11.137,
Delaware,2013,104.218,104.29,65.1953,-0.072017,-0.07200000000000273,
Delaware St.,2013,96.5398,108.117,59.135,-11.5774,-11.577200000000005,
Denver,2013,111.061,95.6595,56.6586,15.4011,15.401500000000013,
DePaul,2013,105.272,105.746,70.0497,-0.473599,-0.47399999999998954,
Detroit,2013,113.984,103.711,68.3343,10.2722,10.272999999999996,
Drake,2013,107.016,102.58,66.8131,4.43688,4.436000000000007,
Drexel,2013,101.811,101.899,59.799,-0.0888553,-0.08799999999999386,
Duke,2013,119.646,92.9223,66.0764,26.724,26.723699999999994,2.0
Duquesne,2013,100.517,107.374,67.193,-6.85715,-6.856999999999999,
East Carolina,2013,107.347,106.519,66.9148,0.828096,0.8279999999999887,
East Tennessee St.,2013,94.5604,111.013,62.6743,-16.4523,-16.452600000000004,
Eastern Illinois,2013,100.089,110.131,57.9087,-10.0424,-10.042000000000002,
Eastern Kentucky,2013,110.949,105.355,62.5291,5.59353,5.593999999999994,
Eastern Michigan,2013,92.9026,98.6747,58.3423,-5.7721,-5.772099999999995,
Eastern Washington,2013,96.8526,110.036,66.2044,-13.1838,-13.183400000000006,
Elon,2013,99.9333,103.226,63.8497,-3.29288,-3.2926999999999964,
Evansville,2013,105.776,97.2191,63.4373,8.55687,8.556899999999999,
Fairfield,2013,97.5024,96.4559,59.565,1.04652,1.0464999999999947,
Fairleigh Dickinson,2013,93.941,114.345,65.3879,-20.4044,-20.403999999999996,
FIU,2013,101.451,102.946,67.1053,-1.49482,-1.4950000000000045,
Florida,2013,118.162,86.1792,60.6898,31.9831,31.98280000000001,3.0
Florida A&M,2013,89.3768,107.963,66.7688,-18.5857,-18.58619999999999,
Florida Atlantic,2013,99.3915,105.499,63.1766,-6.10758,-6.107500000000002,
Florida Gulf Coast,2013,103.304,99.9512,66.6594,3.35293,3.352800000000002,15.0
Florida St.,2013,106.966,102.182,63.6794,4.78414,4.783999999999992,
Fordham,2013,99.9057,107.793,66.5645,-7.88716,-7.88730000000001,
Fresno St.,2013,100.477,93.809,59.8684,6.66757,6.668000000000006,
Furman,2013,91.6801,115.078,62.9488,-23.3981,-23.397900000000007,
Gardner Webb,2013,98.633,100.189,60.2167,-1.55602,-1.5559999999999974,
George Mason,2013,103.245,100.752,64.2316,2.49357,2.493000000000009,
George Washington,2013,100.372,95.1166,65.7949,5.25512,5.2553999999999945,
Georgetown,2013,107.747,85.5846,59.9536,22.1624,22.162400000000005,2.0
Georgia,2013,101.799,96.42,60.2265,5.37875,5.379000000000005,
Georgia Southern,2013,95.7129,107.044,60.1925,-11.331,-11.331099999999992,
Georgia St.,2013,105.515,107.099,61.8372,-1.58419,-1.5840000000000032,
Georgia Tech,2013,99.7456,93.3634,64.4381,6.38221,6.382199999999997,
Gonzaga,2013,120.831,91.8845,62.4727,28.9467,28.9465,1.0
Grambling St.,2013,75.8303,122.099,61.8344,-46.2684,-46.26870000000001,
Green Bay,2013,104.646,100.115,61.5963,4.53063,4.531000000000006,
Hampton,2013,88.8812,99.3134,67.9353,-10.4321,-10.432199999999995,
Hartford,2013,93.972,98.6713,61.8037,-4.69926,-4.699300000000008,
Harvard,2013,108.139,101.233,62.4831,6.90592,6.905999999999992,14.0
Hawaii,2013,103.479,106.352,67.2603,-2.87356,-2.8730000000000047,
High Point,2013,99.9281,104.419,63.4635,-4.49125,-4.490899999999996,
Hofstra,2013,89.3796,102.948,62.5879,-13.5688,-13.568399999999997,
Holy Cross,2013,98.9415,105.338,60.7265,-6.3967,-6.396499999999989,
Houston,2013,107.834,109.105,68.183,-1.27195,-1.2710000000000008,
Houston Baptist,2013,87.7229,105.228,66.6073,-17.5051,-17.5051,
Howard,2013,83.9236,102.543,60.3669,-18.6195,-18.619400000000013,
Idaho,2013,110.042,112.455,61.3596,-2.41308,-2.4129999999999967,
Idaho St.,2013,91.6538,108.106,58.436,-16.4524,-16.45219999999999,
Illinois,2013,110.496,95.3564,64.2338,15.1395,15.139600000000002,7.0
Illinois Chicago,2013,98.8392,99.5776,61.9967,-0.738421,-0.7383999999999986,
Illinois St.,2013,109.624,98.3643,68.2228,11.2602,11.259699999999995,
Indiana,2013,122.482,92.5582,65.7072,29.9242,29.9238,1.0
Indiana St.,2013,103.27,95.7186,63.3959,7.55166,7.551400000000001,
Iona,2013,114.644,106.791,68.6813,7.85234,7.853000000000009,15.0
Iowa,2013,108.7,91.9975,65.6903,16.7028,16.7025,
Iowa St.,2013,116.863,100.569,67.5365,16.2941,16.293999999999997,10.0
IPFW,2013,98.2551,105.218,64.1035,-6.96274,-6.962900000000005,
IUPUI,2013,97.7312,117.855,63.5443,-20.1234,-20.123800000000003,
Jackson St.,2013,93.7163,108.806,66.7377,-15.0895,-15.089699999999993,
Jacksonville,2013,95.3953,108.141,66.9518,-12.7455,-12.7457,
Jacksonville St.,2013,102.6,105.929,60.1266,-3.32948,-3.3290000000000077,
James Madison,2013,99.5556,101.23,62.5026,-1.67462,-1.6744000000000057,16.0
Kansas,2013,113.253,87.8314,65.5441,25.4211,25.421599999999998,1.0
Kansas St.,2013,113.291,95.0325,60.9899,18.2582,18.258499999999998,4.0
Kennesaw St.,2013,91.3939,112.685,62.3659,-21.2908,-21.2911,
Kent St.,2013,108.123,102.522,64.5896,5.60111,5.600999999999999,
Kentucky,2013,111.423,97.7707,65.1251,13.6524,13.652299999999997,
La Salle,2013,110.546,97.2446,64.3651,13.3018,13.301400000000001,13.0
Lafayette,2013,105.943,106.038,63.7411,-0.0944718,-0.09499999999999886,
Lamar,2013,85.6866,111.194,68.2883,-25.5074,-25.507400000000004,
Lehigh,2013,108.506,101.292,65.1649,7.21428,7.213999999999999,
Liberty,2013,100.529,110.044,63.8178,-9.51521,-9.515,16.0
Lipscomb,2013,97.6605,110.511,68.6365,-12.8503,-12.850499999999997,
LIU Brooklyn,2013,111.069,112.442,66.723,-1.37364,-1.3729999999999905,16.0
Long Beach St.,2013,106.177,104.019,64.8737,2.15802,2.1580000000000013,
Longwood,2013,94.464,116.184,68.5066,-21.7204,-21.72,
Louisiana Lafayette,2013,100.587,106.241,67.8458,-5.65466,-5.653999999999996,
Louisiana Monroe,2013,92.2983,110.338,64.2882,-18.0398,-18.039699999999996,
Louisiana Tech,2013,102.105,93.7604,68.1754,8.34506,8.3446,
Louisville,2013,114.313,83.1717,65.2907,31.1411,31.1413,1.0
Loyola Chicago,2013,103.112,102.788,61.1652,0.323971,0.32399999999999807,
Loyola Marymount,2013,98.239,101.803,62.8204,-3.56424,-3.563999999999993,
Loyola MD,2013,105.02,101.098,61.8299,3.92182,3.921999999999997,
LSU,2013,105.55,98.9412,67.053,6.60905,6.608800000000002,
Maine,2013,97.1284,106.012,67.068,-8.88389,-8.883600000000001,
Manhattan,2013,95.1668,94.2512,60.0061,0.915572,0.9155999999999977,
Marist,2013,98.6974,105.249,66.0998,-6.5514,-6.551599999999993,
Marquette,2013,113.994,95.3386,62.8067,18.6549,18.6554,3.0
Marshall,2013,102.043,106.544,65.6463,-4.50037,-4.500999999999991,
Maryland,2013,106.829,93.489,65.4711,13.3397,13.33999999999999,
Maryland Eastern Shore,2013,86.4244,111.257,61.8947,-24.8329,-24.8326,
Massachusetts,2013,107.996,99.5552,68.9314,8.44108,8.440799999999996,
McNeese St.,2013,95.7519,108.135,62.204,-12.3831,-12.383099999999999,
Memphis,2013,108.62,91.9204,67.7883,16.6993,16.699600000000004,6.0
Mercer,2013,102.278,99.5887,60.4796,2.68943,2.689300000000003,
Miami FL,2013,113.044,90.7587,61.2753,22.2852,22.285299999999992,2.0
Miami OH,2013,98.7283,105.418,63.4205,-6.69001,-6.689700000000002,
Michigan,2013,120.868,95.8775,62.8699,24.9907,24.990499999999997,4.0
Michigan St.,2013,112.662,89.423,62.5852,23.2393,23.239000000000004,3.0
Middle Tennessee,2013,107.517,91.9796,62.9037,15.5372,15.537399999999991,11.0
Milwaukee,2013,95.2815,108.404,63.9824,-13.1224,-13.122500000000002,
Minnesota,2013,113.792,94.6477,61.1328,19.1442,19.1443,11.0
Mississippi,2013,112.338,95.8159,68.7636,16.5223,16.522099999999995,12.0
Mississippi St.,2013,91.6785,99.5878,66.1036,-7.90935,-7.909300000000002,
Mississippi Valley St.,2013,89.8708,112.057,68.5978,-22.1861,-22.1862,
Missouri,2013,115.006,95.7839,65.5079,19.2225,19.222099999999998,9.0
Missouri St.,2013,100.933,104.933,58.9779,-4.00059,-4.0,
Monmouth,2013,91.5751,105.402,67.7441,-13.8266,-13.826899999999995,
Montana,2013,105.569,102.857,61.796,2.71159,2.7120000000000033,13.0
Montana St.,2013,100.229,113.835,63.9037,-13.6061,-13.605999999999995,
Morehead St.,2013,99.6045,104.414,67.5075,-4.8096,-4.8095,
Morgan St.,2013,99.3284,102.654,65.2743,-3.32588,-3.3255999999999943,
Mount St. Mary's,2013,102.42,106.033,65.2424,-3.61334,-3.6129999999999995,
Murray St.,2013,105.604,102.088,64.2503,3.51667,3.5160000000000053,
Navy,2013,89.8846,105.039,58.7425,-15.1544,-15.154399999999995,
Nebraska,2013,101.877,99.1855,59.8435,2.69188,2.6914999999999907,
Nebraska Omaha,2013,101.86,118.019,70.2254,-16.1594,-16.159000000000006,
Nevada,2013,105.574,104.816,64.8988,0.75831,0.7579999999999956,
New Hampshire,2013,92.6065,102.012,62.0904,-9.40592,-9.405500000000004,
New Mexico,2013,110.537,89.8302,63.1277,20.7068,20.7068,3.0
New Mexico St.,2013,105.566,96.7219,63.1987,8.84441,8.844099999999997,13.0
New Orleans,2013,88.0118,113.087,68.5918,-25.0747,-25.07520000000001,
Niagara,2013,106.799,103.647,66.9812,3.15202,3.152000000000001,
Nicholls St.,2013,98.5087,110.778,65.3466,-12.269,-12.269300000000001,
NJIT,2013,94.5895,103.397,65.2677,-8.80732,-8.807500000000005,
Norfolk St.,2013,96.2476,101.022,66.0946,-4.7744,-4.7744,
North Carolina,2013,112.478,95.3146,68.7962,17.1634,17.163399999999996,8.0
North Carolina A&T,2013,92.5828,97.9108,64.8071,-5.32804,-5.327999999999989,16.0
North Carolina Central,2013,99.1108,98.9571,62.0396,0.153743,0.15370000000000061,
North Carolina St.,2013,116.772,99.3673,66.1873,17.4046,17.404700000000005,8.0
North Dakota,2013,96.7846,105.119,65.3641,-8.33404,-8.334400000000002,
North Dakota St.,2013,105.332,94.9419,58.951,10.3897,10.39009999999999,
North Florida,2013,100.515,108.776,64.116,-8.26114,-8.260999999999996,
North Texas,2013,97.2251,105.427,64.5957,-8.20193,-8.201900000000009,
Northeastern,2013,106.863,107.389,61.9445,-0.525906,-0.5259999999999962,
Northern Arizona,2013,96.6262,109.34,67.3806,-12.7138,-12.713800000000006,
Northern Colorado,2013,102.581,109.804,65.7967,-7.22291,-7.222999999999999,
Northern Illinois,2013,85.6515,102.124,60.3105,-16.4723,-16.472499999999997,
Northern Iowa,2013,106.335,95.1984,60.5972,11.1361,11.136599999999987,
Northern Kentucky,2013,97.087,105.051,57.4285,-7.9643,-7.963999999999999,
Northwestern,2013,104.234,101.452,59.3389,2.7821,2.7819999999999965,
Northwestern St.,2013,106.886,103.699,71.4118,3.18756,3.1869999999999976,14.0
Notre Dame,2013,115.515,98.0769,59.569,17.4382,17.438100000000006,7.0
Oakland,2013,107.192,109.69,67.0679,-2.49835,-2.4980000000000047,
Ohio,2013,106.733,97.407,65.8023,9.32637,9.326000000000008,
Ohio St.,2013,114.487,89.3191,62.2577,25.1682,25.16789999999999,2.0
Oklahoma,2013,111.409,97.0916,64.6503,14.3172,14.317400000000006,10.0
Oklahoma St.,2013,109.664,90.2456,65.3529,19.4182,19.418400000000005,5.0
Old Dominion,2013,98.4178,109.069,64.6054,-10.6516,-10.651200000000003,
Oral Roberts,2013,105.879,104.88,63.1621,0.998576,0.9990000000000094,
Oregon,2013,105.529,90.6673,67.0931,14.8613,14.861699999999999,12.0
Oregon St.,2013,109.172,102.592,66.3874,6.57989,6.579999999999998,
Pacific,2013,106.871,101.331,61.5719,5.53976,5.539999999999992,15.0
Penn,2013,94.8118,102.603,65.9883,-7.79088,-7.791199999999989,
Penn St.,2013,101.791,101.585,63.3089,0.205806,0.20600000000000307,
Pepperdine,2013,98.7846,103.678,61.5288,-4.89343,-4.8934,
Pittsburgh,2013,116.301,91.1994,58.1464,25.1014,25.101600000000005,8.0
Portland,2013,95.1922,103.52,63.0297,-8.32809,-8.327799999999996,
Portland St.,2013,103.248,117.007,63.0433,-13.7585,-13.759,
Prairie View A&M,2013,87.7367,105.244,65.3522,-17.5073,-17.5073,
Presbyterian,2013,94.7043,117.692,60.2563,-22.9873,-22.98769999999999,
Princeton,2013,108.601,100.609,58.6612,7.9922,7.992000000000004,
Providence,2013,106.916,96.1182,64.1586,10.7979,10.797799999999995,
Purdue,2013,105.626,95.5352,64.2234,10.0904,10.090800000000002,
Quinnipiac,2013,102.244,105.69,64.5902,-3.44598,-3.445999999999998,
Radford,2013,91.2271,104.03,65.4295,-12.8026,-12.802900000000008,
Rhode Island,2013,100.317,102.675,60.8805,-2.35767,-2.358000000000004,
Rice,2013,95.7508,113.334,60.8047,-17.5833,-17.583200000000005,
Richmond,2013,110.483,102.448,61.4135,8.03565,8.03500000000001,
Rider,2013,98.9501,98.2743,63.901,0.675801,0.6758000000000095,
Robert Morris,2013,104.705,102.7,62.8929,2.00508,2.0049999999999955,
Rutgers,2013,107.33,101.238,62.439,6.09171,6.091999999999999,
Sacramento St.,2013,96.8234,107.862,60.4666,-11.0386,-11.038599999999988,
Sacred Heart,2013,101.44,111.024,66.1972,-9.58371,-9.584000000000003,
St. Joseph's,2013,108.976,99.2626,60.9812,9.71346,9.713399999999993,
Saint Louis,2013,108.951,88.6822,63.0796,20.269,20.2688,4.0
St. Mary's,2013,116.686,97.7603,62.7285,18.9259,18.925700000000006,11.0
St. Peter's,2013,92.7487,103.764,62.0583,-11.0154,-11.015299999999996,
Sam Houston St.,2013,93.8125,99.3916,60.7658,-5.5791,-5.579099999999997,
Samford,2013,97.8195,110.342,58.0553,-12.5228,-12.522499999999994,
San Diego,2013,102.585,102.961,61.7995,-0.376877,-0.3760000000000048,
San Diego St.,2013,107.707,89.1276,64.8362,18.5799,18.579399999999993,7.0
San Francisco,2013,106.932,103.938,64.91,2.99326,2.9939999999999998,
San Jose St.,2013,90.7446,103.95,65.1016,-13.2053,-13.205399999999997,
Santa Clara,2013,109.935,101.127,65.2621,8.80734,8.808000000000007,
Savannah St.,2013,87.6284,91.7698,61.1534,-4.14145,-4.141400000000004,
Seattle,2013,94.1476,99.3963,67.4993,-5.24875,-5.2486999999999995,
Seton Hall,2013,104.056,99.2339,62.8438,4.82229,4.822099999999992,
Siena,2013,95.2301,107.948,61.9303,-12.7179,-12.7179,
SIU Edwardsville,2013,93.0146,106.562,64.2279,-13.5477,-13.547399999999996,
SMU,2013,100.576,101.939,61.7167,-1.36322,-1.3629999999999995,
South Alabama,2013,98.7508,100.814,66.1895,-2.06358,-2.063199999999995,
South Carolina,2013,101.643,105.137,64.4222,-3.49401,-3.4939999999999998,
South Carolina St.,2013,91.6433,113.886,63.2414,-22.2428,-22.2427,
South Dakota,2013,105.456,112.985,65.1148,-7.52898,-7.528999999999996,
South Dakota St.,2013,112.586,105.42,61.9938,7.16609,7.165999999999997,13.0
South Florida,2013,102.174,99.651,58.0554,2.52322,2.5230000000000103,
Southeast Missouri St.,2013,103.844,108.568,66.3336,-4.7234,-4.724000000000004,
Southeastern Louisiana,2013,93.8335,105.421,64.2611,-11.5871,-11.587500000000006,
Southern,2013,99.0012,99.294,62.7873,-0.292737,-0.2927999999999997,16.0
Southern Illinois,2013,102.602,103.385,60.9661,-0.783379,-0.7830000000000013,
Southern Miss,2013,111.078,97.9444,62.5266,13.1334,13.133600000000001,
Southern Utah,2013,91.9142,105.66,67.1533,-13.7458,-13.745800000000003,
St. Bonaventure,2013,109.668,105.134,64.3738,4.53371,4.534000000000006,
St. Francis NY,2013,103.0,107.749,64.442,-4.74984,-4.748999999999995,
St. Francis PA,2013,93.4479,112.612,61.4367,-19.1645,-19.16409999999999,
St. John's,2013,100.362,94.1037,65.5001,6.258,6.258299999999991,
Stanford,2013,110.323,95.4774,65.9439,14.8458,14.84559999999999,
Stephen F. Austin,2013,100.095,89.8205,58.8391,10.2743,10.274500000000003,
Stetson,2013,100.838,107.627,66.6286,-6.78923,-6.7890000000000015,
Stony Brook,2013,106.458,94.7034,62.0348,11.7542,11.754599999999996,
Syracuse,2013,114.546,91.9806,62.6287,22.5652,22.56540000000001,4.0
TCU,2013,93.147,102.648,58.7857,-9.50088,-9.50099999999999,
Temple,2013,111.464,99.5026,65.1334,11.9609,11.961399999999998,9.0
Tennessee,2013,108.881,97.4029,61.6099,11.4779,11.478099999999998,
Tennessee Martin,2013,93.7123,113.851,65.913,-20.1385,-20.1387,
Tennessee St.,2013,104.901,104.515,65.7533,0.38622,0.3859999999999957,
Tennessee Tech,2013,97.1255,107.119,63.6016,-9.99346,-9.993499999999997,
Texas,2013,102.568,95.4613,63.8794,7.10682,7.106700000000004,
Texas A&M,2013,105.074,98.1344,59.0566,6.93933,6.939599999999999,
Texas A&M Corpus Christi,2013,96.0484,110.997,60.1111,-14.9482,-14.948599999999999,
Texas Pan American,2013,94.1994,108.533,61.8621,-14.3341,-14.333600000000004,
Texas Southern,2013,105.515,104.839,61.5925,0.676155,0.6760000000000019,
Texas St.,2013,101.121,108.733,69.8509,-7.61212,-7.612000000000009,
Texas Tech,2013,100.217,107.121,65.8861,-6.90448,-6.903999999999996,
The Citadel,2013,98.282,119.199,63.2937,-20.9171,-20.917,
Toledo,2013,104.107,105.263,65.4939,-1.15579,-1.156000000000006,
Towson,2013,102.909,103.556,64.0686,-0.646828,-0.6469999999999914,
Troy,2013,99.088,109.357,58.7623,-10.2687,-10.269000000000005,
Tulane,2013,106.703,105.116,63.0965,1.58725,1.5870000000000033,
Tulsa,2013,99.3666,99.9606,65.6142,-0.593963,-0.5939999999999941,
UAB,2013,100.592,100.387,68.6068,0.205903,0.2049999999999983,
UC Davis,2013,104.913,108.04,65.3758,-3.12657,-3.1270000000000095,
UC Irvine,2013,101.965,98.7393,63.8434,3.22569,3.2257000000000033,
UC Riverside,2013,89.5162,103.154,61.0107,-13.6374,-13.637799999999999,
UC Santa Barbara,2013,98.9664,102.766,61.9129,-3.79984,-3.7996000000000123,
UCF,2013,106.474,103.276,63.8091,3.1972,3.1980000000000075,
UCLA,2013,111.467,96.3046,67.4331,15.1624,15.162400000000005,6.0
UMBC,2013,95.5267,109.446,65.1802,-13.9194,-13.919299999999993,
UMKC,2013,93.6905,108.968,62.4042,-15.2775,-15.277500000000003,
UNC Asheville,2013,101.304,104.581,67.2323,-3.27656,-3.277000000000001,
UNC Greensboro,2013,96.9675,108.763,69.8336,-11.7957,-11.795500000000004,
UNC Wilmington,2013,96.8929,108.919,64.5015,-12.0264,-12.0261,
UNLV,2013,106.858,89.633,67.0633,17.2254,17.22500000000001,5.0
USC,2013,103.178,96.8315,65.1592,6.34696,6.346499999999992,
USC Upstate,2013,102.569,105.702,64.301,-3.13332,-3.1329999999999956,
UT Arlington,2013,98.8894,96.4224,64.5571,2.46708,2.4669999999999987,
Utah,2013,104.46,99.6236,60.2752,4.83633,4.836399999999998,
Utah St.,2013,109.695,103.891,59.9468,5.80329,5.803999999999988,
Utah Valley,2013,98.6952,111.342,62.1839,-12.6464,-12.646799999999999,
UTEP,2013,103.507,98.3282,59.2833,5.17881,5.17880000000001,
UTSA,2013,101.011,108.569,62.066,-7.55818,-7.558000000000007,
Valparaiso,2013,111.066,99.147,63.7461,11.9193,11.918999999999997,14.0
Vanderbilt,2013,102.51,95.6906,58.97,6.8193,6.819400000000002,
VCU,2013,113.747,94.4178,65.764,19.3295,19.3292,5.0
Vermont,2013,102.815,99.6165,60.1515,3.19898,3.1984999999999957,
Villanova,2013,106.057,92.4411,65.6855,13.6158,13.615899999999996,9.0
Virginia,2013,107.657,91.3899,58.0296,16.2669,16.2671,
Virginia Tech,2013,107.145,107.274,65.2537,-0.128694,-0.1290000000000049,
VMI,2013,102.046,113.493,69.0031,-11.4469,-11.446999999999989,
Wagner,2013,97.0959,98.2483,65.1335,-1.15248,-1.1524,
Wake Forest,2013,101.468,98.6105,67.092,2.85751,2.8575000000000017,
Washington,2013,107.361,98.2025,63.4363,9.15847,9.158500000000004,
Washington St.,2013,107.443,100.167,60.0052,7.27663,7.275999999999996,
Weber St.,2013,108.179,99.8687,62.8633,8.31015,8.310299999999998,
West Virginia,2013,104.757,100.729,62.3248,4.02774,4.028000000000006,
Western Carolina,2013,101.492,108.972,64.3643,-7.48,-7.47999999999999,
Western Illinois,2013,96.5268,95.4005,55.8251,1.12627,1.1263000000000005,
Western Kentucky,2013,101.798,102.763,63.8433,-0.965895,-0.9650000000000034,16.0
Western Michigan,2013,103.261,100.953,63.7574,2.30786,2.3079999999999927,
Wichita St.,2013,109.966,92.5764,62.4159,17.3895,17.389599999999987,9.0
William & Mary,2013,106.327,110.551,61.4512,-4.22363,-4.224000000000004,
Winthrop,2013,95.0669,105.874,59.1195,-10.8076,-10.807099999999991,
Wisconsin,2013,108.829,85.8206,59.9822,23.008,23.008399999999995,5.0
Wofford,2013,89.0441,96.5182,61.6566,-7.47409,-7.474099999999993,
Wright St.,2013,97.6582,93.2709,60.9643,4.38724,4.387299999999996,
Wyoming,2013,103.879,95.5058,58.7486,8.37291,8.373200000000011,
Xavier,2013,105.914,96.3548,61.0853,9.55961,9.559200000000004,
Yale,2013,102.671,105.514,62.3869,-2.843,-2.8429999999999893,
Youngstown St.,2013,102.377,104.314,65.8426,-1.93657,-1.9369999999999976,
Abilene Christian,2014,93.5279,116.88,63.4665,-23.3517,-23.352099999999993,
Air Force,2014,99.1735,106.144,63.8216,-6.97045,-6.970500000000001,
Akron,2014,103.594,100.978,64.1515,2.61676,2.6159999999999997,
Alabama,2014,107.166,98.9688,62.2287,8.19753,8.197199999999995,
Alabama A&M,2014,91.6936,105.203,64.5204,-13.5089,-13.5094,
Alabama St.,2014,97.8683,110.29,66.0917,-12.4215,-12.421700000000001,
Albany,2014,102.179,103.893,61.7185,-1.71363,-1.7139999999999986,16.0
Alcorn St.,2014,93.0265,109.183,62.2274,-16.1564,-16.15650000000001,
American,2014,103.925,98.0491,59.8927,5.87548,5.8759000000000015,15.0
Appalachian St.,2014,91.4959,110.304,64.8908,-18.808,-18.808099999999996,
Arizona,2014,115.193,84.7964,63.1175,30.3964,30.396599999999992,1.0
Arizona St.,2014,110.175,94.7808,67.6129,15.3941,15.394199999999998,10.0
Arkansas,2014,110.796,97.0238,70.6916,13.772,13.772200000000012,
Arkansas Little Rock,2014,100.67,105.388,66.5239,-4.71822,-4.7180000000000035,
Arkansas Pine Bluff,2014,91.4463,108.132,65.2039,-16.6853,-16.68570000000001,
Arkansas St.,2014,106.181,105.506,66.7904,0.675602,0.6749999999999972,
Army,2014,104.868,109.929,67.2438,-5.06149,-5.061000000000007,
Auburn,2014,109.121,105.313,66.1973,3.80744,3.8079999999999927,
Austin Peay,2014,98.8047,111.112,69.0855,-12.3077,-12.307299999999998,
Ball St.,2014,96.3604,108.877,66.1024,-12.5167,-12.516599999999997,
Baylor,2014,118.684,100.799,61.1487,17.8854,17.88499999999999,6.0
Belmont,2014,112.906,107.627,67.4152,5.27918,5.279000000000011,
Bethune Cookman,2014,96.1302,116.494,60.9382,-20.3633,-20.363799999999998,
Binghamton,2014,91.2488,110.679,64.4116,-19.4302,-19.4302,
Boise St.,2014,114.167,103.597,64.1722,10.5704,10.570000000000007,
Boston College,2014,113.845,111.447,61.4523,2.39845,2.397999999999996,
Boston University,2014,105.762,101.597,65.3172,4.165,4.165000000000006,
Bowling Green,2014,92.8625,96.3373,65.2809,-3.4748,-3.474800000000002,
Bradley,2014,99.8825,104.129,62.7846,-4.24691,-4.246500000000012,
Brown,2014,100.975,100.077,68.3699,0.898211,0.8979999999999961,
Bryant,2014,105.474,108.15,65.5905,-2.67541,-2.676000000000002,
Bucknell,2014,102.681,101.439,63.1014,1.24207,1.2420000000000044,
Buffalo,2014,109.53,102.776,66.8706,6.75368,6.754000000000005,
Butler,2014,106.109,98.2977,62.2119,7.81137,7.811299999999989,
BYU,2014,114.713,99.9591,71.172,14.7544,14.753899999999987,10.0
Cal Poly,2014,103.247,103.846,58.8564,-0.599368,-0.5990000000000038,16.0
Cal St. Bakersfield,2014,100.38,105.308,63.8484,-4.92797,-4.9280000000000115,
Cal St. Fullerton,2014,100.616,106.956,65.7191,-6.33999,-6.340000000000003,
Cal St. Northridge,2014,106.017,110.891,67.6878,-4.87454,-4.874000000000009,
California,2014,110.606,99.0023,64.9734,11.6038,11.60369999999999,
Campbell,2014,97.9466,115.994,62.2272,-18.0477,-18.047399999999996,
Canisius,2014,111.78,107.054,65.1949,4.72573,4.725999999999999,
Central Arkansas,2014,94.8601,112.729,70.8812,-17.869,-17.868899999999996,
Central Connecticut,2014,96.8871,110.781,68.655,-13.894,-13.893900000000002,
Central Michigan,2014,106.066,117.071,63.8956,-11.0048,-11.004999999999995,
Charleston Southern,2014,105.437,110.924,65.9107,-5.48723,-5.487000000000009,
Charlotte,2014,102.144,102.82,67.7722,-0.675868,-0.6759999999999877,
Chattanooga,2014,100.297,109.596,66.9995,-9.2991,-9.299000000000007,
Chicago St.,2014,97.7095,108.796,68.0197,-11.0862,-11.086500000000001,
Cincinnati,2014,109.197,90.1186,61.2764,19.0788,19.078400000000002,5.0
Clemson,2014,106.405,92.9404,58.3696,13.4647,13.464600000000004,
Cleveland St.,2014,110.826,101.98,62.3621,8.84672,8.84599999999999,
Coastal Carolina,2014,97.0064,102.979,65.898,-5.97261,-5.9726,16.0
Colgate,2014,108.206,109.212,62.6714,-1.00611,-1.0060000000000002,
College of Charleston,2014,97.5975,100.562,60.9389,-2.96444,-2.964500000000001,
Colorado,2014,107.9,95.4275,65.097,12.4727,12.47250000000001,8.0
Colorado St.,2014,110.103,106.429,65.1856,3.67413,3.6739999999999924,
Columbia,2014,105.91,101.384,60.2313,4.5267,4.525999999999996,
Connecticut,2014,111.355,92.2385,63.4064,19.1162,19.116500000000002,7.0
Coppin St.,2014,99.843,112.3,67.0189,-12.4574,-12.456999999999994,
Cornell,2014,99.8271,120.554,63.8142,-20.7266,-20.7269,
Creighton,2014,125.701,100.913,63.9037,24.7882,24.787999999999997,3.0
Dartmouth,2014,103.196,108.233,63.1183,-5.03716,-5.037000000000006,
Davidson,2014,112.738,108.66,66.1589,4.07848,4.078000000000003,
Dayton,2014,113.694,100.71,63.8792,12.9838,12.984000000000009,11.0
Delaware,2014,111.299,105.513,70.5569,5.78601,5.786000000000001,13.0
Delaware St.,2014,96.5925,112.382,58.5226,-15.79,-15.789500000000004,
Denver,2014,110.317,107.153,57.9519,3.16445,3.1639999999999873,
DePaul,2014,106.331,106.511,65.8604,-0.179552,-0.1799999999999926,
Detroit,2014,100.893,103.043,66.2526,-2.15057,-2.1500000000000057,
Drake,2014,104.611,105.911,63.1277,-1.29996,-1.2999999999999972,
Drexel,2014,104.74,101.38,62.6451,3.36013,3.3599999999999994,
Duke,2014,124.75,99.4399,64.8311,25.3098,25.310100000000006,3.0
Duquesne,2014,110.089,108.598,66.7404,1.49145,1.4909999999999997,
East Carolina,2014,105.655,111.033,63.9638,-5.37829,-5.378,
East Tennessee St.,2014,102.49,109.313,68.809,-6.82339,-6.8230000000000075,
Eastern Illinois,2014,98.0781,111.924,64.5306,-13.8455,-13.8459,
Eastern Kentucky,2014,111.315,108.295,64.6059,3.01993,3.019999999999996,15.0
Eastern Michigan,2014,98.2676,93.7895,63.3998,4.47806,4.478099999999998,
Eastern Washington,2014,105.548,110.602,69.2593,-5.05388,-5.054000000000002,
Elon,2014,104.292,107.293,64.6819,-3.00094,-3.0010000000000048,
Evansville,2014,102.749,106.812,65.7677,-4.06277,-4.063000000000002,
Fairfield,2014,95.0091,104.126,64.7355,-9.11735,-9.116900000000001,
Fairleigh Dickinson,2014,101.735,112.432,65.1801,-10.697,-10.697000000000003,
FIU,2014,100.927,106.525,64.903,-5.59768,-5.597999999999999,
Florida,2014,116.216,88.4056,61.5519,27.8106,27.810399999999987,1.0
Florida A&M,2014,94.385,107.74,70.1781,-13.3547,-13.35499999999999,
Florida Atlantic,2014,100.613,107.067,63.2438,-6.45405,-6.4539999999999935,
Florida Gulf Coast,2014,99.8358,101.869,66.5052,-2.03367,-2.0331999999999937,
Florida St.,2014,111.926,96.6522,65.2048,15.2742,15.273800000000008,
Fordham,2014,108.316,111.199,67.668,-2.88267,-2.8829999999999956,
Fresno St.,2014,110.052,105.647,65.4486,4.40466,4.405000000000001,
Furman,2014,94.3166,115.185,63.8963,-20.8688,-20.86840000000001,
Gardner Webb,2014,98.4115,105.543,65.058,-7.13157,-7.131500000000003,
George Mason,2014,105.453,102.712,65.2835,2.74139,2.7409999999999997,
George Washington,2014,110.212,95.9821,65.8095,14.2297,14.2299,9.0
Georgetown,2014,112.009,98.8533,63.1528,13.1554,13.155699999999996,
Georgia,2014,108.568,99.3515,62.7685,9.21651,9.216499999999996,
Georgia Southern,2014,97.6746,109.934,64.9743,-12.2597,-12.2594,
Georgia St.,2014,115.011,103.414,64.2206,11.5972,11.596999999999994,
Georgia Tech,2014,104.35,99.2063,64.5369,5.14322,5.1436999999999955,
Gonzaga,2014,113.594,92.9558,64.5603,20.6386,20.638199999999998,8.0
Grambling St.,2014,95.3172,121.518,66.18,-26.2005,-26.2008,
Grand Canyon,2014,105.328,111.171,65.6647,-5.8434,-5.8430000000000035,
Green Bay,2014,109.265,97.1459,65.5657,12.1193,12.119100000000003,
Hampton,2014,95.5306,100.591,70.0948,-5.06062,-5.060399999999987,
Hartford,2014,101.636,107.369,62.089,-5.73367,-5.733000000000004,
Harvard,2014,112.027,94.7095,64.1253,17.3178,17.317499999999995,12.0
Hawaii,2014,110.678,107.367,67.108,3.3113,3.310999999999993,
High Point,2014,104.467,112.271,62.667,-7.8039,-7.804000000000002,
Hofstra,2014,104.489,112.856,64.0097,-8.36774,-8.36699999999999,
Holy Cross,2014,103.99,102.663,62.7757,1.32693,1.3269999999999982,
Houston,2014,110.51,107.523,65.6064,2.98687,2.987000000000009,
Houston Baptist,2014,91.1163,111.817,67.8645,-20.7005,-20.700699999999998,
Howard,2014,87.2568,106.271,66.0996,-19.0139,-19.014200000000002,
Idaho,2014,105.079,111.982,65.8581,-6.90254,-6.903000000000006,
Idaho St.,2014,103.971,110.922,63.2474,-6.95138,-6.950999999999993,
Illinois,2014,106.061,93.3581,61.2461,12.7029,12.702900000000014,
Illinois Chicago,2014,100.01,109.006,64.7324,-8.99534,-8.995999999999995,
Illinois St.,2014,101.919,99.8215,66.9704,2.0977,2.0974999999999966,
Incarnate Word,2014,102.253,109.907,68.8784,-7.65414,-7.653999999999996,
Indiana,2014,107.198,95.8718,67.2582,11.3261,11.3262,
Indiana St.,2014,106.439,100.467,65.2879,5.97223,5.971999999999994,
Iona,2014,117.622,108.11,68.7103,9.51201,9.512,
Iowa,2014,120.152,99.1218,69.1598,21.0299,21.030200000000008,11.0
Iowa St.,2014,116.764,95.8121,70.4795,20.9515,20.951899999999995,3.0
IPFW,2014,108.234,105.476,65.4134,2.7577,2.7579999999999956,
IUPUI,2014,96.053,113.868,64.3787,-17.8147,-17.814999999999998,
Jackson St.,2014,93.3338,105.697,65.2691,-12.3636,-12.363200000000006,
Jacksonville,2014,102.547,116.592,68.0182,-14.0454,-14.045000000000002,
Jacksonville St.,2014,97.5054,112.045,60.8783,-14.5394,-14.539600000000007,
James Madison,2014,98.0694,106.43,63.7378,-8.36053,-8.360600000000005,
Kansas,2014,119.974,94.5731,66.8907,25.4011,25.400900000000007,2.0
Kansas St.,2014,108.305,93.9099,63.6653,14.3949,14.395100000000014,9.0
Kennesaw St.,2014,91.4281,112.16,66.1827,-20.7315,-20.731899999999996,
Kent St.,2014,103.837,105.515,64.9688,-1.67852,-1.6779999999999973,
Kentucky,2014,116.202,95.0512,64.6236,21.1505,21.150800000000004,8.0
La Salle,2014,105.827,99.9302,62.8706,5.89733,5.896799999999999,
Lafayette,2014,108.911,115.092,64.8189,-6.18117,-6.180999999999997,
Lamar,2014,92.6261,113.354,66.701,-20.7278,-20.727900000000005,
Lehigh,2014,97.7315,103.56,64.5146,-5.82862,-5.828500000000005,
Liberty,2014,100.729,112.574,63.1106,-11.8442,-11.844999999999999,
Lipscomb,2014,102.603,111.33,68.8839,-8.72709,-8.727000000000004,
LIU Brooklyn,2014,102.531,118.196,66.6437,-15.6651,-15.664999999999992,
Long Beach St.,2014,104.595,102.128,64.8311,2.46704,2.4669999999999987,
Longwood,2014,95.0451,118.483,66.8857,-23.438,-23.4379,
Louisiana Lafayette,2014,109.939,104.85,68.8604,5.08877,5.088999999999999,14.0
Louisiana Monroe,2014,97.0355,104.056,62.0232,-7.02066,-7.020499999999998,
Louisiana Tech,2014,109.375,94.4401,69.3112,14.9348,14.934899999999999,
Louisville,2014,119.102,88.5345,67.4981,30.5677,30.56750000000001,4.0
Loyola Chicago,2014,101.817,108.195,62.1347,-6.37766,-6.378,
Loyola Marymount,2014,105.331,106.01,68.0555,-0.679205,-0.679000000000002,
Loyola MD,2014,96.8675,108.821,64.8537,-11.9537,-11.953499999999991,
LSU,2014,109.792,98.318,68.9408,11.4737,11.474000000000004,
Maine,2014,94.9941,115.6,73.2328,-20.6057,-20.60589999999999,
Manhattan,2014,106.544,96.9886,68.0296,9.55527,9.555399999999992,13.0
Marist,2014,101.044,105.161,64.5788,-4.11618,-4.117000000000004,
Marquette,2014,109.855,97.7745,64.7082,12.0808,12.0805,
Marshall,2014,99.4336,105.414,67.1221,-5.9799,-5.980400000000003,
Maryland,2014,109.08,94.8391,67.6454,14.2404,14.240899999999996,
Maryland Eastern Shore,2014,98.6891,118.999,65.2721,-20.3099,-20.3099,
Massachusetts,2014,109.841,95.6537,70.3142,14.1875,14.187299999999993,6.0
McNeese St.,2014,97.5138,111.658,66.0236,-14.1443,-14.144199999999998,
Memphis,2014,111.252,96.3212,67.8621,14.9304,14.93079999999999,8.0
Mercer,2014,108.78,101.313,63.9334,7.46633,7.466999999999999,14.0
Miami FL,2014,108.765,98.925,57.2218,9.83969,9.840000000000003,
Miami OH,2014,98.7776,102.888,65.7219,-4.11016,-4.1103999999999985,
Michigan,2014,122.369,99.5935,61.5484,22.7757,22.775499999999994,2.0
Michigan St.,2014,118.203,94.4143,64.3969,23.7886,23.788700000000006,4.0
Middle Tennessee,2014,104.689,96.7688,62.8121,7.92059,7.920199999999994,
Milwaukee,2014,104.63,104.266,65.9973,0.3633,0.3639999999999901,15.0
Minnesota,2014,113.052,99.4744,63.2341,13.5777,13.577600000000004,
Mississippi,2014,110.564,102.14,68.2481,8.42421,8.423999999999992,
Mississippi St.,2014,99.6128,103.37,67.0575,-3.75746,-3.7572000000000116,
Mississippi Valley St.,2014,92.658,115.319,71.0948,-22.6613,-22.661,
Missouri,2014,113.793,102.698,64.8734,11.0956,11.095000000000013,
Missouri St.,2014,106.161,104.822,63.4487,1.33935,1.3389999999999986,
Monmouth,2014,96.2366,104.918,66.8627,-8.68133,-8.68140000000001,
Montana,2014,107.371,111.204,60.0335,-3.83361,-3.8329999999999984,
Montana St.,2014,94.8855,107.833,64.1046,-12.9479,-12.947500000000005,
Morehead St.,2014,102.01,103.501,67.7454,-1.49153,-1.4909999999999997,
Morgan St.,2014,99.9796,105.212,67.7341,-5.23216,-5.232399999999998,
Mount St. Mary's,2014,107.491,111.241,68.4474,-3.75021,-3.75,16.0
Murray St.,2014,107.345,107.575,65.9526,-0.229992,-0.23000000000000398,
Navy,2014,92.6389,106.282,62.0612,-13.6433,-13.64309999999999,
Nebraska,2014,108.82,95.6836,64.698,13.1363,13.136399999999995,11.0
Nebraska Omaha,2014,104.911,104.859,72.3534,0.0518134,0.05200000000000671,
Nevada,2014,109.036,106.757,63.6497,2.27901,2.2789999999999964,
New Hampshire,2014,88.1993,105.923,61.4301,-17.7233,-17.723700000000008,
New Mexico,2014,113.782,96.2346,64.7417,17.5475,17.547399999999996,7.0
New Mexico St.,2014,112.746,102.113,65.3613,10.6331,10.632999999999996,13.0
New Orleans,2014,95.6684,110.972,70.3341,-15.3037,-15.303599999999989,
Niagara,2014,101.301,110.31,70.8426,-9.00927,-9.009,
Nicholls St.,2014,97.5922,111.282,63.7683,-13.6895,-13.689799999999991,
NJIT,2014,96.2605,110.133,66.7473,-13.8725,-13.872500000000002,
Norfolk St.,2014,102.347,110.256,63.0105,-7.90892,-7.909000000000006,
North Carolina,2014,111.545,93.1571,69.426,18.3881,18.387900000000002,6.0
North Carolina A&T,2014,93.2655,112.994,65.5421,-19.7287,-19.728499999999997,
North Carolina Central,2014,107.276,98.9836,62.708,8.29208,8.2924,14.0
North Carolina St.,2014,113.205,102.658,64.734,10.5467,10.546999999999997,12.0
North Dakota,2014,104.335,111.277,68.088,-6.94261,-6.942000000000007,
North Dakota St.,2014,116.004,103.42,63.0184,12.5832,12.584000000000003,12.0
North Florida,2014,102.593,110.788,66.9317,-8.19529,-8.194999999999993,
North Texas,2014,98.8979,104.49,67.0981,-5.5918,-5.592099999999988,
Northeastern,2014,100.946,104.176,63.4396,-3.23062,-3.230000000000004,
Northern Arizona,2014,100.274,107.43,62.5504,-7.15631,-7.156000000000006,
Northern Colorado,2014,108.406,112.202,62.9307,-3.79599,-3.7959999999999923,
Northern Illinois,2014,94.2237,97.617,61.7326,-3.39323,-3.3933000000000106,
Northern Iowa,2014,112.673,104.692,64.362,7.98128,7.981000000000009,
Northern Kentucky,2014,102.075,116.615,61.3605,-14.5407,-14.539999999999992,
Northwestern,2014,97.6925,94.4232,60.1377,3.2693,3.269300000000001,
Northwestern St.,2014,108.149,109.592,74.4269,-1.44296,-1.4429999999999978,
Notre Dame,2014,113.174,105.414,62.9408,7.7595,7.760000000000005,
Oakland,2014,109.418,111.448,67.3773,-2.02935,-2.029999999999987,
Ohio,2014,107.156,102.366,64.1075,4.78991,4.790000000000006,
Ohio St.,2014,109.354,87.6797,64.0434,21.6743,21.674300000000002,6.0
Oklahoma,2014,117.886,99.4806,69.9669,18.4058,18.4054,5.0
Oklahoma St.,2014,115.772,94.2393,66.9981,21.5328,21.532700000000006,9.0
Old Dominion,2014,99.2992,101.221,62.6619,-1.92177,-1.9218000000000046,
Oral Roberts,2014,107.595,109.217,63.0364,-1.62243,-1.6219999999999999,
Oregon,2014,118.258,99.4749,67.8101,18.783,18.78309999999999,7.0
Oregon St.,2014,112.199,105.244,65.4964,6.95479,6.954999999999998,
Pacific,2014,109.038,107.58,65.8033,1.45847,1.4579999999999984,
Penn,2014,98.6578,106.183,68.3992,-7.52508,-7.525200000000012,
Penn St.,2014,110.716,101.074,64.8458,9.64269,9.641999999999996,
Pepperdine,2014,107.453,106.233,65.2606,1.22032,1.2199999999999989,
Pittsburgh,2014,116.412,94.8924,62.7245,21.5198,21.51960000000001,9.0
Portland,2014,108.927,103.204,65.1945,5.72337,5.723000000000013,
Portland St.,2014,102.152,110.649,64.9357,-8.4968,-8.497,
Prairie View A&M,2014,95.8556,112.384,66.088,-16.5281,-16.528400000000005,
Presbyterian,2014,93.5863,120.005,63.7457,-26.419,-26.4187,
Princeton,2014,107.642,100.085,63.2164,7.55731,7.557000000000002,
Providence,2014,114.031,99.2945,63.2914,14.7367,14.736500000000007,11.0
Purdue,2014,107.857,100.101,67.4002,7.75635,7.756,
Quinnipiac,2014,110.905,109.45,68.4594,1.45538,1.4549999999999983,
Radford,2014,105.354,113.452,66.5409,-8.09749,-8.097999999999999,
Rhode Island,2014,103.991,98.9468,64.3654,5.04367,5.044200000000004,
Rice,2014,94.1933,107.507,62.6051,-13.3142,-13.313700000000011,
Richmond,2014,104.78,96.901,62.0818,7.87949,7.879000000000005,
Rider,2014,106.258,111.082,65.6259,-4.82354,-4.823999999999998,
Robert Morris,2014,104.628,106.482,63.9069,-1.85493,-1.8539999999999992,
Rutgers,2014,105.932,106.63,66.6367,-0.698444,-0.6979999999999933,
Sacramento St.,2014,103.334,112.045,62.9838,-8.71055,-8.710999999999999,
Sacred Heart,2014,98.831,112.422,66.1284,-13.5907,-13.590999999999994,
St. Joseph's,2014,111.261,98.2332,64.4393,13.0273,13.0278,10.0
Saint Louis,2014,105.599,89.8073,65.5822,15.792,15.791700000000006,5.0
St. Mary's,2014,112.96,101.713,61.4212,11.2469,11.247,
St. Peter's,2014,97.4384,103.613,60.7124,-6.17469,-6.174599999999998,
Sam Houston St.,2014,105.46,108.259,64.5435,-2.79977,-2.7990000000000066,
Samford,2014,100.337,116.173,65.4802,-15.8362,-15.835999999999999,
San Diego,2014,104.732,101.605,61.3951,3.12626,3.1269999999999953,
San Diego St.,2014,109.055,89.2312,62.8054,19.8236,19.823800000000006,4.0
San Francisco,2014,112.601,103.455,64.1237,9.14518,9.146,
San Jose St.,2014,94.0688,105.731,64.3199,-11.6619,-11.662199999999999,
Santa Clara,2014,106.933,105.583,64.1289,1.35049,1.3500000000000085,
Savannah St.,2014,91.1675,101.295,63.2354,-10.1275,-10.127499999999998,
Seattle,2014,99.9641,105.73,65.5286,-5.76615,-5.765900000000002,
Seton Hall,2014,108.879,100.049,64.4686,8.82933,8.829999999999998,
Siena,2014,101.225,102.758,64.8952,-1.53307,-1.5330000000000013,
SIU Edwardsville,2014,99.867,112.346,65.6427,-12.4789,-12.479,
SMU,2014,109.582,92.4374,64.9789,17.1445,17.144599999999997,
South Alabama,2014,100.643,107.73,64.7088,-7.08707,-7.087000000000003,
South Carolina,2014,106.835,101.968,65.7154,4.86741,4.86699999999999,
South Carolina St.,2014,91.0564,112.353,64.7945,-21.2969,-21.296599999999998,
South Dakota,2014,101.568,108.248,65.7952,-6.67936,-6.680000000000007,
South Dakota St.,2014,106.583,103.107,65.7734,3.4763,3.475999999999999,
South Florida,2014,101.796,104.099,64.0576,-2.3039,-2.3029999999999973,
Southeast Missouri St.,2014,107.658,113.506,69.2151,-5.84859,-5.847999999999999,
Southeastern Louisiana,2014,98.2073,112.473,63.3928,-14.2661,-14.265699999999995,
Southern,2014,97.2771,99.6133,65.8798,-2.33622,-2.336199999999991,
Southern Illinois,2014,105.693,105.51,61.72,0.182312,0.18299999999999272,
Southern Miss,2014,110.611,99.6757,62.8377,10.9356,10.935299999999998,
Southern Utah,2014,87.3563,113.912,64.3888,-26.5562,-26.5557,
St. Bonaventure,2014,110.759,102.018,66.0401,8.74082,8.741,
St. Francis NY,2014,98.3623,101.189,65.2411,-2.82684,-2.826699999999988,
St. Francis PA,2014,95.8553,110.731,61.4087,-14.8756,-14.875699999999995,
St. John's,2014,108.775,93.5497,66.4947,15.2252,15.225300000000004,
Stanford,2014,113.435,97.4392,65.271,15.9959,15.995800000000003,10.0
Stephen F. Austin,2014,111.44,100.651,61.7091,10.7884,10.789000000000001,12.0
Stetson,2014,93.7642,114.222,61.509,-20.4581,-20.45779999999999,
Stony Brook,2014,105.18,104.812,64.7471,0.368363,0.3680000000000092,
Syracuse,2014,114.707,93.2029,59.7435,21.5042,21.504099999999994,3.0
TCU,2014,99.0455,103.332,64.0322,-4.28678,-4.2864999999999895,
Temple,2014,110.303,108.889,66.5856,1.41375,1.4140000000000015,
Tennessee,2014,115.185,93.4414,62.0374,21.7438,21.7436,11.0
Tennessee Martin,2014,102.381,118.409,67.6897,-16.0283,-16.028000000000006,
Tennessee St.,2014,101.091,113.41,63.409,-12.3191,-12.319000000000003,
Tennessee Tech,2014,99.6,108.495,66.4889,-8.8948,-8.89500000000001,
Texas,2014,110.262,95.2735,67.2135,14.9889,14.988500000000002,7.0
Texas A&M,2014,101.398,96.6635,61.7007,4.73444,4.734499999999997,
Texas A&M Corpus Christi,2014,103.903,109.383,60.6284,-5.47969,-5.47999999999999,
Texas Pan American,2014,93.3531,106.117,64.309,-12.7643,-12.763900000000007,
Texas Southern,2014,106.018,112.768,65.8018,-6.75033,-6.75,16.0
Texas St.,2014,94.5353,103.972,61.298,-9.43672,-9.436699999999988,
Texas Tech,2014,111.162,101.992,60.119,9.17086,9.170000000000002,
The Citadel,2014,95.7256,118.175,63.74,-22.449,-22.449399999999997,
Toledo,2014,115.466,109.004,67.1937,6.4625,6.461999999999989,
Towson,2014,110.442,107.001,63.7995,3.44142,3.4409999999999883,
Troy,2014,101.488,108.263,63.5505,-6.77462,-6.775000000000006,
Tulane,2014,99.5483,111.359,62.1031,-11.8111,-11.810699999999997,
Tulsa,2014,105.972,96.6323,67.1059,9.33939,9.339699999999993,13.0
UAB,2014,103.593,102.675,66.9775,0.917668,0.9180000000000064,
UC Davis,2014,100.926,115.843,65.0421,-14.9175,-14.917000000000002,
UC Irvine,2014,103.834,95.2797,62.9618,8.55438,8.554299999999998,
UC Riverside,2014,98.4229,107.11,66.0533,-8.68678,-8.687100000000001,
UC Santa Barbara,2014,110.331,103.822,62.3379,6.50889,6.509,
UCF,2014,106.61,105.941,66.4833,0.668303,0.6689999999999969,
UCLA,2014,118.14,95.8826,68.6469,22.2575,22.257400000000004,4.0
UMass Lowell,2014,94.9057,110.988,62.8761,-16.0818,-16.082300000000004,
UMBC,2014,92.1772,108.233,66.7935,-16.0561,-16.055800000000005,
UMKC,2014,98.0313,106.8,68.5271,-8.76853,-8.768699999999995,
UNC Asheville,2014,106.095,112.358,69.1985,-6.26292,-6.263000000000005,
UNC Greensboro,2014,93.4341,108.609,69.0793,-15.1749,-15.174899999999994,
UNC Wilmington,2014,95.4954,105.371,62.4506,-9.87609,-9.875599999999991,
UNLV,2014,107.768,98.5598,65.445,9.20836,9.208200000000005,
USC,2014,103.181,101.285,68.5955,1.89645,1.8960000000000008,
USC Upstate,2014,105.149,105.303,64.2595,-0.153878,-0.15399999999999636,
UT Arlington,2014,105.544,109.945,68.3648,-4.40102,-4.400999999999996,
Utah,2014,111.286,95.577,63.5067,15.7086,15.709000000000003,
Utah St.,2014,109.379,104.812,62.3839,4.56684,4.567000000000007,
Utah Valley,2014,102.31,105.434,61.0522,-3.12388,-3.1239999999999952,
UTEP,2014,105.405,98.836,63.388,6.56851,6.569000000000003,
UTSA,2014,100.475,115.143,66.7768,-14.6678,-14.668000000000006,
Valparaiso,2014,103.599,102.874,63.9294,0.724521,0.7250000000000085,
Vanderbilt,2014,103.545,98.4272,62.1623,5.11822,5.117800000000003,
VCU,2014,108.679,88.4655,69.3132,20.2135,20.213499999999996,5.0
Vermont,2014,109.755,99.4581,62.2892,10.2967,10.296899999999994,
Villanova,2014,117.154,91.8909,65.8913,25.2627,25.263099999999994,2.0
Virginia,2014,113.85,87.4218,59.6528,26.4285,26.42819999999999,1.0
Virginia Tech,2014,99.6777,100.458,62.5917,-0.780815,-0.7802999999999969,
VMI,2014,105.363,111.438,72.9513,-6.07498,-6.075000000000003,
Wagner,2014,98.0865,99.8871,66.8375,-1.80065,-1.8006000000000029,
Wake Forest,2014,106.166,101.251,66.6271,4.91509,4.914999999999992,
Washington,2014,111.469,104.468,66.9659,7.00161,7.000999999999991,
Washington St.,2014,101.399,102.92,60.706,-1.52092,-1.5210000000000008,
Weber St.,2014,106.025,106.516,63.2017,-0.49027,-0.49099999999999966,16.0
West Virginia,2014,115.381,102.63,66.54,12.7512,12.751000000000005,
Western Carolina,2014,103.039,109.038,65.7855,-5.99876,-5.998999999999995,
Western Illinois,2014,93.9449,102.618,61.1333,-8.67355,-8.673099999999991,
Western Kentucky,2014,100.589,101.717,64.6338,-1.12774,-1.1280000000000001,
Western Michigan,2014,106.443,102.024,65.2493,4.41973,4.418999999999997,14.0
Wichita St.,2014,117.117,91.937,63.5718,25.1804,25.180000000000007,1.0
William & Mary,2014,112.062,112.174,63.7305,-0.112163,-0.11200000000000898,
Winthrop,2014,102.516,108.57,64.497,-6.0535,-6.053999999999988,
Wisconsin,2014,120.678,96.8522,62.7652,23.8262,23.8258,2.0
Wofford,2014,100.924,102.947,60.7578,-2.02301,-2.022999999999996,15.0
Wright St.,2014,100.099,97.4094,63.5156,2.68976,2.6895999999999987,
Wyoming,2014,106.041,100.253,59.2981,5.78775,5.787999999999997,
Xavier,2014,113.691,98.6757,64.4463,15.0151,15.015299999999996,12.0
Yale,2014,101.71,102.272,63.5951,-0.561939,-0.5620000000000118,
Youngstown St.,2014,107.533,108.718,66.2339,-1.18472,-1.1850000000000023,
Abilene Christian,2015,92.8823,113.168,63.5477,-20.2857,-20.285700000000006,
Air Force,2015,107.788,110.527,61.3939,-2.73925,-2.7390000000000043,
Akron,2015,104.892,98.6939,63.3348,6.1982,6.198099999999997,
Alabama,2015,110.461,98.9436,61.7411,11.5173,11.517399999999995,
Alabama A&M,2015,94.5181,113.615,63.1659,-19.0969,-19.09689999999999,
Alabama St.,2015,97.2697,105.666,67.1804,-8.39607,-8.396299999999997,
Albany,2015,106.463,103.431,60.7359,3.03231,3.0319999999999965,14.0
Alcorn St.,2015,92.3927,116.803,66.4766,-24.4098,-24.410299999999992,
American,2015,101.965,103.866,56.5784,-1.90165,-1.9009999999999962,
Appalachian St.,2015,97.7043,107.682,65.0231,-9.97801,-9.977699999999999,
Arizona,2015,118.227,85.9123,65.5943,32.3143,32.3147,2.0
Arizona St.,2015,109.36,98.8215,65.355,10.5388,10.538499999999999,
Arkansas,2015,114.941,97.964,69.1346,16.9767,16.977000000000004,5.0
Arkansas Little Rock,2015,103.694,109.623,63.9953,-5.92892,-5.929000000000002,
Arkansas Pine Bluff,2015,92.0172,108.883,62.957,-16.8655,-16.865799999999993,
Arkansas St.,2015,95.5212,106.74,65.4435,-11.2185,-11.218800000000002,
Army,2015,99.6523,107.303,68.9217,-7.65079,-7.6507000000000005,
Auburn,2015,105.429,102.807,66.9431,2.62163,2.622,
Austin Peay,2015,93.9174,108.698,66.4067,-14.7801,-14.780599999999993,
Ball St.,2015,100.189,107.402,63.3042,-7.21305,-7.213000000000008,
Baylor,2015,117.192,93.7123,61.2742,23.4796,23.479699999999994,3.0
Belmont,2015,109.115,107.619,66.5706,1.49515,1.4959999999999951,15.0
Bethune Cookman,2015,90.6353,109.419,60.0026,-18.7841,-18.783699999999996,
Binghamton,2015,93.45,109.914,62.7613,-16.464,-16.464,
Boise St.,2015,111.769,97.7869,62.8256,13.9824,13.982100000000003,11.0
Boston College,2015,107.308,101.877,63.1031,5.43022,5.431000000000012,
Boston University,2015,105.87,112.282,63.8835,-6.41182,-6.411999999999992,
Bowling Green,2015,105.767,98.6136,63.3369,7.1538,7.153399999999991,
Bradley,2015,93.1203,100.985,61.8744,-7.8648,-7.864699999999999,
Brown,2015,98.8719,107.323,67.1526,-8.45149,-8.451099999999997,
Bryant,2015,103.609,109.506,62.8386,-5.89728,-5.897000000000006,
Bucknell,2015,105.043,108.302,63.8126,-3.25924,-3.2590000000000003,
Buffalo,2015,111.344,99.0045,68.4522,12.339,12.339500000000001,12.0
Butler,2015,110.554,90.9269,63.0408,19.6267,19.6271,6.0
BYU,2015,119.356,101.562,69.7923,17.7947,17.793999999999997,11.0
Cal Poly,2015,102.584,101.124,58.3416,1.46039,1.460000000000008,
Cal St. Bakersfield,2015,99.0589,105.72,60.2576,-6.66143,-6.661100000000005,
Cal St. Fullerton,2015,98.618,109.116,65.4331,-10.4976,-10.498000000000005,
Cal St. Northridge,2015,100.284,108.706,64.5611,-8.4215,-8.421999999999997,
California,2015,103.736,98.6052,65.0677,5.13028,5.130800000000008,
Campbell,2015,96.958,109.234,61.0193,-12.2762,-12.275999999999996,
Canisius,2015,101.242,101.607,62.4555,-0.36477,-0.3649999999999949,
Central Arkansas,2015,90.7169,118.091,68.7293,-27.3742,-27.3741,
Central Connecticut,2015,92.4562,113.222,62.5406,-20.7657,-20.7658,
Central Michigan,2015,114.672,105.734,63.689,8.9381,8.938000000000002,
Charleston Southern,2015,106.371,109.167,65.0356,-2.7963,-2.7960000000000065,
Charlotte,2015,109.503,107.399,66.5278,2.10345,2.103999999999999,
Chattanooga,2015,105.044,104.994,64.2755,0.0501567,0.04999999999999716,
Chicago St.,2015,88.5696,107.016,62.4008,-18.4465,-18.44640000000001,
Cincinnati,2015,108.353,94.1045,59.2099,14.2488,14.248499999999993,8.0
Clemson,2015,103.846,96.268,61.2864,7.5779,7.578000000000003,
Cleveland St.,2015,107.133,100.981,60.2039,6.15127,6.152000000000001,
Coastal Carolina,2015,105.424,103.803,63.6717,1.6211,1.6210000000000093,16.0
Colgate,2015,107.423,108.794,60.3918,-1.37111,-1.3709999999999951,
College of Charleston,2015,95.7532,104.978,60.5047,-9.2249,-9.224799999999988,
Colorado,2015,106.96,99.1687,64.4626,7.79176,7.791299999999993,
Colorado St.,2015,111.524,100.409,66.1744,11.1147,11.114999999999995,
Columbia,2015,107.071,106.989,59.952,0.0818252,0.08199999999999363,
Connecticut,2015,107.578,96.7617,61.748,10.8159,10.816299999999998,
Coppin St.,2015,98.6156,115.745,73.4698,-17.1292,-17.129400000000004,
Cornell,2015,96.2835,99.3203,63.9697,-3.03684,-3.0367999999999995,
Creighton,2015,110.655,102.096,61.8263,8.55903,8.558999999999997,
Dartmouth,2015,101.471,101.8,62.6714,-0.32914,-0.3289999999999935,
Davidson,2015,120.481,103.662,66.5178,16.8188,16.81899999999999,10.0
Dayton,2015,108.983,95.0972,63.3147,13.8856,13.885800000000003,11.0
Delaware,2015,101.24,109.204,65.0814,-7.96316,-7.963999999999999,
Delaware St.,2015,102.117,109.721,66.5475,-7.60409,-7.603999999999999,
Denver,2015,105.454,110.364,56.9662,-4.90941,-4.910000000000011,
DePaul,2015,108.098,106.258,66.6882,1.83996,1.8400000000000034,
Detroit,2015,102.742,104.22,67.1744,-1.47775,-1.4779999999999944,
Drake,2015,104.591,113.92,58.7101,-9.32866,-9.329000000000008,
Drexel,2015,98.8293,106.035,60.3756,-7.20529,-7.205699999999993,
Duke,2015,124.253,94.9453,65.6368,29.3074,29.307699999999997,1.0
Duquesne,2015,108.189,112.28,67.0473,-4.09108,-4.091000000000008,
East Carolina,2015,103.39,107.991,60.9575,-4.60052,-4.600999999999999,
East Tennessee St.,2015,102.701,107.097,67.3759,-4.39596,-4.396000000000001,
Eastern Illinois,2015,99.0563,104.79,61.9031,-5.73359,-5.733700000000013,
Eastern Kentucky,2015,105.241,101.528,63.0159,3.71312,3.712999999999994,
Eastern Michigan,2015,101.383,98.1242,65.4789,3.25862,3.2587999999999937,
Eastern Washington,2015,112.165,109.197,67.9604,2.96737,2.9680000000000035,13.0
Elon,2015,98.005,105.241,67.72,-7.23625,-7.236000000000004,
Evansville,2015,104.841,101.225,64.9683,3.61585,3.6159999999999997,
Fairfield,2015,94.7468,106.052,60.9906,-11.3055,-11.305200000000013,
Fairleigh Dickinson,2015,96.8848,112.012,67.1059,-15.1273,-15.127200000000002,
FIU,2015,95.6044,103.972,64.3012,-8.36726,-8.367599999999996,
Florida,2015,106.976,91.4696,62.523,15.5061,15.5064,
Florida A&M,2015,84.902,116.605,65.065,-31.7025,-31.703000000000003,
Florida Atlantic,2015,98.3493,108.433,63.5796,-10.0835,-10.083700000000007,
Florida Gulf Coast,2015,101.443,102.26,63.7776,-0.816327,-0.8170000000000073,
Florida St.,2015,104.984,98.7229,65.6678,6.26062,6.261099999999999,
Fordham,2015,101.529,104.868,65.1687,-3.33906,-3.3389999999999986,
Fresno St.,2015,102.4,105.016,64.6189,-2.61587,-2.6159999999999997,
Furman,2015,97.7529,110.99,62.1158,-13.2374,-13.237099999999998,
Gardner Webb,2015,106.351,110.791,67.134,-4.44002,-4.439999999999998,
George Mason,2015,102.51,105.316,63.7867,-2.80614,-2.8059999999999974,
George Washington,2015,107.705,97.3321,61.2368,10.3727,10.372900000000001,
Georgetown,2015,113.166,93.597,63.7582,19.5694,19.569000000000003,4.0
Georgia,2015,109.524,94.1302,63.6563,15.3937,15.393799999999999,10.0
Georgia Southern,2015,99.9726,98.4169,63.1971,1.55568,1.5557000000000016,
Georgia St.,2015,110.463,100.687,62.5745,9.77537,9.775999999999996,14.0
Georgia Tech,2015,103.034,95.6135,63.4182,7.42044,7.420500000000004,
Gonzaga,2015,121.92,92.9958,64.2083,28.9239,28.9242,2.0
Grambling St.,2015,78.4395,116.07,65.0944,-37.6305,-37.6305,
Grand Canyon,2015,106.561,114.792,63.7127,-8.23075,-8.230999999999995,
Green Bay,2015,104.726,94.411,64.4657,10.3149,10.314999999999998,
Hampton,2015,96.0398,104.551,68.6346,-8.51136,-8.511200000000002,16.0
Hartford,2015,96.9534,106.684,62.7323,-9.7304,-9.730599999999995,
Harvard,2015,103.686,94.9442,61.137,8.74154,8.741800000000012,13.0
Hawaii,2015,104.648,100.785,68.648,3.86361,3.8629999999999995,
High Point,2015,108.085,106.669,61.6757,1.41587,1.4159999999999968,
Hofstra,2015,111.394,105.584,68.2953,5.81,5.810000000000002,
Holy Cross,2015,100.693,107.394,63.3823,-6.70081,-6.701000000000008,
Houston,2015,100.997,104.549,63.9115,-3.55141,-3.5520000000000067,
Houston Baptist,2015,101.05,114.82,65.8772,-13.7701,-13.769999999999996,
Howard,2015,93.3072,101.358,62.5646,-8.05118,-8.05080000000001,
Idaho,2015,107.105,112.662,67.2396,-5.55697,-5.557000000000002,
Idaho St.,2015,96.8754,110.911,63.1562,-14.0353,-14.035600000000002,
Illinois,2015,107.955,95.4047,64.487,12.55,12.550299999999993,
Illinois Chicago,2015,100.573,110.355,64.2484,-9.78155,-9.78200000000001,
Illinois St.,2015,107.715,97.0982,64.4413,10.6168,10.616799999999998,
Incarnate Word,2015,107.72,111.551,67.3048,-3.83152,-3.831000000000003,
Indiana,2015,119.285,105.478,66.0482,13.8074,13.807000000000002,10.0
Indiana St.,2015,101.953,103.095,66.4631,-1.14287,-1.141999999999996,
Iona,2015,113.177,107.07,69.0971,6.10759,6.1070000000000135,
Iowa,2015,113.359,95.1085,63.3054,18.251,18.250499999999988,7.0
Iowa St.,2015,120.166,97.135,69.3108,23.031,23.03099999999999,3.0
IPFW,2015,106.979,108.399,63.9643,-1.42006,-1.4200000000000017,
IUPUI,2015,93.5063,103.317,63.0207,-9.81105,-9.810699999999997,
Jackson St.,2015,90.7948,104.328,62.9262,-13.5332,-13.533200000000008,
Jacksonville,2015,95.9931,115.413,63.5134,-19.4203,-19.4199,
Jacksonville St.,2015,94.5041,108.225,62.8349,-13.721,-13.7209,
James Madison,2015,104.401,107.311,63.7554,-2.91041,-2.910000000000011,
Kansas,2015,114.271,90.5293,66.6617,23.7421,23.741699999999994,2.0
Kansas St.,2015,106.458,97.5313,61.8172,8.92703,8.926699999999997,
Kennesaw St.,2015,93.3518,113.629,64.897,-20.2775,-20.277200000000008,
Kent St.,2015,106.097,101.615,61.1548,4.48171,4.481999999999999,
Kentucky,2015,121.27,83.8367,61.9696,37.4333,37.4333,1.0
La Salle,2015,100.904,94.7291,63.8985,6.17458,6.174899999999994,
Lafayette,2015,112.691,114.45,64.3104,-1.75874,-1.7590000000000003,16.0
Lamar,2015,99.7665,108.368,65.6542,-8.60177,-8.601500000000001,
Lehigh,2015,99.3363,102.343,65.9623,-3.00674,-3.0067000000000093,
Liberty,2015,90.0734,109.414,65.6192,-19.3403,-19.340599999999995,
Lipscomb,2015,100.383,111.401,67.425,-11.0178,-11.018,
LIU Brooklyn,2015,96.6156,106.485,67.1481,-9.86914,-9.869399999999999,
Long Beach St.,2015,103.644,100.413,64.8981,3.23011,3.2310000000000088,
Longwood,2015,96.5662,110.893,66.1688,-14.3271,-14.326800000000006,
Louisiana Lafayette,2015,104.954,102.141,69.5785,2.81265,2.812999999999988,
Louisiana Monroe,2015,97.1669,98.7168,60.3985,-1.5499,-1.549900000000008,
Louisiana Tech,2015,107.451,98.6495,66.8857,8.80124,8.80149999999999,
Louisville,2015,108.601,88.176,64.8006,20.4245,20.424999999999997,4.0
Loyola Chicago,2015,104.855,102.219,60.2417,2.63516,2.63600000000001,
Loyola Marymount,2015,102.766,110.655,62.0502,-7.88895,-7.888999999999996,
Loyola MD,2015,92.6596,105.912,62.4501,-13.2524,-13.252400000000009,
LSU,2015,108.743,94.7996,69.0966,13.9432,13.943399999999997,9.0
Maine,2015,93.2712,115.228,65.6827,-21.9563,-21.9568,
Manhattan,2015,101.932,101.19,67.2455,0.742583,0.7420000000000044,16.0
Marist,2015,94.0451,107.043,64.7838,-12.9978,-12.997900000000001,
Marquette,2015,104.835,98.0224,63.4573,6.81311,6.812599999999989,
Marshall,2015,95.8042,103.744,69.6104,-7.93991,-7.939800000000005,
Maryland,2015,111.125,94.9328,63.7514,16.1924,16.1922,4.0
Maryland Eastern Shore,2015,104.189,107.796,63.9745,-3.60762,-3.6070000000000135,
Massachusetts,2015,106.025,101.764,66.7777,4.2611,4.26100000000001,
McNeese St.,2015,100.356,111.369,62.5756,-11.0122,-11.013000000000005,
Memphis,2015,105.207,97.3594,66.0094,7.84814,7.8476,
Mercer,2015,104.217,105.398,59.6931,-1.18094,-1.1809999999999974,
Miami FL,2015,112.412,98.0858,61.7649,14.3267,14.3262,
Miami OH,2015,102.239,105.999,64.3734,-3.76067,-3.759999999999991,
Michigan,2015,109.674,100.11,59.4798,9.56413,9.564000000000007,
Michigan St.,2015,115.973,95.052,62.8407,20.9213,20.920999999999992,7.0
Middle Tennessee,2015,101.752,100.356,60.8621,1.39603,1.3960000000000008,
Milwaukee,2015,102.632,106.533,64.1696,-3.90139,-3.9009999999999962,
Minnesota,2015,112.284,99.2984,66.9992,12.9859,12.985600000000005,
Mississippi,2015,114.568,100.141,65.6482,14.4267,14.426999999999992,11.0
Mississippi St.,2015,100.251,99.5001,63.5384,0.750636,0.7509000000000015,
Mississippi Valley St.,2015,91.1525,116.817,69.8472,-25.6643,-25.66449999999999,
Missouri,2015,101.676,103.581,61.7204,-1.90517,-1.9050000000000011,
Missouri St.,2015,98.3369,106.257,61.1807,-7.92044,-7.920100000000005,
Monmouth,2015,100.106,101.801,63.3556,-1.69471,-1.6950000000000074,
Montana,2015,105.112,104.969,61.5813,0.142913,0.14300000000000068,
Montana St.,2015,95.0831,110.439,65.0542,-15.3558,-15.355899999999991,
Morehead St.,2015,103.308,102.88,64.7565,0.427552,0.4280000000000115,
Morgan St.,2015,93.6737,112.723,64.1664,-19.0489,-19.049300000000002,
Mount St. Mary's,2015,97.9632,103.032,62.1327,-5.06857,-5.068799999999996,
Murray St.,2015,115.056,105.238,66.1725,9.81808,9.817999999999998,
Navy,2015,98.288,107.461,60.7513,-9.17307,-9.173000000000002,
Nebraska,2015,99.1525,94.5183,63.0933,4.63417,4.634200000000007,
Nebraska Omaha,2015,102.292,110.277,73.1906,-7.98521,-7.984999999999999,
Nevada,2015,97.4717,105.725,63.4332,-8.25294,-8.253299999999996,
New Hampshire,2015,99.9302,101.684,63.5296,-1.75367,-1.7537999999999982,
New Mexico,2015,101.279,98.1807,61.7894,3.09797,3.0982999999999947,
New Mexico St.,2015,106.825,99.8197,62.9742,7.0055,7.005300000000005,15.0
New Orleans,2015,96.7589,109.525,67.3632,-12.7662,-12.766100000000009,
Niagara,2015,99.1386,110.834,64.4632,-11.6954,-11.695400000000006,
Nicholls St.,2015,89.788,107.659,65.8095,-17.8708,-17.87100000000001,
NJIT,2015,103.674,105.002,65.3659,-1.32776,-1.3279999999999887,
Norfolk St.,2015,104.275,106.569,64.3595,-2.2937,-2.293999999999997,
North Carolina,2015,117.921,94.1249,69.0232,23.7959,23.79610000000001,4.0
North Carolina A&T,2015,92.9156,112.398,61.335,-19.4826,-19.4824,
North Carolina Central,2015,103.489,97.9195,59.1179,5.56944,5.569500000000005,
North Carolina St.,2015,114.001,98.6377,63.8463,15.3629,15.36330000000001,8.0
North Dakota,2015,96.2232,110.37,67.3452,-14.1465,-14.146799999999999,
North Dakota St.,2015,102.68,102.079,60.2617,0.601364,0.6010000000000133,15.0
North Florida,2015,108.032,105.12,66.7256,2.91181,2.911999999999992,16.0
North Texas,2015,98.0902,104.478,65.2216,-6.38795,-6.387799999999999,
Northeastern,2015,107.892,103.071,63.0556,4.82045,4.820999999999998,14.0
Northern Arizona,2015,101.844,104.11,63.8483,-2.2664,-2.2660000000000053,
Northern Colorado,2015,109.796,117.49,62.9425,-7.69403,-7.693999999999988,
Northern Illinois,2015,102.503,103.311,62.2751,-0.807691,-0.8080000000000069,
Northern Iowa,2015,115.17,94.2192,58.014,20.9503,20.9508,5.0
Northern Kentucky,2015,103.748,110.228,63.3112,-6.48037,-6.47999999999999,
Northwestern,2015,107.398,102.749,59.4897,4.64955,4.649000000000001,
Northwestern St.,2015,112.689,116.037,72.7506,-3.3489,-3.348000000000013,
Notre Dame,2015,124.623,100.552,63.2851,24.0703,24.070999999999998,3.0
Oakland,2015,110.848,110.127,65.5404,0.721479,0.7210000000000036,
Ohio,2015,102.838,107.892,66.2235,-5.05422,-5.054000000000002,
Ohio St.,2015,115.312,94.3058,65.1703,21.0066,21.006199999999993,10.0
Oklahoma,2015,111.785,87.6854,66.9861,24.1001,24.099599999999995,3.0
Oklahoma St.,2015,111.825,95.6458,62.7105,16.1789,16.17920000000001,9.0
Old Dominion,2015,107.263,96.5014,59.4953,10.7613,10.761600000000001,
Oral Roberts,2015,104.309,108.178,64.6098,-3.86926,-3.8689999999999998,
Oregon,2015,114.457,101.273,66.1195,13.1844,13.183999999999997,8.0
Oregon St.,2015,99.5604,93.7175,60.2928,5.84295,5.8429,
Pacific,2015,103.048,108.465,61.2,-5.41747,-5.417000000000002,
Penn,2015,97.1946,107.733,62.9816,-10.5384,-10.53840000000001,
Penn St.,2015,104.853,96.7683,65.0904,8.08432,8.084699999999998,
Pepperdine,2015,101.591,95.5138,63.0775,6.07719,6.077199999999991,
Pittsburgh,2015,113.968,104.945,60.0734,9.02301,9.02300000000001,
Portland,2015,109.238,104.41,63.9813,4.82735,4.828000000000003,
Portland St.,2015,102.315,110.352,65.6024,-8.03731,-8.037000000000006,
Prairie View A&M,2015,97.0073,108.888,68.3221,-11.8807,-11.880700000000004,
Presbyterian,2015,95.7218,114.455,61.7539,-18.733,-18.733199999999997,
Princeton,2015,106.999,106.429,64.307,0.570377,0.5699999999999932,
Providence,2015,112.954,95.3871,64.8656,17.5673,17.56689999999999,6.0
Purdue,2015,110.824,96.8436,63.9932,13.9802,13.980400000000003,9.0
Quinnipiac,2015,102.332,103.75,66.1126,-1.4188,-1.4180000000000064,
Radford,2015,105.559,107.822,63.7122,-2.26312,-2.2630000000000052,
Rhode Island,2015,103.808,91.8899,65.0454,11.9184,11.91810000000001,
Rice,2015,101.581,104.985,61.7097,-3.40466,-3.4039999999999964,
Richmond,2015,108.48,96.2354,60.8358,12.245,12.244600000000005,
Rider,2015,100.709,101.004,63.8308,-0.295372,-0.2950000000000017,
Robert Morris,2015,102.327,103.869,65.0415,-1.54229,-1.5420000000000016,16.0
Rutgers,2015,98.2165,100.685,64.6432,-2.46838,-2.468500000000006,
Sacramento St.,2015,107.717,110.735,61.5906,-3.01783,-3.0180000000000007,
Sacred Heart,2015,102.906,109.132,68.2226,-6.22592,-6.225999999999999,
St. Joseph's,2015,99.8992,99.4344,63.0593,0.464738,0.46479999999999677,
Saint Louis,2015,95.4758,105.323,62.6244,-9.84705,-9.847199999999987,
St. Mary's,2015,111.277,99.4001,62.1076,11.877,11.876900000000006,
St. Peter's,2015,99.3685,101.391,59.9205,-2.02252,-2.022500000000008,
Sam Houston St.,2015,102.39,95.1765,64.5117,7.21341,7.213499999999996,
Samford,2015,101.424,112.219,65.9157,-10.7955,-10.794999999999987,
San Diego,2015,103.924,97.0372,62.7033,6.88671,6.886800000000008,
San Diego St.,2015,104.401,88.1829,59.9465,16.2186,16.218099999999993,8.0
San Francisco,2015,105.622,102.693,65.3331,2.92878,2.929000000000002,
San Jose St.,2015,86.0965,110.292,63.5826,-24.1955,-24.195499999999996,
Santa Clara,2015,105.705,107.06,60.8569,-1.35493,-1.355000000000004,
Savannah St.,2015,86.8486,106.666,64.2354,-19.8171,-19.817399999999992,
Seattle,2015,98.0797,106.438,61.3811,-8.35836,-8.3583,
Seton Hall,2015,108.785,100.757,65.4902,8.02713,8.027999999999992,
Siena,2015,104.965,113.654,65.8118,-8.6899,-8.688999999999993,
SIU Edwardsville,2015,96.981,104.557,66.1565,-7.57633,-7.576000000000008,
SMU,2015,113.524,95.4867,62.8424,18.0372,18.037300000000002,6.0
South Alabama,2015,100.42,112.009,68.3882,-11.589,-11.588999999999999,
South Carolina,2015,105.157,93.568,63.8852,11.589,11.588999999999999,
South Carolina St.,2015,89.9186,108.664,63.8117,-18.7451,-18.745400000000004,
South Dakota,2015,102.817,107.593,64.9945,-4.77646,-4.7760000000000105,
South Dakota St.,2015,107.222,101.331,65.4889,5.89143,5.890999999999991,
South Florida,2015,98.9278,107.619,63.3948,-8.69086,-8.691199999999995,
Southeast Missouri St.,2015,102.06,108.119,65.4427,-6.05914,-6.0589999999999975,
Southeastern Louisiana,2015,95.6637,108.139,65.9167,-12.4753,-12.47529999999999,
Southern,2015,93.5629,102.659,64.4297,-9.09614,-9.096100000000007,
Southern Illinois,2015,98.0834,103.432,62.011,-5.34901,-5.348600000000005,
Southern Miss,2015,96.8595,110.582,61.688,-13.7221,-13.722499999999997,
Southern Utah,2015,98.1139,111.506,67.2456,-13.3923,-13.3921,
St. Bonaventure,2015,104.901,99.4965,64.1737,5.40415,5.404499999999999,
St. Francis NY,2015,102.763,102.325,63.8179,0.437679,0.4380000000000024,
St. Francis PA,2015,98.9961,103.597,62.444,-4.60127,-4.600899999999996,
St. John's,2015,110.125,95.8018,66.1943,14.3233,14.3232,9.0
Stanford,2015,113.395,99.4712,64.4446,13.9238,13.9238,
Stephen F. Austin,2015,114.494,100.484,65.2365,14.0106,14.010000000000005,12.0
Stetson,2015,96.3548,115.643,65.5448,-19.2884,-19.288200000000003,
Stony Brook,2015,102.277,98.9634,63.5833,3.31381,3.313600000000008,
Syracuse,2015,106.237,93.8038,65.5462,12.4333,12.4332,
TCU,2015,108.624,95.5925,63.303,13.0316,13.031499999999994,
Temple,2015,103.632,92.9947,64.9747,10.6372,10.63730000000001,
Tennessee,2015,109.031,101.696,60.192,7.33439,7.335000000000008,
Tennessee Martin,2015,108.111,108.946,61.154,-0.83491,-0.8349999999999937,
Tennessee St.,2015,88.8309,108.23,63.3016,-19.3992,-19.399100000000004,
Tennessee Tech,2015,103.594,110.849,65.966,-7.25578,-7.25500000000001,
Texas,2015,112.877,92.759,61.7245,20.1184,20.117999999999995,11.0
Texas A&M,2015,108.617,95.3823,63.2653,13.2347,13.234700000000004,
Texas A&M Corpus Christi,2015,99.645,104.97,62.1247,-5.32475,-5.325000000000003,
Texas Pan American,2015,92.8731,112.074,63.6664,-19.2012,-19.200900000000004,
Texas Southern,2015,103.049,106.918,62.9114,-3.8688,-3.8689999999999998,15.0
Texas St.,2015,93.0694,98.6319,61.0017,-5.56251,-5.5625,
Texas Tech,2015,102.111,100.376,61.2571,1.73539,1.7349999999999994,
The Citadel,2015,102.652,121.308,58.3108,-18.6564,-18.656000000000006,
Toledo,2015,112.949,105.205,66.2619,7.74376,7.744,
Towson,2015,100.488,108.908,60.0338,-8.41954,-8.420000000000002,
Troy,2015,99.1913,109.269,64.4299,-10.0776,-10.077700000000007,
Tulane,2015,99.4835,103.583,62.7277,-4.09929,-4.099499999999992,
Tulsa,2015,103.022,93.6653,63.4155,9.35714,9.356700000000004,
UAB,2015,104.585,101.758,64.4025,2.82779,2.826999999999998,14.0
UC Davis,2015,111.833,105.484,62.7416,6.34879,6.349000000000004,
UC Irvine,2015,105.818,98.9592,63.3775,6.85898,6.858800000000002,13.0
UC Riverside,2015,98.1155,102.254,65.0455,-4.13859,-4.138500000000008,
UC Santa Barbara,2015,108.363,101.907,62.0098,6.45597,6.456000000000003,
UCF,2015,102.33,111.6,63.7031,-9.2698,-9.269999999999996,
UCLA,2015,112.266,98.1315,65.4935,14.1346,14.134500000000003,11.0
UMass Lowell,2015,93.7233,106.258,63.4906,-12.5345,-12.5347,
UMBC,2015,88.7564,109.544,64.026,-20.7875,-20.787599999999998,
UMKC,2015,97.4471,107.443,63.3387,-9.99542,-9.995899999999992,
UNC Asheville,2015,101.639,108.299,67.5716,-6.65962,-6.660000000000011,
UNC Greensboro,2015,99.2537,109.024,65.4099,-9.77019,-9.770300000000006,
UNC Wilmington,2015,100.723,101.312,67.0247,-0.589734,-0.5889999999999986,
UNLV,2015,107.531,101.201,64.8677,6.33005,6.3300000000000125,
USC,2015,100.915,99.6123,67.83,1.30229,1.3027000000000015,
USC Upstate,2015,104.275,104.191,62.8962,0.0844478,0.08400000000000318,
UT Arlington,2015,102.816,105.533,69.3631,-2.71755,-2.7169999999999987,
Utah,2015,116.433,89.5299,60.3923,26.9035,26.90310000000001,5.0
Utah St.,2015,107.09,102.58,63.1771,4.51037,4.510000000000005,
Utah Valley,2015,92.2458,108.64,61.5939,-16.394,-16.394199999999998,
UTEP,2015,106.236,99.0688,64.2975,7.16747,7.167200000000008,
UTSA,2015,105.989,109.522,65.6837,-3.53274,-3.5330000000000013,
Valparaiso,2015,106.629,95.6594,62.1996,10.9697,10.9696,13.0
Vanderbilt,2015,114.282,100.212,62.5421,14.0696,14.069999999999993,
VCU,2015,110.62,94.1043,66.5049,16.5157,16.51570000000001,7.0
Vermont,2015,102.546,98.3657,63.1533,4.18026,4.180300000000003,
Villanova,2015,122.473,91.5163,63.8347,30.9562,30.956699999999998,1.0
Virginia,2015,115.318,84.4292,57.5332,30.8885,30.888800000000003,2.0
Virginia Tech,2015,105.579,106.752,63.3644,-1.17262,-1.1730000000000018,
VMI,2015,97.9111,108.705,76.2801,-10.794,-10.793899999999994,
Wagner,2015,98.3557,110.915,66.9195,-12.5591,-12.559300000000007,
Wake Forest,2015,105.9,101.348,67.7679,4.55208,4.552000000000007,
Washington,2015,108.221,103.299,65.0272,4.92268,4.921999999999997,
Washington St.,2015,108.587,110.284,66.9109,-1.69761,-1.6970000000000027,
Weber St.,2015,99.3117,107.914,62.4999,-8.60275,-8.6023,
West Virginia,2015,113.252,94.4993,67.9793,18.7531,18.75269999999999,5.0
Western Carolina,2015,101.367,107.091,65.4704,-5.72387,-5.7239999999999895,
Western Illinois,2015,90.8941,107.952,66.3919,-17.058,-17.057900000000004,
Western Kentucky,2015,104.504,102.137,66.0788,2.36681,2.3670000000000044,
Western Michigan,2015,108.808,106.014,64.2877,2.79382,2.794000000000011,
Wichita St.,2015,114.962,93.3065,61.4547,21.6555,21.655500000000004,7.0
William & Mary,2015,113.211,108.167,63.6177,5.04481,5.043999999999997,
Winthrop,2015,103.897,105.372,65.5993,-1.47584,-1.4749999999999943,
Wisconsin,2015,126.815,93.2904,58.0767,33.5251,33.52459999999999,1.0
Wofford,2015,104.909,98.5115,60.5424,6.39782,6.397500000000008,12.0
Wright St.,2015,98.4787,105.08,62.8111,-6.60127,-6.601299999999995,
Wyoming,2015,104.478,98.0741,58.648,6.40364,6.403899999999993,12.0
Xavier,2015,115.283,96.6313,65.1714,18.6517,18.651700000000005,6.0
Yale,2015,106.907,98.2132,61.6636,8.69421,8.693799999999996,
Youngstown St.,2015,105.463,114.481,66.7636,-9.01827,-9.018,
Florida A&M,2016,83.558,107.981,69.3587,-24.4227,-24.422999999999988,
UT Rio Grande Valley,2016,94.8365,117.054,67.4267,-22.2179,-22.2175,
Grambling St.,2016,88.1646,109.474,65.7197,-21.3094,-21.30940000000001,
Arkansas Pine Bluff,2016,88.7669,109.402,63.9919,-20.6355,-20.635099999999994,
Northern Arizona,2016,92.3473,112.837,70.2097,-20.4898,-20.4897,
Southern Utah,2016,98.0766,118.26,68.1283,-20.1835,-20.183400000000006,
Mississippi Valley St.,2016,91.2715,110.624,71.0862,-19.3529,-19.352499999999992,
UTSA,2016,97.529,116.746,71.4049,-19.2168,-19.217,
UMBC,2016,99.5228,117.441,69.5014,-17.9178,-17.9182,
Coppin St.,2016,95.7437,112.697,69.8318,-16.9532,-16.9533,
Nicholls St.,2016,91.9472,108.633,68.2879,-16.6854,-16.6858,
Howard,2016,93.3384,109.786,70.3708,-16.4475,-16.44760000000001,
USC Upstate,2016,100.217,116.384,66.1682,-16.1669,-16.167,
Binghamton,2016,87.7949,104.141,65.2404,-16.3464,-16.346100000000007,
Hartford,2016,99.4112,115.543,69.1441,-16.132,-16.131800000000013,
Presbyterian,2016,93.5672,109.696,67.1591,-16.1292,-16.1288,
UMass Lowell,2016,100.179,115.36,73.1602,-15.1804,-15.180999999999997,
Alcorn St.,2016,97.7322,112.319,65.4116,-14.5864,-14.586799999999997,
The Citadel,2016,102.898,117.051,80.07,-14.1525,-14.153000000000006,
Southeastern Louisiana,2016,97.7252,112.177,67.947,-14.4522,-14.451800000000006,
Southern Miss,2016,96.133,110.26,63.3063,-14.1269,-14.12700000000001,
Alabama A&M,2016,99.915,113.262,65.1547,-13.3468,-13.346999999999994,
Robert Morris,2016,91.6267,104.969,67.7745,-13.3419,-13.342299999999994,
Morgan St.,2016,94.8161,108.145,69.067,-13.3294,-13.32889999999999,
Florida Atlantic,2016,95.3893,108.08,67.4506,-12.6911,-12.690699999999993,
LIU Brooklyn,2016,99.9017,111.583,72.2357,-11.6815,-11.681299999999993,
Alabama St.,2016,98.8843,110.397,68.8909,-11.5129,-11.51270000000001,
Holy Cross,2016,97.0369,108.525,63.6033,-11.4879,-11.488100000000003,16.0
Jacksonville,2016,99.7287,109.814,70.409,-10.0855,-10.08529999999999,
Stetson,2016,103.514,114.201,70.5148,-10.6872,-10.686999999999998,
Utah Valley,2016,99.3739,109.926,74.1103,-10.5525,-10.552099999999996,
Rutgers,2016,97.2474,107.763,70.3112,-10.5151,-10.515600000000006,
Rice,2016,105.277,115.665,69.7035,-10.3879,-10.388000000000005,
Lipscomb,2016,101.162,111.443,72.7498,-10.2811,-10.280999999999992,
Idaho St.,2016,99.0034,108.742,70.0284,-9.73852,-9.738600000000005,
Fairleigh Dickinson,2016,104.836,114.583,71.1346,-9.74686,-9.747,16.0
Brown,2016,101.981,111.505,70.3169,-9.52452,-9.524000000000001,
South Alabama,2016,95.5226,103.895,69.5614,-8.37235,-8.372399999999999,
Manhattan,2016,98.8077,106.051,67.93,-7.24286,-7.243300000000005,
Cal St. Fullerton,2016,101.452,110.257,68.6349,-8.80499,-8.805000000000007,
Mount St. Mary's,2016,93.4669,102.109,68.4838,-8.6426,-8.6421,
Appalachian St.,2016,102.431,110.667,70.2715,-8.23514,-8.236000000000004,
UMKC,2016,103.021,110.386,66.2932,-7.36534,-7.364999999999995,
Miami OH,2016,97.129,104.319,64.2789,-7.19017,-7.189999999999998,
Santa Clara,2016,101.455,108.626,65.4785,-7.17169,-7.1710000000000065,
New Hampshire,2016,99.545,106.671,67.1261,-7.12571,-7.126000000000005,
Hampton,2016,99.7519,106.561,71.2725,-6.80879,-6.809100000000001,16.0
Norfolk St.,2016,105.927,112.612,67.6565,-6.68516,-6.684999999999988,
Cal St. Northridge,2016,100.615,107.075,70.3584,-6.46087,-6.460000000000008,
Boston University,2016,102.398,108.673,69.5708,-6.27518,-6.275000000000006,
Dartmouth,2016,99.0809,105.24,67.4478,-6.1591,-6.159099999999995,
UC Riverside,2016,99.834,105.748,67.0406,-5.914,-5.9140000000000015,
Western Illinois,2016,100.956,106.804,67.7137,-5.84778,-5.847999999999999,
Canisius,2016,108.107,113.915,67.4669,-5.80843,-5.808000000000007,
South Dakota,2016,105.856,110.706,70.4987,-4.84989,-4.8500000000000085,
UTEP,2016,102.234,107.375,71.5947,-5.14085,-5.141000000000005,
Tennessee Martin,2016,104.29,109.41,66.3158,-5.11982,-5.11999999999999,
Austin Peay,2016,104.005,109.104,69.3154,-5.09934,-5.099000000000004,16.0
Portland,2016,106.708,110.791,71.7354,-4.08296,-4.082999999999998,
Sam Houston St.,2016,102.102,106.164,66.9918,-4.06221,-4.061999999999998,
Tulane,2016,97.6659,101.053,67.5682,-3.38707,-3.3871000000000038,
Eastern Washington,2016,111.453,114.642,68.8342,-3.18894,-3.188999999999993,
Charlotte,2016,105.463,108.591,70.249,-3.12781,-3.128,
Lehigh,2016,104.554,107.375,67.7913,-2.82112,-2.820999999999998,
East Carolina,2016,103.034,105.719,67.0916,-2.68492,-2.684999999999988,
Fairfield,2016,104.729,107.352,71.1806,-2.62319,-2.6230000000000047,
DePaul,2016,103.802,106.404,66.8407,-2.60128,-2.6019999999999897,
Minnesota,2016,101.325,103.875,68.4034,-2.55052,-2.549999999999997,
Wagner,2016,100.156,102.627,65.6734,-2.4708,-2.4709999999999894,
Auburn,2016,101.492,103.823,71.7524,-2.3309,-2.330999999999989,
UCF,2016,101.766,103.755,67.8517,-1.9888,-1.98899999999999,
Wofford,2016,106.068,107.967,65.2635,-1.89945,-1.899000000000001,
Texas Southern,2016,106.451,107.981,67.6175,-1.53055,-1.5300000000000011,
Western Michigan,2016,103.49,105.024,68.0524,-1.53333,-1.534000000000006,
Mercer,2016,106.237,107.348,63.2147,-1.11038,-1.1110000000000042,
Louisiana Tech,2016,104.659,103.905,71.0179,0.753882,0.7540000000000049,
Coastal Carolina,2016,103.851,103.986,66.4012,-0.13441,-0.13500000000000512,
Texas A&M Corpus Christi,2016,102.28,102.232,68.4216,0.0477367,0.04800000000000182,
Marshall,2016,110.661,109.081,77.2428,1.58054,1.5799999999999983,
Colorado St.,2016,112.129,110.144,68.0718,1.98501,1.9849999999999994,
Pepperdine,2016,106.118,102.766,67.4081,3.35195,3.3519999999999897,
IPFW,2016,112.102,108.327,69.2705,3.77471,3.7750000000000057,
Illinois St.,2016,103.538,99.3289,67.152,4.20887,4.209099999999992,
UNC Asheville,2016,103.529,99.3166,70.1811,4.21193,4.212400000000002,15.0
College of Charleston,2016,98.3595,94.0612,63.7571,4.29825,4.298299999999998,
Wake Forest,2016,106.784,102.328,71.3526,4.45593,4.456000000000003,
UNLV,2016,103.134,98.1761,72.997,4.95784,4.957899999999995,
UAB,2016,108.719,103.579,68.0854,5.1398,5.140000000000001,
UT Arlington,2016,107.169,99.5414,72.3867,7.62775,7.627600000000001,
Richmond,2016,113.278,105.854,67.9974,7.42359,7.424000000000007,
Boise St.,2016,109.319,100.804,69.1764,8.51478,8.515,
UC Irvine,2016,106.321,97.8252,67.0223,8.4958,8.495800000000003,
Rhode Island,2016,108.048,98.8753,64.3585,9.17293,9.172700000000006,
St. Bonaventure,2016,113.503,104.279,67.9141,9.2243,9.224000000000004,
UNC Wilmington,2016,110.051,100.792,70.1618,9.25855,9.259,13.0
Monmouth,2016,107.515,98.1107,72.7279,9.40398,9.404300000000006,
Mississippi St.,2016,110.006,100.124,69.2753,9.882,9.882000000000005,
Mississippi,2016,111.686,101.65,68.5036,10.0368,10.036000000000001,
Evansville,2016,107.824,97.7139,68.5669,10.1105,10.110100000000003,
North Carolina St.,2016,113.811,103.643,67.5541,10.1675,10.168000000000006,
Memphis,2016,107.356,97.1467,73.348,10.2096,10.209299999999999,
Princeton,2016,112.043,101.512,68.5471,10.5315,10.531000000000006,
Ohio St.,2016,107.068,96.4951,67.6974,10.5728,10.572900000000004,
Georgetown,2016,110.629,99.9833,67.8154,10.6461,10.645700000000005,
UCLA,2016,112.605,101.503,69.4847,11.1017,11.102000000000004,
Washington,2016,109.687,97.5025,76.8301,12.1847,12.1845,
Oregon St.,2016,110.836,98.3992,67.1452,12.4371,12.436800000000005,7.0
St. Joseph's,2016,113.435,98.7988,70.3117,14.6358,14.636200000000002,8.0
Colorado,2016,108.785,95.1948,68.9529,13.5905,13.590199999999996,8.0
Providence,2016,109.321,95.7275,68.4903,13.5932,13.593499999999992,9.0
San Diego St.,2016,104.472,90.3774,64.7287,14.0944,14.0946,
Florida St.,2016,112.951,98.8149,71.4324,14.1365,14.136099999999999,
Butler,2016,117.318,101.468,67.7286,15.8497,15.849999999999994,9.0
Utah,2016,115.673,97.5601,65.2107,18.1129,18.112899999999996,3.0
Vanderbilt,2016,114.458,94.5381,67.7217,19.9195,19.9199,11.0
Maryland,2016,116.294,95.5806,67.2907,20.7136,20.713399999999993,5.0
Iowa St.,2016,121.033,99.9576,71.0322,21.0754,21.075400000000002,4.0
Miami FL,2016,118.848,95.9995,65.897,22.848,22.8485,3.0
Oklahoma,2016,117.285,92.4357,69.8681,24.849,24.8493,2.0
Kentucky,2016,122.508,97.3082,66.9955,25.1996,25.199799999999996,4.0
Kansas,2016,120.379,90.575,68.811,29.804,29.804000000000002,1.0
Jacksonville St.,2016,98.2033,110.771,64.8996,-12.5679,-12.567700000000002,
Central Connecticut,2016,92.2989,119.043,66.969,-26.744,-26.744100000000003,
Delaware St.,2016,88.3457,112.898,66.1057,-24.5519,-24.552300000000002,
Chicago St.,2016,91.6028,113.716,69.0104,-22.1136,-22.113199999999992,
Bryant,2016,92.9078,114.558,67.3283,-21.6506,-21.650200000000012,
Southeast Missouri St.,2016,90.9312,110.298,70.7378,-19.3669,-19.366799999999998,
North Carolina A&T,2016,95.493,114.389,67.5452,-18.8958,-18.896,
Prairie View A&M,2016,88.7886,107.358,68.5633,-18.5692,-18.5694,
Maine,2016,95.9281,114.281,76.8506,-18.3533,-18.352900000000005,
Illinois Chicago,2016,89.4892,107.493,71.5829,-18.0039,-18.0038,
Northwestern St.,2016,101.291,117.888,73.702,-16.5962,-16.59700000000001,
Lafayette,2016,99.2551,115.775,69.3269,-16.5194,-16.519900000000007,
Savannah St.,2016,87.1947,103.702,65.8087,-16.5077,-16.5073,
McNeese St.,2016,97.6178,114.007,67.9497,-16.3887,-16.389200000000002,
Bradley,2016,86.1627,102.543,66.9592,-16.3804,-16.380300000000005,
Central Arkansas,2016,100.663,116.59,71.7067,-15.9271,-15.927000000000007,
Lamar,2016,97.0453,112.509,71.9158,-15.4635,-15.463700000000003,
American,2016,91.8119,107.218,61.2437,-15.4065,-15.40610000000001,
Abilene Christian,2016,96.7967,112.047,67.7675,-15.2506,-15.250299999999996,
Maryland Eastern Shore,2016,98.2912,113.446,67.1657,-15.1543,-15.154799999999994,
New Orleans,2016,96.1529,111.177,72.1423,-15.0236,-15.024100000000004,
SIU Edwardsville,2016,94.8851,109.451,66.1066,-14.5658,-14.5659,
Northern Colorado,2016,103.22,117.761,68.2369,-14.5408,-14.540999999999997,
Bethune Cookman,2016,97.7202,111.546,66.4359,-13.8254,-13.825800000000001,
VMI,2016,96.8356,110.606,68.6997,-13.7705,-13.770399999999995,
Niagara,2016,94.0245,107.776,65.6603,-13.7512,-13.751499999999993,
Marist,2016,102.011,115.485,68.0925,-13.4743,-13.474000000000004,
North Carolina Central,2016,98.0771,111.191,65.8746,-13.1139,-13.113900000000001,
St. Francis PA,2016,100.175,113.154,66.0859,-12.979,-12.979,
Sacred Heart,2016,99.4007,112.369,71.2142,-12.9679,-12.9683,
Charleston Southern,2016,99.0301,111.49,68.1397,-12.4598,-12.45989999999999,
Campbell,2016,100.118,112.493,68.0088,-12.3749,-12.375,
North Texas,2016,100.402,112.614,69.6924,-12.2121,-12.212000000000003,
Longwood,2016,100.356,112.531,69.1651,-12.1752,-12.175000000000011,
Cleveland St.,2016,91.3311,103.294,63.7371,-11.9626,-11.96289999999999,
Seattle,2016,94.6016,106.42,65.4276,-11.8184,-11.818399999999997,
Loyola MD,2016,100.503,112.278,66.6236,-11.7755,-11.775000000000006,
Liberty,2016,98.7195,110.425,63.0786,-11.7059,-11.7055,
Quinnipiac,2016,91.8495,103.237,68.4958,-11.3875,-11.387499999999989,
St. Francis NY,2016,93.6959,104.872,65.7872,-11.1763,-11.176100000000005,
Youngstown St.,2016,102.826,113.662,72.4042,-10.8362,-10.836000000000013,
Troy,2016,97.9773,108.762,68.3071,-10.7844,-10.7847,
Houston Baptist,2016,101.959,112.546,70.0591,-10.5876,-10.587000000000003,
Cornell,2016,97.8607,108.425,72.6557,-10.5648,-10.564300000000003,
Delaware,2016,101.285,111.512,67.3621,-10.2273,-10.227000000000004,
Sacramento St.,2016,98.6487,108.642,68.38,-9.99367,-9.99329999999999,
San Diego,2016,93.6076,103.426,66.0513,-9.8182,-9.818399999999997,
South Carolina St.,2016,103.199,112.912,67.2697,-9.71297,-9.713000000000008,
La Salle,2016,98.8234,108.473,66.2193,-9.64909,-9.649599999999992,
Eastern Illinois,2016,100.249,109.699,67.1452,-9.45003,-9.450000000000003,
Drake,2016,103.664,112.656,65.3827,-8.99226,-8.992000000000004,
Kennesaw St.,2016,101.258,109.97,68.5609,-8.7114,-8.712000000000003,
Portland St.,2016,101.966,110.198,71.9751,-8.23143,-8.232,
Penn,2016,99.7192,107.629,67.6921,-7.90942,-7.909800000000004,
Colgate,2016,103.627,111.501,64.8215,-7.8736,-7.874000000000009,
Northern Kentucky,2016,100.336,108.117,67.2371,-7.78077,-7.781000000000006,
Arkansas St.,2016,99.9581,107.558,71.9689,-7.59979,-7.599900000000005,
San Jose St.,2016,96.9243,104.515,69.439,-7.59058,-7.590699999999998,
Army,2016,99.4357,106.697,72.19,-7.26084,-7.261300000000006,
Montana St.,2016,106.328,113.545,68.4755,-7.21708,-7.216999999999999,
Incarnate Word,2016,101.839,108.889,67.1401,-7.04986,-7.049999999999997,
Air Force,2016,98.85,105.884,66.8821,-7.03444,-7.034000000000006,
Drexel,2016,99.4084,106.407,64.421,-6.99854,-6.998599999999996,
Jackson St.,2016,94.7581,101.688,67.6159,-6.9299,-6.9299000000000035,
South Florida,2016,97.9789,104.576,66.6528,-6.59743,-6.5970999999999975,
UC Davis,2016,93.5265,100.057,65.9154,-6.53072,-6.5305000000000035,
Boston College,2016,94.8508,100.9,66.6479,-6.04909,-6.049199999999999,
FIU,2016,102.822,108.785,65.2363,-5.9626,-5.962999999999994,
Saint Louis,2016,96.5068,102.461,69.0486,-5.95427,-5.9542,
Missouri St.,2016,99.931,105.693,68.8639,-5.76238,-5.7620000000000005,
Bowling Green,2016,100.627,106.338,68.255,-5.71078,-5.7109999999999985,
Pacific,2016,100.313,106.007,66.4425,-5.6937,-5.694000000000003,
Gardner Webb,2016,100.554,106.115,69.0079,-5.56134,-5.560999999999993,
Southern,2016,100.906,106.217,68.9507,-5.31079,-5.310999999999993,16.0
St. John's,2016,97.0555,102.37,72.0267,-5.31482,-5.3145000000000095,
Loyola Marymount,2016,103.314,108.522,67.4954,-5.20839,-5.208000000000013,
UNC Greensboro,2016,103.206,108.125,67.5106,-4.91831,-4.918999999999997,
Samford,2016,102.853,107.741,67.9705,-4.8877,-4.888000000000005,
Radford,2016,104.17,109.047,65.7466,-4.87682,-4.876999999999995,
Rider,2016,99.3348,104.177,64.2917,-4.84247,-4.842200000000005,
St. Peter's,2016,96.6852,101.444,64.4671,-4.75846,-4.758800000000008,
NJIT,2016,101.97,106.573,69.153,-4.60227,-4.602999999999994,
Texas St.,2016,99.1327,103.635,63.5,-4.50269,-4.502300000000005,
Idaho,2016,98.4475,102.846,65.6666,-4.39829,-4.3984999999999985,
Georgia Southern,2016,104.658,109.031,68.5868,-4.37374,-4.373000000000005,
IUPUI,2016,99.6846,103.765,68.4163,-4.08023,-4.080399999999997,
San Francisco,2016,107.065,110.809,70.4361,-3.74357,-3.7439999999999998,
Navy,2016,99.1249,102.815,64.8007,-3.69033,-3.690100000000001,
George Mason,2016,101.087,104.717,67.7398,-3.62954,-3.6299999999999955,
Eastern Kentucky,2016,107.204,110.793,72.1201,-3.58823,-3.589000000000013,
Cal Poly,2016,107.276,110.858,66.244,-3.58196,-3.582000000000008,
North Dakota,2016,98.7371,102.207,71.5595,-3.47041,-3.4698999999999955,
Denver,2016,102.826,105.634,60.7962,-2.808,-2.808000000000007,
Western Carolina,2016,101.571,104.18,68.7764,-2.60959,-2.609000000000009,
Tennessee Tech,2016,108.362,110.935,69.359,-2.57337,-2.5730000000000075,
Loyola Chicago,2016,99.5001,101.712,64.9253,-2.21211,-2.2119,
Washington St.,2016,103.697,105.456,68.7435,-1.75953,-1.7590000000000003,
Georgia St.,2016,99.4969,101.1,64.7839,-1.60331,-1.6030999999999977,
Florida Gulf Coast,2016,102.917,104.307,66.5831,-1.39023,-1.3900000000000006,16.0
Kent St.,2016,106.129,107.414,67.1955,-1.28595,-1.2849999999999966,
Western Kentucky,2016,108.224,109.269,66.9884,-1.04498,-1.0450000000000017,
Detroit,2016,110.203,111.202,73.6344,-0.998863,-0.9989999999999952,
Harvard,2016,99.9854,100.909,65.8867,-0.923347,-0.9236000000000075,
Bucknell,2016,104.964,105.883,71.1279,-0.918713,-0.9189999999999969,
Oral Roberts,2016,107.494,108.409,68.7771,-0.914996,-0.9150000000000063,
Indiana St.,2016,98.9046,99.7138,70.1348,-0.809287,-0.8092000000000041,
North Florida,2016,113.956,114.699,70.1271,-0.743464,-0.742999999999995,
Massachusetts,2016,102.457,103.093,70.708,-0.635812,-0.6360000000000099,
Murray St.,2016,106.073,106.36,64.3364,-0.287092,-0.28700000000000614,
Wyoming,2016,108.177,108.461,64.5978,-0.28387,-0.2839999999999918,
Furman,2016,105.631,105.82,64.8368,-0.188725,-0.18899999999999295,
Northern Illinois,2016,101.488,101.375,67.8339,0.112749,0.11299999999999955,
Tennessee St.,2016,102.024,101.838,67.9651,0.186177,0.18600000000000705,
Elon,2016,106.359,106.086,71.0745,0.273112,0.27299999999999613,
Fordham,2016,102.509,102.204,66.3211,0.30505,0.3050000000000068,
Duquesne,2016,106.075,105.665,72.5555,0.409197,0.4099999999999966,
Missouri,2016,104.657,104.193,67.9789,0.464602,0.46399999999999864,
Ball St.,2016,102.894,102.352,65.2389,0.542081,0.5420000000000016,
Vermont,2016,107.681,106.651,67.1121,1.02983,1.0300000000000011,
Central Michigan,2016,110.761,109.598,66.4633,1.16259,1.1629999999999967,
Winthrop,2016,108.341,107.164,72.7026,1.1778,1.1769999999999925,
Eastern Michigan,2016,106.507,105.128,70.3291,1.37971,1.3790000000000049,
Towson,2016,105.746,104.193,65.3894,1.55317,1.5529999999999973,
East Tennessee St.,2016,108.064,106.472,68.956,1.59209,1.5919999999999987,
Wright St.,2016,100.948,99.0883,65.0984,1.85951,1.8596999999999895,
North Dakota St.,2016,101.74,99.5525,64.435,2.18725,2.1875,
Nebraska Omaha,2016,108.814,106.579,75.7562,2.23502,2.2349999999999994,
Montana,2016,106.185,103.853,65.3241,2.33195,2.332000000000008,
Southern Illinois,2016,106.741,104.39,69.2534,2.35123,2.350999999999999,
High Point,2016,110.522,107.985,66.1682,2.53686,2.537000000000006,
Buffalo,2016,105.541,102.83,71.9828,2.71119,2.7109999999999985,14.0
Weber St.,2016,103.593,100.851,66.9958,2.74146,2.7420000000000044,15.0
Morehead St.,2016,104.868,102.092,64.6583,2.77631,2.7759999999999962,
Penn St.,2016,103.25,100.45,66.0543,2.79937,2.799999999999997,
Nevada,2016,99.4286,96.5218,71.0492,2.90683,2.906800000000004,
Utah St.,2016,110.972,107.906,66.9474,3.06593,3.0659999999999883,
Ohio,2016,111.381,108.166,69.3705,3.21586,3.2150000000000034,
Louisiana Monroe,2016,106.946,103.587,65.6148,3.35891,3.3589999999999947,
Belmont,2016,113.09,109.724,71.6503,3.36572,3.3659999999999997,
Northeastern,2016,106.897,103.393,65.1741,3.50382,3.504000000000005,
TCU,2016,101.543,98.0437,69.5269,3.49943,3.499300000000005,
Middle Tennessee,2016,103.144,99.21,67.5556,3.93408,3.9340000000000117,15.0
Green Bay,2016,108.225,104.236,76.1219,3.98885,3.98899999999999,14.0
Toledo,2016,108.308,104.282,68.8439,4.02583,4.0260000000000105,
Illinois,2016,106.74,102.588,67.9878,4.15141,4.152000000000001,
Albany,2016,106.485,102.297,65.9133,4.18816,4.188000000000002,
Grand Canyon,2016,105.553,101.295,69.0507,4.25768,4.257999999999996,
Columbia,2016,111.788,107.244,64.7558,4.54377,4.543999999999997,
Siena,2016,108.274,103.717,69.7553,4.55686,4.557000000000002,
New Mexico,2016,108.209,103.296,70.8727,4.91296,4.912999999999997,
Louisiana Lafayette,2016,110.054,105.04,70.1544,5.01461,5.013999999999996,
Milwaukee,2016,112.092,107.007,65.8714,5.08468,5.084999999999994,
New Mexico St.,2016,103.135,97.4598,65.2274,5.67495,5.675200000000004,
Old Dominion,2016,106.29,100.494,61.2725,5.79582,5.7960000000000065,
Davidson,2016,114.265,107.909,70.154,6.35603,6.3559999999999945,
Long Beach St.,2016,107.533,101.067,69.7471,6.46633,6.466000000000008,
Cal St. Bakersfield,2016,103.37,96.8714,67.6197,6.49871,6.49860000000001,15.0
Fresno St.,2016,107.084,100.385,68.9375,6.69862,6.698999999999998,14.0
Marquette,2016,107.265,100.238,70.033,7.02679,7.027000000000001,
Chattanooga,2016,107.156,99.7384,66.1763,7.41784,7.417600000000007,12.0
Tennessee,2016,110.739,103.282,68.8282,7.45703,7.457000000000008,
UC Santa Barbara,2016,107.069,99.3399,66.6704,7.72877,7.7291000000000025,
Iona,2016,110.602,102.768,71.7927,7.8333,7.834000000000003,13.0
Stanford,2016,107.964,100.036,65.719,7.92768,7.927999999999997,
Oklahoma St.,2016,106.366,98.2077,63.9046,8.15872,8.158299999999997,
Hofstra,2016,111.202,102.9,69.2688,8.30224,8.301999999999992,
Temple,2016,106.619,98.2712,65.9852,8.34785,8.347800000000007,10.0
Stony Brook,2016,107.481,98.9433,66.9582,8.53773,8.537700000000001,13.0
Oakland,2016,115.936,107.369,73.4646,8.56678,8.567000000000007,
James Madison,2016,107.904,99.3324,66.789,8.57153,8.57159999999999,
Alabama,2016,105.609,96.9576,64.7681,8.65171,8.651399999999995,
Arizona St.,2016,109.531,100.753,67.8477,8.77813,8.778000000000006,
William & Mary,2016,113.14,104.251,68.3011,8.88963,8.888999999999996,
Akron,2016,110.291,101.403,67.5306,8.888,8.887999999999991,
Nebraska,2016,110.224,101.298,67.0807,8.92586,8.926000000000002,
South Dakota St.,2016,110.826,101.245,68.2819,9.58182,9.580999999999989,12.0
LSU,2016,111.728,101.944,72.2566,9.78315,9.783999999999992,
Northern Iowa,2016,108.298,98.2039,62.3968,10.0945,10.094099999999997,11.0
George Washington,2016,112.685,102.02,65.896,10.6658,10.665000000000006,
Arkansas,2016,110.55,99.8717,69.627,10.6782,10.678299999999993,
Georgia,2016,107.252,96.3067,67.0982,10.9449,10.945299999999989,
Northwestern,2016,110.971,99.7238,63.5759,11.2472,11.247200000000007,
Virginia Tech,2016,110.235,98.9151,69.4076,11.3196,11.319900000000004,
Hawaii,2016,108.243,96.5071,70.5206,11.736,11.7359,13.0
Tulsa,2016,111.352,99.564,68.4348,11.788,11.788000000000011,11.0
Georgia Tech,2016,112.551,100.025,67.1515,12.5257,12.525999999999996,
Houston,2016,116.884,104.264,66.2536,12.6198,12.620000000000005,
Arkansas Little Rock,2016,108.951,95.6244,63.2633,13.3265,13.3266,12.0
Dayton,2016,106.934,93.5907,67.8498,13.3434,13.3433,7.0
BYU,2016,112.358,98.8938,73.4091,13.464,13.464200000000005,
South Carolina,2016,108.631,94.9517,70.2173,13.6796,13.679299999999998,
Yale,2016,109.51,95.6837,65.9753,13.8265,13.826300000000003,12.0
Kansas St.,2016,108.814,94.9698,66.6497,13.8438,13.844199999999987,
Clemson,2016,112.915,98.9417,63.6755,13.9734,13.973300000000009,
Creighton,2016,112.386,98.3178,70.106,14.0678,14.06819999999999,
Stephen F. Austin,2016,111.339,96.9336,67.4268,14.405,14.4054,14.0
Michigan,2016,115.094,100.54,65.9134,14.5538,14.553999999999988,11.0
Texas Tech,2016,113.846,99.1212,65.9989,14.7244,14.724800000000002,8.0
USC,2016,113.901,99.116,71.1914,14.7848,14.784999999999997,8.0
Valparaiso,2016,107.747,92.3632,66.2795,15.3837,15.383799999999994,
Syracuse,2016,111.357,95.507,64.9033,15.8501,15.849999999999994,10.0
Notre Dame,2016,119.69,103.709,64.933,15.9813,15.980999999999995,6.0
Florida,2016,109.425,93.4261,69.0396,15.9988,15.998899999999992,
Pittsburgh,2016,115.484,99.2827,65.557,16.2013,16.20129999999999,10.0
VCU,2016,110.984,94.769,69.4498,16.2152,16.21499999999999,10.0
Wisconsin,2016,111.769,95.4038,63.2633,16.3651,16.3652,7.0
Texas,2016,112.821,95.7146,65.1637,17.1061,17.106399999999994,6.0
Cincinnati,2016,110.035,92.8755,64.1147,17.1593,17.159499999999994,9.0
Seton Hall,2016,111.433,93.7641,69.4734,17.6691,17.668900000000008,6.0
St. Mary's,2016,118.599,100.706,61.4817,17.8932,17.893,
Connecticut,2016,111.651,92.899,65.7403,18.752,18.751999999999995,9.0
Gonzaga,2016,116.44,97.1644,67.1988,19.2756,19.275599999999997,11.0
California,2016,112.902,93.2625,68.0218,19.6396,19.639499999999998,4.0
Baylor,2016,118.756,98.8407,66.4547,19.9152,19.915300000000002,5.0
Wichita St.,2016,111.743,90.5918,65.8499,21.1508,21.15119999999999,11.0
Iowa,2016,116.298,94.9421,68.812,21.3563,21.355900000000005,7.0
Xavier,2016,117.096,95.3858,71.9214,21.71,21.7102,2.0
Texas A&M,2016,114.159,92.3528,66.5488,21.8057,21.806200000000004,3.0
Arizona,2016,117.368,95.4851,68.3189,21.8831,21.882899999999992,6.0
SMU,2016,119.059,97.0181,65.7467,22.0412,22.040899999999993,
Duke,2016,121.786,99.7328,67.5008,22.0532,22.053200000000004,4.0
Oregon,2016,119.63,96.8455,68.0532,22.7847,22.784499999999994,1.0
Indiana,2016,120.855,98.0589,67.7325,22.7957,22.79610000000001,5.0
Louisville,2016,113.035,88.7196,66.0679,24.3155,24.315399999999997,
Purdue,2016,117.0,92.4061,67.5995,24.5939,24.593900000000005,5.0
West Virginia,2016,116.39,90.4754,69.3697,25.9146,25.914600000000007,3.0
Villanova,2016,118.299,91.552,66.5578,26.7471,26.747,2.0
North Carolina,2016,121.139,93.1009,71.0747,28.0379,28.0381,1.0
Virginia,2016,120.224,91.1288,60.6947,29.0952,29.095200000000006,1.0
Michigan St.,2016,123.022,93.3408,66.3201,29.6807,29.681200000000004,2.0
Abilene Christian,2017,96.7143,108.767,65.7352,-12.053,-12.052700000000002,
Air Force,2017,104.144,109.587,66.9261,-5.44277,-5.442999999999998,
Akron,2017,112.886,106.959,65.5453,5.92696,5.9269999999999925,
Alabama,2017,105.461,91.9717,64.9821,13.4889,13.4893,
Alabama A&M,2017,91.4217,121.635,64.2149,-30.2128,-30.213300000000004,
Alabama St.,2017,91.1121,112.666,68.3056,-21.5536,-21.5539,
Albany,2017,107.774,104.656,64.0972,3.11804,3.117999999999995,
Alcorn St.,2017,95.4874,105.852,67.6736,-10.3648,-10.36460000000001,
American,2017,94.8585,108.146,64.2375,-13.2873,-13.287499999999994,
Appalachian St.,2017,99.6286,108.745,70.4649,-9.11605,-9.116399999999999,
Arizona,2017,117.585,94.8418,65.6678,22.7427,22.743199999999987,2.0
Arizona St.,2017,111.844,109.24,69.8814,2.60372,2.603999999999999,
Arkansas,2017,116.639,101.04,69.4151,15.5987,15.59899999999999,8.0
Arkansas Pine Bluff,2017,85.6539,110.855,67.4936,-25.201,-25.20110000000001,
Arkansas St.,2017,106.403,103.11,67.2191,3.29373,3.2930000000000064,
Army,2017,98.3817,104.817,71.2619,-6.43556,-6.435299999999998,
Auburn,2017,111.72,103.446,73.5005,8.27424,8.274000000000001,
Austin Peay,2017,106.062,117.146,69.8971,-11.0841,-11.084000000000003,
Ball St.,2017,104.729,105.2,70.83,-0.471208,-0.47100000000000364,
Baylor,2017,117.289,92.281,63.0844,25.0078,25.007999999999996,3.0
Belmont,2017,110.428,102.825,67.9084,7.60241,7.602999999999994,
Bethune Cookman,2017,95.0609,115.271,68.1729,-20.21,-20.210099999999997,
Binghamton,2017,96.203,109.887,65.8573,-13.684,-13.683999999999997,
Boise St.,2017,109.629,103.12,69.3293,6.50858,6.509,
Boston College,2017,104.325,103.904,71.0404,0.421257,0.4210000000000065,
Boston University,2017,101.362,103.444,69.5645,-2.08188,-2.082000000000008,
Bowling Green,2017,100.034,107.242,69.8834,-7.20801,-7.207999999999998,
Bradley,2017,98.3675,102.673,67.522,-4.30575,-4.305499999999995,
Brown,2017,104.083,113.905,71.1135,-9.82258,-9.822000000000003,
Bryant,2017,101.615,111.995,69.0033,-10.3794,-10.38000000000001,
Bucknell,2017,109.074,100.358,69.6888,8.71601,8.715999999999994,13.0
Buffalo,2017,105.274,102.162,71.2767,3.11189,3.1119999999999948,
Butler,2017,117.971,97.0613,65.3305,20.9097,20.9097,4.0
BYU,2017,109.066,99.3826,75.3079,9.68343,9.683400000000006,
Cal Poly,2017,99.833,113.011,65.2888,-13.1776,-13.177999999999997,
Cal St. Bakersfield,2017,97.9547,93.4228,66.2841,4.53188,4.531900000000007,
Cal St. Fullerton,2017,96.9018,105.447,68.4557,-8.54552,-8.545200000000008,
Cal St. Northridge,2017,104.006,114.6,72.6328,-10.5935,-10.593999999999994,
California,2017,104.846,92.1302,65.3239,12.7162,12.715800000000002,
Campbell,2017,99.2588,110.616,65.4274,-11.3574,-11.357200000000006,
Canisius,2017,108.35,109.976,69.5641,-1.62597,-1.6260000000000048,
Central Arkansas,2017,103.984,117.489,70.9455,-13.5046,-13.50500000000001,
Central Connecticut,2017,92.8567,113.944,64.8126,-21.0873,-21.0873,
Central Michigan,2017,111.557,117.582,75.2279,-6.02561,-6.0249999999999915,
Charleston Southern,2017,103.253,116.656,68.1431,-13.403,-13.403000000000006,
Charlotte,2017,103.102,109.384,72.6471,-6.28251,-6.2819999999999965,
Chattanooga,2017,106.657,102.069,65.3898,4.5883,4.587999999999994,
Chicago St.,2017,91.9076,111.286,66.9857,-19.3781,-19.3784,
Cincinnati,2017,114.215,91.8982,63.7687,22.3165,22.3168,6.0
Clemson,2017,115.903,100.015,66.2751,15.8878,15.888000000000005,
Cleveland St.,2017,96.3652,103.174,65.3167,-6.80863,-6.808800000000005,
Coastal Carolina,2017,102.466,105.253,67.8916,-2.78741,-2.787000000000006,
Colgate,2017,98.5384,107.668,64.9715,-9.13005,-9.12960000000001,
College of Charleston,2017,105.854,98.3449,64.1382,7.50912,7.509100000000004,
Colorado,2017,111.929,101.718,67.6559,10.2105,10.210999999999999,
Colorado St.,2017,108.324,99.846,66.0585,8.47805,8.477999999999994,
Columbia,2017,100.985,107.18,68.7622,-6.1952,-6.195000000000007,
Connecticut,2017,105.362,98.6309,64.8976,6.73137,6.731099999999998,
Coppin St.,2017,93.6657,115.412,68.6931,-21.7467,-21.746300000000005,
Cornell,2017,99.6715,108.345,69.5643,-8.67358,-8.673500000000004,
Creighton,2017,115.639,96.0487,70.8829,19.5902,19.5903,6.0
Dartmouth,2017,99.1684,112.132,67.2934,-12.9633,-12.9636,
Davidson,2017,108.467,100.653,68.3537,7.81452,7.813999999999993,
Dayton,2017,112.3,96.6262,68.5788,15.6735,15.6738,7.0
Delaware,2017,97.317,108.405,64.7293,-11.0879,-11.088000000000008,
Delaware St.,2017,94.2467,114.102,65.6551,-19.855,-19.8553,
Denver,2017,107.558,109.096,66.6617,-1.53764,-1.5379999999999967,
DePaul,2017,103.443,104.472,67.5355,-1.02928,-1.0289999999999964,
Detroit,2017,102.197,114.525,72.5376,-12.3278,-12.328000000000003,
Drake,2017,102.886,111.074,69.5144,-8.18788,-8.188000000000002,
Drexel,2017,102.85,110.009,70.2154,-7.15902,-7.159000000000006,
Duke,2017,120.988,95.8991,67.9699,25.0887,25.088899999999995,2.0
Duquesne,2017,101.892,107.088,69.952,-5.19614,-5.195999999999998,
East Carolina,2017,97.0692,98.251,66.8068,-1.18178,-1.1818000000000097,
East Tennessee St.,2017,107.974,96.4902,70.0234,11.4836,11.483800000000002,13.0
Eastern Illinois,2017,100.072,104.931,68.4805,-4.85832,-4.858999999999995,
Eastern Kentucky,2017,98.369,107.839,67.4467,-9.47048,-9.469999999999999,
Eastern Michigan,2017,105.999,104.757,68.0465,1.24215,1.2419999999999902,
Eastern Washington,2017,108.701,110.118,66.7291,-1.41757,-1.4170000000000016,
Elon,2017,104.323,102.109,67.689,2.21349,2.2139999999999986,
Evansville,2017,104.102,103.216,66.6464,0.885573,0.8860000000000099,
Fairfield,2017,99.258,102.821,68.9391,-3.56282,-3.5630000000000024,
Fairleigh Dickinson,2017,102.935,111.915,68.9066,-8.97932,-8.980000000000004,
FIU,2017,102.876,112.513,64.8587,-9.63691,-9.637,
Florida,2017,115.851,89.4618,68.8208,26.3891,26.389200000000002,4.0
Florida A&M,2017,93.6301,115.973,69.1391,-22.343,-22.3429,
Florida Atlantic,2017,98.4897,107.795,68.8017,-9.30509,-9.305300000000003,
Florida Gulf Coast,2017,109.563,104.547,65.2507,5.016,5.016000000000005,14.0
Florida St.,2017,116.738,93.9951,70.7622,22.7426,22.742900000000006,3.0
Fordham,2017,96.9756,99.9214,64.1672,-2.94574,-2.9458000000000055,
Fort Wayne,2017,109.53,108.054,71.2523,1.47593,1.475999999999999,
Fresno St.,2017,104.855,98.9428,68.2824,5.91186,5.912199999999999,
Furman,2017,107.279,101.972,65.4669,5.30675,5.307000000000002,
Gardner Webb,2017,102.747,103.44,70.6984,-0.693269,-0.6929999999999978,
George Mason,2017,108.555,103.977,68.4538,4.57872,4.578000000000003,
George Washington,2017,108.224,105.048,65.5363,3.17548,3.176000000000002,
Georgetown,2017,108.573,97.6214,68.5191,10.9511,10.9516,
Georgia,2017,108.687,95.8596,66.9976,12.827,12.827399999999997,
Georgia Southern,2017,106.541,106.779,68.6543,-0.237753,-0.23799999999999955,
Georgia St.,2017,104.658,101.153,68.1544,3.50473,3.5049999999999955,
Georgia Tech,2017,99.0095,90.6411,67.8728,8.3684,8.368400000000008,
Gonzaga,2017,120.711,87.6571,70.022,33.0538,33.0539,1.0
Grambling St.,2017,96.5442,112.622,66.9961,-16.0779,-16.077799999999996,
Grand Canyon,2017,101.246,101.013,68.8299,0.233156,0.23299999999998988,
Green Bay,2017,101.898,103.189,73.7049,-1.29011,-1.2909999999999968,
Hampton,2017,93.6594,106.824,68.1462,-13.1642,-13.164599999999993,
Hartford,2017,92.512,110.775,68.3639,-18.263,-18.263000000000005,
Harvard,2017,106.603,101.766,66.9201,4.83634,4.836999999999989,
Hawaii,2017,96.8967,105.917,67.0538,-9.01996,-9.020300000000006,
High Point,2017,98.9445,108.105,65.5832,-9.15999,-9.160499999999999,
Hofstra,2017,111.049,112.358,67.515,-1.3091,-1.3089999999999975,
Holy Cross,2017,98.4957,103.105,60.334,-4.60911,-4.609300000000005,
Houston,2017,113.959,99.4988,64.9701,14.4603,14.4602,
Houston Baptist,2017,104.766,109.011,69.9645,-4.24441,-4.24499999999999,
Howard,2017,90.4936,110.051,67.9371,-19.5575,-19.5574,
Idaho,2017,101.182,106.537,66.4699,-5.35489,-5.355000000000004,
Idaho St.,2017,97.7064,115.964,68.8093,-18.2581,-18.257599999999996,
Illinois,2017,107.559,97.0198,66.1911,10.5395,10.539199999999994,
Illinois Chicago,2017,100.926,107.859,71.646,-6.93258,-6.932999999999993,
Illinois St.,2017,106.614,92.284,64.6834,14.3302,14.329999999999998,
Incarnate Word,2017,101.507,114.289,71.674,-12.7822,-12.781999999999996,
Indiana,2017,116.585,101.442,68.2292,15.1429,15.143,
Indiana St.,2017,99.5074,102.248,69.5922,-2.74099,-2.7406000000000006,
Iona,2017,110.197,106.195,70.4839,4.00176,4.0020000000000095,14.0
Iowa,2017,112.368,101.762,71.209,10.6067,10.605999999999995,
Iowa St.,2017,119.541,96.4283,68.1638,23.113,23.112700000000004,5.0
IUPUI,2017,106.93,109.656,69.205,-2.72663,-2.725999999999999,
Jackson St.,2017,92.775,108.976,64.2232,-16.2007,-16.200999999999993,
Jacksonville,2017,102.599,111.827,67.6009,-9.22783,-9.227999999999994,
Jacksonville St.,2017,105.363,104.78,63.5728,0.583245,0.5829999999999984,15.0
James Madison,2017,98.8649,104.038,63.88,-5.17263,-5.173099999999991,
Kansas,2017,120.833,94.8585,70.2533,25.975,25.974499999999992,1.0
Kansas St.,2017,112.038,94.4839,66.1487,17.5538,17.55409999999999,11.0
Kennesaw St.,2017,102.59,109.873,69.3064,-7.28246,-7.283000000000001,
Kent St.,2017,104.421,102.687,68.2714,1.73415,1.7340000000000089,14.0
Kentucky,2017,119.139,91.8728,72.7658,27.2664,27.266199999999998,2.0
La Salle,2017,110.583,108.643,68.5844,1.93973,1.9399999999999977,
Lafayette,2017,96.1257,113.368,69.2101,-17.2419,-17.2423,
Lamar,2017,103.238,108.82,67.8791,-5.58246,-5.581999999999994,
Lehigh,2017,107.192,103.388,69.5381,3.80396,3.803999999999988,
Liberty,2017,99.4097,103.319,62.6608,-3.90954,-3.9093000000000018,
Lipscomb,2017,107.135,106.816,74.1533,0.319248,0.3190000000000026,
Little Rock,2017,98.3263,104.927,63.1728,-6.601,-6.600700000000003,
LIU Brooklyn,2017,100.04,107.701,66.9198,-7.66089,-7.660999999999987,
Long Beach St.,2017,104.576,110.169,69.4599,-5.59296,-5.5930000000000035,
Longwood,2017,92.1694,117.289,70.4041,-25.1198,-25.119600000000005,
Louisiana Lafayette,2017,111.188,109.468,72.1797,1.71999,1.7199999999999989,
Louisiana Monroe,2017,98.3001,106.468,64.9253,-8.16754,-8.167900000000003,
Louisiana Tech,2017,107.9,100.898,68.4339,7.00262,7.0020000000000095,
Louisville,2017,117.179,90.4602,67.9905,26.7186,26.7188,2.0
Loyola Chicago,2017,108.89,102.394,65.6278,6.49538,6.495999999999995,
Loyola Marymount,2017,103.157,103.177,67.2156,-0.0202852,-0.020000000000010232,
Loyola MD,2017,98.6523,105.964,65.4597,-7.31175,-7.311700000000002,
LSU,2017,109.461,109.957,71.8252,-0.496025,-0.4959999999999951,
Maine,2017,91.1178,110.602,67.8441,-19.4846,-19.4842,
Manhattan,2017,96.827,107.674,68.8406,-10.8471,-10.847000000000008,
Marist,2017,100.57,114.464,66.7485,-13.8937,-13.894000000000005,
Marquette,2017,120.943,103.371,69.9346,17.5711,17.572000000000003,10.0
Marshall,2017,110.783,109.626,77.54,1.15762,1.1569999999999965,
Maryland,2017,113.565,98.7271,67.0658,14.838,14.837900000000005,6.0
Maryland Eastern Shore,2017,97.8835,112.427,68.4613,-14.5431,-14.543500000000009,
Massachusetts,2017,100.664,99.8577,71.779,0.806239,0.8063000000000073,
McNeese St.,2017,96.0705,110.141,69.8659,-14.0705,-14.07050000000001,
Memphis,2017,107.08,101.023,68.304,6.05651,6.057000000000002,
Mercer,2017,109.647,107.906,61.5703,1.7404,1.7409999999999997,
Miami FL,2017,110.386,93.4254,62.9821,16.9602,16.9606,8.0
Miami OH,2017,95.8207,105.902,68.5115,-10.0812,-10.081299999999999,
Michigan,2017,121.592,98.9742,62.8409,22.618,22.617800000000003,7.0
Michigan St.,2017,110.569,95.5936,66.7308,14.9753,14.975400000000008,9.0
Middle Tennessee,2017,111.64,96.9823,64.2498,14.6582,14.657700000000006,12.0
Milwaukee,2017,99.7635,108.29,62.465,-8.52617,-8.526500000000013,
Minnesota,2017,109.574,92.9833,69.3901,16.5907,16.5907,5.0
Mississippi,2017,110.101,100.733,71.454,9.36765,9.367999999999995,
Mississippi St.,2017,106.387,99.5341,68.8347,6.85274,6.852900000000005,
Mississippi Valley St.,2017,95.779,118.231,71.1286,-22.4516,-22.451999999999998,
Missouri,2017,101.304,101.072,67.8946,0.2317,0.23199999999999932,
Missouri St.,2017,108.264,105.989,66.0043,2.27476,2.2749999999999915,
Monmouth,2017,108.819,100.053,72.2825,8.76606,8.766000000000005,
Montana,2017,105.965,108.423,66.553,-2.45739,-2.4579999999999984,
Montana St.,2017,102.977,109.695,69.183,-6.71773,-6.717999999999989,
Morehead St.,2017,106.716,109.822,68.53,-3.10659,-3.1060000000000088,
Morgan St.,2017,91.1868,106.52,67.5887,-15.3336,-15.33319999999999,
Mount St. Mary's,2017,98.9775,103.211,66.8082,-4.23312,-4.233499999999992,16.0
Murray St.,2017,107.086,109.782,68.5733,-2.69663,-2.695999999999998,
Navy,2017,99.653,103.43,64.13,-3.77741,-3.777000000000001,
Nebraska,2017,105.076,99.9162,67.9612,5.15981,5.15979999999999,
Nebraska Omaha,2017,108.497,108.893,73.657,-0.396721,-0.3960000000000008,
Nevada,2017,114.477,101.135,69.6483,13.3415,13.341999999999999,12.0
New Hampshire,2017,102.365,103.022,65.3503,-0.65684,-0.6570000000000107,
New Mexico,2017,106.387,103.122,68.7435,3.26532,3.2650000000000006,
New Mexico St.,2017,110.052,102.738,67.51,7.31463,7.314000000000007,14.0
New Orleans,2017,100.844,101.362,66.1458,-0.517773,-0.5180000000000007,16.0
Niagara,2017,101.254,109.393,68.9622,-8.13961,-8.138999999999996,
Nicholls St.,2017,100.376,114.124,69.3079,-13.7478,-13.74799999999999,
NJIT,2017,98.7041,109.091,67.5088,-10.3871,-10.386899999999997,
Norfolk St.,2017,93.8581,105.627,68.6766,-11.7688,-11.768900000000002,
North Carolina,2017,122.075,94.0654,70.6955,28.0091,28.009600000000006,1.0
North Carolina A&T,2017,95.4974,122.974,62.7364,-27.4762,-27.476600000000005,
North Carolina Central,2017,102.796,101.835,66.3643,0.961015,0.9610000000000127,16.0
North Carolina St.,2017,112.876,107.227,70.2288,5.64944,5.649000000000001,
North Dakota,2017,102.854,103.166,71.25,-0.311268,-0.3119999999999976,15.0
North Dakota St.,2017,104.505,104.344,66.6187,0.160851,0.16100000000000136,
North Florida,2017,101.781,109.35,69.8609,-7.56871,-7.568999999999988,
North Texas,2017,96.209,110.724,70.0449,-14.5147,-14.515,
Northeastern,2017,107.055,106.421,65.9673,0.633976,0.6340000000000003,
Northern Arizona,2017,94.9361,110.568,69.1132,-15.6323,-15.631900000000002,
Northern Colorado,2017,96.4985,107.094,68.3806,-10.5959,-10.595499999999987,
Northern Illinois,2017,98.8712,102.38,66.6751,-3.5084,-3.5087999999999937,
Northern Iowa,2017,97.5752,97.6252,63.3287,-0.05008,-0.05000000000001137,
Northern Kentucky,2017,106.647,105.311,67.8323,1.33605,1.3359999999999985,15.0
Northwestern,2017,111.189,95.6778,65.1075,15.511,15.511199999999988,8.0
Northwestern St.,2017,100.999,112.444,71.2246,-11.4453,-11.445000000000007,
Notre Dame,2017,118.891,97.7973,67.0898,21.0939,21.0937,5.0
Oakland,2017,103.801,98.9016,71.8903,4.89889,4.8994,
Ohio,2017,105.574,99.8969,70.2802,5.67684,5.677099999999996,
Ohio St.,2017,111.319,100.999,67.8637,10.3199,10.320000000000007,
Oklahoma,2017,107.292,96.249,69.8619,11.0431,11.043000000000006,
Oklahoma St.,2017,124.834,102.73,70.289,22.1043,22.104,10.0
Old Dominion,2017,100.678,97.1761,60.969,3.50228,3.501899999999992,
Oral Roberts,2017,104.389,110.691,68.9747,-6.30257,-6.302000000000007,
Oregon,2017,117.728,93.9002,66.7169,23.8276,23.827799999999996,3.0
Oregon St.,2017,97.0448,105.9,64.4191,-8.85567,-8.85520000000001,
Pacific,2017,99.6109,106.283,66.3943,-6.67224,-6.6721,
Penn,2017,102.587,102.68,66.54,-0.0926536,-0.09300000000000352,
Penn St.,2017,104.575,97.1508,70.3393,7.42462,7.424199999999999,
Pepperdine,2017,102.095,114.076,68.434,-11.9802,-11.980999999999995,
Pittsburgh,2017,112.725,103.193,65.347,9.5328,9.531999999999996,
Portland,2017,98.7504,108.7,65.7426,-9.94979,-9.949600000000004,
Portland St.,2017,104.183,111.0,72.5309,-6.81618,-6.816999999999993,
Prairie View A&M,2017,97.9682,111.461,67.4932,-13.4923,-13.492800000000003,
Presbyterian,2017,88.8542,118.081,64.0745,-29.2266,-29.226799999999997,
Princeton,2017,109.396,96.8962,63.1679,12.5002,12.499800000000008,12.0
Providence,2017,108.021,95.1217,66.3485,12.8992,12.899299999999997,11.0
Purdue,2017,116.912,92.6889,68.8912,24.2236,24.223100000000002,4.0
Quinnipiac,2017,101.354,113.049,73.0602,-11.6956,-11.695000000000007,
Radford,2017,96.1329,107.833,63.874,-11.6997,-11.700099999999992,
Rhode Island,2017,110.668,95.0527,66.1243,15.6156,15.615300000000005,11.0
Rice,2017,107.928,107.041,72.2277,0.886773,0.8870000000000005,
Richmond,2017,108.771,101.669,69.0438,7.10248,7.102000000000004,
Rider,2017,100.742,104.621,72.1132,-3.87895,-3.8789999999999907,
Robert Morris,2017,91.5773,100.478,68.6587,-8.90059,-8.9007,
Rutgers,2017,101.551,99.2645,66.1584,2.28626,2.2865000000000038,
Sacramento St.,2017,100.81,112.293,65.4315,-11.4828,-11.483000000000004,
Sacred Heart,2017,97.523,109.772,70.9476,-12.2492,-12.24900000000001,
St. Joseph's,2017,102.256,103.193,68.316,-0.937271,-0.9369999999999976,
Saint Louis,2017,95.4233,104.774,63.3987,-9.35039,-9.350700000000003,
St. Mary's,2017,118.894,94.2568,59.2901,24.6377,24.637200000000007,7.0
St. Peter's,2017,102.57,97.7262,60.6549,4.84357,4.8437999999999874,
Sam Houston St.,2017,97.2179,103.464,69.9373,-6.24629,-6.246099999999998,
Samford,2017,108.266,107.281,68.6578,0.984955,0.9849999999999994,
San Diego,2017,100.125,108.207,63.1821,-8.08158,-8.081999999999994,
San Diego St.,2017,103.903,94.9629,64.868,8.94029,8.940100000000001,
San Francisco,2017,103.282,97.8234,68.6648,5.45849,5.45859999999999,
San Jose St.,2017,100.167,104.495,70.6269,-4.32824,-4.328000000000003,
Santa Clara,2017,105.524,102.372,62.5222,3.15189,3.152000000000001,
Savannah St.,2017,100.659,114.547,80.9081,-13.888,-13.887999999999991,
Seattle,2017,95.5677,105.203,67.4994,-9.63557,-9.6353,
Seton Hall,2017,109.8,95.8517,67.2845,13.9487,13.948300000000003,9.0
Siena,2017,106.05,106.41,68.5822,-0.36063,-0.35999999999999943,
SIU Edwardsville,2017,94.971,109.114,69.121,-14.1426,-14.143,
SMU,2017,120.073,94.8141,63.5675,25.2591,25.258899999999997,6.0
South Alabama,2017,98.775,105.154,69.7147,-6.3787,-6.378999999999991,
South Carolina,2017,105.546,88.5163,68.211,17.0302,17.029700000000005,7.0
South Carolina St.,2017,99.095,118.324,68.2439,-19.2286,-19.229,
South Dakota,2017,103.817,102.228,70.6425,1.58921,1.5889999999999986,
South Dakota St.,2017,110.782,112.116,67.0521,-1.33359,-1.3340000000000032,16.0
South Florida,2017,96.4854,107.657,68.6323,-11.1718,-11.171599999999998,
Southeast Missouri St.,2017,103.254,109.249,68.4542,-5.99488,-5.99499999999999,
Southeastern Louisiana,2017,97.8183,103.855,67.0435,-6.03642,-6.03670000000001,
Southern,2017,97.9569,113.539,68.4182,-15.5819,-15.582099999999997,
Southern Illinois,2017,104.844,103.681,65.2376,1.16323,1.1629999999999967,
Southern Miss,2017,92.9402,108.403,65.4074,-15.4633,-15.462800000000001,
Southern Utah,2017,101.19,119.777,71.2866,-18.5867,-18.587000000000003,
St. Bonaventure,2017,109.014,101.734,68.6349,7.27961,7.280000000000001,
St. Francis NY,2017,87.7768,112.094,67.0279,-24.3173,-24.3172,
St. Francis PA,2017,102.011,109.939,69.9754,-7.92823,-7.927999999999997,
St. John's,2017,109.153,102.631,73.1847,6.52153,6.522000000000006,
Stanford,2017,104.775,98.9579,68.2786,5.81715,5.817100000000011,
Stephen F. Austin,2017,96.731,102.223,66.3493,-5.49212,-5.492000000000004,
Stetson,2017,100.887,115.167,72.334,-14.2792,-14.280000000000001,
Stony Brook,2017,101.98,105.946,65.7439,-3.96632,-3.965999999999994,
Syracuse,2017,115.94,101.597,66.3545,14.3426,14.343000000000004,
TCU,2017,113.172,97.8776,66.8837,15.2943,15.294399999999996,
Temple,2017,108.389,104.181,66.9778,4.20816,4.207999999999998,
Tennessee,2017,109.84,97.7196,69.2764,12.1202,12.120400000000004,
Tennessee Martin,2017,106.914,110.755,67.2028,-3.84122,-3.840999999999994,
Tennessee St.,2017,100.268,99.7337,66.87,0.53477,0.5343000000000018,
Tennessee Tech,2017,98.8755,107.001,68.1841,-8.12513,-8.125500000000002,
Texas,2017,104.125,93.9629,67.4841,10.1616,10.162099999999995,
Texas A&M,2017,108.479,97.466,64.3887,11.0129,11.013000000000005,
Texas A&M Corpus Christi,2017,102.955,106.211,67.884,-3.25637,-3.2560000000000002,
Texas Southern,2017,103.622,107.286,68.4526,-3.66476,-3.6640000000000015,16.0
Texas St.,2017,102.479,102.607,61.8471,-0.128537,-0.1280000000000001,
Texas Tech,2017,112.554,97.8068,63.7129,14.7469,14.747200000000007,
The Citadel,2017,105.592,116.334,79.6777,-10.7417,-10.742000000000004,
Toledo,2017,108.752,106.065,66.238,2.6879,2.6869999999999976,
Towson,2017,105.431,101.119,67.8305,4.31203,4.311999999999998,
Troy,2017,109.892,107.217,68.0509,2.67571,2.674999999999997,15.0
Tulane,2017,102.591,109.017,70.2938,-6.42599,-6.426000000000002,
Tulsa,2017,104.523,102.868,68.0401,1.65507,1.6550000000000011,
UAB,2017,103.832,106.316,65.9743,-2.48478,-2.484000000000009,
UC Davis,2017,97.8508,102.603,68.4821,-4.75235,-4.752199999999988,16.0
UC Irvine,2017,100.956,99.0942,66.3524,1.86172,1.8618000000000023,
UC Riverside,2017,92.1375,106.003,67.7495,-13.8653,-13.865499999999997,
UC Santa Barbara,2017,91.3316,109.475,64.0291,-18.1434,-18.1434,
UCF,2017,103.857,92.8606,65.6061,10.9965,10.996399999999994,
UCLA,2017,122.757,99.8057,73.179,22.9515,22.951300000000003,3.0
UMass Lowell,2017,104.246,115.64,71.6722,-11.3943,-11.394000000000005,
UMBC,2017,108.369,110.592,70.4524,-2.22302,-2.222999999999999,
UMKC,2017,102.436,107.827,70.7659,-5.39126,-5.390999999999991,
UNC Asheville,2017,107.594,101.842,68.0312,5.75249,5.751999999999995,
UNC Greensboro,2017,107.765,104.15,66.4688,3.6142,3.614999999999995,
UNC Wilmington,2017,117.706,105.319,70.0795,12.3867,12.387,12.0
UNLV,2017,98.1489,105.407,68.2244,-7.25803,-7.258099999999999,
USC,2017,112.508,100.168,68.8968,12.3407,12.33999999999999,11.0
USC Upstate,2017,105.281,111.214,67.9882,-5.93309,-5.932999999999993,
UT Arlington,2017,109.783,100.303,69.9544,9.47958,9.480000000000004,
UT Rio Grande Valley,2017,100.314,113.24,73.8828,-12.9257,-12.926000000000002,
Utah,2017,114.195,99.4519,68.461,14.7432,14.743099999999998,
Utah St.,2017,106.776,104.565,66.4613,2.21124,2.2109999999999985,
Utah Valley,2017,100.154,101.699,73.337,-1.54502,-1.5450000000000017,
UTEP,2017,99.7102,102.699,66.1778,-2.98917,-2.9887999999999977,
UTSA,2017,95.0844,102.628,67.9584,-7.54333,-7.543599999999998,
Valparaiso,2017,106.689,100.293,66.8467,6.39547,6.395999999999987,
Vanderbilt,2017,112.303,96.065,65.5596,16.2376,16.238,9.0
VCU,2017,110.018,95.716,68.1834,14.3025,14.302000000000007,10.0
Vermont,2017,110.832,98.9477,64.3336,11.8847,11.884299999999996,13.0
Villanova,2017,122.753,91.9756,63.9872,30.7772,30.7774,1.0
Virginia,2017,113.686,87.0194,58.8864,26.6671,26.666600000000003,5.0
Virginia Tech,2017,117.358,102.419,68.2782,14.9395,14.939000000000007,9.0
VMI,2017,97.6391,113.668,68.9581,-16.0285,-16.028900000000007,
Wagner,2017,100.931,108.063,62.7916,-7.13183,-7.132000000000005,
Wake Forest,2017,120.873,103.6,70.4705,17.2722,17.27300000000001,11.0
Washington,2017,107.646,107.679,70.9157,-0.0338739,-0.03300000000000125,
Washington St.,2017,104.367,106.389,67.488,-2.02236,-2.0219999999999914,
Weber St.,2017,108.278,109.015,66.449,-0.737074,-0.7369999999999948,
West Virginia,2017,116.472,89.6731,69.8998,26.7991,26.79889999999999,4.0
Western Carolina,2017,90.1326,104.883,66.7371,-14.7506,-14.750399999999999,
Western Illinois,2017,97.0821,108.83,68.6927,-11.7475,-11.747900000000001,
Western Kentucky,2017,102.934,109.143,65.7355,-6.20846,-6.209000000000003,
Western Michigan,2017,107.037,106.734,67.752,0.302711,0.3030000000000115,
Wichita St.,2017,119.636,93.2236,68.6272,26.4121,26.41239999999999,10.0
William & Mary,2017,112.007,109.639,70.8447,2.36836,2.368000000000009,
Winthrop,2017,106.436,101.809,70.9519,4.62694,4.6270000000000095,13.0
Wisconsin,2017,113.589,91.2963,63.2884,22.2926,22.292699999999996,8.0
Wofford,2017,110.046,108.267,66.6556,1.77939,1.7790000000000106,
Wright St.,2017,106.416,106.3,68.939,0.115156,0.11599999999999966,
Wyoming,2017,103.402,102.059,73.4579,1.34305,1.3430000000000035,
Xavier,2017,114.744,99.4255,67.1917,15.3189,15.3185,11.0
Yale,2017,106.106,105.004,68.0232,1.10166,1.1019999999999897,
Youngstown St.,2017,102.445,112.943,71.6041,-10.4986,-10.498000000000005,
Abilene Christian,2018,98.7584,107.652,68.4251,-8.89336,-8.893600000000006,
Air Force,2018,100.858,106.982,65.9345,-6.12387,-6.123999999999995,
Akron,2018,102.084,110.378,67.7289,-8.29336,-8.293999999999997,
Alabama,2018,108.459,94.6334,68.7962,13.8252,13.825600000000009,9.0
Alabama A&M,2018,86.7317,115.305,65.695,-28.5736,-28.573300000000003,
Alabama St.,2018,95.9583,116.08,68.7067,-20.1217,-20.121700000000004,
Albany,2018,107.317,105.879,66.1383,1.43775,1.4379999999999882,
Alcorn St.,2018,95.1709,114.78,67.9299,-19.6089,-19.609099999999998,
American,2018,95.8765,112.092,66.5061,-16.2153,-16.215500000000006,
Appalachian St.,2018,103.761,107.814,70.0171,-4.05258,-4.052999999999997,
Arizona,2018,119.012,99.6425,67.313,19.3692,19.369500000000002,4.0
Arizona St.,2018,117.651,102.937,71.5605,14.714,14.713999999999999,11.0
Arkansas,2018,117.32,101.685,69.6899,15.635,15.634999999999991,7.0
Arkansas Pine Bluff,2018,93.7489,110.346,67.4153,-16.5966,-16.597099999999998,
Arkansas St.,2018,104.844,115.299,69.5131,-10.4554,-10.455000000000013,
Army,2018,100.037,108.898,70.3704,-8.8612,-8.86099999999999,
Auburn,2018,118.196,97.5614,72.2946,20.6348,20.634599999999992,4.0
Austin Peay,2018,105.23,107.535,68.7758,-2.30435,-2.3049999999999926,
Ball St.,2018,103.571,103.881,69.8897,-0.309988,-0.3100000000000023,
Baylor,2018,111.2,95.0346,66.4201,16.1649,16.165400000000005,
Belmont,2018,113.007,103.988,66.9012,9.01879,9.019000000000005,
Bethune Cookman,2018,99.855,110.955,76.0268,-11.1004,-11.099999999999994,
Binghamton,2018,97.6222,109.808,66.0295,-12.1856,-12.1858,
Boise St.,2018,110.617,97.4901,68.3666,13.127,13.126900000000006,
Boston College,2018,113.834,103.118,70.1484,10.716,10.716000000000008,
Boston University,2018,100.406,108.792,67.4842,-8.38666,-8.385999999999996,
Bowling Green,2018,102.363,108.678,70.0539,-6.31489,-6.314999999999998,
Bradley,2018,104.533,100.759,65.7438,3.77418,3.774000000000001,
Brown,2018,101.118,110.291,71.6575,-9.17291,-9.173000000000002,
Bryant,2018,99.1515,120.91,70.0727,-21.7588,-21.758499999999998,
Bucknell,2018,109.182,102.368,71.4452,6.8137,6.814000000000007,14.0
Buffalo,2018,114.284,103.791,72.8022,10.4931,10.49300000000001,13.0
Butler,2018,115.758,97.8916,67.8456,17.8667,17.8664,10.0
BYU,2018,109.043,98.0758,67.3485,10.967,10.967200000000005,
Cal Poly,2018,98.6925,113.371,66.1817,-14.6783,-14.6785,
Cal St. Bakersfield,2018,97.8823,104.201,65.3109,-6.31828,-6.318699999999993,
Cal St. Fullerton,2018,104.984,103.669,69.5384,1.3154,1.3149999999999977,15.0
Cal St. Northridge,2018,97.1748,113.29,65.726,-16.1148,-16.1152,
California,2018,98.7142,105.496,68.6367,-6.78228,-6.78179999999999,
Campbell,2018,104.711,110.369,67.9112,-5.65788,-5.658000000000001,
Canisius,2018,107.802,104.329,68.6964,3.47331,3.473000000000013,
Central Arkansas,2018,106.065,109.695,72.6483,-3.6301,-3.6299999999999955,
Central Connecticut,2018,98.3842,110.992,64.4696,-12.6074,-12.607799999999997,
Central Michigan,2018,108.06,108.518,67.2261,-0.458209,-0.4579999999999984,
Charleston Southern,2018,99.5751,107.201,66.42,-7.62623,-7.625899999999987,
Charlotte,2018,99.2459,112.812,71.1708,-13.5659,-13.566099999999992,
Chattanooga,2018,99.5772,112.148,65.4585,-12.5706,-12.570799999999991,
Chicago St.,2018,96.8943,119.36,72.1254,-22.466,-22.4657,
Cincinnati,2018,113.155,86.158,64.6798,26.9966,26.997,2.0
Clemson,2018,113.774,93.5052,65.6205,20.2693,20.2688,5.0
Cleveland St.,2018,97.8525,110.479,67.0338,-12.6266,-12.626499999999993,
Coastal Carolina,2018,102.108,106.185,67.7749,-4.07686,-4.076999999999998,
Colgate,2018,105.332,109.443,66.2209,-4.11154,-4.111000000000004,
College of Charleston,2018,109.887,105.153,64.6463,4.73418,4.733999999999995,13.0
Colorado,2018,105.412,99.7361,67.7413,5.67601,5.675900000000013,
Colorado St.,2018,102.992,108.542,69.5997,-5.55015,-5.549999999999997,
Columbia,2018,107.532,113.676,69.9189,-6.14405,-6.1440000000000055,
Connecticut,2018,105.308,105.56,66.9317,-0.251352,-0.25199999999999534,
Coppin St.,2018,86.7585,110.733,67.0236,-23.9745,-23.974500000000006,
Cornell,2018,104.811,113.789,69.1552,-8.97831,-8.977999999999994,
Creighton,2018,116.454,99.1744,70.8444,17.2792,17.279599999999988,8.0
Dartmouth,2018,98.7331,110.886,66.7574,-12.1529,-12.152900000000002,
Davidson,2018,117.399,102.494,64.1645,14.9051,14.905000000000001,12.0
Dayton,2018,108.662,108.587,66.1889,0.0754615,0.07500000000000284,
Delaware,2018,102.21,109.935,65.8879,-7.7246,-7.7250000000000085,
Delaware St.,2018,90.5592,118.528,64.8606,-27.9685,-27.9688,
Denver,2018,103.105,106.924,66.4442,-3.81948,-3.8190000000000026,
DePaul,2018,104.75,98.0134,69.8151,6.73631,6.736599999999996,
Detroit,2018,102.603,117.28,72.3511,-14.6765,-14.677000000000007,
Drake,2018,106.797,105.562,68.0323,1.23476,1.2349999999999994,
Drexel,2018,103.158,111.015,69.0006,-7.85724,-7.856999999999999,
Duke,2018,122.602,93.467,70.0021,29.1348,29.135000000000005,2.0
Duquesne,2018,104.905,108.458,66.2143,-3.55272,-3.5529999999999973,
East Carolina,2018,97.1148,109.838,68.6719,-12.7236,-12.723199999999991,
East Tennessee St.,2018,105.603,98.0734,67.5968,7.52941,7.529599999999988,
Eastern Illinois,2018,99.2873,107.511,65.5099,-8.22371,-8.223699999999994,
Eastern Kentucky,2018,101.898,113.032,68.5091,-11.1333,-11.134,
Eastern Michigan,2018,103.38,101.296,64.5311,2.08468,2.083999999999989,
Eastern Washington,2018,108.344,104.864,66.1275,3.47985,3.4799999999999898,
Elon,2018,103.814,111.63,67.277,-7.81591,-7.8160000000000025,
Evansville,2018,99.4854,96.8294,65.653,2.65607,2.6559999999999917,
Fairfield,2018,102.399,106.606,70.4743,-4.20669,-4.206999999999994,
Fairleigh Dickinson,2018,102.606,112.46,70.4182,-9.85364,-9.854,
FIU,2018,98.312,104.495,68.9895,-6.1826,-6.183000000000007,
Florida,2018,115.14,96.4262,66.7986,18.7137,18.713800000000006,6.0
Florida A&M,2018,95.921,117.051,67.035,-21.13,-21.129999999999995,
Florida Atlantic,2018,95.8007,102.805,69.2321,-7.00379,-7.004300000000001,
Florida Gulf Coast,2018,108.292,104.875,71.2364,3.41726,3.4170000000000016,
Florida St.,2018,115.822,99.9984,71.6051,15.8239,15.823599999999999,9.0
Fordham,2018,94.7467,106.371,65.9279,-11.6247,-11.624299999999991,
Fort Wayne,2018,107.616,106.447,72.5983,1.16871,1.168999999999997,
Fresno St.,2018,110.083,99.8844,66.5742,10.1991,10.198599999999999,
Furman,2018,109.301,101.88,68.586,7.42108,7.4210000000000065,
Gardner Webb,2018,97.8426,106.464,67.6819,-8.62118,-8.621399999999994,
George Mason,2018,102.424,107.583,69.0072,-5.15972,-5.158999999999992,
George Washington,2018,103.751,106.445,65.7579,-2.69404,-2.6939999999999884,
Georgetown,2018,109.801,102.858,70.4309,6.94308,6.942999999999998,
Georgia,2018,107.77,95.8592,64.3908,11.9104,11.910799999999995,
Georgia Southern,2018,106.317,104.553,68.8109,1.76452,1.7639999999999958,
Georgia St.,2018,109.045,101.835,66.8969,7.20921,7.210000000000008,15.0
Georgia Tech,2018,103.961,98.9358,66.1029,5.02521,5.025199999999998,
Gonzaga,2018,119.824,95.0891,68.9851,24.7352,24.734899999999996,4.0
Grambling St.,2018,94.4781,106.366,72.2164,-11.8877,-11.887900000000002,
Grand Canyon,2018,102.4,96.902,69.04,5.4981,5.498000000000005,
Green Bay,2018,99.8417,109.068,72.1954,-9.22594,-9.226299999999995,
Hampton,2018,101.717,109.277,71.6117,-7.5593,-7.560000000000002,
Hartford,2018,102.66,107.465,66.4118,-4.80558,-4.805000000000007,
Harvard,2018,101.431,99.2919,65.4558,2.13911,2.139099999999999,
Hawaii,2018,99.5787,102.705,67.8091,-3.12592,-3.1263000000000005,
High Point,2018,100.358,107.015,65.8417,-6.65759,-6.6569999999999965,
Hofstra,2018,111.27,110.456,68.8438,0.813677,0.813999999999993,
Holy Cross,2018,97.7496,109.222,62.8523,-11.472,-11.472399999999993,
Houston,2018,115.787,95.2473,68.2176,20.5396,20.53970000000001,6.0
Houston Baptist,2018,99.2215,116.873,73.4498,-17.6515,-17.6515,
Howard,2018,99.697,118.659,69.8481,-18.9624,-18.962000000000003,
Idaho,2018,109.523,105.799,65.5733,3.72472,3.7239999999999895,
Idaho St.,2018,103.631,109.099,68.1327,-5.46799,-5.4680000000000035,
Illinois,2018,109.865,103.282,69.8781,6.58303,6.582999999999998,
Illinois Chicago,2018,100.88,104.539,71.9772,-3.6584,-3.659000000000006,
Illinois St.,2018,105.791,103.673,68.8543,2.11818,2.117999999999995,
Incarnate Word,2018,93.7442,115.326,69.6264,-21.5818,-21.581799999999987,
Indiana,2018,109.728,99.3296,66.5953,10.3979,10.398399999999995,
Indiana St.,2018,104.772,102.537,69.9286,2.23522,2.2349999999999994,
Iona,2018,110.261,107.388,70.6965,2.87263,2.8729999999999905,15.0
Iowa,2018,116.679,108.754,70.3231,7.92445,7.924999999999997,
Iowa St.,2018,110.162,103.597,68.903,6.56511,6.565000000000012,
IUPUI,2018,98.2354,109.456,66.0769,-11.2209,-11.220600000000005,
Jackson St.,2018,89.6435,109.463,64.0611,-19.8194,-19.81949999999999,
Jacksonville,2018,94.3753,108.731,68.5735,-14.3559,-14.355699999999999,
Jacksonville St.,2018,102.163,100.348,65.8717,1.81469,1.8149999999999977,
James Madison,2018,101.513,107.715,67.8118,-6.20158,-6.201999999999998,
Kansas,2018,120.933,97.6938,68.4279,23.2388,23.23920000000001,1.0
Kansas St.,2018,112.178,97.4236,65.5437,14.7543,14.754400000000004,9.0
Kennesaw St.,2018,99.1498,112.047,68.5041,-12.8972,-12.897199999999998,
Kent St.,2018,102.398,107.026,68.6241,-4.62772,-4.628,
Kentucky,2018,116.426,96.019,68.5818,20.4069,20.406999999999996,5.0
La Salle,2018,105.153,104.098,68.8817,1.05517,1.0550000000000068,
Lafayette,2018,102.094,112.413,68.2708,-10.319,-10.319000000000003,
Lamar,2018,102.142,105.806,67.5922,-3.66408,-3.6640000000000015,
Lehigh,2018,106.033,112.266,70.7583,-6.23291,-6.233000000000004,
Liberty,2018,104.811,105.743,63.2072,-0.931358,-0.931999999999988,
Lipscomb,2018,103.793,103.43,74.8966,0.363623,0.36299999999999955,15.0
Little Rock,2018,94.2562,105.994,64.9731,-11.7383,-11.737799999999993,
LIU Brooklyn,2018,103.335,111.135,71.3779,-7.80028,-7.800000000000011,16.0
Long Beach St.,2018,106.516,108.726,71.7448,-2.2102,-2.2099999999999937,
Longwood,2018,89.8977,110.39,69.0407,-20.4927,-20.4923,
Louisiana Lafayette,2018,113.494,102.122,70.2958,11.3722,11.372,
Louisiana Monroe,2018,101.107,106.609,65.8847,-5.50234,-5.501999999999995,
Louisiana Tech,2018,106.931,105.723,67.3459,1.20717,1.2079999999999984,
Louisville,2018,113.149,96.5566,69.6575,16.5921,16.592399999999998,
Loyola Chicago,2018,111.331,96.1911,65.3221,15.1402,15.139899999999997,11.0
Loyola Marymount,2018,107.878,113.356,66.9001,-5.47849,-5.477999999999994,
Loyola MD,2018,96.4726,111.251,68.3198,-14.7787,-14.778400000000005,
LSU,2018,115.619,103.154,68.2442,12.4654,12.465000000000003,
Maine,2018,91.1206,108.777,71.3161,-17.6567,-17.656400000000005,
Manhattan,2018,99.6527,104.492,65.7365,-4.83938,-4.839300000000009,
Marist,2018,98.8544,113.205,69.6217,-14.3502,-14.3506,
Marquette,2018,119.326,105.585,69.057,13.7406,13.741,
Marshall,2018,109.328,103.944,74.8308,5.38402,5.384,13.0
Maryland,2018,114.103,99.4389,66.2237,14.6641,14.66409999999999,
Maryland Eastern Shore,2018,91.0568,118.021,65.8346,-26.9646,-26.964200000000005,
Massachusetts,2018,106.751,110.778,66.3658,-4.02731,-4.027000000000001,
McNeese St.,2018,100.821,112.391,70.3873,-11.5693,-11.570000000000007,
Memphis,2018,107.912,106.96,66.5042,0.952114,0.9520000000000124,
Mercer,2018,112.054,110.195,63.8558,1.85918,1.8590000000000089,
Miami FL,2018,113.309,97.5988,67.0632,15.7103,15.7102,6.0
Miami OH,2018,99.4139,102.01,66.6484,-2.59573,-2.596100000000007,
Michigan,2018,115.9,92.7095,64.3592,23.1909,23.1905,3.0
Michigan St.,2018,119.983,93.6364,67.1449,26.3461,26.34660000000001,3.0
Middle Tennessee,2018,110.444,96.6652,66.3307,13.7784,13.778800000000004,
Milwaukee,2018,100.165,103.911,65.6731,-3.7461,-3.745999999999995,
Minnesota,2018,108.973,103.976,69.7864,4.99677,4.997,
Mississippi,2018,111.487,104.959,70.0073,6.52741,6.527999999999992,
Mississippi St.,2018,109.611,97.2553,67.6311,12.3553,12.355699999999999,
Mississippi Valley St.,2018,90.4705,114.873,69.3896,-24.4021,-24.402500000000003,
Missouri,2018,113.275,97.803,65.6199,15.4717,15.472000000000008,8.0
Missouri St.,2018,108.516,103.926,65.4461,4.58991,4.590000000000003,
Monmouth,2018,103.927,105.0,69.9683,-1.07324,-1.0729999999999933,
Montana,2018,110.144,99.3132,67.9708,10.8304,10.83080000000001,14.0
Montana St.,2018,102.464,111.597,69.6265,-9.13325,-9.132999999999996,
Morehead St.,2018,99.3027,109.384,68.4778,-10.0812,-10.081299999999999,
Morgan St.,2018,96.6573,111.359,68.8212,-14.702,-14.701699999999988,
Mount St. Mary's,2018,104.158,110.233,64.6683,-6.07469,-6.075000000000003,
Murray St.,2018,113.139,100.444,67.3002,12.6951,12.694999999999993,12.0
Navy,2018,98.9341,104.696,65.361,-5.76166,-5.761899999999997,
Nebraska,2018,110.965,97.535,67.513,13.4297,13.430000000000007,
Nebraska Omaha,2018,104.607,114.865,69.7995,-10.2575,-10.257999999999996,
Nevada,2018,119.901,101.72,69.4886,18.1814,18.180999999999997,7.0
New Hampshire,2018,98.3927,108.952,65.3684,-10.5592,-10.559299999999993,
New Mexico,2018,113.687,107.029,71.2869,6.65739,6.658000000000001,
New Mexico St.,2018,108.457,94.9001,68.2276,13.5573,13.556899999999999,12.0
New Orleans,2018,98.2369,107.446,66.223,-9.20862,-9.209099999999992,
Niagara,2018,110.586,114.112,73.3076,-3.52611,-3.5259999999999962,
Nicholls St.,2018,103.593,105.197,73.4761,-1.60384,-1.6039999999999992,
NJIT,2018,98.8573,106.896,66.9084,-8.03894,-8.038700000000006,
Norfolk St.,2018,95.7339,108.771,68.959,-13.0369,-13.037099999999995,
North Carolina,2018,121.959,96.9241,70.9501,25.0348,25.034900000000007,2.0
North Carolina A&T,2018,98.7732,111.246,69.3382,-12.4728,-12.472799999999992,
North Carolina Central,2018,98.1525,110.889,64.9456,-12.7366,-12.736499999999992,16.0
North Carolina St.,2018,116.426,101.294,71.3548,15.1323,15.132000000000005,9.0
North Dakota,2018,103.429,109.586,71.4336,-6.15738,-6.1569999999999965,
North Dakota St.,2018,105.605,105.63,66.4453,-0.0250039,-0.024999999999991473,
North Florida,2018,107.929,118.638,73.5582,-10.7085,-10.709000000000003,
North Texas,2018,103.261,105.372,66.2923,-2.11067,-2.111000000000004,
Northeastern,2018,107.928,100.752,66.9742,7.17547,7.176000000000002,
Northern Arizona,2018,93.8653,109.576,68.6079,-15.7112,-15.710699999999989,
Northern Colorado,2018,107.414,101.286,71.2362,6.12837,6.128,
Northern Illinois,2018,103.512,111.558,67.0223,-8.04564,-8.046000000000006,
Northern Iowa,2018,103.326,99.0539,62.6277,4.27234,4.272099999999995,
Northern Kentucky,2018,108.17,100.865,68.5285,7.30441,7.305000000000007,
Northwestern,2018,109.271,101.001,63.8417,8.2695,8.269999999999996,
Northwestern St.,2018,88.6314,110.988,68.7974,-22.3565,-22.3566,
Notre Dame,2018,116.105,99.2884,65.041,16.8168,16.816600000000008,
Oakland,2018,107.349,108.106,70.2619,-0.757198,-0.7569999999999908,
Ohio,2018,100.799,103.883,71.2564,-3.0839,-3.083999999999989,
Ohio St.,2018,116.15,95.0408,66.3996,21.1094,21.1092,5.0
Oklahoma,2018,115.128,100.709,75.8225,14.419,14.418999999999997,10.0
Oklahoma St.,2018,112.144,98.665,68.4698,13.479,13.479,
Old Dominion,2018,108.709,97.3821,64.4272,11.3267,11.326900000000009,
Oral Roberts,2018,106.436,112.348,65.2579,-5.91252,-5.911999999999992,
Oregon,2018,110.876,100.308,66.7027,10.5677,10.567999999999998,
Oregon St.,2018,108.83,101.453,65.5074,7.3766,7.376999999999995,
Pacific,2018,107.255,107.011,66.2742,0.244182,0.24399999999999977,
Penn,2018,103.553,99.8577,68.8538,3.69539,3.695300000000003,16.0
Penn St.,2018,113.059,95.9558,67.5578,17.1028,17.1032,
Pepperdine,2018,105.737,114.581,67.5211,-8.84444,-8.844000000000008,
Pittsburgh,2018,99.245,104.848,65.0871,-5.60346,-5.602999999999994,
Portland,2018,99.6831,108.64,67.0932,-8.95725,-8.956900000000005,
Portland St.,2018,108.635,107.884,74.7532,0.751449,0.7510000000000048,
Prairie View A&M,2018,101.561,110.971,70.7987,-9.40984,-9.409999999999997,
Presbyterian,2018,98.1256,115.916,63.3312,-17.7905,-17.79039999999999,
Princeton,2018,105.663,108.114,64.4662,-2.45082,-2.4510000000000076,
Providence,2018,108.926,97.0075,67.0963,11.9189,11.918500000000009,10.0
Purdue,2018,123.248,96.5818,67.2291,26.6663,26.666200000000003,2.0
Quinnipiac,2018,102.156,112.45,66.4787,-10.2942,-10.293999999999997,
Radford,2018,103.581,103.629,62.7351,-0.0477779,-0.04800000000000182,16.0
Rhode Island,2018,111.71,97.328,68.6547,14.3818,14.38199999999999,7.0
Rice,2018,98.9816,110.863,67.487,-11.8816,-11.8814,
Richmond,2018,107.65,108.447,67.912,-0.797251,-0.796999999999997,
Rider,2018,109.349,106.842,73.5617,2.50668,2.507000000000005,
Robert Morris,2018,95.2299,102.685,69.2486,-7.45463,-7.455100000000002,
Rutgers,2018,99.4501,96.5073,65.9633,2.9428,2.9428000000000054,
Sacramento St.,2018,100.156,110.625,65.5344,-10.469,-10.468999999999994,
Sacred Heart,2018,96.4538,108.771,68.3181,-12.317,-12.3172,
St. Joseph's,2018,105.763,100.747,70.4744,5.01631,5.016000000000005,
Saint Louis,2018,102.425,100.308,64.0742,2.1174,2.1169999999999902,
St. Mary's,2018,119.828,102.67,63.7541,17.158,17.158,
St. Peter's,2018,95.946,100.774,62.5653,-4.82757,-4.828000000000003,
Sam Houston St.,2018,102.129,106.658,66.634,-4.52845,-4.528999999999996,
Samford,2018,108.13,120.065,71.1956,-11.9356,-11.935000000000002,
San Diego,2018,104.017,100.056,66.8296,3.96095,3.9609999999999985,
San Diego St.,2018,111.286,97.1358,68.6523,14.1504,14.150199999999998,11.0
San Francisco,2018,103.139,100.892,66.5341,2.2469,2.247,
San Jose St.,2018,95.8941,107.932,67.017,-12.0379,-12.037900000000008,
Santa Clara,2018,99.8354,109.555,64.6148,-9.71982,-9.7196,
Savannah St.,2018,101.283,114.695,82.2412,-13.4122,-13.411999999999992,
Seattle,2018,104.36,106.684,67.2898,-2.32371,-2.323999999999998,
Seton Hall,2018,116.335,98.9994,69.3438,17.3352,17.3356,8.0
Siena,2018,96.812,109.047,65.6261,-12.2354,-12.235,
SIU Edwardsville,2018,99.7913,113.459,69.1599,-13.6681,-13.667699999999996,
SMU,2018,109.895,101.114,64.2428,8.78044,8.780999999999992,
South Alabama,2018,97.2027,102.508,70.2931,-5.30526,-5.305300000000003,
South Carolina,2018,105.826,95.8409,68.6274,9.98552,9.985099999999989,
South Carolina St.,2018,97.1576,118.9,70.428,-21.7421,-21.742400000000004,
South Dakota,2018,110.133,98.7753,70.3376,11.3572,11.357699999999994,
South Dakota St.,2018,114.629,104.038,70.2629,10.5907,10.591000000000008,12.0
South Florida,2018,99.1473,109.557,64.5035,-10.4093,-10.4097,
Southeast Missouri St.,2018,108.692,116.831,69.1715,-8.13956,-8.13900000000001,
Southeastern Louisiana,2018,103.383,105.803,65.622,-2.41981,-2.4200000000000017,
Southern,2018,94.4361,110.159,67.9029,-15.7227,-15.72290000000001,
Southern Illinois,2018,106.375,103.712,66.555,2.66309,2.6629999999999967,
Southern Miss,2018,105.745,110.633,65.408,-4.88853,-4.887999999999991,
Southern Utah,2018,102.71,110.178,71.7063,-7.46851,-7.4680000000000035,
St. Bonaventure,2018,112.288,101.093,69.2408,11.1954,11.194999999999993,11.0
St. Francis NY,2018,99.0672,111.885,69.2043,-12.8175,-12.817800000000005,
St. Francis PA,2018,107.492,111.2,68.0926,-3.70886,-3.7079999999999984,
St. John's,2018,106.673,96.5856,69.2813,10.0876,10.087400000000002,
Stanford,2018,108.482,99.6862,70.3617,8.79546,8.7958,
Stephen F. Austin,2018,104.983,99.4206,71.1416,5.56289,5.562400000000011,14.0
Stetson,2018,98.8042,112.142,69.7459,-13.3378,-13.337800000000001,
Stony Brook,2018,96.9809,102.508,68.3283,-5.52705,-5.52709999999999,
Syracuse,2018,107.705,94.1122,63.3993,13.5929,13.592799999999997,11.0
TCU,2018,120.625,101.705,68.7039,18.9201,18.92,6.0
Temple,2018,109.061,100.774,67.577,8.28745,8.287000000000006,
Tennessee,2018,114.839,92.6901,66.1739,22.1486,22.148899999999998,3.0
Tennessee Martin,2018,95.7963,107.528,66.0845,-11.7312,-11.731700000000004,
Tennessee St.,2018,97.8314,101.199,65.5805,-3.36716,-3.367599999999996,
Tennessee Tech,2018,98.8518,103.99,70.8651,-5.13773,-5.138199999999998,
Texas,2018,109.372,93.914,65.2086,15.4577,15.457999999999998,10.0
Texas A&M,2018,111.204,94.2949,69.0256,16.9086,16.909099999999995,7.0
Texas A&M Corpus Christi,2018,94.8618,107.793,68.1854,-12.9309,-12.931200000000004,
Texas Southern,2018,105.281,112.94,71.5742,-7.659,-7.658999999999992,16.0
Texas St.,2018,100.13,105.812,62.6584,-5.68248,-5.682000000000002,
Texas Tech,2018,114.03,92.0873,66.5709,21.9424,21.942700000000002,3.0
The Citadel,2018,101.9,115.296,77.2216,-13.3963,-13.396,
Toledo,2018,114.058,109.116,68.4196,4.94139,4.942000000000007,
Towson,2018,106.141,105.123,67.8854,1.01812,1.0180000000000007,
Troy,2018,106.447,106.831,68.2435,-0.383728,-0.38400000000000034,
Tulane,2018,107.196,107.02,68.9416,0.176511,0.17600000000000193,
Tulsa,2018,108.591,102.415,67.2034,6.17519,6.175999999999988,
UAB,2018,109.533,104.06,67.6314,5.47313,5.472999999999999,
UC Davis,2018,104.729,101.128,66.4714,3.60124,3.600999999999999,
UC Irvine,2018,100.538,98.0426,66.8883,2.49581,2.4954000000000036,
UC Riverside,2018,94.9477,103.743,68.1986,-8.79527,-8.795299999999997,
UC Santa Barbara,2018,111.909,107.219,66.6292,4.68981,4.690000000000012,
UCF,2018,99.2351,93.4351,64.3928,5.79997,5.799999999999997,
UCLA,2018,116.447,102.063,70.5038,14.3834,14.384,11.0
UMass Lowell,2018,103.71,115.015,71.5977,-11.3048,-11.305000000000007,
UMBC,2018,103.389,105.297,68.1857,-1.9086,-1.9080000000000013,16.0
UMKC,2018,98.7816,108.812,69.2603,-10.0303,-10.0304,
UNC Asheville,2018,105.756,108.277,69.099,-2.52093,-2.521000000000001,
UNC Greensboro,2018,105.672,96.6156,64.9776,9.0562,9.056399999999996,13.0
UNC Wilmington,2018,104.544,112.126,71.9462,-7.58211,-7.582000000000008,
UNLV,2018,111.747,105.229,72.3123,6.51797,6.518000000000001,
USC,2018,115.387,100.1,67.4871,15.2876,15.287000000000006,
USC Upstate,2018,105.451,125.313,69.0016,-19.8616,-19.86200000000001,
UT Arlington,2018,105.842,102.416,72.7842,3.42601,3.426000000000002,
UT Rio Grande Valley,2018,99.5267,107.884,73.7538,-8.35716,-8.357299999999995,
Utah,2018,111.869,99.9904,65.6072,11.8784,11.878600000000006,
Utah St.,2018,107.554,104.89,66.783,2.66336,2.6640000000000015,
Utah Valley,2018,111.038,103.119,67.6845,7.91965,7.918999999999997,
UTEP,2018,97.9258,105.132,67.6466,-7.20619,-7.20620000000001,
UTSA,2018,105.326,105.638,71.5898,-0.312599,-0.3120000000000118,
Valparaiso,2018,103.229,101.6,69.6476,1.62834,1.6290000000000049,
Vanderbilt,2018,115.597,107.519,65.7884,8.07789,8.077999999999989,
VCU,2018,106.408,104.101,70.8503,2.30681,2.307000000000002,
Vermont,2018,114.117,103.361,63.7873,10.7557,10.756,
Villanova,2018,127.384,95.9749,68.277,31.4091,31.409099999999995,1.0
Virginia,2018,116.528,84.3753,59.1912,32.1527,32.15270000000001,1.0
Virginia Tech,2018,115.016,98.3773,68.6757,16.6388,16.6387,8.0
VMI,2018,90.3135,107.674,68.8337,-17.361,-17.360500000000002,
Wagner,2018,103.84,103.942,67.319,-0.10173,-0.10199999999998965,
Wake Forest,2018,111.107,103.102,69.3676,8.00483,8.004999999999995,
Washington,2018,106.264,99.2555,69.4616,7.00886,7.008499999999998,
Washington St.,2018,108.782,110.222,68.2517,-1.43964,-1.4399999999999977,
Weber St.,2018,107.094,106.061,67.5617,1.03256,1.032999999999987,
West Virginia,2018,119.151,97.3766,69.0413,21.7748,21.7744,5.0
Western Carolina,2018,96.0774,108.337,69.3869,-12.2593,-12.259600000000006,
Western Illinois,2018,96.6297,108.0,68.0342,-11.3706,-11.3703,
Western Kentucky,2018,113.624,101.073,68.7476,12.5511,12.551000000000002,
Western Michigan,2018,106.536,108.823,67.7811,-2.28733,-2.286999999999992,
Wichita St.,2018,121.925,101.857,68.6357,20.068,20.067999999999998,4.0
William & Mary,2018,115.44,115.554,69.9511,-0.114014,-0.11400000000000432,
Winthrop,2018,106.333,105.575,71.6037,0.758073,0.7579999999999956,
Wisconsin,2018,110.048,99.4326,62.6778,10.6155,10.615400000000008,
Wofford,2018,108.706,107.593,65.918,1.11283,1.1129999999999995,
Wright St.,2018,101.068,98.251,68.2124,2.81674,2.816999999999993,14.0
Wyoming,2018,105.921,100.807,73.5044,5.11463,5.114000000000004,
Xavier,2018,120.74,99.0492,70.4307,21.6909,21.690799999999996,1.0
Yale,2018,104.05,107.229,68.7887,-3.17937,-3.179000000000002,
Youngstown St.,2018,101.405,116.489,71.0824,-15.0835,-15.084000000000003,
Abilene Christian,2019,103.625,101.539,66.0042,2.08626,2.0859999999999985,15.0
Air Force,2019,100.431,107.275,66.407,-6.84432,-6.844000000000008,
Akron,2019,99.793,93.7022,66.015,6.09084,6.0908000000000015,
Alabama,2019,108.113,96.6354,68.6333,11.4774,11.477599999999995,
Alabama A&M,2019,86.4818,109.142,65.4905,-22.66,-22.66019999999999,
Alabama St.,2019,94.5978,110.961,67.0597,-16.3633,-16.363199999999992,
Albany,2019,98.154,108.006,65.7351,-9.85221,-9.852000000000004,
Alcorn St.,2019,88.7838,113.427,65.6105,-24.643,-24.643200000000007,
American,2019,101.788,104.919,66.4126,-3.13075,-3.1310000000000002,
Appalachian St.,2019,105.935,109.544,71.4297,-3.60901,-3.6089999999999947,
Arizona,2019,104.95,98.0905,66.5684,6.85927,6.859499999999997,
Arizona St.,2019,109.774,98.5646,70.4917,11.2091,11.209400000000002,11.0
Arkansas,2019,109.548,97.2113,70.1964,12.3368,12.336700000000008,
Arkansas Pine Bluff,2019,96.0727,109.714,65.0612,-13.641,-13.641300000000001,
Arkansas St.,2019,102.253,109.94,68.1325,-7.68696,-7.686999999999998,
Army,2019,96.119,102.972,69.5942,-6.85322,-6.852999999999994,
Auburn,2019,119.571,96.2397,67.5363,23.3317,23.3313,5.0
Austin Peay,2019,110.619,106.718,68.8562,3.90139,3.9009999999999962,
Ball St.,2019,102.291,98.209,70.1499,4.08197,4.081999999999994,
Baylor,2019,113.517,98.2238,65.2511,15.2935,15.293199999999999,9.0
Belmont,2019,114.834,101.76,71.1231,13.0739,13.073999999999998,11.0
Bethune Cookman,2019,93.2976,105.418,72.0714,-12.1201,-12.120400000000004,
Binghamton,2019,95.8614,112.608,65.7202,-16.7462,-16.7466,
Boise St.,2019,107.064,103.843,65.3505,3.221,3.2209999999999894,
Boston College,2019,107.524,102.219,67.1682,5.30517,5.305000000000007,
Boston University,2019,104.124,110.052,66.1325,-5.92735,-5.9280000000000115,
Bowling Green,2019,108.185,102.01,70.3289,6.17504,6.174999999999997,
Bradley,2019,100.892,101.25,65.0632,-0.358275,-0.3580000000000041,15.0
Brown,2019,98.7071,96.8095,70.8172,1.89755,1.897599999999997,
Bryant,2019,99.2711,114.87,67.4701,-15.5989,-15.5989,
Bucknell,2019,105.456,103.577,70.4915,1.87905,1.8790000000000049,
Buffalo,2019,114.89,94.5531,73.7602,20.337,20.3369,6.0
Butler,2019,110.842,100.919,65.935,9.9232,9.923000000000002,
BYU,2019,111.676,103.894,70.7241,7.78213,7.7819999999999965,
Cal Baptist,2019,106.683,109.198,67.8059,-2.51509,-2.5149999999999864,
Cal Poly,2019,96.7734,114.561,66.0034,-17.7876,-17.787600000000012,
Cal St. Bakersfield,2019,102.465,107.629,65.2933,-5.16402,-5.1640000000000015,
Cal St. Fullerton,2019,98.8923,102.33,69.6992,-3.43808,-3.4376999999999924,
Cal St. Northridge,2019,104.404,112.376,70.4313,-7.97235,-7.972000000000008,
California,2019,102.893,110.098,66.4324,-7.20489,-7.204999999999998,
Campbell,2019,107.895,109.781,65.2551,-1.88615,-1.88600000000001,
Canisius,2019,101.476,111.344,67.5336,-9.8679,-9.867999999999995,
Central Arkansas,2019,99.7545,110.926,70.37,-11.1716,-11.171500000000009,
Central Connecticut,2019,96.9683,111.839,68.9725,-14.8711,-14.8707,
Central Michigan,2019,110.256,105.37,70.8371,4.88535,4.885999999999996,
Charleston,2019,108.338,103.28,65.2629,5.05801,5.057999999999993,
Charleston Southern,2019,101.272,101.22,69.1823,0.0522976,0.05200000000000671,
Charlotte,2019,95.3851,106.558,64.3696,-11.1731,-11.172900000000013,
Chattanooga,2019,101.475,109.326,65.9854,-7.85102,-7.850999999999999,
Chicago St.,2019,90.2867,118.19,69.9773,-27.9028,-27.9033,
Cincinnati,2019,111.566,94.515,63.1993,17.0509,17.051000000000002,7.0
Clemson,2019,108.666,90.7277,65.9642,17.9385,17.938299999999998,
Cleveland St.,2019,101.511,111.56,68.9321,-10.0492,-10.049000000000007,
Coastal Carolina,2019,104.755,104.909,69.2942,-0.153766,-0.15400000000001057,
Colgate,2019,110.038,105.751,66.3489,4.2867,4.286999999999992,15.0
Colorado,2019,106.529,96.1085,67.6204,10.4208,10.42049999999999,
Colorado St.,2019,107.419,108.648,66.9193,-1.22881,-1.2289999999999992,
Columbia,2019,101.77,106.251,67.437,-4.4811,-4.481000000000009,
Connecticut,2019,108.27,102.253,68.4802,6.01715,6.016999999999996,
Coppin St.,2019,88.5083,109.064,70.0593,-20.5558,-20.555699999999987,
Cornell,2019,99.0461,103.678,67.5458,-4.63145,-4.631900000000002,
Creighton,2019,113.273,99.7723,68.366,13.5011,13.500699999999995,
Dartmouth,2019,103.363,108.006,65.712,-4.64259,-4.643000000000001,
Davidson,2019,107.541,99.2563,64.506,8.28467,8.2847,
Dayton,2019,111.538,100.062,64.4045,11.4759,11.475999999999999,
Delaware,2019,104.733,112.799,63.1323,-8.06621,-8.066000000000003,
Delaware St.,2019,84.1983,113.86,69.5455,-29.6619,-29.661699999999996,
Denver,2019,99.7176,112.842,66.9878,-13.1248,-13.124399999999994,
DePaul,2019,110.725,104.367,69.367,6.35763,6.35799999999999,
Detroit,2019,106.062,112.521,68.4247,-6.45862,-6.459000000000003,
Drake,2019,106.981,102.659,69.0274,4.32133,4.3219999999999885,
Drexel,2019,105.503,112.871,68.9483,-7.36862,-7.367999999999995,
Duke,2019,120.084,88.0911,72.2115,31.9925,31.992900000000006,1.0
Duquesne,2019,104.397,105.204,69.7153,-0.807373,-0.806999999999988,
East Carolina,2019,97.9098,106.929,67.9209,-9.01896,-9.019199999999998,
East Tennessee St.,2019,109.13,99.2994,66.9183,9.83097,9.83059999999999,
Eastern Illinois,2019,99.5136,111.75,66.7539,-12.2367,-12.236400000000003,
Eastern Kentucky,2019,99.2452,105.819,76.4418,-6.57329,-6.573800000000006,
Eastern Michigan,2019,103.349,102.598,62.7097,0.750502,0.7510000000000048,
Eastern Washington,2019,100.902,107.476,67.6217,-6.57322,-6.573999999999998,
Elon,2019,98.8974,111.011,67.8251,-12.1135,-12.113599999999991,
Evansville,2019,99.2866,104.656,69.3429,-5.36913,-5.369399999999999,
Fairfield,2019,95.7498,107.239,67.6777,-11.4896,-11.489200000000011,
Fairleigh Dickinson,2019,106.184,110.432,66.7742,-4.2487,-4.248000000000005,16.0
FIU,2019,101.856,105.109,77.3827,-3.25307,-3.253,
Florida,2019,110.219,91.895,62.6903,18.3239,18.323999999999998,10.0
Florida A&M,2019,88.9397,103.209,64.755,-14.2696,-14.269300000000001,
Florida Atlantic,2019,99.3292,99.3461,67.4094,-0.0169486,-0.0169000000000068,
Florida Gulf Coast,2019,101.328,106.002,67.827,-4.67428,-4.673999999999992,
Florida St.,2019,112.987,90.4293,68.2507,22.5574,22.557699999999997,4.0
Fordham,2019,96.4897,104.334,65.0121,-7.84442,-7.844300000000004,
Fresno St.,2019,108.218,98.5368,67.7273,9.68159,9.681200000000004,
Furman,2019,108.828,96.2025,66.4614,12.6256,12.625500000000002,
Gardner Webb,2019,107.475,108.218,67.0883,-0.743522,-0.7430000000000092,16.0
George Mason,2019,104.413,103.725,67.5875,0.688087,0.6880000000000024,
George Washington,2019,95.1995,105.876,67.0588,-10.6769,-10.676500000000004,
Georgetown,2019,109.238,101.72,71.9013,7.51846,7.518000000000001,
Georgia,2019,105.819,101.639,68.2639,4.18031,4.180000000000007,
Georgia Southern,2019,108.409,102.007,73.0261,6.40152,6.402000000000001,
Georgia St.,2019,107.886,102.289,69.8602,5.59737,5.596999999999994,14.0
Georgia Tech,2019,101.801,95.8885,66.6464,5.91249,5.9125000000000085,
Gonzaga,2019,125.125,92.336,69.7687,32.7887,32.789,1.0
Grambling St.,2019,94.6313,104.053,69.6439,-9.42191,-9.421700000000001,
Grand Canyon,2019,108.062,101.847,67.5565,6.2152,6.215000000000003,
Green Bay,2019,102.833,106.457,73.5063,-3.62416,-3.6239999999999952,
Hampton,2019,107.465,110.024,70.846,-2.55932,-2.5589999999999975,
Hartford,2019,108.313,110.55,66.5261,-2.23743,-2.2369999999999948,
Harvard,2019,104.799,100.296,67.3207,4.50316,4.503,
Hawaii,2019,103.474,106.506,66.203,-3.03268,-3.0319999999999965,
High Point,2019,99.1309,104.648,63.5399,-5.5176,-5.517099999999999,
Hofstra,2019,116.264,108.791,67.221,7.47361,7.472999999999999,
Holy Cross,2019,100.928,107.731,63.4373,-6.80262,-6.802999999999997,
Houston,2019,114.118,91.6934,66.1482,22.4249,22.424599999999998,3.0
Houston Baptist,2019,102.841,112.458,73.7328,-9.61724,-9.617000000000004,
Howard,2019,101.774,114.166,71.0688,-12.3921,-12.391999999999996,
Idaho,2019,94.7845,118.682,65.1889,-23.8971,-23.897500000000008,
Idaho St.,2019,101.816,118.106,66.7159,-16.2899,-16.289999999999992,
Illinois,2019,109.081,100.574,70.4007,8.50687,8.507000000000005,
Illinois Chicago,2019,100.361,103.567,69.8766,-3.20564,-3.205999999999989,
Illinois St.,2019,101.043,104.547,66.5836,-3.50378,-3.5039999999999907,
Incarnate Word,2019,97.3732,120.24,64.8046,-22.8671,-22.866799999999998,
Indiana,2019,110.11,94.8266,66.4416,15.2836,15.2834,
Indiana St.,2019,100.993,105.132,68.7752,-4.13912,-4.13900000000001,
Iona,2019,106.514,109.593,70.5217,-3.07828,-3.0790000000000077,16.0
Iowa,2019,117.163,101.207,69.3715,15.9555,15.956000000000003,10.0
Iowa St.,2019,118.992,97.1452,67.6056,21.8472,21.8468,6.0
IUPUI,2019,103.844,106.405,68.4399,-2.56158,-2.561000000000007,
Jackson St.,2019,89.7641,104.605,64.9545,-14.8412,-14.840900000000005,
Jacksonville,2019,98.6664,106.267,70.8234,-7.60091,-7.6006,
Jacksonville St.,2019,104.877,99.4222,67.5005,5.45502,5.454799999999992,
James Madison,2019,100.892,110.759,65.0556,-9.86717,-9.867000000000004,
Kansas,2019,112.746,92.0406,69.9355,20.7051,20.705399999999997,4.0
Kansas St.,2019,107.96,87.7377,63.0414,20.2225,20.22229999999999,4.0
Kennesaw St.,2019,91.6484,110.794,68.1024,-19.1461,-19.1456,
Kent St.,2019,109.58,106.748,67.2868,2.8318,2.8319999999999936,
Kentucky,2019,118.223,90.8094,65.8287,27.4133,27.413600000000002,2.0
La Salle,2019,99.8274,104.99,68.7618,-5.1628,-5.162599999999998,
Lafayette,2019,101.388,112.659,68.7448,-11.2709,-11.271,
Lamar,2019,103.06,107.629,68.1336,-4.56954,-4.569000000000003,
Lehigh,2019,108.594,109.379,71.412,-0.785117,-0.7850000000000108,
Liberty,2019,110.565,99.7435,61.7759,10.8215,10.8215,12.0
Lipscomb,2019,110.008,96.7669,72.8608,13.2414,13.241099999999989,
Little Rock,2019,99.7402,104.679,70.2784,-4.939,-4.9388000000000005,
LIU Brooklyn,2019,98.0985,106.279,70.7067,-8.1807,-8.180499999999995,
Long Beach St.,2019,101.027,106.022,71.4048,-4.99497,-4.9950000000000045,
Longwood,2019,96.2975,106.491,66.9354,-10.1933,-10.1935,
Louisiana,2019,106.509,107.692,71.9409,-1.18368,-1.1829999999999927,
Louisiana Monroe,2019,112.344,109.23,66.2694,3.11415,3.11399999999999,
Louisiana Tech,2019,104.698,101.744,65.2807,2.9544,2.9539999999999935,
Louisville,2019,113.376,92.4055,67.1312,20.9708,20.9705,7.0
Loyola Chicago,2019,104.181,100.032,62.3185,4.14911,4.149000000000001,
Loyola Marymount,2019,103.569,100.15,62.7031,3.41867,3.418999999999997,
Loyola MD,2019,101.448,110.168,68.3802,-8.72034,-8.720000000000013,
LSU,2019,118.485,97.5196,69.8753,20.9656,20.965400000000002,3.0
Maine,2019,93.08,111.726,63.9046,-18.6462,-18.646,
Manhattan,2019,89.3513,104.572,61.6806,-15.2205,-15.220700000000008,
Marist,2019,100.034,109.54,64.3489,-9.50558,-9.506,
Marquette,2019,114.15,95.7294,68.5839,18.4207,18.420600000000007,5.0
Marshall,2019,107.925,108.08,73.8809,-0.155242,-0.15500000000000114,
Maryland,2019,113.82,93.8429,65.6376,19.9776,19.977099999999993,6.0
Maryland Eastern Shore,2019,85.0877,114.785,62.9297,-29.6974,-29.6973,
Massachusetts,2019,102.762,108.921,67.1637,-6.15915,-6.159000000000006,
McNeese St.,2019,97.9933,114.549,66.1609,-16.5561,-16.5557,
Memphis,2019,108.977,98.095,74.0535,10.8823,10.882000000000005,
Mercer,2019,103.518,106.119,66.6596,-2.60028,-2.600999999999999,
Miami FL,2019,109.928,100.243,66.8579,9.68546,9.685000000000002,
Miami OH,2019,104.688,102.909,66.169,1.779,1.7789999999999964,
Michigan,2019,115.516,86.081,64.4257,29.4352,29.435000000000002,2.0
Michigan St.,2019,121.729,90.3679,67.4035,31.3607,31.361099999999993,2.0
Middle Tennessee,2019,98.1104,105.316,67.4914,-7.20583,-7.205600000000004,
Milwaukee,2019,98.1553,109.495,65.9016,-11.3395,-11.339700000000008,
Minnesota,2019,110.671,96.2136,67.4509,14.4575,14.457400000000007,10.0
Mississippi,2019,112.779,97.6963,68.3346,15.0831,15.082700000000003,8.0
Mississippi St.,2019,117.395,96.7173,67.4194,20.6776,20.6777,5.0
Mississippi Valley St.,2019,89.418,114.509,69.0551,-25.0914,-25.090999999999994,
Missouri,2019,106.72,96.9639,64.6217,9.75563,9.756100000000004,
Missouri St.,2019,102.877,103.801,65.283,-0.923401,-0.9240000000000066,
Monmouth,2019,92.9924,103.867,67.2969,-10.8746,-10.874600000000001,
Montana,2019,107.36,103.814,66.5497,3.54691,3.5460000000000065,15.0
Montana St.,2019,107.436,115.078,69.8395,-7.6413,-7.641999999999996,
Morehead St.,2019,102.201,109.915,67.0143,-7.71446,-7.714000000000013,
Morgan St.,2019,92.4707,110.512,71.9187,-18.0416,-18.041300000000007,
Mount St. Mary's,2019,94.5997,109.832,67.003,-15.2323,-15.232299999999995,
Murray St.,2019,112.038,98.706,69.0116,13.3317,13.331999999999994,12.0
NC State,2019,112.738,96.0413,70.7634,16.6963,16.696699999999993,
Navy,2019,97.1094,107.008,66.7848,-9.89861,-9.898600000000002,
Nebraska,2019,112.577,97.048,66.2714,15.5289,15.528999999999996,
Nebraska Omaha,2019,109.901,110.259,67.7259,-0.358195,-0.3580000000000041,
Nevada,2019,114.0,95.0771,69.2146,18.9229,18.9229,7.0
New Hampshire,2019,84.1713,107.221,65.4803,-23.0495,-23.0497,
New Mexico,2019,103.911,105.512,72.6568,-1.60107,-1.600999999999999,
New Mexico St.,2019,112.605,99.0173,65.5861,13.588,13.587699999999998,12.0
New Orleans,2019,96.9654,104.65,68.1804,-7.68497,-7.684600000000003,
Niagara,2019,101.592,115.144,69.5012,-13.5526,-13.552000000000007,
Nicholls St.,2019,98.6411,111.292,68.3493,-12.6511,-12.650900000000007,
NJIT,2019,101.116,102.402,66.448,-1.28613,-1.2860000000000014,
Norfolk St.,2019,97.5242,105.922,69.1099,-8.39786,-8.397800000000004,
North Alabama,2019,94.9641,105.133,68.3067,-10.1691,-10.168899999999994,
North Carolina,2019,119.872,90.701,74.2921,29.171,29.171000000000006,1.0
North Carolina A&T,2019,96.3396,107.92,65.5423,-11.5799,-11.580399999999997,
North Carolina Central,2019,96.6416,108.528,65.2069,-11.8864,-11.886400000000009,16.0
North Dakota,2019,97.3214,106.096,69.5383,-8.77507,-8.774600000000007,
North Dakota St.,2019,106.552,109.751,64.7859,-3.19855,-3.198999999999998,16.0
North Florida,2019,103.756,104.71,71.7808,-0.953525,-0.9539999999999935,
North Texas,2019,99.49,98.9803,65.1463,0.509706,0.5096999999999952,
Northeastern,2019,111.465,102.718,66.0293,8.74685,8.747,13.0
Northern Arizona,2019,100.391,112.314,68.3584,-11.9236,-11.922999999999988,
Northern Colorado,2019,102.163,104.6,66.3238,-2.43685,-2.4369999999999976,
Northern Illinois,2019,108.815,104.94,65.771,3.87495,3.875,
Northern Iowa,2019,101.118,102.279,64.2357,-1.16044,-1.1610000000000014,
Northern Kentucky,2019,109.235,102.676,67.9179,6.55918,6.5589999999999975,14.0
Northwestern,2019,102.913,93.3587,65.832,9.55389,9.554299999999998,
Northwestern St.,2019,89.8926,109.621,68.4302,-19.7288,-19.728399999999993,
Notre Dame,2019,108.221,100.639,65.07,7.58238,7.582000000000008,
Oakland,2019,107.293,109.408,68.4997,-2.1149,-2.114999999999995,
Ohio,2019,98.5949,100.124,69.0961,-1.52949,-1.5290999999999997,
Ohio St.,2019,109.268,94.1896,65.6907,15.0781,15.078400000000002,11.0
Oklahoma,2019,109.401,93.8663,68.6808,15.5345,15.5347,9.0
Oklahoma St.,2019,108.87,101.274,65.876,7.5958,7.596000000000004,
Old Dominion,2019,101.929,96.3508,64.2892,5.57853,5.578199999999995,14.0
Oral Roberts,2019,103.303,114.027,66.7046,-10.7234,-10.724000000000004,
Oregon,2019,107.7,92.5481,64.0656,15.1521,15.151899999999998,12.0
Oregon St.,2019,111.168,103.278,65.5336,7.89006,7.890000000000001,
Pacific,2019,99.7551,104.245,64.9223,-4.4898,-4.489900000000006,
Penn,2019,103.968,99.6865,66.7183,4.28135,4.281500000000008,
Penn St.,2019,109.48,94.0617,67.5287,15.418,15.418300000000002,
Pepperdine,2019,106.644,105.23,70.1525,1.41396,1.4140000000000015,
Pittsburgh,2019,105.122,98.0319,66.8542,7.09009,7.090100000000007,
Portland,2019,94.2461,109.879,66.6735,-15.6325,-15.632900000000006,
Portland St.,2019,101.489,111.868,68.8975,-10.3797,-10.37899999999999,
Prairie View A&M,2019,101.53,105.838,70.961,-4.30871,-4.307999999999993,16.0
Presbyterian,2019,109.067,111.014,67.6282,-1.94762,-1.9470000000000027,
Princeton,2019,98.658,99.662,67.4584,-1.00396,-1.0040000000000049,
Providence,2019,104.954,94.9998,67.6763,9.95407,9.9542,
Purdue,2019,121.093,95.0422,65.6263,26.0512,26.05080000000001,3.0
Purdue Fort Wayne,2019,106.513,108.792,71.494,-2.27913,-2.2789999999999964,
Quinnipiac,2019,104.362,110.337,66.6853,-5.97503,-5.9750000000000085,
Radford,2019,108.672,104.225,64.3313,4.44682,4.447000000000003,
Rhode Island,2019,103.764,101.084,67.4178,2.68032,2.6799999999999926,
Rice,2019,102.845,110.328,69.9961,-7.48342,-7.483000000000004,
Richmond,2019,106.768,109.999,65.8149,-3.23114,-3.2309999999999945,
Rider,2019,101.257,105.767,73.771,-4.51028,-4.509999999999991,
Robert Morris,2019,94.7684,103.528,65.9481,-8.75992,-8.759600000000006,
Rutgers,2019,105.521,96.2082,67.5046,9.31314,9.312799999999996,
Sacramento St.,2019,96.1801,105.73,67.9534,-9.54971,-9.549900000000008,
Sacred Heart,2019,104.035,110.74,71.8237,-6.70547,-6.704999999999998,
St. Joseph's,2019,105.182,106.911,68.4008,-1.72905,-1.7289999999999992,
Saint Louis,2019,102.575,96.3024,66.0798,6.27254,6.272599999999997,13.0
St. Mary's,2019,114.634,96.9231,62.6466,17.7106,17.710899999999995,11.0
St. Peter's,2019,94.3694,108.003,63.0592,-13.6337,-13.633600000000001,
Sam Houston St.,2019,105.877,106.76,65.9883,-0.883261,-0.8830000000000098,
Samford,2019,106.551,104.337,69.0254,2.21436,2.2139999999999986,
San Diego,2019,105.953,98.0644,66.8039,7.88874,7.888599999999997,
San Diego St.,2019,103.734,98.694,66.5072,5.04015,5.039999999999992,
San Francisco,2019,111.706,101.749,66.3894,9.95637,9.957000000000008,
San Jose St.,2019,91.7341,113.583,69.1361,-21.8493,-21.8489,
Santa Clara,2019,101.79,103.64,66.1489,-1.85043,-1.8499999999999943,
Savannah St.,2019,96.1903,115.957,74.7456,-19.767,-19.7667,
Seattle,2019,100.733,102.154,67.1668,-1.4208,-1.4209999999999923,
Seton Hall,2019,109.303,96.3961,68.9235,12.9072,12.906899999999993,10.0
Siena,2019,100.485,108.896,60.4718,-8.41038,-8.411000000000001,
SIU Edwardsville,2019,96.5065,112.99,69.5197,-16.4831,-16.483499999999992,
SMU,2019,111.979,106.805,64.8657,5.17394,5.173999999999992,
South Alabama,2019,102.98,107.47,66.194,-4.48961,-4.489999999999995,
South Carolina,2019,107.943,98.2698,70.0712,9.67339,9.673199999999994,
South Carolina St.,2019,97.8665,116.685,66.7924,-18.8189,-18.8185,
South Dakota,2019,100.34,106.044,66.7774,-5.70338,-5.7039999999999935,
South Dakota St.,2019,112.063,104.98,70.8677,7.08246,7.082999999999998,
South Florida,2019,102.286,97.249,67.072,5.0373,5.037000000000006,
Southeast Missouri St.,2019,97.3542,109.826,67.4693,-12.4713,-12.471799999999988,
Southeastern Louisiana,2019,99.2469,105.148,65.094,-5.90069,-5.9011,
Southern,2019,93.7138,112.123,65.5417,-18.4091,-18.4092,
Southern Illinois,2019,104.194,102.494,65.6428,1.69993,1.7000000000000028,
Southern Miss,2019,106.516,100.098,64.671,6.41779,6.418000000000006,
Southern Utah,2019,96.4563,106.362,70.9119,-9.90562,-9.905699999999996,
St. Bonaventure,2019,101.97,96.8019,63.7948,5.16812,5.1680999999999955,
St. Francis NY,2019,95.7217,105.213,68.2721,-9.49161,-9.491299999999995,
St. Francis PA,2019,105.136,113.251,67.9898,-8.11443,-8.115000000000009,
St. John's,2019,109.671,100.92,70.4832,8.75182,8.751000000000005,11.0
Stanford,2019,103.274,98.1537,69.7863,5.12042,5.1203,
Stephen F. Austin,2019,95.3061,108.055,68.6702,-12.7492,-12.748900000000006,
Stetson,2019,97.5551,113.376,68.7155,-15.8211,-15.820900000000009,
Stony Brook,2019,99.1337,99.8855,68.8958,-0.751765,-0.7517999999999887,
Syracuse,2019,110.213,93.9133,66.0629,16.3,16.299699999999987,8.0
TCU,2019,110.357,96.1846,68.7688,14.1725,14.172399999999996,
Temple,2019,108.851,99.4587,68.7589,9.3923,9.392300000000006,11.0
Tennessee,2019,122.479,95.4987,67.703,26.98,26.9803,2.0
Tennessee Martin,2019,104.544,115.165,68.309,-10.6212,-10.62100000000001,
Tennessee St.,2019,98.3954,109.472,69.2896,-11.0763,-11.0766,
Tennessee Tech,2019,89.4202,104.608,68.1468,-15.1881,-15.18780000000001,
Texas,2019,114.07,96.1787,64.2286,17.8908,17.891299999999987,
Texas A&M,2019,106.904,99.4118,67.2706,7.49169,7.492199999999997,
Texas A&M Corpus Christi,2019,94.4776,104.421,64.7448,-9.94367,-9.943400000000011,
Texas Southern,2019,103.973,108.477,74.4982,-4.50359,-4.504000000000005,
Texas St.,2019,102.046,97.6794,65.0052,4.367,4.366600000000005,
Texas Tech,2019,112.694,85.9468,66.5403,26.7476,26.747200000000007,3.0
The Citadel,2019,106.573,114.164,73.5135,-7.5908,-7.591000000000008,
Toledo,2019,110.011,98.0138,67.4606,11.9973,11.997199999999992,
Towson,2019,100.056,110.539,63.3624,-10.4831,-10.483000000000004,
Troy,2019,102.778,110.182,66.8624,-7.40411,-7.403999999999996,
Tulane,2019,96.4776,107.253,69.6007,-10.7752,-10.775400000000005,
Tulsa,2019,104.647,100.415,68.6702,4.23166,4.231999999999999,
UAB,2019,106.362,104.525,64.9071,1.83645,1.836999999999989,
UC Davis,2019,96.2063,103.699,65.714,-7.49286,-7.492699999999999,
UC Irvine,2019,106.606,97.144,65.0838,9.46217,9.461999999999989,13.0
UC Riverside,2019,98.0702,113.022,63.1416,-14.9521,-14.951800000000006,
UC Santa Barbara,2019,105.046,105.847,64.5388,-0.800879,-0.8009999999999877,
UCF,2019,110.31,95.7335,64.7843,14.5761,14.576499999999996,9.0
UCLA,2019,108.419,102.535,72.3673,5.88337,5.884,
UMass Lowell,2019,104.301,112.154,69.6994,-7.85363,-7.852999999999994,
UMBC,2019,95.9118,101.662,64.8239,-5.75064,-5.750200000000007,
UMKC,2019,100.91,107.048,66.1745,-6.13794,-6.138000000000005,
UNC Asheville,2019,92.7624,116.875,61.7689,-24.1131,-24.1126,
UNC Greensboro,2019,106.538,97.9441,67.4135,8.59419,8.59389999999999,
UNC Wilmington,2019,105.285,114.322,69.1323,-9.03746,-9.037000000000006,
UNLV,2019,105.845,105.98,67.3529,-0.135181,-0.13500000000000512,
USC,2019,109.216,101.568,69.4073,7.64821,7.647999999999996,
USC Upstate,2019,92.783,111.327,67.9093,-18.544,-18.543999999999997,
UT Arlington,2019,101.149,99.6082,66.1199,1.54052,1.5408000000000044,
UT Rio Grande Valley,2019,99.262,99.6347,70.0964,-0.372695,-0.3726999999999947,
Utah,2019,114.207,108.812,66.2264,5.39427,5.394999999999996,
Utah St.,2019,112.966,96.3467,67.7963,16.6198,16.619299999999996,8.0
Utah Valley,2019,109.005,101.831,68.3512,7.17399,7.173999999999992,
UTEP,2019,89.8435,101.067,67.8174,-11.224,-11.223499999999987,
UTSA,2019,105.703,104.047,71.9533,1.65626,1.656000000000006,
Valparaiso,2019,97.9219,102.837,65.0801,-4.91488,-4.91510000000001,
Vanderbilt,2019,101.986,101.195,67.0967,0.791059,0.791000000000011,
VCU,2019,104.312,88.6222,68.1835,15.6895,15.689799999999991,8.0
Vermont,2019,107.949,99.2286,65.3218,8.72064,8.720399999999998,13.0
Villanova,2019,116.973,98.1987,63.6099,18.7745,18.774299999999997,6.0
Virginia,2019,123.571,87.9163,59.2665,35.6552,35.65469999999999,1.0
Virginia Tech,2019,118.433,93.9634,63.2505,24.4696,24.469600000000014,4.0
VMI,2019,102.226,112.267,71.4249,-10.0417,-10.040999999999997,
Wagner,2019,93.7646,107.201,63.6371,-13.4364,-13.436399999999992,
Wake Forest,2019,104.608,104.831,67.3932,-0.223347,-0.22299999999999898,
Washington,2019,106.98,93.6134,65.8589,13.3669,13.366600000000005,9.0
Washington St.,2019,105.898,110.208,70.4586,-4.31013,-4.310000000000002,
Weber St.,2019,101.315,106.372,70.9685,-5.05715,-5.057000000000002,
West Virginia,2019,109.05,101.789,70.1799,7.26105,7.260999999999996,
Western Carolina,2019,101.643,110.859,69.3602,-9.2154,-9.215999999999994,
Western Illinois,2019,97.3095,108.279,67.1794,-10.9695,-10.969499999999996,
Western Kentucky,2019,104.857,99.5857,67.5919,5.27172,5.2712999999999965,
Western Michigan,2019,99.0027,106.614,69.066,-7.61137,-7.6113,
Wichita St.,2019,105.911,98.4236,67.7776,7.4877,7.487400000000008,
William & Mary,2019,103.309,107.96,68.4839,-4.65148,-4.650999999999996,
Winthrop,2019,106.397,107.602,72.57,-1.20446,-1.2049999999999983,
Wisconsin,2019,110.809,87.134,63.61,23.675,23.674999999999997,5.0
Wofford,2019,118.357,97.6422,65.6363,20.7146,20.714799999999997,7.0
Wright St.,2019,105.938,101.604,64.9762,4.33381,4.334000000000003,
Wyoming,2019,94.9571,108.609,68.2655,-13.6523,-13.651899999999998,
Xavier,2019,110.834,100.405,64.8013,10.4295,10.429000000000002,
Yale,2019,111.702,103.115,70.7049,8.58693,8.587000000000003,14.0
Youngstown St.,2019,103.895,112.196,66.8988,-8.30074,-8.301000000000002,
Abilene Christian,2021,103.047,92.9196,69.9524,10.1273,10.127399999999994,14.0
Air Force,2021,94.4641,110.466,63.1058,-16.0021,-16.001899999999992,
Akron,2021,108.767,100.5,68.7787,8.26765,8.266999999999996,
Alabama,2021,111.722,86.734,73.9267,24.9876,24.988,2.0
Alabama A&M,2021,84.3924,105.836,67.8101,-21.4437,-21.443600000000004,
Alabama St.,2021,83.9387,110.457,71.0818,-26.5184,-26.518299999999996,
Albany,2021,97.296,103.799,69.895,-6.50325,-6.503,
Alcorn St.,2021,90.5317,110.238,69.7204,-19.7065,-19.7063,
American,2021,96.5962,105.709,67.7644,-9.11268,-9.112800000000007,
Appalachian St.,2021,99.3998,103.738,65.6825,-4.33805,-4.3382000000000005,16.0
Arizona,2021,113.405,97.4671,68.0267,15.9375,15.937899999999999,
Arizona St.,2021,106.479,100.247,72.8178,6.23213,6.231999999999999,
Arkansas,2021,111.502,89.9724,73.1045,21.5292,21.529600000000002,3.0
Arkansas Pine Bluff,2021,90.7664,114.812,67.2603,-24.0453,-24.045599999999993,
Arkansas St.,2021,98.9901,106.992,67.9173,-8.00151,-8.001900000000006,
Army,2021,98.657,100.922,68.4317,-2.26514,-2.2650000000000006,
Auburn,2021,111.349,98.328,71.2598,13.0213,13.021,
Austin Peay,2021,103.905,108.644,67.0697,-4.73885,-4.739000000000004,
Ball St.,2021,103.524,101.047,70.9735,2.47673,2.477000000000004,
Baylor,2021,123.265,93.7679,68.3891,29.4969,29.497100000000003,1.0
Bellarmine,2021,107.357,108.607,64.6889,-1.25025,-1.25,
Belmont,2021,109.519,101.724,71.0482,7.79524,7.795000000000002,
Bethune Cookman,2021,90.1922,112.284,72.6185,-22.0917,-22.091800000000006,
Binghamton,2021,97.1429,112.053,66.2475,-14.9105,-14.9101,
Boise St.,2021,109.141,95.5776,69.4004,13.5633,13.563400000000001,
Boston College,2021,104.974,103.169,71.1204,1.80552,1.8050000000000068,
Boston University,2021,100.538,108.575,65.931,-8.03681,-8.037000000000006,
Bowling Green,2021,107.193,102.016,70.4258,5.17672,5.1769999999999925,
Bradley,2021,103.41,101.367,66.1874,2.04346,2.042999999999992,
Brown,2021,95.2542,102.518,69.9965,-7.26366,-7.263800000000003,
Bryant,2021,103.686,103.97,73.5938,-0.283342,-0.2839999999999918,
Bucknell,2021,97.383,107.49,72.165,-10.1068,-10.107,
Buffalo,2021,107.288,94.9042,73.599,12.3843,12.383799999999994,
Butler,2021,102.766,96.8449,64.8811,5.92072,5.92110000000001,
BYU,2021,113.107,92.1612,67.9796,20.9462,20.945800000000006,6.0
Cal Baptist,2021,103.757,110.934,70.833,-7.17681,-7.1769999999999925,
Cal Poly,2021,89.3527,106.219,67.0974,-16.8662,-16.866299999999995,
Cal St. Bakersfield,2021,103.771,101.843,63.9325,1.92809,1.9279999999999973,
Cal St. Fullerton,2021,100.98,109.859,72.061,-8.87941,-8.87899999999999,
Cal St. Northridge,2021,100.809,110.904,70.443,-10.095,-10.094999999999999,
California,2021,103.334,100.735,65.0621,2.59863,2.5990000000000038,
Campbell,2021,102.947,107.217,64.2288,-4.27002,-4.269999999999996,
Canisius,2021,99.148,106.654,70.9002,-7.50572,-7.506,
Central Arkansas,2021,97.1227,113.696,71.1401,-16.5729,-16.573300000000003,
Central Connecticut,2021,92.8863,111.223,70.63,-18.337,-18.336699999999993,
Central Michigan,2021,100.421,110.575,72.3587,-10.1545,-10.153999999999996,
Charleston,2021,102.32,108.117,63.8445,-5.79715,-5.797000000000011,
Charleston Southern,2021,89.9024,107.98,69.8875,-18.0774,-18.077600000000004,
Charlotte,2021,97.1924,103.547,62.9761,-6.355,-6.354599999999991,
Chattanooga,2021,102.946,101.977,66.7146,0.968511,0.9689999999999941,
Chicago St.,2021,88.2708,117.669,67.7559,-29.398,-29.398200000000003,
Cincinnati,2021,103.269,97.5408,70.9835,5.72803,5.728200000000001,
Clemson,2021,106.87,90.7046,64.2422,16.1652,16.165400000000005,7.0
Cleveland St.,2021,100.852,99.4794,66.3028,1.37289,1.3726000000000056,15.0
Coastal Carolina,2021,100.219,100.588,70.9261,-0.369163,-0.3689999999999998,
Colgate,2021,110.89,100.668,72.4472,10.2223,10.221999999999994,14.0
Colorado,2021,114.417,92.7358,66.3585,21.6816,21.681200000000004,5.0
Colorado St.,2021,107.932,94.903,69.4839,13.0292,13.028999999999996,
Columbia,2021,94.7192,105.534,69.2325,-10.8147,-10.814800000000005,
Connecticut,2021,113.581,91.6796,66.0354,21.9011,21.90140000000001,7.0
Coppin St.,2021,90.8887,101.973,77.1134,-11.084,-11.084299999999999,
Cornell,2021,101.404,106.165,67.1275,-4.76066,-4.76100000000001,
Creighton,2021,114.87,93.5652,69.0627,21.3051,21.3048,5.0
Dartmouth,2021,94.8932,105.155,66.8705,-10.2617,-10.261800000000008,
Davidson,2021,114.217,100.236,62.8759,13.9813,13.980999999999995,
Dayton,2021,108.417,97.591,66.2096,10.8259,10.826000000000008,
Delaware,2021,97.1962,102.737,66.8263,-5.54095,-5.54079999999999,
Delaware St.,2021,90.839,114.796,73.6156,-23.9573,-23.957000000000008,
Denver,2021,93.3716,112.891,71.183,-19.519,-19.519400000000005,
DePaul,2021,97.6582,94.2667,70.9075,3.39149,3.3914999999999935,
Detroit,2021,109.703,108.137,67.4349,1.56574,1.5660000000000025,
Dixie St.,2021,90.8199,107.246,73.3704,-16.4257,-16.42609999999999,
Drake,2021,113.949,99.3062,66.7599,14.6425,14.642799999999994,11.0
Drexel,2021,107.143,105.525,64.2271,1.6183,1.617999999999995,16.0
Duke,2021,114.798,96.6159,68.8659,18.1822,18.182100000000005,
Duquesne,2021,101.942,96.3825,69.1846,5.55968,5.5595,
East Carolina,2021,99.1459,98.7894,68.1591,0.356484,0.35649999999999693,
East Tennessee St.,2021,103.074,98.8195,65.6963,4.25453,4.254499999999993,
Eastern Illinois,2021,95.5439,108.403,69.2083,-12.8593,-12.859100000000012,
Eastern Kentucky,2021,101.071,101.245,75.1077,-0.174253,-0.1740000000000066,
Eastern Michigan,2021,97.337,107.82,68.3841,-10.4828,-10.48299999999999,
Eastern Washington,2021,107.67,101.018,72.3499,6.65145,6.652000000000001,14.0
Elon,2021,96.7933,100.407,66.7757,-3.61317,-3.6136999999999944,
Evansville,2021,105.657,109.627,62.2967,-3.97011,-3.969999999999999,
Fairfield,2021,94.7434,107.413,64.623,-12.6691,-12.669600000000003,
Fairleigh Dickinson,2021,101.063,112.42,70.9838,-11.3569,-11.357,
FIU,2021,97.1507,108.924,70.6465,-11.7728,-11.773300000000006,
Florida,2021,110.975,93.4227,68.6479,17.5522,17.55229999999999,7.0
Florida A&M,2021,90.2201,100.814,68.6837,-10.5941,-10.59389999999999,
Florida Atlantic,2021,101.721,102.861,68.3991,-1.13996,-1.1400000000000006,
Florida Gulf Coast,2021,93.1394,104.33,70.9377,-11.1906,-11.190600000000003,
Florida St.,2021,116.442,94.3726,70.5582,22.0698,22.069399999999987,4.0
Fordham,2021,86.5875,98.7042,64.05,-12.1166,-12.116699999999994,
Fresno St.,2021,99.8941,101.773,66.0541,-1.8792,-1.8789000000000016,
Furman,2021,109.777,100.845,67.9431,8.9319,8.932000000000002,
Gardner Webb,2021,104.502,105.268,66.9812,-0.766474,-0.7660000000000053,
George Mason,2021,101.292,97.7328,68.399,3.55891,3.559200000000004,
George Washington,2021,101.864,107.309,68.1441,-5.44445,-5.444999999999993,
Georgetown,2021,107.693,93.636,69.6374,14.0569,14.057000000000002,12.0
Georgia,2021,107.834,99.1486,73.5161,8.68534,8.685400000000001,
Georgia Southern,2021,93.9047,103.69,67.011,-9.78546,-9.785299999999992,
Georgia St.,2021,105.468,104.289,70.8402,1.17875,1.179000000000002,
Georgia Tech,2021,113.332,94.783,67.7637,18.5494,18.548999999999992,9.0
Gonzaga,2021,126.111,89.4872,74.7701,36.6241,36.6238,1.0
Grambling St.,2021,91.5223,106.516,70.0774,-14.9941,-14.993700000000004,
Grand Canyon,2021,103.554,96.5771,65.4771,6.97644,6.9769000000000005,15.0
Green Bay,2021,102.69,109.978,66.2508,-7.28712,-7.287999999999997,
Hampton,2021,94.9446,110.191,70.7193,-15.2462,-15.246400000000008,
Hartford,2021,97.4886,100.22,66.7023,-2.73095,-2.7313999999999936,16.0
Harvard,2021,101.907,102.781,68.3795,-0.873661,-0.8740000000000094,
Hawaii,2021,100.954,104.198,67.1551,-3.24377,-3.2439999999999998,
High Point,2021,96.197,106.934,66.3935,-10.7374,-10.736999999999995,
Hofstra,2021,105.896,107.884,68.3524,-1.98779,-1.9879999999999995,
Holy Cross,2021,97.421,109.101,69.5083,-11.6795,-11.679999999999993,
Houston,2021,118.922,90.1017,64.9246,28.8202,28.820300000000003,2.0
Houston Baptist,2021,92.1299,111.348,72.8807,-19.2182,-19.218099999999993,
Howard,2021,98.2544,111.859,69.9445,-13.6049,-13.60459999999999,
Idaho,2021,89.72,114.132,67.087,-24.412,-24.412000000000006,
Idaho St.,2021,92.9688,102.727,64.5159,-9.75845,-9.758200000000002,
Illinois,2021,118.957,88.3445,70.7135,30.6122,30.612499999999997,1.0
Illinois Chicago,2021,93.4525,103.94,68.4633,-10.4873,-10.487499999999997,
Illinois St.,2021,98.6159,102.0,69.2834,-3.38447,-3.3841000000000037,
Incarnate Word,2021,93.1757,112.462,64.9417,-19.2861,-19.286299999999997,
Indiana,2021,109.345,93.5331,66.1684,15.812,15.811899999999994,
Indiana St.,2021,102.561,96.9816,67.171,5.57957,5.579400000000007,
Iona,2021,100.371,101.407,68.3119,-1.03598,-1.0360000000000014,15.0
Iowa,2021,123.496,94.5925,69.9829,28.9031,28.903499999999994,2.0
Iowa St.,2021,99.7934,100.497,70.1602,-0.703788,-0.7035999999999945,
IUPUI,2021,96.4943,104.898,72.4399,-8.40399,-8.4037,
Jackson St.,2021,87.7513,97.8304,68.7417,-10.0791,-10.079099999999997,
Jacksonville,2021,93.1841,105.382,67.931,-12.1974,-12.197900000000004,
Jacksonville St.,2021,104.978,104.197,66.1265,0.780385,0.7809999999999917,
James Madison,2021,103.484,103.658,72.1367,-0.173457,-0.1740000000000066,
Kansas,2021,109.615,88.5839,68.2629,21.0313,21.031099999999995,3.0
Kansas St.,2021,99.0924,98.2286,65.7669,0.86376,0.8637999999999977,
Kennesaw St.,2021,87.2903,105.221,69.6755,-17.9305,-17.9307,
Kent St.,2021,106.036,98.6252,70.0418,7.41109,7.410799999999995,
Kentucky,2021,108.18,92.9496,68.3789,15.2302,15.230400000000003,
La Salle,2021,102.065,105.03,68.8432,-2.96568,-2.9650000000000034,
Lafayette,2021,103.062,111.506,68.9422,-8.44417,-8.444000000000003,
Lamar,2021,92.7176,105.753,67.8072,-13.0357,-13.035399999999996,
Lehigh,2021,91.8037,108.548,70.2959,-16.7444,-16.744299999999996,
Liberty,2021,110.143,101.773,63.1252,8.37002,8.370000000000005,13.0
Lipscomb,2021,100.473,107.58,66.3837,-7.10655,-7.106999999999999,
Little Rock,2021,98.1104,105.088,67.2752,-6.97717,-6.977599999999995,
LIU,2021,93.7719,103.019,74.0078,-9.24683,-9.247100000000003,
Long Beach St.,2021,97.0017,105.036,74.0597,-8.03406,-8.034300000000002,
Longwood,2021,98.0008,104.752,65.3282,-6.75151,-6.751199999999997,
Louisiana,2021,100.12,104.218,71.2585,-4.09762,-4.097999999999999,
Louisiana Monroe,2021,93.0354,105.381,67.4398,-12.3452,-12.345600000000005,
Louisiana Tech,2021,103.402,93.0587,69.4319,10.3437,10.3433,
Louisville,2021,107.785,93.6839,65.9791,14.1007,14.101100000000002,
Loyola Chicago,2021,110.416,86.6625,64.1938,23.7539,23.753500000000003,8.0
Loyola Marymount,2021,107.285,99.2047,66.2647,8.08024,8.080299999999994,
Loyola MD,2021,96.9588,101.297,68.7173,-4.33853,-4.3382000000000005,
LSU,2021,119.771,100.181,70.7574,19.5899,19.590000000000003,8.0
Maine,2021,85.8531,105.449,64.9156,-19.5961,-19.5959,
Manhattan,2021,89.4831,103.428,67.3424,-13.9449,-13.944900000000004,
Marist,2021,91.5702,100.981,66.3931,-9.41112,-9.410799999999995,
Marquette,2021,107.558,96.8003,67.7183,10.7573,10.757700000000014,
Marshall,2021,109.35,100.213,72.8932,9.1372,9.137,
Maryland,2021,110.916,92.1984,65.3286,18.7175,18.71759999999999,10.0
Maryland Eastern Shore,2021,83.9692,111.132,68.0815,-27.1627,-27.162800000000004,
Massachusetts,2021,105.658,99.5008,72.0136,6.15706,6.157200000000003,
McNeese St.,2021,95.5005,114.474,68.7776,-18.9732,-18.9735,
Memphis,2021,103.454,86.759,72.0585,16.6949,16.694999999999993,
Mercer,2021,106.203,102.467,68.0215,3.7362,3.736000000000004,
Merrimack,2021,91.086,101.377,66.8405,-10.291,-10.290999999999997,
Miami FL,2021,102.111,98.6242,68.0699,3.487,3.4868000000000023,
Miami OH,2021,106.212,104.59,66.0864,1.62287,1.6219999999999999,
Michigan,2021,119.434,88.6425,66.8217,30.7915,30.7915,1.0
Michigan St.,2021,106.989,92.9745,68.6334,14.0141,14.014499999999998,11.0
Middle Tennessee,2021,91.1436,103.742,69.5379,-12.5981,-12.598399999999998,
Milwaukee,2021,102.206,106.242,70.0811,-4.03598,-4.036000000000001,
Minnesota,2021,108.676,94.7229,70.2486,13.9536,13.953100000000006,
Mississippi,2021,106.386,91.0397,65.0579,15.3459,15.3463,
Mississippi St.,2021,106.474,95.2879,65.6985,11.1857,11.18610000000001,
Mississippi Valley St.,2021,78.9569,120.876,71.4079,-41.9191,-41.9191,
Missouri,2021,110.248,95.0983,68.7329,15.15,15.14970000000001,9.0
Missouri St.,2021,107.507,98.0782,69.3853,9.42878,9.42880000000001,
Monmouth,2021,98.9163,104.778,74.4787,-5.8613,-5.861699999999999,
Montana,2021,98.0064,101.859,66.0296,-3.85233,-3.8525999999999954,
Montana St.,2021,98.7154,104.167,68.5642,-5.45167,-5.451599999999999,
Morehead St.,2021,100.165,96.2694,65.5948,3.89559,3.8956000000000017,14.0
Morgan St.,2021,99.816,104.937,72.1947,-5.12074,-5.120999999999995,
Mount St. Mary's,2021,95.4181,100.428,62.172,-5.0102,-5.009900000000002,16.0
Murray St.,2021,103.332,103.153,66.4688,0.179133,0.17899999999998784,
NC State,2021,109.389,97.7283,68.1538,11.6607,11.660699999999991,
Navy,2021,103.96,103.163,66.2648,0.797023,0.796999999999997,
Nebraska,2021,102.211,93.5534,72.1116,8.65753,8.657600000000002,
Nebraska Omaha,2021,93.7833,107.149,70.9988,-13.3659,-13.365700000000004,
Nevada,2021,109.029,99.5815,70.0533,9.44741,9.447499999999991,
New Hampshire,2021,95.9888,105.403,66.7541,-9.41443,-9.414200000000008,
New Mexico,2021,91.6628,102.99,68.0607,-11.3273,-11.32719999999999,
New Mexico St.,2021,103.612,102.934,64.9615,0.678536,0.6779999999999973,
New Orleans,2021,97.0691,108.069,72.7151,-11.0003,-10.999899999999997,
Niagara,2021,99.7296,107.214,64.7964,-7.48488,-7.484399999999994,
Nicholls St.,2021,99.9346,103.786,71.8668,-3.8511,-3.851399999999998,
NJIT,2021,94.1472,105.871,68.542,-11.7234,-11.723799999999997,
Norfolk St.,2021,100.613,104.355,67.6936,-3.74215,-3.7420000000000044,16.0
North Alabama,2021,94.2406,105.094,70.9255,-10.8539,-10.853399999999993,
North Carolina,2021,110.111,90.0231,71.8271,20.0876,20.087900000000005,8.0
North Carolina A&T,2021,95.3742,106.29,70.909,-10.9156,-10.915800000000004,
North Carolina Central,2021,93.2571,109.107,66.2725,-15.8501,-15.849900000000005,
North Dakota,2021,96.8932,108.369,67.4296,-11.4754,-11.475800000000007,
North Dakota St.,2021,102.923,101.177,64.904,1.7467,1.7459999999999951,
North Florida,2021,101.424,114.03,66.7724,-12.606,-12.605999999999995,
North Texas,2021,105.362,93.6646,63.0896,11.6975,11.697400000000002,13.0
Northeastern,2021,98.6152,98.2119,67.2978,0.403385,0.40330000000000155,
Northern Arizona,2021,97.6947,113.209,64.2253,-15.5147,-15.514300000000006,
Northern Colorado,2021,98.2474,105.589,68.1452,-7.34207,-7.3416,
Northern Illinois,2021,93.5639,110.573,65.6722,-17.0092,-17.00909999999999,
Northern Iowa,2021,103.236,102.741,69.1248,0.495499,0.49500000000000455,
Northern Kentucky,2021,104.178,107.345,64.9806,-3.16757,-3.1670000000000016,
Northwestern,2021,104.709,92.6619,68.6949,12.047,12.0471,
Northwestern St.,2021,96.4071,111.012,71.1288,-14.6051,-14.6049,
Notre Dame,2021,113.863,103.158,67.4977,10.7053,10.704999999999998,
Oakland,2021,104.217,108.447,69.9565,-4.2297,-4.230000000000004,
Ohio,2021,113.002,101.888,69.3203,11.1142,11.11399999999999,13.0
Ohio St.,2021,122.274,96.8491,67.0815,25.4253,25.424899999999994,2.0
Oklahoma,2021,111.427,94.7836,67.689,16.6439,16.6434,8.0
Oklahoma St.,2021,110.059,91.2923,71.9524,18.7671,18.7667,4.0
Old Dominion,2021,101.069,99.6819,67.722,1.38667,1.3871000000000038,
Oral Roberts,2021,108.656,107.44,71.7646,1.21622,1.2160000000000082,15.0
Oregon,2021,114.453,96.7728,67.2355,17.6799,17.6802,7.0
Oregon St.,2021,109.326,99.1533,65.3971,10.1728,10.172699999999992,12.0
Pacific,2021,103.15,98.2605,67.2587,4.88921,4.889500000000012,
Penn,2021,100.268,104.965,69.4685,-4.69666,-4.697000000000003,
Penn St.,2021,112.66,94.5426,69.4224,18.1172,18.117400000000004,
Pepperdine,2021,107.248,100.725,71.4146,6.52345,6.52300000000001,
Pittsburgh,2021,108.109,98.9491,68.5672,9.16038,9.159899999999993,
Portland,2021,96.1303,112.108,71.3779,-15.9777,-15.977699999999999,
Portland St.,2021,92.212,100.749,69.5716,-8.53721,-8.536999999999992,
Prairie View A&M,2021,94.0805,101.402,69.4664,-7.32145,-7.3215,
Presbyterian,2021,90.6609,105.721,66.0418,-15.0601,-15.060100000000006,
Princeton,2021,104.022,103.558,66.9305,0.464339,0.46399999999999864,
Providence,2021,107.425,96.1711,66.5536,11.2542,11.253900000000002,
Purdue,2021,113.612,91.3407,66.4842,22.2716,22.271299999999997,4.0
Purdue Fort Wayne,2021,100.698,110.604,69.8618,-9.90677,-9.906000000000006,
Quinnipiac,2021,89.5234,100.42,72.2498,-10.8968,-10.896600000000007,
Radford,2021,97.6936,104.385,63.7509,-6.69126,-6.691400000000002,
Rhode Island,2021,104.91,97.1163,69.2463,7.79368,7.793700000000001,
Rice,2021,103.798,106.194,69.5909,-2.396,-2.396000000000001,
Richmond,2021,110.659,97.8641,68.9034,12.7946,12.794900000000013,
Rider,2021,99.3985,113.358,67.8754,-13.9598,-13.959500000000006,
Robert Morris,2021,98.3465,109.891,67.5473,-11.5447,-11.5445,
Rutgers,2021,108.651,90.5084,67.7741,18.1428,18.1426,10.0
Sacramento St.,2021,101.769,110.729,65.5847,-8.96061,-8.959999999999994,
Sacred Heart,2021,98.5759,112.77,66.5356,-14.1945,-14.194099999999992,
St. Joseph's,2021,101.394,104.638,72.3153,-3.24409,-3.2439999999999998,
Saint Louis,2021,110.95,95.4057,67.7794,15.5439,15.544300000000007,
St. Mary's,2021,100.867,89.4391,63.1347,11.428,11.427900000000008,
St. Peter's,2021,90.5,95.5233,66.9921,-5.02327,-5.023300000000006,
Sam Houston St.,2021,100.876,102.184,71.1912,-1.3078,-1.3079999999999927,
Samford,2021,96.4123,105.653,72.9872,-9.24078,-9.240700000000004,
San Diego,2021,96.8859,100.864,70.4715,-3.97788,-3.9780999999999977,
San Diego St.,2021,110.835,89.5391,66.0736,21.296,21.29589999999999,6.0
San Francisco,2021,106.436,98.3375,68.0049,8.09808,8.098500000000001,
San Jose St.,2021,95.7691,111.971,72.0508,-16.2018,-16.20190000000001,
Santa Clara,2021,99.8265,98.803,70.7099,1.02349,1.0234999999999985,
Seattle,2021,97.8029,104.092,69.0481,-6.28941,-6.289100000000005,
Seton Hall,2021,110.358,95.5377,66.7711,14.8206,14.820300000000003,
Siena,2021,99.7014,101.495,66.501,-1.79334,-1.7935999999999979,
SIU Edwardsville,2021,92.648,107.112,68.525,-14.4641,-14.463999999999999,
SMU,2021,109.541,95.7041,69.002,13.8364,13.8369,
South Alabama,2021,103.023,107.872,66.9086,-4.84881,-4.849000000000004,
South Carolina,2021,103.667,98.7468,74.8991,4.92025,4.920200000000008,
South Carolina St.,2021,87.0196,111.981,71.9612,-24.9612,-24.961399999999998,
South Dakota,2021,106.498,106.911,69.2353,-0.412466,-0.4129999999999967,
South Dakota St.,2021,110.582,104.936,71.1822,5.64561,5.645999999999987,
South Florida,2021,100.184,100.823,66.9925,-0.639522,-0.6389999999999958,
Southeast Missouri St.,2021,95.5153,105.28,68.7105,-9.76424,-9.764700000000005,
Southeastern Louisiana,2021,92.583,110.796,68.8714,-18.2133,-18.213000000000008,
Southern,2021,91.0491,104.358,70.9108,-13.3088,-13.308900000000008,
Southern Illinois,2021,99.8282,102.666,66.4638,-2.83778,-2.8378000000000014,
Southern Miss,2021,92.7969,101.103,67.749,-8.30626,-8.3061,
Southern Utah,2021,107.88,105.85,70.1881,2.03061,2.030000000000001,
St. Bonaventure,2021,111.309,90.4885,65.1595,20.8204,20.820499999999996,9.0
St. Francis NY,2021,101.259,112.652,72.8329,-11.3926,-11.393,
St. Francis PA,2021,95.0245,107.242,68.8723,-12.2174,-12.217500000000001,
St. John's,2021,111.232,98.5137,73.642,12.7185,12.7183,
Stanford,2021,104.081,93.8232,69.5189,10.2579,10.257800000000003,
Stephen F. Austin,2021,102.967,101.945,69.9065,1.02254,1.0220000000000056,
Stetson,2021,100.996,108.347,68.7398,-7.35137,-7.350999999999999,
Stony Brook,2021,94.7316,100.927,66.7497,-6.19526,-6.1954000000000065,
Syracuse,2021,113.82,97.5937,69.2068,16.2268,16.226299999999995,11.0
Tarleton St.,2021,96.6135,106.058,64.6733,-9.44417,-9.444500000000005,
TCU,2021,104.265,101.802,66.9319,2.46239,2.462999999999994,
Temple,2021,101.242,98.7861,68.9471,2.45581,2.4558999999999997,
Tennessee,2021,108.804,87.7414,67.3118,21.0624,21.062600000000003,5.0
Tennessee Martin,2021,92.2856,112.975,67.6942,-20.6895,-20.689399999999992,
Tennessee St.,2021,90.2802,104.534,71.4702,-14.2535,-14.253800000000012,
Tennessee Tech,2021,96.13,109.612,69.0994,-13.4817,-13.482,
Texas,2021,113.848,93.2661,69.2079,20.5822,20.581900000000005,3.0
Texas A&M,2021,101.69,98.7964,64.6398,2.89371,2.893599999999992,
Texas A&M Corpus Christi,2021,89.0481,108.745,69.8856,-19.6965,-19.6969,
Texas Southern,2021,98.9834,105.038,71.9846,-6.05453,-6.0545999999999935,16.0
Texas St.,2021,99.2249,100.713,62.7698,-1.488,-1.4880999999999887,
Texas Tech,2021,112.362,91.4155,65.3672,20.9465,20.9465,6.0
The Citadel,2021,103.945,108.753,74.5068,-4.80786,-4.808000000000007,
Toledo,2021,114.901,101.711,69.0979,13.19,13.189999999999998,
Towson,2021,99.1705,110.992,66.0932,-11.821,-11.8215,
Troy,2021,92.0821,104.439,68.5971,-12.3565,-12.356899999999996,
Tulane,2021,99.1716,97.7838,67.6215,1.38778,1.3877999999999986,
Tulsa,2021,102.184,97.6645,65.8059,4.51969,4.519499999999994,
UAB,2021,103.411,95.0434,67.3007,8.36725,8.367599999999996,
UC Davis,2021,97.3343,102.581,69.4925,-5.24709,-5.246700000000004,
UC Irvine,2021,100.516,93.8467,67.6685,6.66902,6.669300000000007,
UC Riverside,2021,102.768,96.1483,66.9807,6.61934,6.619699999999995,
UC San Diego,2021,101.177,108.233,70.0459,-7.05564,-7.055999999999997,
UC Santa Barbara,2021,109.242,97.0104,66.1183,12.2317,12.2316,12.0
UCF,2021,105.862,97.9424,67.4708,7.91945,7.919599999999988,
UCLA,2021,113.403,97.4859,64.6928,15.9175,15.917100000000005,11.0
UMass Lowell,2021,99.7252,105.674,69.3434,-5.94886,-5.948800000000006,
UMBC,2021,100.719,100.4,67.8865,0.318785,0.3189999999999884,
UMKC,2021,95.4797,100.384,62.8767,-4.90478,-4.904300000000006,
UNC Asheville,2021,100.718,107.411,68.5098,-6.69384,-6.692999999999998,
UNC Greensboro,2021,104.118,95.9651,68.4895,8.15332,8.152899999999988,13.0
UNC Wilmington,2021,102.073,109.036,69.3226,-6.96296,-6.963000000000008,
UNLV,2021,103.986,103.976,66.3554,0.0103281,0.010000000000005116,
USC,2021,112.883,90.6583,67.2898,22.2245,22.2247,6.0
USC Upstate,2021,94.8332,109.131,68.5956,-14.2973,-14.297799999999995,
UT Arlington,2021,97.9731,106.011,69.5598,-8.03831,-8.037899999999993,
UT Rio Grande Valley,2021,91.3622,102.774,69.9262,-11.412,-11.4118,
Utah,2021,110.509,98.8252,67.9379,11.6836,11.683800000000005,
Utah St.,2021,105.729,89.2192,68.8615,16.51,16.5098,11.0
Utah Valley,2021,100.035,104.585,70.5242,-4.54948,-4.549999999999997,
UTEP,2021,103.174,100.407,68.1453,2.76678,2.76700000000001,
UTSA,2021,106.249,105.986,72.1193,0.263018,0.262999999999991,
Valparaiso,2021,96.5234,99.1734,67.2727,-2.64998,-2.6500000000000057,
Vanderbilt,2021,108.906,100.336,68.9556,8.56973,8.570000000000007,
VCU,2021,105.49,89.5783,69.8256,15.9115,15.911699999999996,10.0
Vermont,2021,105.495,101.877,66.6864,3.61807,3.618000000000009,
Villanova,2021,118.602,95.984,65.0666,22.6184,22.61800000000001,5.0
Virginia,2021,115.637,92.9824,60.0732,22.6542,22.654600000000002,4.0
Virginia Tech,2021,110.048,94.8276,66.1503,15.2207,15.220399999999998,10.0
VMI,2021,107.837,106.358,70.2126,1.47901,1.4789999999999992,
Wagner,2021,101.177,105.774,65.847,-4.59764,-4.596999999999994,
Wake Forest,2021,101.402,101.463,67.2547,-0.0606496,-0.06099999999999284,
Washington,2021,101.942,102.19,71.3204,-0.248179,-0.24800000000000466,
Washington St.,2021,100.452,93.0909,67.8824,7.36095,7.361099999999993,
Weber St.,2021,106.995,103.053,72.162,3.9424,3.9420000000000073,
West Virginia,2021,116.128,95.8073,69.6016,20.3206,20.320700000000002,3.0
Western Carolina,2021,99.8518,106.581,70.8075,-6.72905,-6.729200000000006,
Western Illinois,2021,97.3226,109.668,71.7936,-12.3452,-12.345400000000012,
Western Kentucky,2021,105.665,96.9924,67.8481,8.67238,8.672600000000003,
Western Michigan,2021,95.0851,104.54,66.2695,-9.45528,-9.45490000000001,
Wichita St.,2021,109.988,98.4414,67.5992,11.5469,11.546599999999998,11.0
William & Mary,2021,94.9111,106.78,68.378,-11.8691,-11.868899999999996,
Winthrop,2021,105.093,96.1535,73.6395,8.93908,8.93950000000001,12.0
Wisconsin,2021,112.522,89.8672,64.9341,22.6545,22.65480000000001,9.0
Wofford,2021,106.344,101.706,66.1789,4.63789,4.637999999999991,
Wright St.,2021,108.634,95.8604,71.3919,12.7736,12.773600000000002,
Wyoming,2021,109.187,108.779,69.3139,0.407159,0.40800000000000125,
Xavier,2021,110.683,97.3924,68.2155,13.2908,13.290600000000012,
Yale,2021,107.109,101.689,68.2275,5.42034,5.420000000000002,
Youngstown St.,2021,102.543,108.832,67.9236,-6.28963,-6.288999999999987,
Abilene Christian,2022,102.991,99.3582,69.9104,3.6328,3.632800000000003,
Air Force,2022,96.0428,103.815,63.158,-7.77245,-7.772199999999998,
Akron,2022,106.151,102.661,62.0745,3.48951,3.489999999999995,13.0
Alabama,2022,116.098,98.7358,71.7144,17.3625,17.3622,6.0
Alabama A&M,2022,87.5505,101.052,66.4661,-13.5019,-13.501500000000007,
Alabama St.,2022,97.2361,110.478,69.3423,-13.2421,-13.241900000000001,
Albany,2022,92.3171,102.952,65.035,-10.6352,-10.634900000000002,
Alcorn St.,2022,97.2022,105.667,67.7171,-8.46502,-8.464799999999997,
American,2022,94.5285,110.811,64.8182,-16.2826,-16.282500000000013,
Appalachian St.,2022,101.719,100.492,64.1005,1.22665,1.2269999999999897,
Arizona,2022,119.64,92.431,72.1752,27.2089,27.209000000000003,1.0
Arizona St.,2022,101.401,93.2385,67.1827,8.1626,8.162499999999994,
Arkansas,2022,111.072,92.0511,70.59,19.0214,19.020899999999997,4.0
Arkansas Pine Bluff,2022,97.9501,119.442,67.0211,-21.4923,-21.491899999999987,
Arkansas St.,2022,100.214,100.98,68.2275,-0.76568,-0.7660000000000053,
Army,2022,96.6064,107.816,68.6786,-11.2091,-11.209600000000009,
Auburn,2022,113.602,89.1491,70.0205,24.453,24.4529,2.0
Austin Peay,2022,95.1182,105.728,64.5247,-10.6094,-10.609799999999993,
Ball St.,2022,101.804,109.827,69.8411,-8.02248,-8.022999999999996,
Baylor,2022,117.874,91.5538,67.2084,26.3204,26.3202,1.0
Bellarmine,2022,108.229,110.611,61.9093,-2.38275,-2.382000000000005,
Belmont,2022,108.581,98.5702,68.7928,10.0104,10.010800000000003,
Bethune Cookman,2022,93.2443,109.983,65.6971,-16.7383,-16.73870000000001,
Binghamton,2022,95.0265,105.913,66.9834,-10.8868,-10.886499999999998,
Boise St.,2022,108.443,92.0306,64.6171,16.412,16.41239999999999,8.0
Boston College,2022,104.015,100.535,64.8346,3.47973,3.480000000000004,
Boston University,2022,105.753,109.117,65.0823,-3.36461,-3.3640000000000043,
Bowling Green,2022,103.164,113.09,72.6713,-9.9252,-9.926000000000002,
Bradley,2022,105.138,96.7023,67.1234,8.43587,8.435700000000011,
Brown,2022,100.485,103.387,67.2499,-2.90163,-2.902000000000001,
Bryant,2022,104.211,105.162,72.1799,-0.950484,-0.9510000000000076,16.0
Bucknell,2022,100.075,117.29,67.5388,-17.2153,-17.215000000000003,
Buffalo,2022,107.273,103.614,70.945,3.65895,3.658999999999992,
Butler,2022,102.581,98.8651,63.7592,3.71558,3.715900000000005,
BYU,2022,110.273,96.4516,67.7621,13.8217,13.821399999999997,
Cal Baptist,2022,99.1925,103.411,67.5289,-4.21834,-4.218500000000006,
Cal Poly,2022,93.422,105.672,64.545,-12.2501,-12.25,
Cal St. Bakersfield,2022,98.0447,106.626,64.2867,-8.58144,-8.581299999999999,
Cal St. Fullerton,2022,104.656,102.553,65.9926,2.10306,2.1030000000000086,15.0
Cal St. Northridge,2022,94.3929,110.123,64.8522,-15.7303,-15.730100000000007,
California,2022,100.724,98.0937,63.962,2.63062,2.6303000000000054,
Campbell,2022,100.831,104.728,62.3151,-3.89666,-3.8969999999999914,
Canisius,2022,97.1472,105.777,68.1174,-8.62936,-8.629800000000003,
Central Arkansas,2022,98.9185,113.028,71.7951,-14.11,-14.109500000000011,
Central Connecticut,2022,91.5986,111.406,64.4898,-19.8069,-19.8074,
Central Michigan,2022,96.6292,109.962,67.405,-13.3328,-13.332800000000006,
Charleston,2022,104.562,103.055,73.4175,1.50633,1.5069999999999908,
Charleston Southern,2022,92.2791,112.79,68.8418,-20.5107,-20.510900000000007,
Charlotte,2022,104.976,107.525,65.3523,-2.54873,-2.5490000000000066,
Chattanooga,2022,110.028,98.756,64.6362,11.2724,11.272000000000006,13.0
Chicago St.,2022,95.7264,113.093,65.5267,-17.3664,-17.366600000000005,
Cincinnati,2022,104.492,97.449,67.442,7.04257,7.043000000000006,
Clemson,2022,109.955,99.56,66.1535,10.3946,10.394999999999996,
Cleveland St.,2022,103.693,106.281,67.588,-2.58815,-2.588000000000008,
Coastal Carolina,2022,103.174,102.305,66.0402,0.869638,0.8689999999999998,
Colgate,2022,108.276,104.059,67.2561,4.21729,4.216999999999999,14.0
Colorado,2022,106.883,95.4213,67.2331,11.4614,11.461699999999993,
Colorado St.,2022,114.159,98.3029,65.0792,15.8566,15.856100000000012,6.0
Columbia,2022,93.3178,114.46,69.422,-21.1418,-21.14219999999999,
Connecticut,2022,113.924,94.5963,64.8837,19.3281,19.327700000000007,5.0
Coppin St.,2022,92.1057,103.812,72.1229,-11.7067,-11.706299999999999,
Cornell,2022,103.629,105.372,71.6332,-1.74335,-1.742999999999995,
Creighton,2022,105.588,92.1195,66.8916,13.4685,13.468499999999992,9.0
Dartmouth,2022,98.8765,101.333,64.582,-2.45604,-2.4565000000000055,
Davidson,2022,116.781,101.978,64.6212,14.8028,14.803000000000011,10.0
Dayton,2022,108.984,95.7071,62.9884,13.2768,13.276899999999998,
Delaware,2022,106.849,104.566,66.6342,2.283,2.2830000000000013,15.0
Delaware St.,2022,86.3491,110.644,68.3204,-24.295,-24.2949,
Denver,2022,100.268,110.795,66.2589,-10.5273,-10.527000000000001,
DePaul,2022,107.04,100.307,68.6654,6.73293,6.733000000000004,
Detroit Mercy,2022,105.58,110.622,64.6442,-5.04255,-5.042000000000002,
Dixie St.,2022,95.9542,105.017,71.2695,-9.06257,-9.062799999999996,
Drake,2022,108.384,98.594,66.0678,9.78985,9.790000000000006,
Drexel,2022,104.494,103.57,66.3185,0.923925,0.9240000000000066,
Duke,2022,119.363,95.6508,67.3866,23.7124,23.712199999999996,2.0
Duquesne,2022,98.9604,108.986,65.7625,-10.0253,-10.025599999999997,
East Carolina,2022,102.799,103.874,67.5161,-1.0754,-1.0749999999999886,
East Tennessee St.,2022,107.961,109.172,65.2463,-1.21161,-1.2109999999999985,
Eastern Illinois,2022,83.5344,108.91,64.6355,-25.3753,-25.37559999999999,
Eastern Kentucky,2022,101.367,109.359,70.7724,-7.9917,-7.99199999999999,
Eastern Michigan,2022,94.1293,107.392,69.101,-13.2625,-13.262699999999995,
Eastern Washington,2022,103.997,107.898,69.305,-3.90189,-3.9009999999999962,
Elon,2022,99.8212,107.16,65.6889,-7.33909,-7.338799999999992,
Evansville,2022,92.998,106.85,63.9531,-13.8524,-13.85199999999999,
Fairfield,2022,100.346,104.126,64.1276,-3.78052,-3.780000000000001,
Fairleigh Dickinson,2022,94.9538,114.788,69.5091,-19.8337,-19.834199999999996,
FIU,2022,97.5179,106.286,66.6036,-8.7686,-8.768100000000004,
Florida,2022,111.357,98.066,64.8593,13.2914,13.290999999999997,
Florida A&M,2022,94.9704,107.766,65.3883,-12.7959,-12.795600000000007,
Florida Atlantic,2022,106.269,102.372,67.2468,3.89658,3.8970000000000056,
Florida Gulf Coast,2022,104.335,107.422,69.6685,-3.08783,-3.0870000000000033,
Florida St.,2022,104.952,99.6061,67.7213,5.34586,5.3459,
Fordham,2022,94.6998,95.3433,67.5434,-0.643445,-0.6435000000000031,
Fresno St.,2022,105.078,93.4013,60.7756,11.6767,11.676699999999997,
Furman,2022,113.914,103.063,64.7412,10.8501,10.850999999999999,
Gardner Webb,2022,96.6233,96.8385,67.356,-0.215266,-0.21519999999999584,
George Mason,2022,105.993,101.289,64.7144,4.70439,4.7039999999999935,
George Washington,2022,99.4866,104.026,68.7883,-4.53962,-4.5394000000000005,
Georgetown,2022,104.915,105.452,69.9192,-0.537182,-0.5369999999999919,
Georgia,2022,106.807,110.862,68.4919,-4.05589,-4.054999999999993,
Georgia Southern,2022,96.3503,103.343,65.9915,-6.9932,-6.992699999999999,
Georgia St.,2022,101.532,99.6875,67.1142,1.84485,1.8444999999999965,16.0
Georgia Tech,2022,99.9885,99.7648,67.9364,0.223692,0.223700000000008,
Gonzaga,2022,121.805,88.836,72.4831,32.9688,32.96900000000001,1.0
Grambling St.,2022,93.8124,106.156,69.1621,-12.3436,-12.34360000000001,
Grand Canyon,2022,104.907,96.5349,65.3309,8.37179,8.372100000000003,
Green Bay,2022,92.1118,110.639,64.5742,-18.527,-18.527199999999993,
Hampton,2022,90.6853,105.985,69.0204,-15.3001,-15.299700000000001,
Hartford,2022,101.27,111.402,67.1118,-10.1322,-10.132000000000005,
Harvard,2022,97.9228,102.73,67.0397,-4.80721,-4.807200000000009,
Hawaii,2022,102.022,101.448,65.0558,0.573349,0.5740000000000123,
High Point,2022,98.4269,104.991,66.3768,-6.56395,-6.564099999999996,
Hofstra,2022,108.694,105.357,68.9132,3.33789,3.3370000000000033,
Holy Cross,2022,91.3357,111.521,66.9776,-20.1852,-20.185299999999998,
Houston,2022,117.348,90.8508,63.8376,26.4976,26.497199999999992,5.0
Houston Baptist,2022,95.3517,112.434,68.7168,-17.0828,-17.082300000000004,
Howard,2022,100.361,105.798,70.2939,-5.43696,-5.436999999999998,
Idaho,2022,99.5425,113.916,69.8997,-14.3739,-14.373499999999993,
Idaho St.,2022,94.2305,111.549,63.8018,-17.3181,-17.3185,
Illinois,2022,113.725,94.138,67.0758,19.5866,19.58699999999999,4.0
Illinois Chicago,2022,99.6102,110.098,69.1381,-10.4878,-10.487799999999993,
Illinois St.,2022,105.347,106.546,67.9168,-1.19904,-1.1990000000000123,
Incarnate Word,2022,94.975,116.828,64.5826,-21.8527,-21.85300000000001,
Indiana,2022,107.558,92.6213,66.9603,14.9367,14.936700000000002,12.0
Indiana St.,2022,98.5978,103.052,69.1036,-4.45454,-4.4542,
Iona,2022,107.648,99.4596,68.9014,8.18863,8.188400000000001,
Iowa,2022,121.548,98.0208,69.5965,23.5269,23.527200000000008,5.0
Iowa St.,2022,104.382,90.4362,66.0731,13.9459,13.945800000000006,11.0
IUPUI,2022,79.5426,111.11,62.2724,-31.5669,-31.567400000000006,
Jackson St.,2022,93.5053,102.664,63.6759,-9.15896,-9.158699999999996,
Jacksonville,2022,100.355,100.064,61.3941,0.290376,0.291000000000011,
Jacksonville St.,2022,105.325,103.083,65.1165,2.24147,2.2420000000000044,15.0
James Madison,2022,102.592,107.85,68.7604,-5.25839,-5.257999999999996,
Kansas,2022,119.389,93.8965,69.0976,25.492,25.492499999999993,1.0
Kansas St.,2022,109.415,97.4154,66.5039,11.9999,11.999600000000001,
Kennesaw St.,2022,104.796,109.169,66.1074,-4.37331,-4.3729999999999905,
Kent St.,2022,101.458,99.5444,65.8171,1.91351,1.9136000000000024,
Kentucky,2022,120.191,93.5959,67.3275,26.5948,26.595100000000002,2.0
La Salle,2022,98.9959,103.799,67.111,-4.80304,-4.803100000000001,
Lafayette,2022,97.312,111.812,64.615,-14.4996,-14.5,
Lamar,2022,92.4287,112.327,65.9662,-19.898,-19.898299999999992,
Lehigh,2022,98.2438,110.399,67.9706,-12.155,-12.155200000000008,
Liberty,2022,105.166,101.324,65.2022,3.84155,3.8419999999999987,
Lipscomb,2022,102.305,110.496,69.0794,-8.19157,-8.190999999999988,
Little Rock,2022,97.2468,111.941,66.6397,-14.6943,-14.69420000000001,
LIU,2022,99.8986,105.479,72.2798,-5.58079,-5.580399999999997,
Long Beach St.,2022,103.787,102.181,70.6553,1.6053,1.6060000000000088,
Longwood,2022,106.108,103.624,66.0454,2.48399,2.484000000000009,14.0
Louisiana,2022,101.843,102.657,69.5053,-0.813658,-0.813999999999993,
Louisiana Monroe,2022,101.35,109.348,67.6392,-7.99827,-7.998000000000005,
Louisiana Tech,2022,105.971,98.4421,68.3816,7.52872,7.528900000000007,
Louisville,2022,102.612,100.04,66.9622,2.57134,2.5719999999999885,
Loyola Chicago,2022,110.891,93.196,64.5889,17.6948,17.695000000000007,10.0
Loyola Marymount,2022,106.133,108.37,65.7771,-2.23707,-2.237000000000009,
Loyola MD,2022,96.498,105.24,64.4474,-8.74183,-8.74199999999999,
LSU,2022,107.64,88.5581,68.6446,19.0816,19.081900000000005,6.0
Maine,2022,92.3626,114.564,66.1268,-22.2015,-22.201399999999992,
Manhattan,2022,100.248,108.797,68.4918,-8.54885,-8.548999999999992,
Marist,2022,100.711,104.325,66.0826,-3.61415,-3.6140000000000043,
Marquette,2022,109.787,95.785,70.6644,14.0024,14.00200000000001,9.0
Marshall,2022,101.459,107.136,72.1975,-5.67758,-5.6769999999999925,
Maryland,2022,109.522,99.4036,66.4997,10.1186,10.118400000000008,
Maryland Eastern Shore,2022,91.0246,103.693,67.5,-12.6681,-12.668399999999991,
Massachusetts,2022,111.974,113.333,68.9418,-1.35852,-1.3589999999999947,
McNeese St.,2022,97.8623,110.743,69.5536,-12.8811,-12.88069999999999,
Memphis,2022,110.368,94.1479,70.2976,16.2198,16.220099999999988,9.0
Mercer,2022,105.778,107.585,64.6032,-1.80764,-1.806999999999988,
Merrimack,2022,94.4177,105.961,62.0756,-11.5435,-11.543300000000002,
Miami FL,2022,114.756,102.136,67.2783,12.6207,12.620000000000005,10.0
Miami OH,2022,103.857,111.71,67.6204,-7.85287,-7.852999999999994,
Michigan,2022,114.207,98.5588,66.285,15.6481,15.648199999999989,11.0
Michigan St.,2022,111.275,96.4032,67.5067,14.8717,14.871800000000007,7.0
Middle Tennessee,2022,105.574,98.4337,67.4582,7.14055,7.140299999999996,
Milwaukee,2022,91.9212,108.966,66.7823,-17.0444,-17.044799999999995,
Minnesota,2022,107.258,101.952,65.004,5.30549,5.305999999999997,
Mississippi,2022,105.887,99.8737,65.0824,6.01349,6.013300000000001,
Mississippi St.,2022,110.051,96.0097,65.4602,14.041,14.041300000000007,
Mississippi Valley St.,2022,92.8699,115.434,70.6686,-22.5638,-22.564099999999996,
Missouri,2022,104.096,101.058,65.5121,3.03843,3.0379999999999967,
Missouri St.,2022,113.558,101.28,66.8186,12.2781,12.278000000000006,
Monmouth,2022,102.36,102.095,66.0572,0.265482,0.26500000000000057,
Montana,2022,100.502,106.943,65.1596,-6.44134,-6.4410000000000025,
Montana St.,2022,104.531,100.723,67.294,3.80856,3.808000000000007,14.0
Morehead St.,2022,103.921,99.2034,64.67,4.71782,4.7176000000000045,
Morgan St.,2022,95.2236,106.051,71.6881,-10.8277,-10.827399999999997,
Mount St. Mary's,2022,96.2405,102.769,63.2161,-6.52812,-6.528500000000008,
Murray St.,2022,111.518,95.1287,65.7834,16.389,16.389300000000006,7.0
NC State,2022,109.154,106.6,66.8886,2.55475,2.554000000000002,
Navy,2022,95.384,96.7487,64.586,-1.3647,-1.3646999999999991,
Nebraska,2022,105.887,102.951,71.0448,2.93657,2.936000000000007,
Nebraska Omaha,2022,98.1699,116.314,69.7787,-18.1442,-18.144099999999995,
Nevada,2022,107.112,101.746,70.1106,5.36608,5.366,
New Hampshire,2022,103.121,109.613,62.1765,-6.49225,-6.492000000000004,
New Mexico,2022,107.094,105.652,70.8954,1.44202,1.441999999999993,
New Mexico St.,2022,107.805,97.7021,66.1724,10.1026,10.102900000000005,12.0
New Orleans,2022,97.3403,105.337,71.7276,-7.99718,-7.996700000000004,
Niagara,2022,100.075,102.351,64.2017,-2.27597,-2.2759999999999962,
Nicholls St.,2022,101.508,104.507,69.6443,-2.99836,-2.9990000000000094,
NJIT,2022,89.5715,108.01,65.8958,-18.4388,-18.438500000000005,
Norfolk St.,2022,102.43,102.285,66.9322,0.14543,0.14500000000001023,16.0
North Alabama,2022,90.4239,104.02,67.5973,-13.5957,-13.596099999999993,
North Carolina,2022,113.057,97.0108,70.1492,16.0459,16.0462,8.0
North Carolina A&T,2022,96.9009,107.948,67.3178,-11.0473,-11.0471,
North Carolina Central,2022,96.7874,107.112,67.5,-10.3247,-10.32459999999999,
North Dakota,2022,96.9478,116.388,67.2486,-19.4406,-19.440200000000004,
North Dakota St.,2022,103.378,101.239,66.2569,2.1386,2.138999999999996,
North Florida,2022,97.373,106.03,67.6293,-8.65738,-8.656999999999996,
North Texas,2022,105.496,91.6547,59.0034,13.8413,13.84129999999999,
Northeastern,2022,96.9267,105.053,64.301,-8.12654,-8.1263,
Northern Arizona,2022,95.869,112.535,65.0107,-16.6655,-16.665999999999997,
Northern Colorado,2022,107.827,111.325,69.5465,-3.49782,-3.4980000000000047,
Northern Illinois,2022,93.142,104.114,66.9062,-10.9722,-10.972000000000008,
Northern Iowa,2022,110.345,101.867,67.0638,8.47774,8.477999999999994,
Northern Kentucky,2022,101.132,103.201,64.091,-2.0691,-2.0689999999999884,
Northwestern,2022,106.692,97.2381,67.5816,9.45346,9.45389999999999,
Northwestern St.,2022,98.5317,113.844,71.0994,-15.3127,-15.312299999999993,
Notre Dame,2022,111.997,98.3632,65.7294,13.6336,13.633799999999994,11.0
Oakland,2022,103.073,104.46,67.3379,-1.38765,-1.3870000000000005,
Ohio,2022,104.513,100.648,67.3507,3.86412,3.865000000000009,
Ohio St.,2022,116.627,100.804,64.9727,15.8224,15.822999999999993,7.0
Oklahoma,2022,110.428,94.4718,64.7775,15.9566,15.956199999999995,
Oklahoma St.,2022,103.514,88.6145,67.5525,14.8993,14.899499999999989,
Old Dominion,2022,101.134,102.892,64.195,-1.75775,-1.7579999999999956,
Oral Roberts,2022,109.816,108.949,70.2404,0.866986,0.8670000000000044,
Oregon,2022,109.764,99.525,67.8657,10.2386,10.23899999999999,
Oregon St.,2022,105.564,110.835,66.5016,-5.27103,-5.271000000000001,
Pacific,2022,95.4459,105.859,68.0538,-10.4128,-10.4131,
Penn,2022,106.264,109.671,67.5303,-3.40677,-3.4070000000000107,
Penn St.,2022,105.317,95.972,61.8891,9.345,9.344999999999999,
Pepperdine,2022,97.9102,107.123,69.8108,-9.21268,-9.212800000000001,
Pittsburgh,2022,99.3943,102.21,63.8881,-2.81563,-2.8156999999999925,
Portland,2022,103.071,103.462,68.8138,-0.391188,-0.39100000000000534,
Portland St.,2022,96.0494,103.515,70.8753,-7.46528,-7.465599999999995,
Prairie View A&M,2022,97.2516,107.206,70.1592,-9.95425,-9.954400000000007,
Presbyterian,2022,96.5045,104.943,64.0436,-8.43877,-8.438500000000005,
Princeton,2022,111.662,105.573,66.6906,6.08928,6.089000000000013,
Providence,2022,111.929,98.0491,65.193,13.8797,13.879900000000006,4.0
Purdue,2022,121.268,98.9804,65.764,22.2872,22.287599999999998,3.0
Purdue Fort Wayne,2022,98.7117,103.932,68.2491,-5.22077,-5.220300000000009,
Quinnipiac,2022,102.673,108.516,68.6773,-5.84319,-5.8430000000000035,
Radford,2022,95.3337,105.962,64.0392,-10.6286,-10.62830000000001,
Rhode Island,2022,99.3154,96.2763,67.1721,3.0391,3.0390999999999906,
Rice,2022,106.253,110.491,67.4769,-4.23883,-4.2379999999999995,
Richmond,2022,109.146,99.3205,66.8627,9.82501,9.825500000000005,12.0
Rider,2022,98.9953,104.188,66.7699,-5.19226,-5.192700000000002,
Robert Morris,2022,98.5635,113.787,66.6084,-15.2234,-15.223500000000001,
Rutgers,2022,106.375,95.5107,64.9317,10.8648,10.8643,11.0
Sacramento St.,2022,95.436,108.916,64.1377,-13.48,-13.47999999999999,
Sacred Heart,2022,101.435,115.711,67.2882,-14.2759,-14.275999999999996,
St. Joseph's,2022,100.46,100.063,67.8595,0.397046,0.39699999999999136,
Saint Louis,2022,109.886,97.6929,67.7464,12.1935,12.193100000000001,
St. Mary's,2022,109.764,89.9554,63.493,19.8082,19.8086,5.0
St. Peter's,2022,98.7512,94.4758,65.9614,4.27548,4.2753999999999905,15.0
Sam Houston St.,2022,101.096,98.4527,64.7124,2.64346,2.6433000000000106,
Samford,2022,105.206,106.256,68.9554,-1.04954,-1.0499999999999972,
San Diego,2022,96.8089,101.208,65.4851,-4.39908,-4.399100000000004,
San Diego St.,2022,104.106,85.9549,65.2809,18.151,18.1511,8.0
San Francisco,2022,110.756,92.3886,68.6767,18.3679,18.367400000000004,10.0
San Jose St.,2022,99.5492,109.42,65.3339,-9.8704,-9.870800000000003,
Santa Clara,2022,113.449,101.689,70.7251,11.7599,11.760000000000005,
Seattle,2022,100.152,97.0288,70.3976,3.12319,3.123199999999997,
Seton Hall,2022,108.487,93.5199,67.2574,14.967,14.967099999999988,8.0
Siena,2022,97.9129,104.48,66.2108,-6.56747,-6.567100000000011,
SIU Edwardsville,2022,94.4509,105.561,68.3714,-11.1105,-11.110100000000003,
SMU,2022,110.062,96.6989,68.0122,13.3635,13.363100000000003,
South Alabama,2022,103.823,101.123,66.4514,2.70041,2.6999999999999886,
South Carolina,2022,101.687,94.1502,70.4319,7.53722,7.5367999999999995,
South Carolina St.,2022,93.3705,105.958,69.9462,-12.5879,-12.587499999999991,
South Dakota,2022,104.839,107.326,65.5593,-2.48717,-2.4869999999999948,
South Dakota St.,2022,116.763,105.32,69.4008,11.4429,11.443000000000012,13.0
South Florida,2022,91.0202,97.9035,64.9011,-6.88331,-6.883299999999991,
Southeast Missouri St.,2022,104.546,110.557,71.6853,-6.01085,-6.010999999999996,
Southeastern Louisiana,2022,103.017,112.109,70.5626,-9.09174,-9.091999999999999,
Southern,2022,96.7993,100.497,69.8349,-3.69722,-3.6976999999999975,
Southern Illinois,2022,102.923,98.8622,62.0463,4.06081,4.0608,
Southern Miss,2022,94.2314,112.005,66.9551,-17.7732,-17.773600000000002,
Southern Utah,2022,106.157,106.296,68.3824,-0.138951,-0.13900000000001,
St. Bonaventure,2022,108.235,98.8056,65.6373,9.42906,9.429400000000001,
St. Francis NY,2022,94.8625,109.177,66.5215,-14.3145,-14.31450000000001,
St. Francis PA,2022,95.2766,109.89,67.2445,-14.6139,-14.613399999999999,
St. John's,2022,110.204,97.4082,73.436,12.796,12.7958,
St. Thomas,2022,107.06,119.081,65.1638,-12.0209,-12.021,
Stanford,2022,105.452,99.0955,65.6835,6.35639,6.356499999999997,
Stephen F. Austin,2022,103.026,98.0854,68.8666,4.94049,4.940599999999989,
Stetson,2022,96.6827,109.209,65.6337,-12.5262,-12.526300000000006,
Stony Brook,2022,104.135,111.136,68.1192,-7.00165,-7.000999999999991,
Syracuse,2022,115.094,104.564,67.4631,10.5301,10.530000000000001,
Tarleton St.,2022,99.9548,103.027,62.9781,-3.0727,-3.072199999999995,
TCU,2022,108.261,93.3525,65.834,14.909,14.90849999999999,9.0
Temple,2022,102.171,97.8695,66.2112,4.30172,4.301500000000004,
Tennessee,2022,111.439,86.1987,67.1668,25.2399,25.24029999999999,3.0
Tennessee Martin,2022,96.4944,108.845,68.7702,-12.3504,-12.3506,
Tennessee St.,2022,98.3717,106.699,67.4225,-8.32718,-8.327299999999994,
Tennessee Tech,2022,100.158,107.888,69.2342,-7.7294,-7.730000000000004,
Texas,2022,111.812,91.4059,63.0969,20.4063,20.406099999999995,6.0
Texas A&M,2022,109.079,94.7201,66.6338,14.3587,14.358899999999991,
Texas A&M Corpus Christi,2022,96.9771,103.288,68.9287,-6.3107,-6.310900000000004,16.0
Texas Southern,2022,98.1424,99.4749,67.6207,-1.33245,-1.3325000000000102,16.0
Texas St.,2022,105.79,102.803,63.6513,2.98661,2.987000000000009,
Texas Tech,2022,109.701,85.0595,66.455,24.641,24.641499999999994,3.0
The Citadel,2022,101.278,107.423,70.379,-6.14411,-6.144999999999996,
Toledo,2022,111.256,101.928,68.7289,9.32881,9.328000000000003,
Towson,2022,110.047,99.5447,64.4472,10.5024,10.502299999999991,
Troy,2022,99.0712,99.8706,66.7474,-0.799433,-0.7993999999999915,
Tulane,2022,108.782,101.255,67.8237,7.52681,7.527000000000001,
Tulsa,2022,103.773,104.052,66.3766,-0.279148,-0.2790000000000106,
UAB,2022,112.489,98.456,68.7871,14.0333,14.033000000000001,12.0
UC Davis,2022,98.3768,102.076,67.0256,-3.69897,-3.6991999999999905,
UC Irvine,2022,99.7729,96.1302,65.1048,3.64269,3.642700000000005,
UC Riverside,2022,100.825,100.925,65.2019,-0.100501,-0.09999999999999432,
UC San Diego,2022,102.018,109.552,67.7671,-7.53369,-7.534000000000006,
UC Santa Barbara,2022,105.554,101.999,65.5011,3.55475,3.555000000000007,
UCF,2022,106.558,100.617,67.2911,5.94166,5.9410000000000025,
UCLA,2022,116.076,91.2287,65.5444,24.8472,24.84729999999999,4.0
UMass Lowell,2022,96.3247,103.184,67.3295,-6.85898,-6.85929999999999,
UMBC,2022,103.999,110.144,68.209,-6.1448,-6.14500000000001,
UMKC,2022,100.422,103.417,67.2643,-2.99464,-2.9950000000000045,
UNC Asheville,2022,101.276,105.486,66.4147,-4.20938,-4.210000000000008,
UNC Greensboro,2022,100.401,100.77,62.1205,-0.368174,-0.3689999999999998,
UNC Wilmington,2022,102.808,103.46,65.2465,-0.651764,-0.6519999999999868,
UNLV,2022,108.054,98.5267,66.1628,9.52687,9.527299999999997,
USC,2022,110.473,96.0232,66.022,14.4494,14.449799999999996,7.0
USC Upstate,2022,100.99,110.617,68.2008,-9.62689,-9.62700000000001,
UT Arlington,2022,98.293,102.085,65.058,-3.79232,-3.7919999999999874,
UT Rio Grande Valley,2022,100.217,111.71,71.7047,-11.493,-11.492999999999995,
Utah,2022,107.616,103.669,66.0731,3.94657,3.9470000000000027,
Utah St.,2022,110.572,96.4076,66.4634,14.1642,14.1644,
Utah Valley,2022,103.018,98.395,65.7171,4.62279,4.623000000000005,
UTEP,2022,100.844,100.485,66.4648,0.358266,0.35899999999999466,
UTSA,2022,94.6327,107.68,68.5622,-13.0471,-13.047300000000007,
Valparaiso,2022,103.081,105.349,64.9861,-2.26716,-2.2680000000000007,
Vanderbilt,2022,106.768,94.6641,67.774,12.1042,12.103899999999996,
VCU,2022,100.014,88.1477,68.2785,11.8661,11.866299999999995,
Vermont,2022,110.775,97.7084,64.9527,13.0669,13.066600000000008,13.0
Villanova,2022,117.95,93.8397,62.55,24.1107,24.11030000000001,2.0
Virginia,2022,106.997,97.1897,59.2081,9.80716,9.807299999999998,
Virginia Tech,2022,114.268,96.4045,62.9067,17.8634,17.863500000000002,11.0
VMI,2022,110.812,110.338,68.4173,0.473927,0.47400000000000375,
Wagner,2022,102.158,100.489,66.3992,1.66836,1.668999999999997,
Wake Forest,2022,111.555,96.6232,70.0023,14.9316,14.93180000000001,
Washington,2022,104.278,98.8722,69.3907,5.40541,5.405799999999999,
Washington St.,2022,108.286,94.9848,66.1115,13.3008,13.301199999999994,
Weber St.,2022,103.694,103.959,69.4246,-0.264865,-0.26500000000000057,
West Virginia,2022,108.071,97.0049,67.91,11.0661,11.066099999999992,
Western Carolina,2022,99.1381,110.487,68.1323,-11.3491,-11.3489,
Western Illinois,2022,101.433,106.905,70.442,-5.47214,-5.471999999999994,
Western Kentucky,2022,106.821,101.937,68.4689,4.88457,4.884,
Western Michigan,2022,97.2297,112.097,63.9283,-14.8674,-14.8673,
Wichita St.,2022,104.174,96.145,66.7691,8.02864,8.02900000000001,
William & Mary,2022,90.1121,108.018,68.6652,-17.9058,-17.905900000000003,
Winthrop,2022,105.921,105.509,68.2387,0.412015,0.41200000000000614,
Wisconsin,2022,110.398,94.8142,66.466,15.5839,15.583799999999997,3.0
Wofford,2022,106.561,101.544,64.1314,5.01645,5.01700000000001,
Wright St.,2022,106.365,107.231,68.4334,-0.866069,-0.8659999999999997,16.0
Wyoming,2022,110.173,97.0777,66.0062,13.0956,13.095300000000009,12.0
Xavier,2022,110.936,98.0442,68.1678,12.8916,12.891800000000003,
Yale,2022,101.474,99.2392,68.6807,2.23432,2.234800000000007,14.0
Youngstown St.,2022,103.047,110.949,66.1656,-7.90168,-7.902000000000001,
Abilene Christian,2023,105.903,107.338,69.2174,-1.43456,-1.434999999999988,
Air Force,2023,106.346,104.383,63.1849,1.96378,1.963000000000008,
Akron,2023,109.979,103.507,65.3479,6.47154,6.471999999999994,
Alabama,2023,116.097,88.5549,72.7469,27.5425,27.54209999999999,1.0
Alabama A&M,2023,96.6964,107.978,68.3055,-11.2814,-11.281599999999997,
Alabama St.,2023,93.2549,110.812,66.0089,-17.5566,-17.55709999999999,
Albany,2023,98.8027,116.148,67.3381,-17.3452,-17.345299999999995,
Alcorn St.,2023,102.072,108.246,67.2967,-6.17379,-6.173999999999992,
American,2023,100.842,110.171,62.5744,-9.32928,-9.329000000000008,
Appalachian St.,2023,101.425,102.153,64.9924,-0.728076,-0.7280000000000086,
Arizona,2023,119.979,97.1195,72.3118,22.8595,22.859499999999997,2.0
Arizona St.,2023,107.586,95.2101,68.4035,12.3762,12.375900000000001,11.0
Arkansas,2023,112.596,93.9677,69.6808,18.6287,18.62830000000001,8.0
Arkansas Pine Bluff,2023,94.6485,107.924,69.6298,-13.2758,-13.275500000000008,
Arkansas St.,2023,100.317,109.789,63.4103,-9.47224,-9.472000000000008,
Army,2023,102.988,109.896,68.5704,-6.908,-6.908000000000001,
Auburn,2023,112.689,95.2408,67.6112,17.4484,17.4482,9.0
Austin Peay,2023,97.1354,111.027,64.8002,-13.8918,-13.891599999999997,
Ball St.,2023,108.114,107.891,67.552,0.223292,0.22299999999999898,
Baylor,2023,121.852,101.871,66.551,19.9811,19.98100000000001,3.0
Bellarmine,2023,102.438,110.403,62.1799,-7.96523,-7.965000000000003,
Belmont,2023,111.549,107.466,68.3948,4.08316,4.083000000000013,
Bethune Cookman,2023,97.0744,114.44,69.001,-17.3659,-17.3656,
Binghamton,2023,98.6816,110.614,66.0525,-11.9325,-11.932400000000001,
Boise St.,2023,110.969,93.8352,66.5002,17.1342,17.133799999999994,10.0
Boston College,2023,102.603,103.048,66.575,-0.44508,-0.4450000000000074,
Boston University,2023,98.0993,106.841,65.4502,-8.74178,-8.741699999999994,
Bowling Green,2023,103.694,113.037,69.6647,-9.34242,-9.343000000000004,
Bradley,2023,107.133,97.8883,65.2197,9.2449,9.244699999999995,
Brown,2023,100.779,101.757,69.3412,-0.97802,-0.9780000000000086,
Bryant,2023,104.982,107.822,72.0417,-2.84081,-2.8400000000000034,
Bucknell,2023,99.0204,110.443,66.8207,-11.4224,-11.422600000000003,
Buffalo,2023,104.207,106.81,72.2014,-2.60314,-2.6030000000000086,
Butler,2023,102.451,98.4607,65.5365,3.9903,3.9902999999999906,
BYU,2023,109.17,97.5824,69.5993,11.5872,11.587599999999995,
Cal Baptist,2023,103.743,102.705,64.1085,1.03833,1.0379999999999967,
Cal Poly,2023,94.3033,104.283,64.1768,-9.98019,-9.979700000000008,
Cal St. Bakersfield,2023,95.2121,105.276,63.2238,-10.0638,-10.06389999999999,
Cal St. Fullerton,2023,104.955,100.405,64.8285,4.55028,4.549999999999997,
Cal St. Northridge,2023,95.7684,109.744,65.335,-13.9753,-13.9756,
California,2023,97.7804,105.971,63.5219,-8.1911,-8.190600000000003,
Campbell,2023,105.032,109.8,64.331,-4.7684,-4.768000000000001,
Canisius,2023,101.808,108.486,67.7261,-6.67888,-6.677999999999997,
Central Arkansas,2023,98.6317,113.855,72.2512,-15.2232,-15.223300000000009,
Central Connecticut,2023,97.1259,114.06,64.3965,-16.9344,-16.9341,
Central Michigan,2023,93.0299,108.333,67.2211,-15.3036,-15.3031,
Charleston,2023,111.378,99.6171,70.9567,11.7607,11.760900000000007,12.0
Charleston Southern,2023,105.403,116.655,65.8656,-11.2514,-11.251999999999995,
Charlotte,2023,107.972,103.37,60.4671,4.60123,4.60199999999999,
Chattanooga,2023,108.179,109.21,68.4938,-1.03044,-1.0309999999999917,
Chicago St.,2023,103.198,113.477,64.365,-10.2787,-10.27900000000001,
Cincinnati,2023,112.31,98.9568,68.5349,13.3528,13.353200000000001,
Clemson,2023,111.118,98.4479,68.1594,12.6705,12.67009999999999,
Cleveland St.,2023,104.369,105.147,65.9837,-0.77844,-0.7780000000000058,
Coastal Carolina,2023,104.263,114.738,68.429,-10.4748,-10.474999999999994,
Colgate,2023,112.963,107.67,67.8783,5.29267,5.292999999999992,15.0
Colorado,2023,107.713,94.6627,68.9923,13.0499,13.050299999999993,
Colorado St.,2023,112.275,105.87,66.1486,6.40503,6.405000000000001,
Columbia,2023,94.4661,111.319,69.5359,-16.8528,-16.852900000000005,
Connecticut,2023,119.437,94.0686,66.6901,25.3686,25.368399999999994,4.0
Coppin St.,2023,99.2063,115.245,71.5253,-16.0383,-16.038700000000006,
Cornell,2023,112.029,110.265,71.2653,1.76449,1.7639999999999958,
Creighton,2023,114.621,93.9665,67.9808,20.6545,20.6545,6.0
Dartmouth,2023,99.3659,107.714,68.7968,-8.3477,-8.348100000000002,
Davidson,2023,107.426,104.95,65.1077,2.47584,2.475999999999999,
Dayton,2023,110.018,98.8226,62.3832,11.1957,11.195400000000006,
Delaware,2023,102.539,108.08,67.1632,-5.54168,-5.540999999999997,
Delaware St.,2023,92.1741,112.532,67.9235,-20.3583,-20.3579,
Denver,2023,100.794,111.222,68.5813,-10.4277,-10.427999999999997,
DePaul,2023,107.877,105.611,68.7921,2.26655,2.265999999999991,
Detroit Mercy,2023,111.63,113.462,67.2638,-1.83197,-1.8320000000000078,
Drake,2023,109.84,97.3312,66.4238,12.5086,12.508800000000008,12.0
Drexel,2023,101.185,103.148,63.6711,-1.96266,-1.9629999999999939,
Duke,2023,113.242,94.7531,65.258,18.4885,18.4889,5.0
Duquesne,2023,108.597,104.616,68.2369,3.98084,3.9809999999999945,
East Carolina,2023,103.369,104.092,67.4662,-0.723262,-0.722999999999999,
East Tennessee St.,2023,101.232,107.524,65.8108,-6.29248,-6.292000000000002,
Eastern Illinois,2023,94.0874,111.157,67.9748,-17.0697,-17.069599999999994,
Eastern Kentucky,2023,103.358,103.404,70.178,-0.0459903,-0.04599999999999227,
Eastern Michigan,2023,101.783,114.387,69.2119,-12.604,-12.604,
Eastern Washington,2023,111.545,107.46,68.4619,4.0848,4.085000000000008,
Elon,2023,96.8133,112.79,65.983,-15.9763,-15.976700000000008,
Evansville,2023,91.561,109.922,69.6192,-18.3612,-18.36099999999999,
Fairfield,2023,98.912,106.993,65.0804,-8.08098,-8.080999999999989,
Fairleigh Dickinson,2023,106.175,118.425,68.7636,-12.2499,-12.25,16.0
FIU,2023,102.912,106.476,70.1207,-3.56396,-3.563999999999993,
Florida,2023,108.229,95.4082,69.4161,12.8211,12.820800000000006,
Florida A&M,2023,89.729,110.152,65.0733,-20.4234,-20.423000000000002,
Florida Atlantic,2023,114.275,96.0455,68.4356,18.2298,18.2295,9.0
Florida Gulf Coast,2023,105.016,106.216,66.3494,-1.19931,-1.1999999999999886,
Florida St.,2023,105.208,108.035,68.7389,-2.82667,-2.826999999999998,
Fordham,2023,103.178,100.666,69.7048,2.51142,2.5120000000000005,
Fresno St.,2023,103.527,100.558,64.282,2.96882,2.968999999999994,
Furman,2023,114.2,105.775,68.4584,8.42507,8.424999999999997,13.0
Gardner Webb,2023,99.0122,101.578,66.2324,-2.56602,-2.565799999999996,
George Mason,2023,102.683,101.213,66.3625,1.46996,1.470000000000013,
George Washington,2023,109.163,112.487,69.0606,-3.32429,-3.323999999999998,
Georgetown,2023,103.949,108.294,68.9433,-4.34486,-4.344999999999999,
Georgia,2023,104.428,103.037,67.744,1.39038,1.3909999999999911,
Georgia Southern,2023,100.375,102.99,66.7343,-2.61494,-2.614999999999995,
Georgia St.,2023,98.1475,107.389,67.0189,-9.24194,-9.241500000000002,
Georgia Tech,2023,104.263,104.102,66.7174,0.161039,0.16100000000000136,
Gonzaga,2023,124.004,99.6937,70.0663,24.3101,24.310299999999998,3.0
Grambling St.,2023,100.141,100.792,66.2543,-0.650689,-0.6509999999999962,
Grand Canyon,2023,112.317,106.325,65.1541,5.99141,5.99199999999999,14.0
Green Bay,2023,90.6191,116.92,65.1576,-26.3012,-26.3009,
Hampton,2023,97.5154,115.703,69.0014,-18.1875,-18.187600000000003,
Hartford,2023,89.4317,119.178,65.5496,-29.7462,-29.74629999999999,
Harvard,2023,101.253,100.932,65.9541,0.320921,0.32099999999999795,
Hawaii,2023,102.057,98.201,64.7704,3.85575,3.8560000000000088,
High Point,2023,100.191,111.256,71.5165,-11.065,-11.064999999999998,
Hofstra,2023,110.255,101.854,67.215,8.40069,8.400999999999996,
Holy Cross,2023,94.1577,111.042,69.1381,-16.884,-16.884299999999996,
Houston,2023,118.387,89.5678,63.3299,28.8196,28.819199999999995,1.0
Houston Christian,2023,102.06,120.882,70.6721,-18.822,-18.822000000000003,
Howard,2023,103.701,106.914,68.9681,-3.21361,-3.213000000000008,16.0
Idaho,2023,102.819,113.527,65.9364,-10.7077,-10.707999999999998,
Idaho St.,2023,102.3,108.576,65.2806,-6.27537,-6.275999999999996,
Illinois,2023,112.167,95.6864,69.3873,16.4805,16.480599999999995,9.0
Illinois Chicago,2023,98.0478,108.724,69.0249,-10.6764,-10.676200000000009,
Illinois St.,2023,100.586,109.966,64.985,-9.38004,-9.379999999999995,
Incarnate Word,2023,96.6164,112.484,66.9797,-15.8675,-15.867599999999996,
Indiana,2023,114.651,97.2921,68.1266,17.3586,17.35889999999999,4.0
Indiana St.,2023,110.562,103.174,70.6045,7.38802,7.387999999999991,
Iona,2023,110.856,99.1448,68.8987,11.7114,11.711199999999991,13.0
Iowa,2023,120.475,104.873,69.5377,15.6021,15.60199999999999,8.0
Iowa St.,2023,109.884,91.5493,64.3155,18.3345,18.334699999999998,6.0
IUPUI,2023,95.9045,117.745,67.0776,-21.8408,-21.840500000000006,
Jackson St.,2023,99.3082,110.081,68.0964,-10.7726,-10.772800000000004,
Jacksonville,2023,100.278,105.682,61.1699,-5.40431,-5.403999999999996,
Jacksonville St.,2023,102.249,107.447,65.7085,-5.19802,-5.1980000000000075,
James Madison,2023,106.722,99.9826,70.5406,6.73944,6.739399999999989,
Kansas,2023,114.61,91.4741,69.2715,23.1356,23.135899999999992,1.0
Kansas St.,2023,112.516,94.2021,70.2112,18.3143,18.313900000000004,3.0
Kennesaw St.,2023,106.304,102.661,68.5425,3.64263,3.6430000000000007,14.0
Kent St.,2023,108.347,96.4498,68.0538,11.8972,11.897199999999998,13.0
Kentucky,2023,117.41,99.6115,66.0118,17.7987,17.79849999999999,6.0
La Salle,2023,103.418,107.767,67.8014,-4.34872,-4.3489999999999895,
Lafayette,2023,95.5356,104.251,63.0481,-8.71506,-8.715400000000002,
Lamar,2023,94.9643,115.235,65.8254,-20.2712,-20.270700000000005,
Lehigh,2023,97.91,107.638,69.5416,-9.72818,-9.728000000000009,
Liberty,2023,112.655,98.147,64.5248,14.5078,14.507999999999996,
Lindenwood,2023,95.7374,112.398,66.8508,-16.6608,-16.660600000000002,
Lipscomb,2023,104.855,103.839,69.448,1.0161,1.0160000000000053,
Little Rock,2023,102.191,115.56,70.9777,-13.3683,-13.369,
LIU,2023,86.5363,117.151,72.5684,-30.6146,-30.6147,
Long Beach St.,2023,105.436,104.933,72.9091,0.502812,0.5030000000000001,
Longwood,2023,104.279,104.538,65.9825,-0.259693,-0.25900000000000034,
Louisiana,2023,112.243,104.042,68.4083,8.20091,8.200999999999993,13.0
Louisiana Monroe,2023,97.9111,107.127,66.0263,-9.21611,-9.21589999999999,
Louisiana Tech,2023,105.37,105.851,66.5572,-0.480822,-0.48099999999999454,
Louisville,2023,101.381,111.647,66.5314,-10.2666,-10.266000000000005,
Loyola Chicago,2023,102.044,109.084,66.1872,-7.04055,-7.040000000000006,
Loyola Marymount,2023,110.035,103.713,67.075,6.32252,6.322000000000003,
Loyola MD,2023,98.8478,112.972,66.1306,-14.1243,-14.124199999999988,
LSU,2023,106.616,104.991,65.8551,1.62448,1.625,
Maine,2023,99.1305,108.568,65.8838,-9.43781,-9.4375,
Manhattan,2023,97.539,109.053,67.0645,-11.5142,-11.513999999999996,
Marist,2023,97.8419,107.115,65.6368,-9.27328,-9.2731,
Marquette,2023,119.308,97.4789,68.3572,21.8296,21.82910000000001,2.0
Marshall,2023,111.277,101.533,72.1074,9.74393,9.744,
Maryland,2023,114.136,95.7662,64.6104,18.3703,18.369799999999998,8.0
Maryland Eastern Shore,2023,94.3459,101.059,69.7055,-6.71304,-6.713099999999997,
Massachusetts,2023,100.905,103.906,70.6197,-3.00151,-3.0010000000000048,
McNeese St.,2023,98.9562,114.339,66.2629,-15.3833,-15.382800000000003,
Memphis,2023,114.701,96.0133,71.7989,18.6881,18.687699999999992,8.0
Mercer,2023,99.6631,104.538,64.555,-4.87499,-4.874899999999997,
Merrimack,2023,89.4866,101.915,66.4031,-12.4284,-12.42840000000001,
Miami FL,2023,118.233,103.319,68.8527,14.9148,14.914000000000001,5.0
Miami OH,2023,103.699,111.992,66.826,-8.29296,-8.293000000000006,
Michigan,2023,112.759,98.0795,67.4907,14.6795,14.679500000000004,
Michigan St.,2023,113.4,96.6898,64.9304,16.7099,16.7102,7.0
Middle Tennessee,2023,106.492,102.352,66.9436,4.1398,4.140000000000001,
Milwaukee,2023,103.076,107.712,72.0374,-4.63516,-4.63600000000001,
Minnesota,2023,102.563,105.852,65.8528,-3.28809,-3.2890000000000015,
Mississippi,2023,106.761,101.726,66.1271,5.03436,5.034999999999997,
Mississippi St.,2023,105.451,91.3344,63.8156,14.1161,14.116599999999991,11.0
Mississippi Valley St.,2023,92.6916,112.481,67.2044,-19.7894,-19.7894,
Missouri,2023,119.289,105.37,69.1078,13.9186,13.918999999999997,7.0
Missouri St.,2023,104.626,103.312,62.2166,1.31415,1.3140000000000072,
Monmouth,2023,92.6977,110.425,68.4179,-17.7269,-17.7273,
Montana,2023,108.928,108.289,63.6858,0.639633,0.6389999999999958,
Montana St.,2023,105.36,99.6121,66.4692,5.74793,5.747900000000001,14.0
Morehead St.,2023,100.409,106.998,63.2537,-6.58855,-6.588999999999999,
Morgan St.,2023,94.4968,106.825,70.8204,-12.3282,-12.32820000000001,
Mount St. Mary's,2023,97.0908,106.337,65.841,-9.24612,-9.246200000000002,
Murray St.,2023,105.732,110.179,66.7991,-4.44625,-4.447000000000003,
NC State,2023,113.894,100.589,69.1326,13.3052,13.305000000000007,11.0
Navy,2023,103.746,104.723,64.5394,-0.976728,-0.9770000000000039,
Nebraska,2023,106.677,99.2085,67.1236,7.46852,7.468500000000006,
Nebraska Omaha,2023,100.434,112.966,67.8598,-12.5319,-12.531999999999996,
Nevada,2023,112.039,97.2466,66.0568,14.7927,14.7924,11.0
New Hampshire,2023,97.4489,107.173,64.2077,-9.72453,-9.724100000000007,
New Mexico,2023,116.09,102.25,71.6269,13.8404,13.840000000000003,
New Mexico St.,2023,105.697,106.822,69.2955,-1.12505,-1.125,
New Orleans,2023,98.0652,112.901,71.3969,-14.8354,-14.835799999999992,
Niagara,2023,100.94,108.372,63.2234,-7.43209,-7.432000000000002,
Nicholls St.,2023,99.3531,107.165,70.5212,-7.81196,-7.8119000000000085,
NJIT,2023,97.1531,112.071,66.3433,-14.9176,-14.917900000000003,
Norfolk St.,2023,107.461,108.937,65.3052,-1.47548,-1.475999999999999,
North Alabama,2023,105.305,112.072,68.5744,-6.76684,-6.766999999999996,
North Carolina,2023,112.121,97.459,68.958,14.662,14.661999999999992,
North Carolina A&T,2023,98.3261,111.418,69.9961,-13.092,-13.09190000000001,
North Carolina Central,2023,100.922,102.15,67.9006,-1.22803,-1.2280000000000086,
North Dakota,2023,103.403,111.455,67.2084,-8.05185,-8.051999999999992,
North Dakota St.,2023,104.599,107.674,68.145,-3.075,-3.075000000000003,
North Florida,2023,109.879,114.792,68.0144,-4.91298,-4.912999999999997,
North Texas,2023,110.155,95.4719,58.768,14.6828,14.683099999999996,
Northeastern,2023,97.8646,109.693,66.8455,-11.8284,-11.828400000000002,
Northern Arizona,2023,107.939,110.88,66.8877,-2.94081,-2.9410000000000025,
Northern Colorado,2023,107.66,111.186,69.6122,-3.52607,-3.5260000000000105,
Northern Illinois,2023,100.9,107.227,69.2141,-6.32751,-6.326999999999998,
Northern Iowa,2023,103.169,106.575,67.752,-3.40524,-3.406000000000006,
Northern Kentucky,2023,103.337,102.82,62.0433,0.516867,0.5170000000000101,16.0
Northwestern,2023,108.511,93.6787,64.9195,14.8321,14.83229999999999,7.0
Northwestern St.,2023,106.022,109.127,66.6787,-3.10533,-3.1049999999999898,
Notre Dame,2023,108.765,108.766,64.9059,-0.00167139,-0.0010000000000047748,
Oakland,2023,103.723,112.408,68.4409,-8.68504,-8.685000000000002,
Ohio,2023,110.852,107.44,68.4298,3.41183,3.412000000000006,
Ohio St.,2023,115.872,101.889,66.0419,13.9828,13.983000000000004,
Oklahoma,2023,111.112,97.41,65.2976,13.7022,13.701999999999998,
Oklahoma St.,2023,107.83,92.6217,67.5613,15.2081,15.208299999999994,
Old Dominion,2023,103.216,103.824,64.9813,-0.60846,-0.6080000000000041,
Oral Roberts,2023,115.289,102.04,70.4986,13.2487,13.248999999999995,12.0
Oregon,2023,114.454,99.6175,66.2713,14.8361,14.836499999999987,
Oregon St.,2023,100.311,103.201,63.7283,-2.89079,-2.8899999999999864,
Pacific,2023,108.333,109.209,69.6066,-0.875459,-0.8760000000000048,
Penn,2023,110.321,107.177,66.9577,3.14378,3.1439999999999912,
Penn St.,2023,116.826,101.79,64.6096,15.0367,15.035999999999987,10.0
Pepperdine,2023,105.413,106.164,72.2332,-0.750369,-0.7510000000000048,
Pittsburgh,2023,115.103,103.837,67.3196,11.2663,11.265999999999991,11.0
Portland,2023,110.997,109.733,69.0973,1.26363,1.2639999999999958,
Portland St.,2023,102.976,108.559,72.3999,-5.58319,-5.582999999999998,
Prairie View A&M,2023,94.3128,102.665,67.847,-8.35268,-8.35220000000001,
Presbyterian,2023,93.838,111.044,64.6788,-17.2055,-17.206000000000003,
Princeton,2023,109.093,103.527,67.4503,5.5658,5.5660000000000025,15.0
Providence,2023,116.847,102.117,66.9051,14.7305,14.72999999999999,11.0
Purdue,2023,119.362,94.8154,64.3846,24.5463,24.546599999999998,1.0
Purdue Fort Wayne,2023,100.778,106.602,69.1275,-5.8243,-5.823999999999998,
Queens,2023,107.192,109.795,70.0494,-2.60231,-2.6030000000000086,
Quinnipiac,2023,104.204,105.723,69.6955,-1.5189,-1.5190000000000055,
Radford,2023,104.442,105.371,64.551,-0.929172,-0.929000000000002,
Rhode Island,2023,97.7109,104.839,67.2946,-7.12846,-7.128100000000003,
Rice,2023,107.453,110.685,69.8818,-3.23163,-3.2319999999999993,
Richmond,2023,103.695,102.608,65.3755,1.08749,1.086999999999989,
Rider,2023,106.292,108.881,65.0952,-2.58951,-2.5889999999999986,
Robert Morris,2023,99.1854,104.691,66.3587,-5.50532,-5.505600000000001,
Rutgers,2023,105.826,90.0543,65.8871,15.7714,15.771699999999996,
Sacramento St.,2023,103.907,108.385,62.4515,-4.4779,-4.478000000000009,
Sacred Heart,2023,96.3869,111.289,69.7155,-14.9019,-14.902100000000004,
St. Joseph's,2023,104.39,105.897,69.3322,-1.50714,-1.507000000000005,
Saint Louis,2023,111.696,104.248,69.326,7.44822,7.447999999999993,
St. Mary's,2023,113.47,91.5736,61.7454,21.896,21.8964,5.0
St. Peter's,2023,96.9232,108.587,63.0183,-11.6642,-11.663800000000009,
Sam Houston St.,2023,106.629,94.345,64.4423,12.2836,12.284000000000006,
Samford,2023,109.278,106.335,68.363,2.94345,2.943000000000012,
San Diego,2023,110.612,114.411,68.7758,-3.79944,-3.7990000000000066,
San Diego St.,2023,111.929,91.6744,66.009,20.2549,20.254599999999996,5.0
San Francisco,2023,110.127,103.183,68.623,6.9447,6.943999999999988,
San Jose St.,2023,110.689,102.776,62.7281,7.91295,7.912999999999997,
Santa Clara,2023,111.308,101.178,70.0779,10.1303,10.13000000000001,
Seattle,2023,102.11,99.76,69.1791,2.35032,2.3499999999999943,
Seton Hall,2023,106.735,94.5082,66.49,12.2266,12.226799999999997,
Siena,2023,102.298,104.964,66.89,-2.66612,-2.665999999999997,
SIU Edwardsville,2023,100.064,106.275,69.2367,-6.21117,-6.211000000000013,
SMU,2023,103.33,104.2,69.6222,-0.86971,-0.8700000000000045,
South Alabama,2023,108.183,100.444,65.7589,7.73904,7.739000000000004,
South Carolina,2023,103.718,107.138,64.3469,-3.41971,-3.4200000000000017,
South Carolina St.,2023,98.5906,115.663,71.6805,-17.0725,-17.072400000000002,
South Dakota,2023,103.347,113.479,66.0416,-10.132,-10.132000000000005,
South Dakota St.,2023,105.159,104.981,66.645,0.177343,0.17800000000001148,
South Florida,2023,105.936,104.613,68.3555,1.32324,1.3230000000000075,
Southeast Missouri St.,2023,100.937,108.149,72.5476,-7.21197,-7.212000000000003,16.0
Southeastern Louisiana,2023,104.141,111.186,68.7575,-7.04447,-7.045000000000002,
Southern,2023,96.2043,105.058,71.0018,-8.85357,-8.853700000000003,
Southern Illinois,2023,101.331,98.4313,63.9016,2.89928,2.89970000000001,
Southern Indiana,2023,103.342,112.021,69.339,-8.67873,-8.679000000000002,
Southern Miss,2023,108.035,100.724,68.5381,7.31129,7.310999999999993,
Southern Utah,2023,110.151,104.515,71.9191,5.63585,5.635999999999996,
St. Bonaventure,2023,101.16,103.169,65.6627,-2.00848,-2.0090000000000003,
St. Francis NY,2023,90.2233,111.252,66.1377,-21.0292,-21.0287,
St. Francis PA,2023,99.7043,116.621,68.3728,-16.9164,-16.91669999999999,
St. John's,2023,107.946,98.4889,73.4505,9.45674,9.457099999999997,
St. Thomas,2023,107.828,109.631,66.0801,-1.80347,-1.8029999999999973,
Stanford,2023,114.138,104.377,65.7759,9.76103,9.76100000000001,
Stephen F. Austin,2023,105.469,102.273,69.2759,3.19588,3.195999999999998,
Stetson,2023,113.692,113.49,64.6782,0.20196,0.20199999999999818,
Stonehill,2023,94.6795,110.144,66.2956,-15.4642,-15.464500000000001,
Stony Brook,2023,96.0865,110.556,64.1627,-14.4698,-14.469499999999996,
Syracuse,2023,110.389,105.932,67.483,4.45744,4.456999999999994,
Tarleton St.,2023,103.493,102.959,66.6405,0.533822,0.5339999999999918,
TCU,2023,112.366,94.3027,69.8117,18.0633,18.063299999999998,6.0
Temple,2023,107.288,102.722,66.0451,4.56629,4.5660000000000025,
Tennessee,2023,112.675,87.97,65.5272,24.7052,24.705,4.0
Tennessee Martin,2023,101.862,110.76,71.2227,-8.89837,-8.89800000000001,
Tennessee St.,2023,101.127,111.154,70.9784,-10.027,-10.027000000000001,
Tennessee Tech,2023,101.58,111.314,66.711,-9.73367,-9.733999999999995,
Texas,2023,116.581,92.0106,69.1219,24.5707,24.570400000000006,2.0
Texas A&M,2023,114.483,96.1997,66.1613,18.2834,18.283299999999997,7.0
Texas A&M Commerce,2023,101.505,112.6,65.395,-11.0953,-11.094999999999999,
Texas A&M Corpus Christi,2023,107.367,107.592,69.2572,-0.225051,-0.22499999999999432,16.0
Texas Southern,2023,96.5543,106.264,69.324,-9.71,-9.709699999999998,16.0
Texas St.,2023,104.756,106.001,63.6457,-1.24522,-1.2450000000000045,
Texas Tech,2023,111.842,98.8933,67.184,12.9487,12.948700000000002,
The Citadel,2023,98.1525,112.113,67.2063,-13.9608,-13.960499999999996,
Toledo,2023,119.638,110.513,69.5687,9.12453,9.125,
Towson,2023,108.164,104.669,64.9349,3.49549,3.4950000000000045,
Troy,2023,104.835,101.273,67.9159,3.56133,3.5619999999999976,
Tulane,2023,110.238,103.934,73.1046,6.30411,6.304000000000002,
Tulsa,2023,98.991,111.36,67.9662,-12.3695,-12.369,
UAB,2023,112.718,99.8557,70.6091,12.8621,12.862300000000005,
UC Davis,2023,104.82,103.662,70.5243,1.15825,1.157999999999987,
UC Irvine,2023,107.743,100.453,69.554,7.28911,7.289999999999992,
UC Riverside,2023,107.859,105.165,66.8568,2.69402,2.6939999999999884,
UC San Diego,2023,102.042,110.575,66.0894,-8.53244,-8.533000000000001,
UC Santa Barbara,2023,111.335,104.693,64.9567,6.6422,6.641999999999996,14.0
UCF,2023,110.167,97.5795,64.4802,12.5878,12.587500000000006,
UCLA,2023,114.875,87.2423,66.2741,27.6323,27.6327,2.0
UMass Lowell,2023,107.783,105.148,68.8597,2.63506,2.635000000000005,
UMBC,2023,105.401,112.438,67.7164,-7.03764,-7.037000000000006,
UMKC,2023,96.3827,108.078,63.8001,-11.6956,-11.695300000000003,
UNC Asheville,2023,104.141,102.635,68.5066,1.50642,1.5060000000000002,15.0
UNC Greensboro,2023,103.504,98.5725,65.9792,4.93132,4.9315,
UNC Wilmington,2023,102.437,101.574,65.4115,0.863495,0.8629999999999995,
UNLV,2023,107.832,99.6122,69.4701,8.21962,8.219799999999992,
USC,2023,113.122,97.4891,68.1465,15.6327,15.632900000000006,10.0
USC Upstate,2023,99.0866,106.489,68.0102,-7.40244,-7.4024,
UT Arlington,2023,99.903,105.993,65.9164,-6.08981,-6.089999999999989,
UT Rio Grande Valley,2023,103.942,110.334,72.6998,-6.39137,-6.39200000000001,
Utah,2023,107.687,95.8385,66.2001,11.8482,11.848500000000001,
Utah St.,2023,117.762,98.8807,68.7801,18.8814,18.881299999999996,10.0
Utah Tech,2023,107.883,106.425,68.6069,1.45874,1.4579999999999984,
Utah Valley,2023,107.336,96.4684,70.0046,10.8675,10.867599999999996,
UTEP,2023,99.0933,100.63,67.0327,-1.53635,-1.5366999999999962,
UTSA,2023,102.132,112.104,69.1894,-9.97128,-9.971999999999994,
Valparaiso,2023,98.3672,108.356,67.9459,-9.98918,-9.988799999999998,
Vanderbilt,2023,115.674,104.853,66.7014,10.821,10.821000000000012,
VCU,2023,107.195,94.0449,68.0086,13.1498,13.150099999999995,12.0
Vermont,2023,109.778,104.357,64.6048,5.42124,5.4210000000000065,15.0
Villanova,2023,113.818,100.839,63.7473,12.979,12.979,
Virginia,2023,111.166,94.7544,61.5696,16.4114,16.411599999999993,4.0
Virginia Tech,2023,113.895,103.683,66.629,10.2119,10.211999999999989,
VMI,2023,98.3793,118.086,66.735,-19.7066,-19.706699999999998,
Wagner,2023,93.7002,106.595,62.0754,-12.8951,-12.894800000000004,
Wake Forest,2023,112.087,103.517,69.6046,8.56981,8.570000000000007,
Washington,2023,105.825,99.4408,69.2257,6.38434,6.384200000000007,
Washington St.,2023,111.975,98.7589,64.3115,13.2159,13.216099999999997,
Weber St.,2023,100.473,101.827,65.2096,-1.3543,-1.3539999999999992,
West Virginia,2023,117.144,97.9996,68.8537,19.1445,19.144400000000005,9.0
Western Carolina,2023,103.057,108.439,67.4386,-5.38278,-5.381999999999991,
Western Illinois,2023,103.071,111.15,66.7271,-8.07934,-8.079000000000008,
Western Kentucky,2023,104.766,105.806,67.6231,-1.04002,-1.039999999999992,
Western Michigan,2023,102.801,116.389,65.7137,-13.5881,-13.587999999999994,
Wichita St.,2023,106.816,100.302,66.29,6.51426,6.513999999999996,
William & Mary,2023,99.7777,113.032,65.2197,-13.254,-13.2543,
Winthrop,2023,108.581,115.18,66.9096,-6.59915,-6.599000000000004,
Wisconsin,2023,106.444,94.9055,63.1107,11.5381,11.538499999999999,
Wofford,2023,108.824,113.781,65.1435,-4.957,-4.957000000000008,
Wright St.,2023,104.435,105.906,71.2876,-1.47065,-1.4710000000000036,
Wyoming,2023,107.887,106.647,65.7465,1.24086,1.2399999999999949,
Xavier,2023,119.297,99.604,70.3573,19.693,19.692999999999998,3.0
Yale,2023,110.798,98.4067,66.1104,12.391,12.391300000000001,
Youngstown St.,2023,112.945,109.389,68.0073,3.55573,3.5559999999999974,
Abilene Christian,2024,101.509,105.696,68.4072,-4.18638,-4.186999999999998,
Air Force,2024,105.902,113.089,61.7838,-7.1866,-7.186999999999998,
Akron,2024,106.985,102.05,65.9084,4.93477,4.935000000000002,14.0
Alabama,2024,125.604,103.121,72.6437,22.4823,22.483000000000004,4.0
Alabama A&M,2024,93.5544,109.002,70.292,-15.4481,-15.447599999999994,
Alabama St.,2024,92.9266,105.653,67.0716,-12.7269,-12.726400000000012,
Albany,2024,105.294,111.008,72.9596,-5.71455,-5.713999999999999,
Alcorn St.,2024,106.201,116.811,66.3731,-10.6108,-10.610000000000014,
American,2024,103.595,113.847,62.7361,-10.2525,-10.251999999999995,
Appalachian St.,2024,108.279,98.1343,66.7138,10.1449,10.1447,
Arizona,2024,121.127,94.5032,71.8363,26.6237,26.62379999999999,2.0
Arizona St.,2024,103.934,100.174,69.0579,3.76027,3.759999999999991,
Arkansas,2024,110.021,104.21,70.7173,5.81082,5.811000000000007,
Arkansas Pine Bluff,2024,102.008,119.15,71.7637,-17.1425,-17.14200000000001,
Arkansas St.,2024,113.599,110.283,67.8178,3.3159,3.3160000000000025,
Army,2024,90.9383,109.764,62.9774,-18.8261,-18.825699999999998,
Auburn,2024,120.584,91.682,69.7854,28.9015,28.902,4.0
Austin Peay,2024,108.985,113.724,64.2772,-4.73948,-4.739000000000004,
Ball St.,2024,102.999,110.744,66.803,-7.74555,-7.7450000000000045,
Baylor,2024,122.491,100.186,65.6019,22.305,22.304999999999993,3.0
Bellarmine,2024,100.398,113.248,64.7776,-12.8493,-12.850000000000009,
Belmont,2024,109.358,104.016,71.1659,5.34145,5.341999999999999,
Bethune Cookman,2024,97.4354,109.257,69.4474,-11.8215,-11.821600000000004,
Binghamton,2024,102.519,111.372,66.1859,-8.85242,-8.852999999999994,
Boise St.,2024,114.005,97.6233,66.7868,16.3813,16.381699999999995,10.0
Boston College,2024,113.209,102.723,67.0489,10.4859,10.486000000000004,
Boston University,2024,98.367,108.674,65.7273,-10.3067,-10.307000000000002,
Bowling Green,2024,102.435,107.894,67.4836,-5.45835,-5.459000000000003,
Bradley,2024,112.428,99.9897,66.1986,12.4378,12.438299999999998,
Brown,2024,104.402,106.635,67.1425,-2.23263,-2.233000000000004,
Bryant,2024,101.111,101.892,74.0682,-0.780761,-0.7809999999999917,
Bucknell,2024,100.353,108.609,64.7321,-8.25625,-8.256,
Buffalo,2024,95.4215,114.971,69.0213,-19.5499,-19.54950000000001,
Butler,2024,113.049,100.797,68.3503,12.2518,12.25200000000001,
BYU,2024,120.487,99.478,69.0567,21.0093,21.009,6.0
Cal Baptist,2024,102.888,105.941,63.5153,-3.0532,-3.0529999999999973,
Cal Poly,2024,94.6773,112.246,65.7852,-17.5689,-17.568699999999993,
Cal St. Bakersfield,2024,101.211,107.079,64.724,-5.86876,-5.867999999999995,
Cal St. Fullerton,2024,100.217,105.366,66.3316,-5.14863,-5.149000000000001,
Cal St. Northridge,2024,100.217,105.413,72.519,-5.19604,-5.195999999999998,
California,2024,108.981,104.49,68.4041,4.49139,4.491,
Campbell,2024,100.666,112.937,66.5155,-12.2709,-12.271,
Canisius,2024,100.209,108.464,66.7803,-8.25473,-8.254999999999995,
Central Arkansas,2024,97.278,114.999,69.1421,-17.7215,-17.72099999999999,
Central Connecticut,2024,101.061,108.437,66.8138,-7.37654,-7.375999999999991,
Central Michigan,2024,96.6188,104.97,64.97,-8.35084,-8.351200000000006,
Charleston,2024,113.737,106.13,69.7742,7.60711,7.606999999999999,13.0
Charleston Southern,2024,95.4562,108.486,66.8016,-13.0296,-13.029800000000009,
Charlotte,2024,108.736,104.023,62.3509,4.71365,4.713000000000008,
Chattanooga,2024,110.403,107.916,66.8901,2.48652,2.487000000000009,
Chicago St.,2024,98.8591,109.921,64.4104,-11.0615,-11.061900000000009,
Cincinnati,2024,112.253,95.5289,67.2701,16.7245,16.724100000000007,
Clemson,2024,117.427,100.49,66.1043,16.9367,16.937000000000012,6.0
Cleveland St.,2024,107.789,110.151,67.2285,-2.36202,-2.3619999999999948,
Coastal Carolina,2024,99.529,112.193,69.4201,-12.664,-12.664000000000001,
Colgate,2024,104.651,102.501,66.2214,2.15007,2.1499999999999915,14.0
Colorado,2024,117.58,99.1138,67.5073,18.4666,18.4662,10.0
Colorado St.,2024,115.379,98.7759,65.8055,16.603,16.603100000000012,10.0
Columbia,2024,106.766,111.982,68.4642,-5.21557,-5.215999999999994,
Connecticut,2024,126.609,94.3959,64.4531,32.2129,32.2131,1.0
Coppin St.,2024,85.6405,111.503,66.0158,-25.8623,-25.862499999999997,
Cornell,2024,113.127,106.005,71.2624,7.12141,7.122,
Creighton,2024,120.092,96.6927,67.0282,23.3993,23.399299999999997,3.0
Dartmouth,2024,93.2883,110.178,65.0319,-16.8896,-16.88969999999999,
Davidson,2024,105.577,101.304,65.5257,4.27296,4.272999999999996,
Dayton,2024,118.604,101.307,64.1751,17.2976,17.296999999999997,7.0
Delaware,2024,105.012,105.579,67.3535,-0.567441,-0.5669999999999931,
Delaware St.,2024,95.7384,105.78,68.4982,-10.0412,-10.041600000000003,
Denver,2024,107.856,115.544,70.2852,-7.68807,-7.688000000000002,
DePaul,2024,101.175,112.844,67.5254,-11.6687,-11.668999999999997,
Detroit Mercy,2024,96.7596,117.366,66.725,-20.6064,-20.606399999999994,
Drake,2024,115.619,100.905,67.8374,14.7142,14.713999999999999,10.0
Drexel,2024,108.315,104.029,64.4267,4.28608,4.286000000000001,
Duke,2024,121.828,96.9516,66.677,24.8766,24.876400000000004,4.0
Duquesne,2024,106.921,97.5502,66.3228,9.37095,9.370800000000003,11.0
East Carolina,2024,104.895,107.278,64.8964,-2.38242,-2.3830000000000098,
East Tennessee St.,2024,103.393,104.407,66.967,-1.01385,-1.0139999999999958,
Eastern Illinois,2024,96.2142,109.798,66.5999,-13.5837,-13.583799999999997,
Eastern Kentucky,2024,107.036,110.897,68.6805,-3.86137,-3.861000000000004,
Eastern Michigan,2024,96.923,111.933,65.1819,-15.0097,-15.010000000000005,
Eastern Washington,2024,112.077,110.396,70.4064,1.68103,1.6809999999999974,
Elon,2024,101.866,115.119,67.353,-13.2534,-13.253,
Evansville,2024,103.084,106.729,68.4611,-3.6453,-3.644999999999996,
Fairfield,2024,108.804,109.079,68.2908,-0.275354,-0.2749999999999915,
Fairleigh Dickinson,2024,98.0186,113.309,72.0926,-15.2907,-15.290399999999991,
FIU,2024,101.591,110.65,70.1666,-9.05874,-9.059000000000012,
Florida,2024,119.32,101.132,71.6891,18.1881,18.187999999999988,7.0
Florida A&M,2024,93.1738,111.292,68.2448,-18.118,-18.1182,
Florida Atlantic,2024,118.933,102.701,68.0681,16.2324,16.232000000000014,8.0
Florida Gulf Coast,2024,103.347,108.813,63.7474,-5.46625,-5.466000000000008,
Florida St.,2024,110.482,100.997,71.0137,9.48518,9.485,
Fordham,2024,101.209,103.648,68.6033,-2.4391,-2.438999999999993,
Fresno St.,2024,103.582,108.885,65.5172,-5.30314,-5.3030000000000115,
Furman,2024,109.936,107.59,68.7071,2.3455,2.3460000000000036,
Gardner Webb,2024,102.368,105.837,69.3221,-3.46914,-3.4690000000000083,
George Mason,2024,109.505,101.329,63.6,8.17669,8.176000000000002,
George Washington,2024,107.286,110.645,69.6554,-3.35921,-3.3589999999999947,
Georgetown,2024,110.201,113.282,66.5443,-3.08173,-3.081000000000003,
Georgia,2024,109.572,100.522,68.2867,9.04999,9.049999999999997,
Georgia Southern,2024,104.825,113.33,68.8587,-8.50492,-8.504999999999995,
Georgia St.,2024,105.768,109.891,67.8883,-4.12238,-4.123000000000005,
Georgia Tech,2024,108.945,105.161,67.4721,3.78329,3.783999999999992,
Gonzaga,2024,121.0,99.4359,69.0906,21.5643,21.564099999999996,5.0
Grambling St.,2024,99.2748,107.085,64.8219,-7.81011,-7.810199999999995,16.0
Grand Canyon,2024,113.48,99.5663,68.1075,13.9138,13.913700000000006,12.0
Green Bay,2024,103.897,108.979,63.5712,-5.08197,-5.081999999999994,
Hampton,2024,94.5486,112.531,69.6106,-17.9826,-17.982400000000013,
Harvard,2024,102.107,106.865,67.3715,-4.75802,-4.757999999999996,
Hawaii,2024,104.899,105.242,66.0633,-0.343269,-0.3430000000000035,
High Point,2024,115.896,110.498,68.5222,5.39765,5.397999999999996,
Hofstra,2024,108.498,103.163,65.6151,5.3351,5.335000000000008,
Holy Cross,2024,100.796,120.361,65.704,-19.5656,-19.564999999999998,
Houston,2024,118.869,87.1503,63.267,31.7189,31.7187,1.0
Houston Christian,2024,96.7512,118.729,71.3103,-21.9777,-21.977800000000002,
Howard,2024,105.49,113.753,67.5366,-8.26283,-8.263000000000005,16.0
Idaho,2024,98.4546,112.116,64.819,-13.6613,-13.6614,
Idaho St.,2024,103.419,110.125,63.8811,-6.70646,-6.706000000000003,
Illinois,2024,125.554,101.566,69.8866,23.9874,23.988,3.0
Illinois Chicago,2024,100.896,103.569,68.1225,-2.67271,-2.673000000000002,
Illinois St.,2024,102.648,104.434,63.6156,-1.78662,-1.7860000000000014,
Incarnate Word,2024,96.5799,115.294,69.8773,-18.7138,-18.714100000000002,
Indiana,2024,109.729,101.05,68.424,8.67879,8.679000000000002,
Indiana St.,2024,118.263,102.165,70.4988,16.0981,16.098,
Iona,2024,103.669,108.216,66.9148,-4.54691,-4.546999999999997,
Iowa,2024,119.207,105.188,71.3307,14.0188,14.018999999999991,
Iowa St.,2024,113.865,87.1473,67.3386,26.7178,26.717699999999994,2.0
IUPUI,2024,92.1142,117.746,67.3322,-25.6317,-25.6318,
Jackson St.,2024,100.412,112.499,68.3826,-12.0866,-12.086999999999989,
Jacksonville,2024,101.118,109.208,65.4693,-8.0904,-8.090000000000003,
Jacksonville St.,2024,102.015,104.905,64.693,-2.88972,-2.8900000000000006,
James Madison,2024,113.86,100.96,69.4735,12.9,12.900000000000006,12.0
Kansas,2024,113.385,94.1588,68.9374,19.2258,19.226200000000006,4.0
Kansas St.,2024,108.434,96.3573,67.2777,12.0764,12.076700000000002,
Kennesaw St.,2024,105.34,112.721,73.9803,-7.38062,-7.381,
Kent St.,2024,106.137,106.803,66.4948,-0.665559,-0.6659999999999968,
Kentucky,2024,122.715,102.69,72.6509,20.0246,20.025000000000006,3.0
La Salle,2024,106.02,108.765,66.5255,-2.74517,-2.7450000000000045,
Lafayette,2024,93.6639,106.973,65.2056,-13.3092,-13.3091,
Lamar,2024,104.496,108.063,68.1589,-3.56646,-3.5670000000000073,
Le Moyne,2024,100.128,111.037,67.2241,-10.9092,-10.909000000000006,
Lehigh,2024,99.6086,106.892,69.9393,-7.28301,-7.2834,
Liberty,2024,109.132,106.42,64.5105,2.71212,2.7120000000000033,
Lindenwood,2024,91.797,114.158,67.0247,-22.3609,-22.361000000000004,
Lipscomb,2024,112.048,112.227,68.9839,-0.178841,-0.17900000000000205,
Little Rock,2024,106.975,109.172,68.6472,-2.19746,-2.1970000000000027,
LIU,2024,93.3333,112.155,70.2329,-18.8221,-18.821700000000007,
Long Beach St.,2024,107.739,107.757,71.2551,-0.0179405,-0.018000000000000682,15.0
Longwood,2024,105.713,104.754,66.7608,0.959163,0.958999999999989,16.0
Louisiana,2024,105.926,104.406,68.6791,1.52005,1.519999999999996,
Louisiana Monroe,2024,100.147,110.643,67.1799,-10.4957,-10.495999999999995,
Louisiana Tech,2024,108.711,100.388,65.6521,8.32337,8.322999999999993,
Louisville,2024,105.248,108.264,69.7271,-3.01566,-3.015999999999991,
Loyola Chicago,2024,105.607,96.9201,68.5933,8.68671,8.686899999999994,
Loyola Marymount,2024,108.23,110.811,64.5887,-2.58152,-2.581000000000003,
Loyola MD,2024,93.4204,113.526,65.649,-20.1058,-20.105599999999995,
LSU,2024,110.09,101.37,69.6085,8.72032,8.719999999999999,
Maine,2024,97.3015,102.389,65.378,-5.08749,-5.0874999999999915,
Manhattan,2024,95.2759,112.455,67.9813,-17.1793,-17.179100000000005,
Marist,2024,97.0725,100.911,64.6772,-3.83825,-3.8384999999999962,
Marquette,2024,118.295,95.5586,68.9764,22.7368,22.736400000000003,2.0
Marshall,2024,101.457,106.849,70.3445,-5.39144,-5.39200000000001,
Maryland,2024,107.085,94.6696,65.3778,12.4157,12.415399999999991,
Maryland Eastern Shore,2024,89.6891,109.524,67.0357,-19.8346,-19.834900000000005,
Massachusetts,2024,111.754,103.174,68.0966,8.58022,8.579999999999998,
McNeese St.,2024,114.034,101.171,65.5784,12.8625,12.863,12.0
Memphis,2024,113.072,102.528,71.5081,10.5446,10.543999999999997,
Mercer,2024,104.432,108.439,66.011,-4.00666,-4.006999999999991,
Merrimack,2024,96.8801,100.89,67.313,-4.00971,-4.009900000000002,
Miami FL,2024,110.786,103.345,68.4705,7.44048,7.4410000000000025,
Miami OH,2024,99.7822,106.613,67.3166,-6.8309,-6.830799999999996,
Michigan,2024,110.504,106.683,67.3757,3.82083,3.820999999999998,
Michigan St.,2024,113.763,93.7282,65.1871,20.0344,20.034800000000004,9.0
Middle Tennessee,2024,98.0758,106.869,65.4296,-8.79313,-8.793199999999999,
Milwaukee,2024,107.886,112.509,70.0439,-4.62309,-4.623000000000005,
Minnesota,2024,114.039,103.879,66.5385,10.1595,10.159999999999997,
Mississippi,2024,113.964,104.651,66.8405,9.31301,9.313000000000002,
Mississippi St.,2024,113.66,95.6804,67.0611,17.9796,17.97959999999999,8.0
Mississippi Valley St.,2024,85.2889,116.553,64.5793,-31.2638,-31.2641,
Missouri,2024,108.451,106.774,66.5763,1.67729,1.6769999999999925,
Missouri St.,2024,104.532,102.875,67.7204,1.65704,1.6569999999999965,
Monmouth,2024,105.747,108.51,67.7366,-2.7636,-2.7630000000000052,
Montana,2024,111.669,110.718,66.2343,0.951263,0.9509999999999934,
Montana St.,2024,103.308,107.21,68.7924,-3.90131,-3.901999999999987,16.0
Morehead St.,2024,108.991,103.522,64.2339,5.46886,5.468999999999994,14.0
Morgan St.,2024,97.3971,114.229,70.7197,-16.8317,-16.831900000000005,
Mount St. Mary's,2024,102.53,108.527,69.0068,-5.99704,-5.997,
Murray St.,2024,107.492,106.838,64.3255,0.654669,0.6540000000000106,
NC State,2024,114.386,101.33,68.0591,13.0559,13.055999999999997,11.0
Navy,2024,96.8667,110.985,65.4444,-14.1184,-14.118300000000005,
Nebraska,2024,115.868,97.6758,68.6089,18.1917,18.1922,8.0
Nebraska Omaha,2024,104.095,110.972,67.2826,-6.87755,-6.876999999999995,
Nevada,2024,115.582,98.7643,66.6261,16.818,16.817699999999988,10.0
New Hampshire,2024,100.006,105.86,71.3032,-5.85359,-5.853999999999999,
New Mexico,2024,115.408,96.4708,72.6818,18.9369,18.937200000000004,11.0
New Mexico St.,2024,99.3298,109.227,66.0778,-9.89684,-9.897199999999998,
New Orleans,2024,97.995,115.915,71.4416,-17.9198,-17.92,
Niagara,2024,103.373,111.242,67.2547,-7.86936,-7.869,
Nicholls St.,2024,104.701,109.637,66.1329,-4.936,-4.936000000000007,
NJIT,2024,97.5001,114.417,66.1672,-16.9165,-16.9169,
Norfolk St.,2024,103.373,108.625,66.4301,-5.25281,-5.251999999999995,
North Alabama,2024,105.847,111.944,67.7564,-6.09755,-6.097000000000008,
North Carolina,2024,117.798,93.1528,70.4464,24.6454,24.645200000000003,1.0
North Carolina A&T,2024,96.0097,115.445,67.6181,-19.4357,-19.435299999999998,
North Carolina Central,2024,104.94,111.591,66.5249,-6.65148,-6.650999999999996,
North Dakota,2024,105.442,110.723,66.5924,-5.28164,-5.281000000000006,
North Dakota St.,2024,104.047,112.36,65.5476,-8.31319,-8.313000000000002,
North Florida,2024,107.156,112.591,67.0465,-5.43478,-5.434999999999988,
North Texas,2024,109.665,98.7762,61.4446,10.8886,10.888800000000003,
Northeastern,2024,105.289,111.527,65.6853,-6.23797,-6.2379999999999995,
Northern Arizona,2024,99.0993,111.262,68.1815,-12.1623,-12.162700000000001,
Northern Colorado,2024,109.357,112.185,69.8928,-2.82852,-2.828000000000003,
Northern Illinois,2024,102.234,113.757,67.9885,-11.5236,-11.52300000000001,
Northern Iowa,2024,109.203,103.661,66.6265,5.54167,5.542000000000002,
Northern Kentucky,2024,103.21,105.525,68.0003,-2.31485,-2.315000000000012,
Northwestern,2024,116.639,100.73,63.7345,15.909,15.908999999999992,9.0
Northwestern St.,2024,97.8355,112.33,67.3274,-14.4949,-14.494500000000002,
Notre Dame,2024,102.844,98.6046,64.2049,4.23919,4.239399999999989,
Oakland,2024,108.595,105.778,66.6611,2.81758,2.816999999999993,14.0
Ohio,2024,109.087,106.788,67.3365,2.2986,2.2990000000000066,
Ohio St.,2024,115.689,100.1,65.4385,15.5892,15.588999999999999,
Oklahoma,2024,114.268,98.1523,66.9613,16.1155,16.115700000000004,
Oklahoma St.,2024,109.02,103.69,67.0147,5.32989,5.329999999999998,
Old Dominion,2024,99.0275,108.734,69.951,-9.70606,-9.706499999999991,
Oral Roberts,2024,103.558,112.202,67.5885,-8.64414,-8.643999999999991,
Oregon,2024,114.037,100.607,67.1532,13.4292,13.430000000000007,11.0
Oregon St.,2024,106.899,106.062,65.1177,0.837469,0.8370000000000033,
Pacific,2024,95.2472,118.153,68.2261,-22.9062,-22.9058,
Penn,2024,109.365,113.215,65.3985,-3.85004,-3.8500000000000085,
Penn St.,2024,111.386,101.051,69.7034,10.3355,10.334999999999994,
Pepperdine,2024,106.178,110.928,67.2836,-4.7506,-4.75,
Pittsburgh,2024,115.895,99.532,65.4488,16.3634,16.363,
Portland,2024,103.369,114.135,67.4044,-10.766,-10.766000000000005,
Portland St.,2024,99.6982,105.634,69.2232,-5.93592,-5.9358,
Prairie View A&M,2024,94.5155,111.463,70.6166,-16.9476,-16.94749999999999,
Presbyterian,2024,103.367,111.465,67.2013,-8.09878,-8.097999999999999,
Princeton,2024,117.1,104.746,64.9523,12.3536,12.354,
Providence,2024,109.138,95.5411,67.6816,13.5967,13.596900000000005,
Purdue,2024,124.99,95.8716,67.3768,29.1188,29.118399999999994,1.0
Purdue Fort Wayne,2024,105.173,104.353,70.5428,0.819644,0.8200000000000074,
Queens,2024,104.023,111.836,72.6375,-7.81331,-7.813000000000002,
Quinnipiac,2024,105.988,106.343,71.2897,-0.355401,-0.355000000000004,
Radford,2024,107.349,112.267,63.4324,-4.91789,-4.917999999999992,
Rhode Island,2024,106.678,110.478,68.6288,-3.79983,-3.799999999999997,
Rice,2024,106.62,111.615,65.7562,-4.9951,-4.99499999999999,
Richmond,2024,107.468,97.902,66.8344,9.56644,9.566000000000003,
Rider,2024,102.972,107.329,67.8885,-4.35751,-4.356999999999999,
Robert Morris,2024,101.684,113.264,66.9233,-11.5799,-11.579999999999998,
Rutgers,2024,99.2468,91.7612,67.8185,7.4856,7.485599999999991,
Sacramento St.,2024,98.307,110.861,63.8812,-12.5543,-12.554000000000002,
Sacred Heart,2024,102.114,112.158,69.1543,-10.0443,-10.043999999999997,
Saint Francis,2024,94.4255,116.653,65.3233,-22.2272,-22.227500000000006,
St. Joseph's,2024,110.826,103.309,68.3454,7.51741,7.516999999999996,
Saint Louis,2024,111.387,114.243,69.2802,-2.85674,-2.8559999999999945,
St. Mary's,2024,114.901,95.0135,61.9456,19.888,19.887500000000003,5.0
St. Peter's,2024,98.5891,100.911,63.953,-2.32155,-2.3218999999999994,15.0
Sam Houston St.,2024,105.996,103.692,67.4317,2.30375,2.304000000000002,
Samford,2024,113.084,103.292,72.4765,9.79216,9.792000000000002,13.0
San Diego,2024,100.479,107.54,71.0131,-7.06119,-7.061000000000007,
San Diego St.,2024,113.548,93.8489,65.9835,19.6992,19.6991,5.0
San Francisco,2024,110.378,98.9278,67.2043,11.4506,11.450199999999995,
San Jose St.,2024,105.868,111.786,65.6947,-5.91749,-5.918000000000006,
Santa Clara,2024,109.771,104.166,69.0506,5.60563,5.605000000000004,
Seattle,2024,105.258,100.72,66.712,4.53746,4.537999999999997,
Seton Hall,2024,112.272,99.5877,66.0186,12.6847,12.684300000000007,
Siena,2024,90.6488,113.17,65.8997,-22.5213,-22.521200000000007,
SIU Edwardsville,2024,101.359,110.873,67.0453,-9.51403,-9.51400000000001,
SMU,2024,111.192,99.9627,67.4279,11.2297,11.229299999999995,
South Alabama,2024,104.46,108.929,68.1726,-4.46903,-4.469000000000008,
South Carolina,2024,114.702,99.6458,62.8797,15.0562,15.056200000000004,6.0
South Carolina St.,2024,99.1325,110.071,68.5303,-10.938,-10.938500000000005,
South Dakota,2024,103.142,116.966,68.6039,-13.8244,-13.823999999999998,
South Dakota St.,2024,108.663,105.675,67.8606,2.98785,2.9879999999999995,15.0
South Florida,2024,110.401,101.27,67.9524,9.13126,9.131,
Southeast Missouri St.,2024,91.3124,112.481,69.021,-21.1682,-21.168599999999998,
Southeastern Louisiana,2024,98.9515,110.066,64.7418,-11.1141,-11.114500000000007,
Southern,2024,97.0593,104.752,67.3967,-7.6929,-7.692700000000002,
Southern Illinois,2024,109.308,104.783,64.3859,4.52441,4.525000000000006,
Southern Indiana,2024,96.0731,111.864,68.9309,-15.7905,-15.790900000000008,
Southern Miss,2024,101.346,106.973,67.9283,-5.62706,-5.626999999999995,
Southern Utah,2024,105.817,111.999,69.5107,-6.18161,-6.182000000000002,
St. Bonaventure,2024,111.612,104.163,65.4847,7.44855,7.448999999999998,
St. John's,2024,118.37,99.8662,69.2111,18.5034,18.5038,
St. Thomas,2024,107.703,105.842,62.8885,1.86187,1.8610000000000042,
Stanford,2024,110.359,103.939,69.5244,6.42048,6.420000000000002,
Stephen F. Austin,2024,101.686,102.79,69.1509,-1.10408,-1.1039999999999992,
Stetson,2024,110.263,114.367,66.1635,-4.10409,-4.103999999999999,16.0
Stonehill,2024,91.8662,114.759,67.5508,-22.8933,-22.892799999999994,
Stony Brook,2024,106.383,106.974,67.4112,-0.591333,-0.5910000000000082,
Syracuse,2024,111.021,101.745,70.5849,9.27618,9.275999999999996,
Tarleton St.,2024,108.907,106.067,66.4594,2.84062,2.8400000000000034,
TCU,2024,115.101,97.8086,69.6647,17.2925,17.2924,9.0
Temple,2024,102.57,104.736,66.7706,-2.16577,-2.166000000000011,
Tennessee,2024,117.028,91.0569,69.1983,25.9708,25.971100000000007,2.0
Tennessee Martin,2024,106.588,110.685,72.7869,-4.09716,-4.097000000000008,
Tennessee St.,2024,98.9704,108.835,68.3411,-9.86472,-9.864599999999996,
Tennessee Tech,2024,96.3392,112.929,65.4953,-16.59,-16.589799999999997,
Texas,2024,118.527,100.123,67.1597,18.4035,18.403999999999996,7.0
Texas A&M,2024,116.002,99.8937,65.8397,16.1079,16.1083,9.0
Texas A&M Commerce,2024,94.8616,111.173,66.1308,-16.3116,-16.311400000000006,
Texas A&M Corpus Christi,2024,100.918,102.092,68.765,-1.17419,-1.1739999999999924,
Texas Southern,2024,98.5127,106.812,67.7851,-8.29913,-8.299300000000002,
Texas St.,2024,100.639,102.437,66.3282,-1.79773,-1.7980000000000018,
Texas Tech,2024,117.945,99.3999,66.6395,18.5449,18.54509999999999,6.0
The Citadel,2024,102.975,110.026,65.4045,-7.05097,-7.051000000000002,
Toledo,2024,112.758,110.07,69.2731,2.68731,2.6880000000000024,
Towson,2024,103.537,101.705,62.2089,1.83238,1.8320000000000078,
Troy,2024,107.198,103.471,69.6177,3.72653,3.7269999999999897,
Tulane,2024,110.825,108.003,72.6229,2.82245,2.8220000000000027,
Tulsa,2024,103.044,105.241,70.4421,-2.19668,-2.1970000000000027,
UAB,2024,113.683,107.402,67.7969,6.28169,6.281000000000006,12.0
UC Davis,2024,102.364,103.166,67.053,-0.801476,-0.8019999999999925,
UC Irvine,2024,109.436,99.0897,68.3784,10.3462,10.346300000000014,
UC Riverside,2024,104.789,108.8,66.9591,-4.0118,-4.010999999999996,
UC San Diego,2024,111.867,107.333,65.3173,4.53422,4.534000000000006,
UC Santa Barbara,2024,106.347,109.692,67.2327,-3.3451,-3.344999999999999,
UCF,2024,107.671,94.8331,68.3045,12.838,12.837900000000005,
UCLA,2024,107.229,99.5204,62.9717,7.70822,7.708600000000004,
UMass Lowell,2024,106.246,104.813,70.0007,1.43308,1.4329999999999927,
UMBC,2024,105.053,113.279,73.021,-8.22586,-8.225999999999999,
UMKC,2024,101.356,105.225,66.4945,-3.86939,-3.8689999999999998,
UNC Asheville,2024,107.479,107.551,68.0688,-0.072353,-0.07200000000000273,
UNC Greensboro,2024,109.169,107.463,64.7091,1.70652,1.706000000000003,
UNC Wilmington,2024,113.35,108.516,65.2276,4.83345,4.833999999999989,
UNLV,2024,112.333,101.442,64.906,10.8914,10.891000000000005,
USC,2024,110.342,100.924,68.0442,9.41746,9.417999999999992,
USC Upstate,2024,100.015,109.874,67.0248,-9.85938,-9.858999999999995,
UT Arlington,2024,109.109,104.199,70.9761,4.90999,4.909999999999997,
UT Rio Grande Valley,2024,95.345,111.777,71.2135,-16.432,-16.432000000000002,
Utah,2024,113.905,99.0983,69.6026,14.807,14.806700000000006,
Utah St.,2024,115.616,100.502,68.5317,15.1145,15.114000000000004,8.0
Utah Tech,2024,99.5718,108.847,70.3033,-9.27529,-9.275199999999998,
Utah Valley,2024,99.904,100.487,67.5843,-0.582975,-0.5829999999999984,
UTEP,2024,98.4111,99.5974,69.6688,-1.18629,-1.1862999999999886,
UTSA,2024,107.009,113.654,70.4395,-6.64465,-6.644999999999996,
Valparaiso,2024,100.251,111.009,67.8565,-10.7582,-10.757999999999996,
Vanderbilt,2024,105.162,107.496,65.564,-2.3338,-2.333999999999989,
VCU,2024,109.269,99.2494,65.2374,10.0194,10.019600000000011,
Vermont,2024,107.124,100.147,63.2315,6.97711,6.97699999999999,13.0
Villanova,2024,111.59,94.6554,63.2097,16.9342,16.934600000000003,
Virginia,2024,105.423,93.348,59.9109,12.075,12.075000000000003,10.0
Virginia Tech,2024,115.942,102.709,67.4006,13.2334,13.23299999999999,
VMI,2024,89.2122,111.249,74.5615,-22.0366,-22.0368,
Wagner,2024,95.785,105.879,61.2516,-10.0944,-10.094000000000008,16.0
Wake Forest,2024,117.572,99.7813,68.1114,17.7911,17.7907,
Washington,2024,115.107,102.433,71.0502,12.6735,12.673999999999992,
Washington St.,2024,113.431,97.2153,64.82,16.2157,16.2157,7.0
Weber St.,2024,108.764,107.41,65.5227,1.35411,1.3539999999999992,
West Virginia,2024,108.424,106.135,68.4342,2.28979,2.2890000000000015,
Western Carolina,2024,109.23,103.551,66.7777,5.67915,5.679000000000002,
Western Illinois,2024,97.9282,105.804,64.5995,-7.87595,-7.875799999999998,
Western Kentucky,2024,105.553,102.49,75.1434,3.06269,3.0630000000000024,15.0
Western Michigan,2024,99.9716,111.266,68.4306,-11.2948,-11.29440000000001,
Wichita St.,2024,104.746,103.538,67.912,1.20838,1.2079999999999984,
William & Mary,2024,100.727,114.238,65.7672,-13.5119,-13.510999999999996,
Winthrop,2024,106.932,108.018,66.862,-1.08588,-1.0859999999999985,
Wisconsin,2024,120.064,99.4627,65.1516,20.6008,20.601299999999995,5.0
Wofford,2024,107.479,110.082,65.4893,-2.60265,-2.6029999999999944,
Wright St.,2024,115.925,115.166,71.3934,0.759058,0.7590000000000003,
Wyoming,2024,108.701,107.703,67.1239,0.998291,0.9979999999999905,
Xavier,2024,112.693,99.2673,70.9528,13.4255,13.425699999999992,
Yale,2024,110.826,101.353,64.5214,9.47277,9.472999999999999,13.0
Youngstown St.,2024,108.152,105.157,68.8277,2.99509,2.9950000000000045,
Abilene Christian,2025,97.6324,102.097,69.3532,-4.46503,-4.46459999999999,
Air Force,2025,98.9012,111.467,64.3683,-12.5655,-12.565799999999996,
Akron,2025,113.689,107.109,71.3708,6.57907,6.579999999999998,13.0
Alabama,2025,126.511,96.5798,74.8553,29.9317,29.93119999999999,2.0
Alabama A&M,2025,92.0141,115.515,70.9783,-23.5007,-23.5009,
Alabama St.,2025,101.41,110.647,67.7458,-9.23758,-9.237000000000009,16.0
Albany,2025,103.231,112.286,67.4509,-9.05481,-9.055000000000007,
Alcorn St.,2025,97.5926,112.173,64.6263,-14.5806,-14.580399999999997,
American,2025,102.054,108.032,63.4753,-5.97827,-5.977999999999994,16.0
Appalachian St.,2025,101.061,101.655,63.1069,-0.594209,-0.5939999999999941,
Arizona,2025,122.541,96.8148,69.8563,25.7258,25.72619999999999,4.0
Arizona St.,2025,112.494,101.255,68.3681,11.2388,11.239000000000004,
Arkansas,2025,112.929,95.2149,69.3321,17.7146,17.714100000000002,10.0
Arkansas Pine Bluff,2025,95.0406,121.125,71.3491,-26.084,-26.084400000000002,
Arkansas St.,2025,110.14,102.209,69.7966,7.93097,7.930999999999997,
Army,2025,99.8047,114.312,67.5504,-14.5069,-14.5073,
Auburn,2025,128.426,93.379,67.5825,35.0475,35.04699999999998,1.0
Austin Peay,2025,101.81,111.054,66.0576,-9.24424,-9.244,
Ball St.,2025,103.418,112.756,66.3567,-9.33769,-9.337999999999994,
Baylor,2025,120.812,99.6653,64.5156,21.1465,21.146699999999996,9.0
Bellarmine,2025,103.756,121.416,66.1436,-17.6591,-17.659999999999997,
Belmont,2025,112.311,108.932,70.5295,3.37927,3.379000000000005,
Bethune Cookman,2025,97.299,107.866,69.0025,-10.5669,-10.566999999999993,
Binghamton,2025,98.79,112.673,65.6727,-13.8833,-13.882999999999996,
Boise St.,2025,115.965,100.045,65.1812,15.9196,15.920000000000002,
Boston College,2025,105.385,107.174,66.7109,-1.78807,-1.7890000000000015,
Boston University,2025,98.9921,111.302,63.0373,-12.31,-12.309900000000013,
Bowling Green,2025,98.9047,109.793,68.6751,-10.8881,-10.888300000000001,
Bradley,2025,111.473,104.379,65.5664,7.09358,7.093999999999994,
Brown,2025,103.115,106.761,65.7533,-3.64557,-3.646000000000001,
Bryant,2025,106.746,105.5,72.4625,1.24635,1.2459999999999951,15.0
Bucknell,2025,102.723,107.618,67.2206,-4.89538,-4.894999999999996,
Buffalo,2025,96.2344,113.817,70.6936,-17.5824,-17.5826,
Butler,2025,116.126,105.551,67.3943,10.5743,10.575000000000003,
BYU,2025,123.002,100.609,67.224,22.3936,22.393,6.0
Cal Baptist,2025,105.758,106.084,65.6644,-0.325783,-0.3260000000000076,
Cal Poly,2025,109.537,111.113,74.4165,-1.57644,-1.5759999999999934,
Cal St. Bakersfield,2025,106.332,112.374,65.9807,-6.04255,-6.042000000000002,
Cal St. Fullerton,2025,93.8473,112.224,68.0679,-18.3763,-18.3767,
California,2025,111.292,106.617,67.4902,4.6747,4.674999999999997,
Campbell,2025,101.591,106.143,65.8074,-4.5528,-4.552000000000007,
Canisius,2025,98.9812,121.941,66.1301,-22.9595,-22.9598,
Central Arkansas,2025,97.6423,115.798,66.3168,-18.1553,-18.155699999999996,
Central Connecticut,2025,99.7232,101.484,65.7469,-1.76103,-1.760799999999989,
Central Michigan,2025,105.303,108.39,67.1339,-3.08781,-3.0870000000000033,
Charleston,2025,106.042,105.395,70.0179,0.646973,0.6470000000000056,
Charleston Southern,2025,99.6556,111.626,67.2549,-11.9709,-11.970399999999998,
Charlotte,2025,104.52,112.278,64.7939,-7.7587,-7.75800000000001,
Chattanooga,2025,115.162,110.231,66.4504,4.93126,4.931000000000012,
Chicago St.,2025,91.8495,116.163,68.2366,-24.313,-24.31349999999999,
Cincinnati,2025,110.524,95.7158,65.4285,14.8086,14.8082,
Clemson,2025,118.657,94.7322,64.2485,23.9249,23.92479999999999,5.0
Cleveland St.,2025,103.681,104.063,65.2549,-0.382455,-0.382000000000005,
Coastal Carolina,2025,100.391,115.426,63.1775,-15.0349,-15.034999999999997,
Colgate,2025,104.624,112.567,67.1691,-7.94293,-7.942999999999998,
Colorado,2025,108.786,99.2518,67.6318,9.53375,9.534199999999998,
Colorado St.,2025,116.224,98.9322,65.9525,17.2919,17.29180000000001,12.0
Columbia,2025,106.302,115.864,70.655,-9.56146,-9.561999999999998,
Connecticut,2025,121.928,102.59,63.7051,19.3389,19.337999999999994,8.0
Coppin St.,2025,87.3266,111.618,67.6902,-24.2914,-24.291399999999996,
Cornell,2025,114.898,111.514,70.8582,3.38318,3.3840000000000003,
Creighton,2025,116.921,98.2137,67.0295,18.7077,18.707300000000004,9.0
CSUN,2025,109.064,103.966,72.2625,5.09753,5.097999999999999,
Dartmouth,2025,100.139,103.441,70.9197,-3.30202,-3.3020000000000067,
Davidson,2025,109.728,108.164,65.8773,1.56415,1.563999999999993,
Dayton,2025,115.609,104.623,65.8518,10.9864,10.98599999999999,
Delaware,2025,109.33,114.909,70.324,-5.57865,-5.579000000000008,
Delaware St.,2025,101.698,114.186,70.1941,-12.4878,-12.488000000000014,
Denver,2025,98.6887,111.228,66.3802,-12.5392,-12.539299999999997,
DePaul,2025,109.624,105.285,66.8809,4.33849,4.338999999999999,
Detroit Mercy,2025,95.0677,112.084,66.9497,-17.0163,-17.0163,
Drake,2025,112.597,98.4566,58.8047,14.1399,14.1404,11.0
Drexel,2025,103.929,105.98,62.9428,-2.05026,-2.051000000000002,
Duke,2025,127.954,89.7995,65.7242,38.1544,38.1545,1.0
Duquesne,2025,106.095,103.251,65.2138,2.84463,2.843999999999994,
East Carolina,2025,106.849,107.944,66.5839,-1.09498,-1.0949999999999989,
East Tennessee St.,2025,106.763,104.866,65.0354,1.89695,1.8970000000000056,
East Texas A&M,2025,96.4815,111.564,67.2615,-15.0825,-15.082499999999996,
Eastern Illinois,2025,93.5008,106.873,66.1317,-13.3726,-13.372200000000007,
Eastern Kentucky,2025,109.628,111.355,67.5631,-1.72727,-1.7270000000000039,
Eastern Michigan,2025,104.289,113.998,67.1708,-9.70872,-9.709000000000003,
Eastern Washington,2025,101.752,112.766,66.8337,-11.0143,-11.01400000000001,
Elon,2025,107.387,110.388,65.0619,-3.00028,-3.0010000000000048,
Evansville,2025,98.232,106.26,66.795,-8.02815,-8.028000000000006,
Fairfield,2025,98.1583,114.092,65.985,-15.9342,-15.933700000000002,
Fairleigh Dickinson,2025,98.2966,110.804,69.1141,-12.5078,-12.507400000000004,
FIU,2025,96.5736,104.104,68.3143,-7.53061,-7.5304,
Florida,2025,128.6,92.4375,69.5882,36.1627,36.162499999999994,1.0
Florida A&M,2025,101.522,115.227,67.1168,-13.7049,-13.704999999999998,
Florida Atlantic,2025,112.323,107.875,68.7239,4.4488,4.447999999999993,
Florida Gulf Coast,2025,108.11,108.79,65.1649,-0.679387,-0.6800000000000068,
Florida St.,2025,108.772,100.333,69.4944,8.43941,8.439000000000007,
Fordham,2025,106.39,111.663,69.4518,-5.27283,-5.272999999999996,
Fresno St.,2025,100.848,108.52,70.4954,-7.67209,-7.671999999999997,
Furman,2025,109.649,107.322,65.9273,2.32699,2.326999999999998,
Gardner Webb,2025,103.008,111.132,68.9487,-8.12407,-8.12400000000001,
George Mason,2025,105.951,95.6484,64.5463,10.303,10.302599999999998,
George Washington,2025,107.992,103.342,66.749,4.65005,4.650000000000006,
Georgetown,2025,108.339,99.4896,68.2088,8.84907,8.849400000000003,
Georgia,2025,115.396,96.0081,66.4126,19.3878,19.387900000000002,9.0
Georgia Southern,2025,102.61,109.599,69.3846,-6.98896,-6.989000000000004,
Georgia St.,2025,106.388,114.627,68.8942,-8.23897,-8.23899999999999,
Georgia Tech,2025,107.679,100.539,68.5441,7.14042,7.140000000000001,
Gonzaga,2025,123.564,96.2729,70.1658,27.2907,27.291099999999986,8.0
Grambling St.,2025,95.168,109.078,63.7699,-13.9099,-13.909999999999997,
Grand Canyon,2025,107.814,100.591,71.4362,7.22297,7.222999999999999,13.0
Green Bay,2025,100.681,116.779,68.891,-16.0987,-16.098,
Hampton,2025,103.711,107.844,65.4965,-4.13294,-4.132999999999996,
Harvard,2025,101.206,108.879,65.4905,-7.67346,-7.673000000000002,
Hawaii,2025,103.121,107.84,65.8452,-4.71916,-4.719000000000008,
High Point,2025,118.451,109.147,66.4109,9.30421,9.303999999999988,13.0
Hofstra,2025,97.912,102.409,63.5905,-4.49659,-4.497,
Holy Cross,2025,101.797,115.715,65.9608,-13.918,-13.918000000000006,
Houston,2025,123.226,87.7815,61.4245,35.4443,35.444500000000005,1.0
Houston Christian,2025,100.528,110.097,64.7486,-9.56912,-9.568999999999988,
Howard,2025,103.652,116.86,69.9398,-13.2078,-13.207999999999998,
Idaho,2025,107.261,116.722,66.2332,-9.46135,-9.460999999999999,
Idaho St.,2025,105.866,109.676,65.9776,-3.80919,-3.8100000000000023,
Illinois,2025,121.626,98.0619,71.3262,23.5646,23.56410000000001,6.0
Illinois Chicago,2025,106.922,107.792,69.0837,-0.869703,-0.8700000000000045,
Illinois St.,2025,111.87,109.91,65.7,1.96018,1.960000000000008,
Incarnate Word,2025,105.991,112.572,64.1497,-6.58069,-6.581000000000003,
Indiana,2025,113.62,97.4379,67.8936,16.1822,16.182100000000005,
Indiana St.,2025,109.023,112.27,72.1846,-3.24699,-3.247,
Iona,2025,98.6276,106.527,68.0444,-7.8991,-7.8994,
Iowa,2025,119.572,106.759,69.5447,12.8131,12.813000000000002,
Iowa St.,2025,119.432,92.4359,68.5585,26.9956,26.9961,3.0
IU Indy,2025,109.491,122.852,64.7775,-13.3612,-13.361000000000004,
Jackson St.,2025,100.303,106.913,68.259,-6.61014,-6.609999999999999,
Jacksonville,2025,101.716,103.15,67.3897,-1.43457,-1.4340000000000117,
Jacksonville St.,2025,109.281,105.356,64.7588,3.92507,3.9250000000000114,
James Madison,2025,110.426,110.331,64.8327,0.0941727,0.09499999999999886,
Kansas,2025,115.97,92.712,68.3503,23.2578,23.257999999999996,7.0
Kansas City,2025,100.371,106.256,64.4544,-5.88499,-5.885000000000005,
Kansas St.,2025,109.353,97.1478,66.967,12.2056,12.20519999999999,
Kennesaw St.,2025,107.016,103.897,70.2596,3.11918,3.1189999999999998,
Kent St.,2025,105.397,102.751,66.05,2.64665,2.646000000000001,
Kentucky,2025,123.783,99.5253,70.9288,24.2581,24.2577,3.0
La Salle,2025,103.712,108.324,68.5505,-4.61221,-4.611999999999995,
Lafayette,2025,98.0729,108.744,66.098,-10.6713,-10.671099999999996,
Lamar,2025,101.974,102.15,65.3577,-0.176276,-0.17600000000000193,
Le Moyne,2025,101.154,121.807,68.5239,-20.6527,-20.653000000000006,
Lehigh,2025,100.632,110.838,67.2247,-10.2054,-10.205999999999989,
Liberty,2025,112.451,98.9175,65.3141,13.5333,13.53349999999999,12.0
Lindenwood,2025,94.0736,108.838,69.5733,-14.7646,-14.764399999999995,
Lipscomb,2025,112.665,103.179,65.8682,9.48591,9.486000000000004,14.0
Little Rock,2025,99.1152,104.17,66.8956,-5.05521,-5.0548,
LIU,2025,94.8545,105.232,64.7704,-10.3777,-10.377499999999998,
Long Beach St.,2025,101.811,113.89,64.0026,-12.0791,-12.078999999999994,
Longwood,2025,105.933,109.795,68.9737,-3.86208,-3.8619999999999948,
Louisiana,2025,97.7193,111.201,66.1667,-13.4821,-13.48169999999999,
Louisiana Monroe,2025,96.0852,114.421,67.6393,-18.3361,-18.335800000000006,
Louisiana Tech,2025,108.866,105.171,64.407,3.69539,3.694999999999993,
Louisville,2025,118.114,95.4734,68.7455,22.6402,22.640600000000006,8.0
Loyola Chicago,2025,107.352,102.322,66.889,5.02993,5.030000000000001,
Loyola Marymount,2025,104.146,103.625,67.1433,0.521459,0.5210000000000008,
Loyola MD,2025,100.449,112.8,66.5231,-12.3503,-12.350999999999999,
LSU,2025,109.003,100.35,67.9048,8.65336,8.653000000000006,
Maine,2025,100.097,104.51,65.8848,-4.41307,-4.413000000000011,
Manhattan,2025,108.456,114.347,67.4431,-5.89088,-5.890999999999991,
Marist,2025,97.1439,106.242,64.0498,-9.09852,-9.098100000000002,
Marquette,2025,117.663,96.084,67.5604,21.5789,21.578999999999994,7.0
Marshall,2025,106.293,106.813,68.651,-0.520451,-0.519999999999996,
Maryland,2025,118.136,91.7865,69.7995,26.3494,26.349499999999992,4.0
Maryland Eastern Shore,2025,95.7732,118.42,65.5409,-22.6466,-22.6468,
Massachusetts,2025,102.307,106.432,70.2312,-4.12531,-4.125,
McNeese,2025,114.253,100.567,65.3487,13.6856,13.686000000000007,12.0
Memphis,2025,113.136,97.7819,70.7977,15.3543,15.354100000000003,5.0
Mercer,2025,99.2256,107.25,70.9975,-8.02396,-8.0244,
Mercyhurst,2025,98.742,116.577,64.6735,-17.8347,-17.834999999999994,
Merrimack,2025,99.8679,102.023,64.4191,-2.15493,-2.1550999999999902,
Miami FL,2025,113.476,115.978,67.424,-2.50144,-2.5019999999999953,
Miami OH,2025,107.757,107.02,68.9445,0.737468,0.737000000000009,
Michigan,2025,115.994,93.7182,69.4392,22.2758,22.275800000000004,5.0
Michigan St.,2025,118.142,90.5691,67.7098,27.5733,27.57289999999999,2.0
Middle Tennessee,2025,109.091,104.808,68.238,4.28282,4.282999999999987,
Milwaukee,2025,107.233,105.471,68.6583,1.76213,1.7620000000000005,
Minnesota,2025,110.127,101.691,62.6005,8.43611,8.435999999999993,
Mississippi,2025,117.842,95.7535,68.0276,22.0886,22.088499999999996,6.0
Mississippi St.,2025,118.739,98.6336,68.1194,20.105,20.105400000000003,8.0
Mississippi Valley St.,2025,82.5521,124.769,64.7543,-42.2171,-42.21690000000001,
Missouri,2025,125.287,100.869,68.193,24.4177,24.418000000000006,6.0
Missouri St.,2025,100.995,107.397,63.7916,-6.40227,-6.402000000000001,
Monmouth,2025,103.861,112.441,67.0173,-8.57971,-8.579999999999998,
Montana,2025,110.778,110.393,67.0251,0.384426,0.3850000000000051,14.0
Montana St.,2025,105.272,107.308,65.7994,-2.03603,-2.0360000000000014,
Morehead St.,2025,97.6294,112.43,63.9458,-14.8003,-14.800600000000003,
Morgan St.,2025,101.613,117.034,70.3599,-15.4206,-15.421000000000006,
Mount St. Mary's,2025,100.145,106.815,67.3584,-6.66958,-6.670000000000002,16.0
Murray St.,2025,106.378,104.493,64.8084,1.88481,1.8850000000000051,
NC State,2025,107.555,103.776,65.204,3.77916,3.7790000000000106,
Navy,2025,102.276,111.447,66.9315,-9.1708,-9.171000000000006,
Nebraska,2025,113.229,98.3894,67.3414,14.8395,14.839600000000004,
Nebraska Omaha,2025,111.049,110.543,67.7016,0.506969,0.5060000000000002,15.0
Nevada,2025,112.766,102.834,63.7579,9.93206,9.932000000000002,
New Hampshire,2025,93.7753,115.367,67.3044,-21.5919,-21.591700000000003,
New Mexico,2025,112.488,95.1691,72.6756,17.3187,17.3189,10.0
New Mexico St.,2025,104.287,101.346,64.7808,2.94159,2.9410000000000025,
New Orleans,2025,99.3154,117.642,69.1234,-18.3261,-18.3266,
Niagara,2025,101.115,115.235,65.0405,-14.1197,-14.120000000000005,
Nicholls,2025,105.624,106.405,68.0984,-0.780464,-0.7810000000000059,
NJIT,2025,93.1959,113.507,66.4413,-20.3113,-20.31110000000001,
Norfolk St.,2025,107.141,108.669,66.3293,-1.52741,-1.5279999999999916,16.0
North Alabama,2025,111.94,107.033,66.5257,4.9072,4.9069999999999965,
North Carolina,2025,118.852,99.3034,70.4314,19.5481,19.548600000000008,11.0
North Carolina A&T,2025,96.9492,113.349,68.9987,-16.3997,-16.3998,
North Carolina Central,2025,102.735,117.066,66.7537,-14.3316,-14.331000000000003,
North Dakota,2025,107.643,115.83,68.9553,-8.18713,-8.186999999999998,
North Dakota St.,2025,115.36,112.582,64.85,2.7779,2.778000000000006,
North Florida,2025,109.532,117.436,72.1517,-7.90364,-7.904000000000011,
North Texas,2025,109.348,98.2311,60.4433,11.1169,11.116900000000001,
Northeastern,2025,103.615,107.315,67.2906,-3.69981,-3.700000000000003,
Northern Arizona,2025,104.237,110.771,66.8416,-6.53373,-6.534000000000006,
Northern Colorado,2025,112.016,107.998,68.6944,4.01822,4.018000000000001,
Northern Illinois,2025,94.2516,112.399,68.8146,-18.1471,-18.147400000000005,
Northern Iowa,2025,109.834,104.025,64.9463,5.809,5.8089999999999975,
Northern Kentucky,2025,102.582,108.279,66.0673,-5.69766,-5.697000000000003,
Northwestern,2025,113.9,97.4839,64.9435,16.4165,16.4161,
Northwestern St.,2025,102.578,107.823,63.9481,-5.24452,-5.24499999999999,
Notre Dame,2025,111.278,104.218,64.6966,7.05998,7.060000000000002,
Oakland,2025,107.123,108.463,63.7992,-1.34003,-1.3399999999999892,
Ohio,2025,106.04,109.147,70.2576,-3.10685,-3.1069999999999993,
Ohio St.,2025,117.608,99.3124,66.991,18.2951,18.295600000000007,
Oklahoma,2025,119.044,100.68,68.5273,18.3649,18.36399999999999,9.0
Oklahoma St.,2025,107.715,101.369,71.4246,6.34547,6.346000000000004,
Old Dominion,2025,100.092,110.407,65.9616,-10.3156,-10.314999999999998,
Oral Roberts,2025,102.821,117.744,67.2086,-14.9228,-14.923000000000002,
Oregon,2025,116.633,96.4838,67.5981,20.1491,20.149199999999993,5.0
Oregon St.,2025,116.232,106.942,63.7016,9.2895,9.290000000000006,
Pacific,2025,101.408,111.676,66.3991,-10.2677,-10.268,
Penn,2025,103.933,114.893,66.8234,-10.96,-10.959999999999994,
Penn St.,2025,114.66,101.013,69.8432,13.6471,13.646999999999991,
Pepperdine,2025,106.361,110.594,69.0389,-4.23354,-4.23299999999999,
Pittsburgh,2025,115.686,102.06,66.2018,13.6264,13.626000000000005,
Portland,2025,105.774,114.69,68.2515,-8.91526,-8.915999999999997,
Portland St.,2025,100.529,103.994,68.4026,-3.46495,-3.4650000000000034,
Prairie View A&M,2025,95.5464,117.678,70.1448,-22.1313,-22.13159999999999,
Presbyterian,2025,104.474,109.864,64.1134,-5.39088,-5.390000000000001,
Princeton,2025,105.298,106.682,66.4348,-1.38378,-1.3840000000000003,
Providence,2025,112.103,105.105,66.2326,6.99748,6.9979999999999905,
Purdue,2025,124.232,100.394,64.971,23.8371,23.837999999999994,4.0
Purdue Fort Wayne,2025,109.02,109.078,69.7109,-0.0578164,-0.058000000000006935,
Queens,2025,106.222,109.507,68.3756,-3.28476,-3.285000000000011,
Quinnipiac,2025,102.043,106.056,71.5596,-4.01319,-4.012999999999991,
Radford,2025,110.361,109.676,62.7263,0.685152,0.6850000000000023,
Rhode Island,2025,108.135,107.229,70.3609,0.906155,0.9060000000000059,
Rice,2025,106.299,108.6,65.2776,-2.30142,-2.3009999999999877,
Richmond,2025,103.026,109.049,63.7064,-6.02317,-6.02300000000001,
Rider,2025,101.683,114.968,64.7666,-13.2856,-13.284999999999997,
Robert Morris,2025,106.969,104.883,67.7646,2.08559,2.0859999999999985,15.0
Rutgers,2025,115.062,104.325,68.6408,10.7369,10.736999999999995,
Sacramento St.,2025,95.3052,113.238,65.4639,-17.9325,-17.9328,
Sacred Heart,2025,104.678,112.735,70.1645,-8.0569,-8.057000000000002,
Saint Francis,2025,99.6749,112.436,66.9185,-12.7615,-12.761100000000013,16.0
St. Joseph's,2025,110.924,100.825,67.8758,10.0991,10.099000000000004,
Saint Louis,2025,109.299,104.161,67.3213,5.13815,5.138000000000005,
St. Mary's,2025,115.276,92.1878,61.6752,23.0883,23.0882,7.0
St. Peter's,2025,94.8954,106.291,63.8076,-11.3953,-11.395600000000002,
Sam Houston St.,2025,110.297,111.265,67.5503,-0.968837,-0.9680000000000035,
Samford,2025,112.515,108.102,70.8857,4.41244,4.412999999999997,
San Diego,2025,99.3811,110.634,71.0124,-11.2526,-11.252899999999997,
San Diego St.,2025,109.841,93.4701,66.0081,16.3707,16.370899999999992,11.0
San Francisco,2025,111.713,99.0305,67.7139,12.6823,12.68249999999999,
San Jose St.,2025,107.283,107.39,66.3287,-0.107681,-0.10699999999999932,
Santa Clara,2025,115.849,101.706,68.8239,14.1429,14.143,
Seattle,2025,103.98,102.389,65.8871,1.59123,1.5910000000000082,
Seton Hall,2025,98.7309,102.154,64.428,-3.42286,-3.423099999999991,
Siena,2025,102.808,110.224,67.177,-7.41629,-7.415999999999997,
SIUE,2025,101.884,106.201,65.8175,-4.31608,-4.316999999999993,16.0
SMU,2025,116.616,100.431,68.4416,16.1852,16.185000000000002,
South Alabama,2025,107.379,103.279,63.0525,4.09982,4.1000000000000085,
South Carolina,2025,110.417,98.9361,65.2691,11.4804,11.480900000000005,
South Carolina St.,2025,102.604,105.004,69.1463,-2.39932,-2.4000000000000057,
South Dakota,2025,109.256,115.401,74.5849,-6.14483,-6.144999999999996,
South Dakota St.,2025,109.652,106.975,68.9486,2.67671,2.6770000000000067,
South Florida,2025,103.487,106.294,68.2342,-2.80717,-2.807000000000002,
Southeast Missouri,2025,101.848,105.136,68.8249,-3.28857,-3.2879999999999967,
Southeastern Louisiana,2025,104.566,107.351,66.9188,-2.78543,-2.7849999999999966,
Southern,2025,98.939,104.625,68.4837,-5.6855,-5.686000000000007,
Southern Illinois,2025,105.585,108.326,67.8895,-2.74025,-2.7409999999999997,
Southern Indiana,2025,98.2356,114.772,66.9214,-16.5363,-16.5364,
Southern Miss,2025,97.5963,108.881,70.7872,-11.2844,-11.2847,
Southern Utah,2025,98.1231,109.265,68.856,-11.1417,-11.141900000000007,
St. Bonaventure,2025,106.263,100.632,64.3076,5.6308,5.631,
St. John's,2025,113.892,87.514,70.112,26.3781,26.378,2.0
St. Thomas,2025,113.602,110.145,67.7907,3.45671,3.457000000000008,
Stanford,2025,112.13,102.619,65.9896,9.51101,9.510999999999996,
Stephen F. Austin,2025,95.0551,104.616,67.38,-9.56098,-9.560900000000004,
Stetson,2025,99.367,118.653,67.5756,-19.2862,-19.286,
Stonehill,2025,100.799,115.023,64.9216,-14.2243,-14.22399999999999,
Stony Brook,2025,101.858,117.595,64.3532,-15.7367,-15.736999999999995,
Syracuse,2025,110.342,105.933,68.1274,4.40919,4.408999999999992,
Tarleton St.,2025,92.9844,103.381,65.4674,-10.3967,-10.396600000000007,
TCU,2025,105.81,96.9568,66.5139,8.85337,8.853200000000001,
Temple,2025,109.998,110.608,68.6097,-0.609474,-0.6099999999999994,
Tennessee,2025,120.275,89.122,63.6184,31.1527,31.153000000000006,2.0
Tennessee Martin,2025,101.716,112.685,66.2116,-10.9694,-10.969000000000008,
Tennessee St.,2025,102.186,109.473,70.3272,-7.28707,-7.286999999999992,
Tennessee Tech,2025,100.805,113.091,67.6972,-12.2866,-12.285999999999987,
Texas,2025,116.677,99.5252,67.352,17.1519,17.15180000000001,11.0
Texas A&M,2025,116.21,92.1262,66.1359,24.0834,24.083799999999997,4.0
Texas A&M Corpus Christi,2025,105.961,105.717,67.3535,0.244409,0.24399999999999977,
Texas Southern,2025,96.5959,106.186,69.8743,-9.58999,-9.590100000000007,
Texas St.,2025,109.401,112.392,65.9006,-2.99061,-2.9909999999999997,
Texas Tech,2025,125.287,97.2355,65.409,28.0517,28.051500000000004,3.0
The Citadel,2025,94.9279,116.714,64.5435,-21.7862,-21.786100000000005,
Toledo,2025,112.01,118.138,67.9347,-6.12797,-6.128,
Towson,2025,106.818,106.178,63.5936,0.63964,0.6400000000000006,
Troy,2025,107.654,100.778,66.2893,6.87603,6.875999999999991,14.0
Tulane,2025,108.753,106.635,66.6299,2.11729,2.117999999999995,
Tulsa,2025,101.407,110.016,66.167,-8.60958,-8.609000000000009,
UAB,2025,116.777,111.285,68.972,5.49271,5.492000000000004,
UC Davis,2025,97.1004,103.599,66.9162,-6.4982,-6.49860000000001,
UC Irvine,2025,107.467,95.0986,68.6623,12.3679,12.368399999999994,
UC Riverside,2025,110.15,108.548,67.0641,1.60158,1.6020000000000039,
UC San Diego,2025,115.247,96.4676,65.6518,18.7789,18.779399999999995,12.0
UC Santa Barbara,2025,108.754,107.175,65.4349,1.57809,1.5790000000000077,
UCF,2025,115.399,103.805,71.8823,11.5936,11.593999999999994,
UCLA,2025,116.85,95.0871,64.889,21.763,21.762899999999988,7.0
UMass Lowell,2025,108.598,114.881,68.5442,-6.2828,-6.283000000000001,
UMBC,2025,106.505,117.9,70.354,-11.3951,-11.39500000000001,
UNC Asheville,2025,108.994,112.059,68.0976,-3.06481,-3.0649999999999977,
UNC Greensboro,2025,107.159,105.373,63.7742,1.78557,1.7860000000000014,
UNC Wilmington,2025,112.281,107.139,65.3115,5.14265,5.14200000000001,14.0
UNLV,2025,107.515,100.027,65.6916,7.48872,7.4879999999999995,
USC,2025,116.635,103.678,68.189,12.9565,12.957000000000008,
USC Upstate,2025,98.3682,115.881,72.6553,-17.513,-17.5128,
UT Arlington,2025,107.29,112.312,67.5269,-5.02156,-5.021999999999991,
UT Rio Grande Valley,2025,104.708,110.909,70.3821,-6.20144,-6.201000000000008,
Utah,2025,112.356,101.75,68.7278,10.6059,10.605999999999995,
Utah St.,2025,120.736,105.511,67.5484,15.225,15.225000000000009,10.0
Utah Tech,2025,101.731,113.508,67.3977,-11.7766,-11.777000000000001,
Utah Valley,2025,106.74,102.225,67.931,4.51496,4.515000000000001,
UTEP,2025,105.236,104.852,68.7275,0.384418,0.38400000000000034,
UTSA,2025,107.184,109.63,69.8617,-2.44575,-2.445999999999998,
Valparaiso,2025,105.797,109.663,67.9799,-3.86586,-3.8659999999999997,
Vanderbilt,2025,117.933,101.772,69.4443,16.1611,16.161,10.0
VCU,2025,116.302,95.6967,66.0872,20.6057,20.6053,11.0
Vermont,2025,99.1487,105.396,62.3564,-6.24736,-6.247299999999996,
Villanova,2025,118.223,103.97,62.9957,14.2532,14.253,
Virginia,2025,110.654,105.354,61.0964,5.30003,5.299999999999997,
Virginia Tech,2025,106.424,106.229,65.0968,0.195517,0.1950000000000074,
VMI,2025,100.227,110.766,68.1124,-10.5388,-10.539000000000001,
Wagner,2025,92.1633,110.254,60.2726,-18.0906,-18.0907,
Wake Forest,2025,108.186,96.9655,67.0648,11.2209,11.220500000000001,
Washington,2025,109.062,104.031,67.6098,5.03052,5.030999999999992,
Washington St.,2025,111.605,107.725,70.5069,3.8806,3.8800000000000097,
Weber St.,2025,101.134,112.611,65.5669,-11.4769,-11.477000000000004,
West Georgia,2025,96.8147,115.101,67.9766,-18.286,-18.286299999999997,
West Virginia,2025,109.028,93.9317,64.1609,15.0964,15.0963,
Western Carolina,2025,95.2215,112.319,70.3286,-17.0977,-17.097499999999997,
Western Illinois,2025,98.9955,117.204,64.2252,-18.2087,-18.208499999999987,
Western Kentucky,2025,103.368,103.053,71.6471,0.314948,0.3149999999999977,
Western Michigan,2025,101.394,112.383,67.7873,-10.9896,-10.98899999999999,
Wichita St.,2025,106.774,104.095,68.5926,2.67881,2.679000000000002,
William & Mary,2025,107.279,112.588,71.2244,-5.30888,-5.3089999999999975,
Winthrop,2025,108.303,108.335,72.6426,-0.0324316,-0.031999999999996476,
Wisconsin,2025,122.016,96.0406,67.5878,25.9754,25.975400000000008,3.0
Wofford,2025,113.636,109.479,64.0307,4.15774,4.1569999999999965,15.0
Wright St.,2025,109.457,114.121,67.3994,-4.66348,-4.6640000000000015,
Wyoming,2025,103.556,105.538,64.5753,-1.98178,-1.9819999999999993,
Xavier,2025,115.463,98.2653,69.0679,17.1975,17.197699999999998,11.0
Yale,2025,115.087,104.043,67.1772,11.0438,11.043999999999997,13.0
Youngstown St.,2025,102.114,105.394,69.1705,-3.28024,-3.280000000000001,
