kenpom_name,recent_efg_pct,recent_ts_pct,recent_3par,recent_ftr,recent_off_efg,recent_off_tov_pct,recent_orb_pct,recent_ftm_rate,recent_def_efg,recent_def_tov_pct,recent_avg_margin,recent_margin_trend,recent_win_pct,recent_pct_blowout_wins,recent_pct_close_losses,n_games,recent_win_pct_30d,recent_win_pct_60d,window_used,rank_trend_30d,rank_trend_60d,consensus_rank,rank_disagreement,momentum_score,conf_tourney_wins,conf_tourney_win_pct,conf_tourney_avg_margin,won_conf_tourney,kenpom_adj_em
Akron,0.5961771087309881,0.648939622120302,0.45555011320097527,0.41668807326134916,0.5961771087309881,0.09025494384165011,0.3199706210243295,0.34941041158713576,0.5376837190197559,0.07616086557204765,14.6,2.7,1.0,0.4,0.0,5,1.0,0.9166666666666666,30,-1.0,-13.666666666666666,60.666666666666664,5.734883511361751,-1.0,0.0,0.0,0.0,0.0,13.0719
Alabama,0.5848019149379032,0.6300139288241332,0.5396534378685909,0.3995125927981683,0.5848019149379032,0.06559503725311097,0.3004079418977551,0.3124765836397697,0.4823164333664695,0.07578470533420502,10.0,-0.1,1.0,0.2,0.0,5,1.0,0.8333333333333334,30,0.0,-9.0,20.0,0.816496580927726,0.0,0.0,0.0,0.0,0.0,26.5906
Arizona,0.4958728310623802,0.5559605490547566,0.2879754364487971,0.44889982967851816,0.4958728310623802,0.07741780079908143,0.3431091956970384,0.3399457100276772,0.4676577503929929,0.0467635408636255,8.2,-0.4,0.8,0.25,1.0,5,0.8,0.8461538461538461,30,-1.0,-1.0,3.0,0.0,-1.0,0.0,0.0,0.0,0.0,37.1308
Arkansas,0.5527203838181792,0.5958210147418818,0.27461332637590413,0.34036416344160836,0.5527203838181792,0.07659006237572265,0.3059276850836953,0.2655970778797235,0.5848198667771137,0.03760118744913982,0.0,-10.4,0.6,0.3333333333333333,0.5,5,0.6,0.6923076923076923,30,5.0,3.6666666666666665,19.666666666666668,2.0548046676563256,5.0,0.0,0.0,0.0,0.0,25.4799
Arkansas St.,0.5477906278309504,0.59913891071285,0.4591415573673638,0.5381397455591005,0.5477906278309504,0.06080120549957609,0.37150775747549947,0.3861211548308322,0.471545132337441,0.10327675165379605,9.8,-2.7,0.8,0.5,1.0,5,0.8,0.5714285714285714,30,1.3333333333333333,-4.333333333333333,148.33333333333334,9.741092797468305,1.3333333333333333,0.0,0.0,0.0,0.0,1.70527
Auburn,0.5034739829645132,0.5634039066006533,0.36855280816470887,0.4457945608387769,0.5034739829645132,0.0763282777945759,0.38598443223443224,0.34437092271756264,0.5981911028526912,0.09477379216104513,-7.2,-1.2999999999999998,0.2,0.0,0.0,5,0.2,0.38461538461538464,30,-2.0,2.0,34.333333333333336,1.247219128924647,-2.0,0.0,0.0,0.0,0.0,18.7286
Ball St.,0.47294106914796574,0.5134619209966225,0.41226600985221673,0.2862196679438059,0.47294106914796574,0.09466126382896585,0.25338799812124024,0.20698595146871007,0.4556179099480248,0.08115130980836467,1.0,-7.6000000000000005,0.4,0.5,0.0,5,0.4,0.5,30,-4.333333333333333,-0.3333333333333333,316.3333333333333,10.873004286866726,-4.333333333333333,0.0,0.0,0.0,0.0,-12.5815
Baylor,0.5103069214974124,0.5543955816065921,0.37070897426767313,0.35091683283482883,0.5103069214974124,0.0744879317422132,0.31690827765878476,0.25681734558230074,0.5844480874316941,0.08987349553286372,-5.6,-4.1000000000000005,0.4,0.0,0.0,5,0.4,0.3076923076923077,30,-3.6666666666666665,-11.333333333333334,47.333333333333336,1.699673171197595,-3.6666666666666665,0.0,0.0,0.0,0.0,15.4762
Belmont,0.6301081340722381,0.6548024360525169,0.4860680700703312,0.25485852421974525,0.6301081340722381,0.09682622136691366,0.24496085290687986,0.1936310533257961,0.5191855265827381,0.07964145321755947,15.25,-5.5,0.75,1.0,0.0,4,0.75,0.8333333333333334,30,3.3333333333333335,20.333333333333332,56.666666666666664,3.7712361663282534,3.3333333333333335,0.0,0.0,-7.0,0.0,14.4412
Bowling Green,0.5142818596098497,0.5632253825163136,0.3743388517063365,0.43060541253597695,0.5142818596098497,0.07530219838968841,0.24111143758202586,0.30825457421535934,0.5193088344641696,0.08317574984926665,-0.2,-7.1000000000000005,0.4,0.5,0.0,5,0.4,0.46153846153846156,30,4.333333333333333,-38.0,139.66666666666666,9.877021593352701,4.333333333333333,0.0,0.0,0.0,0.0,1.2629
Bucknell,0.5102608011432506,0.5411959470289108,0.3754155073608326,0.2340525976261351,0.5102608011432506,0.10966813227869776,0.25449462365591397,0.1731739378212861,0.557276782170358,0.09267100044103566,-9.6,-1.9999999999999998,0.2,0.0,0.0,5,0.2,0.2857142857142857,30,-9.666666666666666,-16.333333333333332,334.6666666666667,1.247219128924647,-9.666666666666666,0.0,0.0,0.0,0.0,-17.6964
Buffalo,0.5280752546120622,0.571606186839027,0.43355491843981603,0.3788625141711406,0.5280752546120622,0.12307323856149285,0.22112017467968526,0.279846061594101,0.5971708463949844,0.08416124201438627,-4.25,-3.9,0.25,0.0,0.6666666666666666,4,0.25,0.25,30,3.6666666666666665,-29.0,194.66666666666666,7.586537784494028,3.6666666666666665,0.0,0.0,0.0,0.0,-2.59478
BYU,0.5243177773702346,0.569506007095054,0.3928658649535109,0.3420825373186139,0.5243177773702346,0.07831822040407448,0.24897186147186146,0.2636346684877087,0.5390625,0.08050627682227315,-2.8,-4.699999999999999,0.4,0.0,0.0,5,0.4,0.38461538461538464,30,1.0,-9.333333333333334,18.666666666666668,2.0548046676563256,1.0,0.0,0.0,0.0,0.0,23.353
Michigan,0.5558008637864205,0.5926978640410896,0.334021979080963,0.3979304012670844,0.5558008637864205,0.1225676848239253,0.29799442865804415,0.28005488754764263,0.4741380739935077,0.09524845854218365,9.2,-11.3,0.6,0.3333333333333333,0.5,5,0.6,0.45454545454545453,30,22.333333333333332,54.0,277.6666666666667,4.642796092394707,22.333333333333332,0.0,0.0,0.0,0.0,39.4097
California,0.5118182743182743,0.5492783952260174,0.4623626373626374,0.25544363044363044,0.5118182743182743,0.0852236041114715,0.22958152958152958,0.20025437525437523,0.5010146103896104,0.08052156554708467,1.25,-8.3,0.75,0.0,0.0,4,0.75,0.5833333333333334,30,5.0,6.333333333333333,62.0,2.943920288775949,5.0,0.0,0.0,0.0,0.0,11.2855
Charlotte,0.5740529510368023,0.6058694440364297,0.4805483906861882,0.3085384025432195,0.5740529510368023,0.06505881421584217,0.2634469696969697,0.2347871417615169,0.5127857413054782,0.08924761256784207,-0.4,-3.1999999999999997,0.4,0.0,0.6666666666666666,5,0.4,0.5,30,-10.0,-8.333333333333334,182.33333333333334,3.39934634239519,-10.0,0.0,0.0,-1.0,0.0,-1.74337
Cincinnati,0.5246942470984809,0.5581835801999858,0.408740959421403,0.2664363852619901,0.5246942470984809,0.08555379718167695,0.2875,0.19737449863457926,0.499360725795152,0.07136713638569761,7.75,-4.1,0.75,0.6666666666666666,0.0,4,0.75,0.6153846153846154,30,11.666666666666666,25.333333333333332,46.333333333333336,3.6817870057290873,11.666666666666666,0.0,0.0,0.0,0.0,17.1736
Clemson,0.493734335839599,0.5397316194298036,0.47579887218045114,0.3959004654493376,0.493734335839599,0.07870496696975807,0.2273809523809524,0.29146527031865377,0.5763807485554608,0.09004175608074858,-5.25,-2.5,0.25,0.0,0.3333333333333333,4,0.25,0.5454545454545454,30,-9.0,-2.3333333333333335,37.666666666666664,2.0548046676563256,-9.0,0.0,0.0,0.0,0.0,19.502
Colorado,0.5160486150367438,0.55441459767007,0.3950810250612399,0.3444601469756925,0.5160486150367438,0.083243821115978,0.1913540600659503,0.2452506123987187,0.5210170151081548,0.08764151062040812,-5.25,-17.5,0.5,0.0,0.5,4,0.5,0.3076923076923077,30,2.0,5.333333333333333,67.0,2.8284271247461903,2.0,0.0,0.0,0.0,0.0,11.4378
Colorado St.,0.639968041445874,0.6898614886668833,0.4428269085411943,0.5375008571067684,0.639968041445874,0.06617399812989369,0.26469991300113005,0.43395486104845704,0.5150901993257231,0.07471210600050067,8.2,0.1,1.0,0.0,0.0,5,1.0,0.6666666666666666,30,11.666666666666666,-8.0,90.66666666666667,3.7712361663282534,11.666666666666666,0.0,0.0,0.0,0.0,9.50452
Connecticut,0.557129094716413,0.5921892476918933,0.4633688435054939,0.3593993322654444,0.557129094716413,0.08185229386629593,0.3198629531388152,0.259512695012207,0.4765150096146259,0.08209745096204166,8.6,-2.8000000000000003,0.8,0.25,0.0,5,0.8,0.8333333333333334,30,-2.6666666666666665,-4.666666666666667,14.0,4.96655480858378,-2.6666666666666665,0.0,0.0,0.0,0.0,29.2664
Dayton,0.5728159603428613,0.6284285389920031,0.41954300481918844,0.5160890998050252,0.5728159603428613,0.11416251875082165,0.25764631969729423,0.39508746275245554,0.4899069468267581,0.08575770521614254,11.0,-1.8,1.0,0.4,0.0,5,1.0,0.5833333333333334,30,14.333333333333334,-1.6666666666666667,83.0,2.943920288775949,14.333333333333334,0.0,0.0,0.0,0.0,11.0447
DePaul,0.4859190337963923,0.5259447867110021,0.39445495542193654,0.34200964130209416,0.4859190337963923,0.11037166225175876,0.3105813953488372,0.234677586564379,0.5160485116032227,0.11832789071060448,5.25,-3.5,0.75,0.0,1.0,4,0.75,0.5,30,11.0,15.0,98.66666666666667,4.189935029992178,11.0,1.0,1.0,11.0,0.0,7.06062
Drake,0.4680145046524357,0.4913008101812618,0.47297482211275316,0.23831987775953295,0.4680145046524357,0.05955449778271778,0.2270369017172086,0.15058725597518702,0.5470607051784572,0.08770733591191765,-13.5,0.8,0.0,0.0,0.5,4,0.0,0.2857142857142857,30,-21.333333333333332,-36.333333333333336,189.33333333333334,17.249798710580816,-21.333333333333332,0.0,0.0,-22.0,0.0,-3.11311
Duquesne,0.4858930312205434,0.5274392260437148,0.4209629481024484,0.3666123467040445,0.4858930312205434,0.09000644917205279,0.22911980303284651,0.25571388624599783,0.529619678567047,0.07701362118388524,-6.4,-5.2,0.4,0.0,0.0,5,0.4,0.5833333333333334,30,-6.333333333333333,20.666666666666668,127.0,3.7416573867739413,-6.333333333333333,0.0,0.0,0.0,0.0,3.72638
Michigan,0.4806441331742477,0.519828989474184,0.318478989261723,0.2779611983720968,0.4806441331742477,0.06797004900617393,0.2233058608058608,0.2050447019596947,0.5056199349536935,0.10570338432761224,-7.75,-7.1,0.25,0.0,0.0,4,0.25,0.09090909090909091,30,-21.0,-40.0,236.66666666666666,3.2998316455372216,-21.0,0.0,0.0,0.0,0.0,39.4097
Washington,0.5952418159615023,0.6220377115624454,0.4489154382455683,0.37422838667362407,0.5952418159615023,0.09986340826185525,0.3452665171640504,0.25507312548013505,0.5541833241998358,0.12474260117760964,7.5,-10.4,0.5,1.0,0.5,4,0.5,0.3333333333333333,30,4.0,-17.0,82.66666666666667,3.0912061651652345,4.0,0.0,0.0,0.0,0.0,14.6928
George Mason,0.5079193195477425,0.5422790096163901,0.43344555255052214,0.2552658515513485,0.5079193195477425,0.044949192100805994,0.21433189655172413,0.19317904364811056,0.5687277062655087,0.10027301463255212,-9.75,-8.9,0.25,0.0,0.0,4,0.25,0.45454545454545453,30,-22.0,-19.333333333333332,100.33333333333333,0.9428090415820634,-22.0,0.0,0.0,0.0,0.0,5.76373
Georgetown,0.5034823646299056,0.5391290322840775,0.43893691008445107,0.34595628415300544,0.5034823646299056,0.0784101769990861,0.2992028985507246,0.23551415797317432,0.5346936789748362,0.1050007064183495,-7.0,-1.8,0.0,0.0,0.6,5,0.0,0.3333333333333333,30,1.6666666666666667,33.333333333333336,84.0,6.377042156569663,1.6666666666666667,0.0,0.0,0.0,0.0,9.03385
Georgia,0.6081723519773741,0.6420132787843136,0.45683532636968727,0.311267583623138,0.6081723519773741,0.07893546540261213,0.2544391743522178,0.2415909423981586,0.5758339901673366,0.06135972671750258,2.8,-5.900000000000001,0.6,0.3333333333333333,0.0,5,0.6,0.46153846153846156,30,0.0,-13.333333333333334,33.666666666666664,3.6817870057290873,0.0,0.0,0.0,0.0,0.0,20.5084
Georgia Tech,0.48125141871127386,0.531976560862126,0.44272448221715577,0.2660497169437155,0.48125141871127386,0.08473081160025497,0.25072396536212327,0.2253543348333217,0.5791631940433163,0.1145641014331829,-16.75,2.7,0.0,0.0,0.0,4,0.0,0.08333333333333333,30,-16.0,-27.333333333333332,154.33333333333334,20.805982045769646,-16.0,0.0,0.0,0.0,0.0,0.0942845
Gonzaga,0.544056419610855,0.575287855556358,0.35394585253456223,0.29778065796210956,0.544056419610855,0.09229398334332864,0.27440755589162663,0.2105270737327189,0.46208303601160744,0.05793908768317342,13.6,-1.8000000000000007,0.8,0.5,0.0,5,0.8,0.8461538461538461,30,1.3333333333333333,-4.666666666666667,9.333333333333334,3.681787005729087,1.3333333333333333,0.0,0.0,0.0,0.0,28.2736
Grand Canyon,0.5559652543354214,0.6057233373648192,0.3803868987651294,0.399001966283144,0.5559652543354214,0.05797813647050178,0.33896109554933085,0.314465339224126,0.49643596657678357,0.09583981746532039,5.6,-5.5,0.6,0.3333333333333333,1.0,5,0.6,0.6153846153846154,30,-0.6666666666666666,38.666666666666664,71.0,6.377042156569663,-0.6666666666666666,0.0,0.0,0.0,0.0,12.8059
High Point,0.5586219336219336,0.6063589942112746,0.49931457431457427,0.4089105339105339,0.5586219336219336,0.09114286919836866,0.3493477229601518,0.3186868686868687,0.488128726863406,0.06312152474939042,14.75,-8.1,1.0,0.5,0.0,4,1.0,0.9166666666666666,30,6.666666666666667,0.0,83.33333333333333,9.46337971105226,6.666666666666667,0.0,0.0,0.0,0.0,8.55536
Houston,0.49225200906735245,0.5413044169664154,0.4157182246834344,0.3549074921510247,0.49225200906735245,0.06826962260225876,0.2867031146081095,0.27829647307791816,0.49453965796845056,0.08331319568852605,6.2,-10.100000000000001,0.4,0.5,0.3333333333333333,5,0.4,0.6666666666666666,30,-1.3333333333333333,8.333333333333334,7.333333333333333,0.9428090415820634,-1.3333333333333333,0.0,0.0,0.0,0.0,32.6758
Idaho,0.5452328401649285,0.571577787774949,0.4433155469318457,0.2813768291696984,0.5452328401649285,0.07371490790752504,0.3054933714376439,0.19475462850675074,0.48250745174473986,0.09536232121075604,7.4,-9.4,0.6,0.6666666666666666,0.0,5,0.6,0.42857142857142855,30,5.0,-5.0,180.0,9.626352718795768,5.0,0.0,0.0,0.0,0.0,-0.994703
Illinois,0.5243797421216776,0.5707150354765003,0.5016130044180536,0.2912917493913286,0.5243797421216776,0.0677226813113909,0.4329557091653866,0.24579546213487308,0.5198949219324429,0.0574903720202955,10.25,-13.9,0.5,1.0,0.5,4,0.5,0.6923076923076923,30,0.3333333333333333,5.0,4.333333333333333,0.4714045207910317,0.3333333333333333,0.0,0.0,0.0,0.0,33.1055
Iowa St.,0.518830068932986,0.5475776710920496,0.43125962613950264,0.3640259627330672,0.518830068932986,0.09940674349780868,0.23039327199763462,0.23280981428474434,0.5513506857179507,0.06841000304019954,3.6,-6.7,0.6,0.6666666666666666,0.0,5,0.6,0.6666666666666666,30,-3.0,-5.0,8.0,0.816496580927726,-3.0,0.0,0.0,0.0,0.0,30.2534
Kansas,0.4716540810523453,0.5228777424094808,0.3378316148653661,0.26775165047103333,0.4716540810523453,0.06369182969166128,0.24959565166016776,0.22851657888880644,0.470160679374389,0.08707159001981912,-6.4,-9.9,0.4,0.0,0.0,5,0.4,0.75,30,-7.333333333333333,-1.6666666666666667,19.0,0.816496580927726,-7.333333333333333,0.0,0.0,0.0,0.0,26.3197
Louisville,0.5724819173363949,0.6093000505646032,0.5216412169919633,0.2720350172215844,0.5724819173363949,0.10225769298258366,0.29539328614328614,0.2266534156142365,0.539871494625593,0.103160015766343,2.0,-5.2,0.4,0.5,0.6666666666666666,5,0.4,0.6666666666666666,30,4.333333333333333,0.3333333333333333,12.333333333333334,2.494438257849294,4.333333333333333,0.0,0.0,0.0,0.0,25.9115
Loyola Chicago,0.47665970517136363,0.5118345153495656,0.504259000121357,0.4251505172628979,0.47665970517136363,0.07797450710527414,0.17012299771167047,0.2700996910858926,0.48800685987085046,0.09062856889245613,-10.25,-2.7,0.25,0.0,0.3333333333333333,4,0.25,0.18181818181818182,30,-3.0,-26.0,303.0,11.343133018115703,-3.0,0.0,0.0,0.0,0.0,-12.9195
Marquette,0.5115352035477603,0.5323437690680538,0.3907332203896557,0.266962728586377,0.5115352035477603,0.11540690258827446,0.246897679526356,0.16085255867257958,0.49027251851149956,0.08176602546649157,-2.25,-7.9,0.25,1.0,0.0,4,0.25,0.36363636363636365,30,4.0,38.0,100.33333333333333,5.792715732327588,4.0,0.0,0.0,-11.0,0.0,8.15948
Marshall,0.5811496792303846,0.6124638867695643,0.443875407014771,0.28437966817743754,0.5811496792303846,0.0769744459648956,0.24114012940739282,0.21559284674182852,0.5700427271322882,0.07934105889517182,-3.5,-4.085714285714285,0.5,0.0,0.3333333333333333,6,0.5,0.5714285714285714,30,-14.0,-20.0,178.0,21.96967607104544,-14.0,0.0,0.0,0.0,0.0,-2.74132
Maryland,0.4656506164400901,0.49942677131626995,0.48240449608870667,0.2376729703045492,0.4656506164400901,0.052376800444820036,0.36588264923373703,0.174585326953748,0.5054739502527401,0.09220571441535051,-5.6,-1.8,0.2,0.0,0.5,5,0.2,0.3333333333333333,30,11.666666666666666,3.6666666666666665,127.0,12.675435561221029,11.666666666666666,0.0,0.0,-4.0,0.0,3.94376
Miami FL,0.537325981354974,0.5617158382049237,0.3023736364121274,0.2845378934532767,0.537325981354974,0.11050402603536391,0.4048005392217916,0.19042695996786438,0.5639159145938807,0.0942178651511052,6.2,1.3000000000000005,0.8,0.25,1.0,5,0.8,0.6666666666666666,30,3.3333333333333335,-1.6666666666666667,35.0,3.265986323710904,3.3333333333333335,0.0,0.0,0.0,0.0,20.5681
Miami OH,0.5563103063852689,0.5926744933367761,0.39283050782301154,0.46780455925883213,0.5563103063852689,0.07901142236515711,0.1600168908623917,0.32216391804097955,0.4956458513085994,0.04959937412837627,10.2,-2.7,1.0,0.2,0.0,5,1.0,1.0,30,2.0,13.666666666666666,68.0,14.966629547095765,2.0,0.0,0.0,0.0,0.0,9.48468
Michigan,0.5997612651787804,0.6299399404028454,0.4359802199297723,0.325024797794923,0.5997612651787804,0.06968077940384408,0.3551318090954523,0.2431296284385583,0.48743282038634367,0.0874799837350141,12.0,-6.7,0.8,0.25,1.0,5,0.8,0.9285714285714286,30,0.0,0.0,1.0,0.0,0.0,0.0,0.0,0.0,0.0,39.4097
Michigan St.,0.5409625668449197,0.5864576884144991,0.3977540106951872,0.3120855614973262,0.5409625668449197,0.05584473671536078,0.313965367965368,0.24973262032085558,0.5205677033775505,0.06999807798311235,4.6,-8.1,0.8,0.25,0.0,5,0.8,0.75,30,-1.0,5.666666666666667,10.666666666666666,0.9428090415820634,-1.0,1.0,1.0,13.0,0.0,29.1066
Minnesota,0.599090909090909,0.6192107997693777,0.5393766233766234,0.17116141001855287,0.599090909090909,0.09496951115902001,0.17789791877813657,0.1319257884972171,0.5593159202148897,0.0905678618046898,3.8,-8.5,0.6,0.6666666666666666,0.0,5,0.6,0.3333333333333333,30,12.0,23.0,71.0,2.160246899469287,12.0,0.0,0.0,0.0,0.0,12.6891
Mississippi,0.5216682149582093,0.5724881328893477,0.3506006448798987,0.3373864048143302,0.5216682149582093,0.09772027260971891,0.1997863247863248,0.2695148115498596,0.6072163449420516,0.06042126557628259,-7.0,-3.3000000000000003,0.2,0.0,0.25,5,0.2,0.23076923076923078,30,-10.0,2.6666666666666665,83.33333333333333,5.792715732327588,-10.0,0.0,0.0,0.0,0.0,10.5877
Missouri,0.5413123458462442,0.6021930373269316,0.32598231335519473,0.5354646013120589,0.5413123458462442,0.08698550832939697,0.2407085346215781,0.4020384794113608,0.5288618478473103,0.09520618661528488,0.8,-3.9000000000000004,0.6,0.3333333333333333,0.0,5,0.6,0.6153846153846154,30,-0.3333333333333333,14.0,56.0,3.7416573867739413,-0.3333333333333333,0.0,0.0,0.0,0.0,16.3725
Murray St.,0.4933114035087719,0.5394882186337882,0.48122212310437107,0.36740633363068687,0.4933114035087719,0.09574468967868771,0.29784809299895504,0.2697628605411835,0.6006576038903626,0.08671075747275328,-7.5,-6.6,0.25,0.0,0.0,4,0.25,0.38461538461538464,30,-19.0,-34.666666666666664,108.0,6.164414002968976,-19.0,0.0,0.0,-9.0,0.0,4.98447
Illinois,0.46317668541169155,0.4999058030149177,0.4098834099397135,0.36745275939890376,0.46317668541169155,0.0721642428806954,0.22522664983297824,0.2248707734533928,0.5767854900905749,0.10780632362631681,-18.8,-4.4,0.2,0.0,0.0,5,0.2,0.3333333333333333,30,-21.666666666666668,-12.666666666666666,312.3333333333333,6.649979114420002,-21.666666666666668,0.0,0.0,0.0,0.0,33.1055
Navy,0.5691876042208199,0.613100336917811,0.37010818662700934,0.47245446460146495,0.5691876042208199,0.11267203342525729,0.31300944170771755,0.34805209653330466,0.46009884829184217,0.07884058564163185,17.6,2.8000000000000003,1.0,0.8,0.0,5,1.0,1.0,30,15.333333333333334,63.666666666666664,148.66666666666666,7.84573486395988,15.333333333333334,0.0,0.0,0.0,0.0,2.91012
NC State,0.5062555808025382,0.547431100400812,0.4354051101444648,0.26791842924415354,0.5062555808025382,0.09766853857668055,0.293130050792927,0.21334148525421023,0.5308457529709721,0.055225664840286834,-3.0,-11.8,0.25,1.0,0.3333333333333333,4,0.25,0.5833333333333334,30,-0.3333333333333333,9.666666666666666,24.666666666666668,1.247219128924647,-0.3333333333333333,0.0,0.0,0.0,0.0,20.8851
Nebraska,0.535969401870193,0.5760017079282668,0.49341477862655053,0.2823127447183156,0.535969401870193,0.11993709154187311,0.30466666666666664,0.2220955211055816,0.4501272298393042,0.08008265986763727,13.0,-5.6000000000000005,0.8,0.75,1.0,5,0.8,0.6666666666666666,30,0.6666666666666666,5.333333333333333,12.0,0.816496580927726,0.6666666666666666,0.0,0.0,0.0,0.0,28.3275
New Orleans,0.4759072077468304,0.538172765162211,0.3161668799404649,0.46973672030275804,0.4759072077468304,0.08051262460686687,0.3952179008422056,0.3490286966702061,0.4360842612908586,0.07084735669823214,4.0,-4.1000000000000005,0.6,0.0,1.0,5,0.6,0.6153846153846154,30,21.666666666666668,37.333333333333336,209.66666666666666,17.55625877635159,21.666666666666668,0.0,0.0,0.0,0.0,-1.00715
North Carolina,0.5431664631664631,0.573084668438841,0.4080870980870981,0.4136121286121286,0.5431664631664631,0.05648076785069791,0.27388501742160276,0.2728266178266178,0.5210643274661287,0.07785515804851983,2.6,-8.200000000000001,0.8,0.0,0.0,5,0.8,0.6923076923076923,30,-2.6666666666666665,-0.6666666666666666,27.333333333333332,2.0548046676563256,-2.6666666666666665,0.0,0.0,0.0,0.0,21.1936
Northwestern,0.5113334350834351,0.5403077761156349,0.3075752950752951,0.31209706959706957,0.5113334350834351,0.12846074970308952,0.22698924731182793,0.21191646316646318,0.5210687086190764,0.08220625249007804,-2.5,-7.2,0.75,0.0,0.0,4,0.75,0.38461538461538464,30,0.0,-1.3333333333333333,72.0,5.0990195135927845,0.0,0.0,0.0,0.0,0.0,12.0877
Notre Dame,0.5348028031290744,0.5688330824994766,0.4957301173402868,0.34434485006518906,0.5348028031290744,0.053830518465249104,0.32085261229998074,0.24506192959582793,0.558332913660813,0.10597789100759963,-7.0,-18.8,0.5,0.5,0.5,4,0.5,0.25,30,-1.0,-24.0,86.66666666666667,2.0548046676563256,-1.0,0.0,0.0,0.0,0.0,9.73353
Ohio St.,0.5455006173371235,0.5790046396951778,0.3722102004526026,0.3958959134218906,0.5455006173371235,0.06424016280590175,0.22684622673499205,0.2755748313424295,0.5185436790240251,0.06836415512466425,-0.4,-8.200000000000001,0.4,0.5,0.3333333333333333,5,0.4,0.5384615384615384,30,4.0,4.333333333333333,37.333333333333336,1.247219128924647,4.0,1.0,1.0,8.0,0.0,19.2597
Oklahoma,0.5750939346263626,0.6196664475635283,0.4337529777365118,0.3973005483858359,0.5750939346263626,0.08039008686143008,0.3079523809523809,0.30592400126401753,0.5219646400896008,0.08119749729246555,3.4,-7.5,0.6,0.6666666666666666,0.5,5,0.6,0.3333333333333333,30,2.6666666666666665,-13.333333333333334,62.333333333333336,6.128258770283412,2.6666666666666665,0.0,0.0,0.0,0.0,15.5159
Oregon St.,0.5079598162035632,0.5541230425565151,0.4366827055066684,0.43401859638475876,0.5079598162035632,0.07675005904742987,0.28612632269473204,0.3110379007903825,0.5154254393956963,0.10618193317508319,-2.75,-11.3,0.5,0.0,0.0,4,0.5,0.5833333333333334,30,21.666666666666668,41.333333333333336,179.0,5.656854249492381,21.666666666666668,0.0,0.0,0.0,0.0,-1.32044
Penn St.,0.5675960657483614,0.6129016344148456,0.36975322176889924,0.4032376917595283,0.5675960657483614,0.09423446562332882,0.2164079520697168,0.3108892786944299,0.6057902144664766,0.09937333387767722,-11.25,-7.7,0.25,0.0,0.0,4,0.25,0.23076923076923078,30,-5.333333333333333,-11.666666666666666,128.66666666666666,7.71722460186015,-5.333333333333333,0.0,0.0,0.0,0.0,3.55092
Pittsburgh,0.5515016233766233,0.5821224353118719,0.4199095547309833,0.3220779220779221,0.5515016233766233,0.09265778398183039,0.2761813537675607,0.22816558441558443,0.5108661214264663,0.1018801186995788,-0.25,-6.9,0.5,0.5,0.0,4,0.5,0.3076923076923077,30,1.6666666666666667,-9.0,105.66666666666667,14.383632673594278,1.6666666666666667,0.0,0.0,0.0,0.0,7.1562
Providence,0.5373078814238065,0.5766894535862451,0.31792118238254075,0.33225699619142246,0.5373078814238065,0.04196136585637013,0.29345341126222324,0.24773073660661482,0.4735011312217195,0.06416245071878685,1.5,-4.6,0.75,0.0,0.0,4,0.75,0.5,30,-1.6666666666666667,0.3333333333333333,67.33333333333333,7.93025150224688,-1.6666666666666667,0.0,0.0,0.0,0.0,12.7275
Radford,0.5290437489839285,0.5723088320950003,0.4313083836513547,0.43046220645423033,0.5290437489839285,0.09469655867820284,0.26531106392063014,0.3025450632230293,0.518727413938125,0.10455630808216747,3.4,-6.5,0.6,0.0,0.5,5,0.6,0.5384615384615384,30,-3.0,1.0,253.33333333333334,11.785113019775793,-3.0,0.0,0.0,0.0,0.0,-7.23932
Rhode Island,0.43483151540027604,0.4913434944021148,0.441469489763208,0.3930381305169081,0.43483151540027604,0.08087224493045798,0.24877876935718982,0.2848275861094197,0.49263122313969765,0.11303889955777528,-7.2,-3.6,0.2,0.0,0.25,5,0.2,0.4166666666666667,30,-11.0,5.0,122.33333333333333,7.363574011458175,-11.0,0.0,0.0,0.0,0.0,2.85803
Seattle,0.5007433423345201,0.540698068111636,0.39850982326315626,0.41698048833569984,0.5007433423345201,0.11128700562547134,0.22333333333333333,0.27883252971682093,0.49337294295113027,0.06928004549902612,6.4,-3.1,0.8,0.0,1.0,5,0.8,0.5384615384615384,30,12.333333333333334,-5.666666666666667,122.66666666666667,2.0548046676563256,12.333333333333334,0.0,0.0,0.0,0.0,5.0113
Seton Hall,0.4794055300793845,0.5152680891508121,0.29881000999599383,0.3562128796630144,0.4794055300793845,0.1336002221128293,0.2791555389381476,0.22714009560370746,0.4191016724138135,0.09807283082612897,-1.25,-4.9,0.5,0.0,0.5,4,0.5,0.4166666666666667,30,-0.3333333333333333,-7.333333333333333,50.666666666666664,2.0548046676563256,-0.3333333333333333,0.0,0.0,0.0,0.0,15.0205
Siena,0.4831991763333783,0.5477064382710759,0.2791055935082399,0.4233563086989857,0.4831991763333783,0.05265795794463551,0.241016821999768,0.3429866002934175,0.4734909595565333,0.09952619710898553,-0.8333333333333334,-4.714285714285714,0.5,0.3333333333333333,0.0,6,0.5,0.6428571428571429,30,-11.0,-13.666666666666666,189.0,6.97614984548545,-11.0,1.0,1.0,15.0,0.0,-3.13066
SMU,0.564846409390986,0.5882901113309236,0.3363730866894943,0.33435745183649324,0.564846409390986,0.06539808005352236,0.2944444444444444,0.21771440137865133,0.5231551714181404,0.07257602177788677,1.8,-8.8,0.4,0.5,0.6666666666666666,5,0.4,0.5384615384615384,30,3.3333333333333335,-3.3333333333333335,30.0,2.943920288775949,3.3333333333333335,0.0,0.0,0.0,0.0,18.716
South Alabama,0.5473531844499587,0.5779362357248312,0.44977817881043686,0.33516638677929,0.5473531844499587,0.10071459753918428,0.20376720554451455,0.23068797988152825,0.493967012425977,0.0694067325567043,4.166666666666667,-5.171428571428572,0.5,0.3333333333333333,0.3333333333333333,6,0.5,0.6428571428571429,30,14.666666666666666,28.0,189.0,11.045361017187261,14.666666666666666,0.0,0.0,0.0,0.0,-2.47184
South Florida,0.46982204481948914,0.5328201409645438,0.406366362459186,0.35604821471719855,0.46982204481948914,0.10156085349447681,0.3765541903539336,0.29405974486223924,0.45931033216362405,0.06945195027927624,17.5,7.6,1.0,0.75,0.0,4,1.0,0.8461538461538461,30,10.333333333333334,26.333333333333332,53.333333333333336,1.247219128924647,10.333333333333334,1.0,1.0,28.0,0.0,14.6119
St. Bonaventure,0.5281370935776334,0.5536310572605173,0.3150316400928966,0.25196725452758983,0.5281370935776334,0.08553387768766732,0.294669698117974,0.182328708045823,0.56301907338828,0.0814084351090858,-2.2,-6.2,0.2,1.0,0.5,5,0.2,0.3076923076923077,30,-13.333333333333334,-37.0,153.33333333333334,1.699673171197595,-13.333333333333334,0.0,0.0,0.0,0.0,1.21334
St. John's,0.4518148629340562,0.5063023836262238,0.31302494617594545,0.3834125981276249,0.4518148629340562,0.09066447647924478,0.28066515285194416,0.2825954595141241,0.4386127876227327,0.07599714772640247,9.0,-5.800000000000001,0.8,0.5,0.0,5,0.8,0.9166666666666666,30,-2.3333333333333335,9.333333333333334,19.0,4.96655480858378,-2.3333333333333335,0.0,0.0,0.0,0.0,24.8278
Syracuse,0.5304428974979822,0.5555489894797504,0.4245471258183122,0.253246345619227,0.5304428974979822,0.05101949521404747,0.2217677345537757,0.1776948255761815,0.6095887282979218,0.08904485640764132,-13.5,0.6,0.25,0.0,0.3333333333333333,4,0.25,0.25,30,-6.0,4.333333333333333,70.33333333333333,9.46337971105226,-6.0,0.0,0.0,0.0,0.0,10.7167
Tennessee,0.48838224355465726,0.5211472510148932,0.2801257490912663,0.30192132261097776,0.48838224355465726,0.08939187621280624,0.4790910091766885,0.21004729625419277,0.5085657820440429,0.07701340442327188,6.2,-5.1,0.6,0.3333333333333333,1.0,5,0.6,0.6666666666666666,30,3.6666666666666665,3.6666666666666665,16.0,1.4142135623730951,3.6666666666666665,0.0,0.0,0.0,0.0,25.9874
Texas A&M,0.5012516506319562,0.5342185414903191,0.3767694774570836,0.31417845689492546,0.5012516506319562,0.06502847490815769,0.28690095603458776,0.2172335408413507,0.5113765519551932,0.07816249941193516,-5.4,-3.7,0.4,0.0,0.0,5,0.4,0.5,30,-2.3333333333333335,9.0,37.0,4.08248290463863,-2.3333333333333335,0.0,0.0,0.0,0.0,19.2805
Towson,0.4742510498610043,0.5129586043691038,0.3269562902939611,0.33028183592594784,0.4742510498610043,0.050605871988884006,0.31331018518518516,0.2263722126929674,0.44180513528339616,0.058583592011768826,-0.25,-2.9,0.5,0.0,0.5,4,0.5,0.5833333333333334,30,-0.3333333333333333,2.0,171.0,15.748015748023622,-0.3333333333333333,0.0,0.0,0.0,0.0,-1.09649
Troy,0.5015018364220203,0.5472515152314441,0.5058361881575515,0.3683001598061938,0.5015018364220203,0.0641480581779931,0.38330261136712745,0.26849452671281954,0.46203326800341726,0.08089620112482901,4.0,-4.7,0.6,0.6666666666666666,0.5,5,0.6,0.6428571428571429,30,-32.333333333333336,-22.0,150.66666666666666,8.178562764256865,-32.333333333333336,0.0,0.0,0.0,0.0,0.903162
Tulane,0.49077145822545026,0.5335662360989033,0.4932610682529354,0.4027037718145163,0.49077145822545026,0.09817425096860484,0.20019894894894893,0.28499423516966965,0.49077607991787103,0.07473859388008132,-9.8,-9.8,0.6,0.0,0.0,5,0.6,0.38461538461538464,30,25.666666666666668,22.333333333333332,180.66666666666666,4.0276819911981905,25.666666666666668,0.0,0.0,-28.0,0.0,-2.14995
UAB,0.46087506330215705,0.5039022320968167,0.35711911883397424,0.35625316510785104,0.46087506330215705,0.08311063398649063,0.248666346269374,0.2466435020335818,0.46076818175006373,0.08388526236871281,2.75,-3.9,0.5,0.0,1.0,4,0.5,0.5833333333333334,30,12.0,-11.0,111.0,5.887840577551898,12.0,0.0,0.0,-4.0,0.0,4.53639
UCF,0.5756030701754387,0.6130528084028839,0.3244736842105263,0.2649780701754386,0.5756030701754387,0.09145273774131853,0.2544031830238727,0.2175328947368421,0.5011260656041513,0.07377707064432823,3.6,-3.3000000000000003,0.6,0.0,0.5,5,0.6,0.5384615384615384,30,0.6666666666666666,-10.0,48.0,1.4142135623730951,0.6666666666666666,0.0,0.0,0.0,0.0,16.3316
UCLA,0.5206586976963768,0.5488114036201679,0.39141777070915407,0.20569806743656188,0.5206586976963768,0.07497894824220983,0.2544712334053148,0.15566889431504652,0.5922424242424242,0.054796015823423624,-7.6,-5.4,0.4,0.5,0.3333333333333333,5,0.4,0.6153846153846154,30,-2.0,0.6666666666666666,41.0,0.816496580927726,-2.0,0.0,0.0,0.0,0.0,18.547
USC,0.4419038583175206,0.4965123361167357,0.36302182163187857,0.33554712207463633,0.4419038583175206,0.07700614681969228,0.3127127127127127,0.2567204301075269,0.539695716996476,0.10889235086242245,-17.75,4.5,0.0,0.0,0.25,4,0.0,0.3333333333333333,30,-9.666666666666666,-15.666666666666666,63.333333333333336,8.259674462242579,-9.666666666666666,0.0,0.0,0.0,0.0,12.312
Utah,0.48542381285641084,0.5204731157816065,0.3836019468400189,0.25458465411443065,0.48542381285641084,0.06728269704535374,0.28108672936259144,0.18591688965737693,0.529396040738592,0.09717930082078034,-6.0,-4.800000000000001,0.2,0.0,0.5,5,0.2,0.15384615384615385,30,10.0,25.666666666666668,110.0,5.354126134736337,10.0,0.0,0.0,0.0,0.0,4.96962
VCU,0.5246855225520388,0.5784763436394339,0.48868868155149936,0.48139021265117116,0.5246855225520388,0.09746019489568823,0.2972159090909091,0.35543907071887787,0.474962742175857,0.07722789773240042,7.75,-6.7,0.75,0.3333333333333333,0.0,4,0.75,0.9166666666666666,30,1.0,1.0,46.333333333333336,2.6246692913372702,1.0,0.0,0.0,0.0,0.0,16.974
Vanderbilt,0.5304005404213669,0.57945959648265,0.44726754149545317,0.34168308872433706,0.5304005404213669,0.0771216679085812,0.29018716992854926,0.27239691396789556,0.54043879267003,0.09191847753520266,0.4,-6.6000000000000005,0.4,0.0,0.6666666666666666,5,0.4,0.46153846153846156,30,-0.3333333333333333,-9.0,14.666666666666666,1.247219128924647,-0.3333333333333333,0.0,0.0,0.0,0.0,26.5891
Virginia,0.5433560572993136,0.5891940659276588,0.4785987857624697,0.34225308519503195,0.5433560572993136,0.0896233942623956,0.29079365079365077,0.27106194198642913,0.48389960608431437,0.10065829627907737,7.2,-5.700000000000001,0.8,0.5,0.0,5,0.8,0.8333333333333334,30,-0.6666666666666666,4.0,14.666666666666666,2.8674417556808756,-0.6666666666666666,0.0,0.0,0.0,0.0,26.2559
Virginia Tech,0.5651379226273462,0.5879430195013542,0.37859992994842284,0.19150328452615606,0.5651379226273462,0.06645218196347062,0.2723024995438788,0.14471411058534273,0.5658818640376018,0.0533264507855338,-3.0,-5.6,0.25,1.0,0.3333333333333333,4,0.25,0.4166666666666667,30,3.6666666666666665,2.6666666666666665,49.0,6.164414002968976,3.6666666666666665,0.0,0.0,0.0,0.0,13.8542
Michigan,0.4853789255717788,0.5464346306382512,0.29340799901949927,0.38370069031985354,0.4853789255717788,0.0461480826632396,0.26331392745185844,0.30858687076123203,0.5228255792064366,0.06884861273700052,-1.8,-5.400000000000001,0.4,0.0,0.3333333333333333,5,0.4,0.25,30,0.6666666666666666,-4.0,295.0,7.788880963698615,0.6666666666666666,0.0,0.0,0.0,0.0,39.4097
Wake Forest,0.5263566437211495,0.5845957172984726,0.4166194774090671,0.40288416137937955,0.5263566437211495,0.08271286458454498,0.3098245614035088,0.3283574547902824,0.5567147819832952,0.06245171716061086,-0.4,-3.900000000000001,0.6,0.0,0.5,5,0.6,0.4166666666666667,30,2.0,-8.333333333333334,70.0,4.546060565661952,2.0,0.0,0.0,0.0,0.0,10.6948
Washington,0.5595229800392844,0.5845758077580141,0.3326714046822743,0.2615480835589531,0.5595229800392844,0.08106886040014119,0.2208015513897867,0.18677668949408077,0.49699154690080277,0.08820383401608761,-0.5,-9.8,0.5,0.0,0.5,4,0.5,0.3076923076923077,30,-3.3333333333333335,10.666666666666666,51.333333333333336,3.6817870057290873,-3.3333333333333335,0.0,0.0,0.0,0.0,14.6928
Milwaukee,0.5430536226383266,0.5826459766297425,0.38871984649122804,0.3751922374044085,0.5430536226383266,0.10189418748644727,0.2807893368903187,0.276871415317139,0.5862703634085213,0.08171215012632019,0.0,-6.0,0.5,0.0,0.5,4,0.5,0.3076923076923077,30,-3.0,-68.66666666666667,255.0,13.490737563232042,-3.0,0.0,0.0,0.0,0.0,-8.14701
Winthrop,0.4647769088025442,0.5151997300732959,0.4080527451606485,0.44868904339009036,0.4647769088025442,0.08655088024130829,0.3433185507488913,0.3035422540852743,0.5011339027455969,0.07463093778784517,1.0,-2.4,0.5,0.0,1.0,4,0.5,0.8333333333333334,30,-3.3333333333333335,38.0,158.66666666666666,40.00277768133386,-3.3333333333333335,0.0,0.0,0.0,0.0,2.01539
Wisconsin,0.5540243021106882,0.5855224420186208,0.532412850400822,0.26735227544412893,0.5540243021106882,0.06972985564285776,0.27150595135414873,0.2040955758834381,0.5384813900870993,0.06619776566356585,4.0,-10.0,0.6,0.6666666666666666,0.0,5,0.6,0.6666666666666666,30,11.333333333333334,21.666666666666668,29.333333333333332,2.0548046676563256,11.333333333333334,0.0,0.0,0.0,0.0,20.982
Xavier,0.5642489124479327,0.604423352827576,0.40661787626807727,0.27175888946832993,0.5642489124479327,0.06382811908740214,0.250919068325075,0.22819328831296856,0.5685092612305727,0.06574355348748233,-0.6,-4.800000000000001,0.4,0.0,0.6666666666666666,5,0.4,0.3333333333333333,30,7.333333333333333,23.333333333333332,98.0,1.632993161855452,7.333333333333333,0.0,0.0,0.0,0.0,8.16446
Cal Baptist,0.4313691702956983,0.47506091208268186,0.38345278743322364,0.2884915019869955,0.4313691702956983,0.0556150831113309,0.3486902168690137,0.2133836197741578,0.44474062310949786,0.08894487253394895,0.75,-11.3,0.5,0.5,0.5,4,0.5,0.8181818181818182,30,-6.666666666666667,13.333333333333334,129.0,12.832251036613439,-6.666666666666667,0.0,0.0,0.0,0.0,4.45289
Utah Tech,0.5388621850690816,0.5760303141893096,0.4120088238708928,0.27934796238244514,0.5388621850690816,0.06225718179493754,0.22756294663728044,0.2175269940787182,0.4788492579223876,0.07186718013292018,-2.0,-5.9,0.6,0.0,0.0,5,0.6,0.6923076923076923,30,12.666666666666666,16.0,170.0,7.788880963698615,12.666666666666666,0.0,0.0,0.0,0.0,-1.70677
Arizona St.,0.5181818181818182,0.5586832329865121,0.32479684111387364,0.2922702193610779,0.5181818181818182,0.08363803892300711,0.2637498455073538,0.22378285093622688,0.5316606603799712,0.08183634163503847,0.25,-6.9,0.5,0.0,0.5,4,0.5,0.38461538461538464,30,10.0,18.666666666666668,67.33333333333333,3.2998316455372216,10.0,0.0,0.0,0.0,0.0,12.4545
Duke,0.5824033043646458,0.6263160386217242,0.44450253150562985,0.3645912558668198,0.5824033043646458,0.0961254633763391,0.34043478260869564,0.291310896258497,0.4274710961553067,0.05650630093715943,25.0,3.3000000000000003,1.0,0.6,0.0,5,1.0,0.9230769230769231,30,1.0,5.666666666666667,2.0,0.0,1.0,0.0,0.0,0.0,0.0,39.6167
East Carolina,0.5291053391053391,0.5667459898389504,0.3051707551707552,0.41694564694564695,0.5291053391053391,0.093118556542332,0.3232649365348856,0.28426647426647433,0.4983800412697324,0.09691692910277293,2.4,-4.800000000000001,0.6,0.3333333333333333,0.5,5,0.6,0.46153846153846156,30,9.0,38.333333333333336,263.3333333333333,5.557777333511022,9.0,1.0,1.0,16.0,0.0,-8.19091
Florida St.,0.5778666569461576,0.6222260641576551,0.4754484635684514,0.40954225597253036,0.5778666569461576,0.07943681987166036,0.2544709496701907,0.31100975072148507,0.5182917829391313,0.0596191385721084,7.0,-6.5,0.8,0.25,0.0,5,0.8,0.6666666666666666,30,21.333333333333332,35.333333333333336,72.66666666666667,1.247219128924647,21.333333333333332,0.0,0.0,0.0,0.0,11.7113
Iowa,0.5045529451494236,0.5512215534280018,0.4361918982921786,0.27594668718390036,0.5045529451494236,0.07733079304081208,0.2760880696364567,0.22719470736936645,0.5883680784624181,0.08918575509103385,-2.8,-4.3999999999999995,0.4,0.5,0.3333333333333333,5,0.4,0.6153846153846154,30,-7.666666666666667,-14.0,29.0,2.943920288775949,-7.666666666666667,0.0,0.0,0.0,0.0,22.2755
Kansas St.,0.507112534133842,0.5350599089788585,0.3611943104028728,0.28338516533871994,0.507112534133842,0.1040008911123825,0.19226572726572727,0.18714870197882766,0.506700749315519,0.09098354623374864,-8.8,-4.500000000000001,0.2,1.0,0.0,5,0.2,0.15384615384615385,30,-7.333333333333333,-25.666666666666668,98.0,1.4142135623730951,-7.333333333333333,0.0,0.0,0.0,0.0,6.9281
Kentucky,0.5327817247558025,0.5705286952972102,0.396034693123427,0.3496120496319898,0.5327817247558025,0.08752508238832882,0.3656162464985994,0.2569648165061924,0.5038865155517419,0.09570262431130669,1.0,-4.2,0.4,0.0,0.3333333333333333,5,0.4,0.6923076923076923,30,-0.3333333333333333,1.0,29.333333333333332,1.247219128924647,-0.3333333333333333,0.0,0.0,0.0,0.0,22.0386
Nevada,0.47103349852118326,0.5373437911567029,0.34948253716726624,0.5150292564578278,0.47103349852118326,0.08871479799348507,0.327744708994709,0.3791175819254637,0.5371016776788389,0.11142229873618477,-4.4,-3.3000000000000003,0.4,0.0,0.3333333333333333,5,0.4,0.5384615384615384,30,-9.0,7.666666666666667,70.33333333333333,5.436502143433363,-9.0,0.0,0.0,0.0,0.0,11.956
NJIT,0.46306821661216124,0.49997174262792354,0.31242380118503654,0.3608041646383065,0.46306821661216124,0.11143514767443405,0.21519204921422663,0.23544612685792116,0.5236072103465613,0.08684430160995295,-8.0,-6.6,0.25,0.0,0.0,4,0.25,0.6666666666666666,30,-6.0,32.0,316.6666666666667,4.4969125210773475,-6.0,0.0,0.0,0.0,0.0,-15.3622
Oklahoma St.,0.48956282333331513,0.5398186184881679,0.38797504863078636,0.3761611673087083,0.48956282333331513,0.08161140728686508,0.26616359447004606,0.28001243443866397,0.5591887931223807,0.08911627908749384,-9.0,-7.1000000000000005,0.2,0.0,0.25,5,0.2,0.3333333333333333,30,-12.666666666666666,1.0,76.66666666666667,4.496912521077347,-12.666666666666666,0.0,0.0,0.0,0.0,11.0545
Oregon,0.5166520442167558,0.5624766556362429,0.38549394618381055,0.3508667481134514,0.5166520442167558,0.10234926852174683,0.27205275567344533,0.2819826596381366,0.4618831168831169,0.1130213798190586,1.6,-4.2,0.6,0.0,0.5,5,0.6,0.25,30,-3.3333333333333335,-21.666666666666668,103.66666666666667,8.73053390247253,-3.3333333333333335,0.0,0.0,0.0,0.0,7.30702
Purdue,0.5815032643456185,0.6102247167111081,0.43894089161361477,0.29480690740668847,0.5815032643456185,0.08131823488349164,0.28994623655913976,0.22249279200188052,0.5720680777684068,0.045008535864984434,5.8,-8.9,0.4,1.0,0.3333333333333333,5,0.4,0.5384615384615384,30,3.6666666666666665,-1.6666666666666667,6.333333333333333,0.4714045207910317,3.6666666666666665,0.0,0.0,-8.0,0.0,31.1988
San Diego St.,0.4945114258839152,0.5486152963986851,0.37757520426418784,0.3993223777642524,0.4945114258839152,0.07122392116745264,0.3068651235058354,0.3057638466220329,0.4839005287291244,0.08281078693131845,1.4,-6.4,0.4,0.5,0.3333333333333333,5,0.4,0.6153846153846154,30,-4.333333333333333,18.666666666666668,47.0,3.559026084010437,-4.333333333333333,0.0,0.0,0.0,0.0,17.7891
South Carolina,0.4795540387899907,0.5360804856208434,0.4218418452618982,0.3592593131718836,0.4795540387899907,0.07858027808031046,0.2031985529922212,0.28704970345208436,0.5493776572124495,0.08001907366959807,-9.6,-4.9,0.2,0.0,0.0,5,0.2,0.15384615384615385,30,9.333333333333334,-1.3333333333333333,95.66666666666667,6.649979114420002,9.333333333333334,0.0,0.0,0.0,0.0,8.02448
Stanford,0.5316586050865969,0.5814969311001639,0.47464958131793833,0.38810721901492695,0.5316586050865969,0.10419974862507542,0.2827682186234818,0.30352954179019087,0.5006178930160395,0.06171345379654312,4.25,-6.7,0.5,0.5,0.5,4,0.5,0.4166666666666667,30,-3.6666666666666665,-0.6666666666666666,72.0,1.632993161855452,-3.6666666666666665,0.0,0.0,0.0,0.0,12.6533
Texas Tech,0.601158714822744,0.6290924669694492,0.47739187054463994,0.2983499649963436,0.601158714822744,0.04476576967636786,0.3453795853269538,0.22190126998404539,0.46719471246493205,0.08293910220283657,9.4,-3.5,0.8,0.25,1.0,5,0.8,0.7692307692307693,30,5.333333333333333,4.0,16.0,1.632993161855452,5.333333333333333,0.0,0.0,0.0,0.0,27.6549
Valparaiso,0.5412852562408611,0.5843443646693588,0.3885512276189302,0.4623208193130502,0.5412852562408611,0.05980738156391754,0.28356235794565965,0.3244206907081491,0.5532091295000928,0.05684141691112739,2.8,-0.8,0.8,0.0,1.0,5,0.8,0.6923076923076923,30,8.0,52.333333333333336,146.0,2.943920288775949,8.0,0.0,0.0,0.0,0.0,1.18046
West Virginia,0.4974400529442546,0.5281386095439696,0.42266412272104875,0.2762670924449184,0.4974400529442546,0.09472401750755655,0.3307280379457799,0.18947687263491003,0.4904171606768136,0.09939928783405977,-0.6,-4.2,0.4,0.0,0.3333333333333333,5,0.4,0.5,30,0.3333333333333333,15.333333333333334,60.666666666666664,1.699673171197595,0.3333333333333333,0.0,0.0,0.0,0.0,13.3725
Wichita St.,0.4863221526013762,0.5374493236041976,0.2891358980803777,0.40807649861553513,0.4863221526013762,0.052093073209665566,0.38398307081233907,0.2964648747269937,0.4641562180694915,0.07108949758771227,8.4,2.9000000000000004,1.0,0.2,0.0,5,1.0,0.7692307692307693,30,0.3333333333333333,5.666666666666667,90.0,2.943920288775949,0.3333333333333333,1.0,1.0,17.0,0.0,8.91155
Butler,0.48526149613453745,0.5470148723736873,0.2709252744909924,0.46689306145654086,0.48526149613453745,0.05422289726167019,0.28125,0.35374301284119003,0.5631802721088435,0.06664689140819338,-1.75,-5.1,0.5,0.0,0.0,4,0.5,0.38461538461538464,30,-1.3333333333333333,-25.666666666666668,76.0,7.874007874011811,-1.3333333333333333,0.0,0.0,0.0,0.0,10.2164
Creighton,0.49436280700431645,0.541284839330195,0.4202697318147365,0.3233775179352043,0.49436280700431645,0.06821040222828259,0.2257738683448623,0.253469340742771,0.5333236169151663,0.100528230228678,-7.4,-1.0000000000000004,0.2,0.0,0.5,5,0.2,0.25,30,-4.666666666666667,-29.666666666666668,80.0,3.559026084010437,-4.666666666666667,0.0,0.0,0.0,0.0,10.3276
Indiana,0.527339174800355,0.5565129724265411,0.5273946317657499,0.24016969831410828,0.527339174800355,0.0326427930765842,0.10945048309178743,0.17906610470275067,0.5956006139829669,0.06837946052144175,-16.5,4.6,0.0,0.0,0.25,4,0.0,0.4166666666666667,30,-5.0,-10.333333333333334,40.0,2.943920288775949,-5.0,0.0,0.0,-13.0,0.0,17.8907
La Salle,0.4288358031038577,0.49639188043170346,0.3506558503305413,0.4662088643302046,0.4288358031038577,0.10128628240124507,0.31052691346808997,0.3370383113958261,0.5314377438210569,0.10496762235183058,-5.5,-8.6,0.25,0.0,0.3333333333333333,4,0.25,0.25,30,23.0,41.0,213.33333333333334,18.208667044996886,23.0,0.0,0.0,-7.0,0.0,-5.47246
Loyola Marymount,0.5579846903982542,0.5972488340221558,0.33715235156392076,0.3506018139661757,0.5579846903982542,0.09335298099708075,0.21627919037458512,0.26822078446081105,0.5534097769201723,0.07062519822988661,1.75,-5.3,0.5,0.0,1.0,4,0.5,0.3333333333333333,30,1.6666666666666667,-16.333333333333332,144.0,14.719601443879744,1.6666666666666667,0.0,0.0,0.0,0.0,1.3142
LSU,0.49438022784446345,0.547701023033947,0.3133329285643451,0.3373239507881864,0.49438022784446345,0.05974168151680821,0.2798207628811077,0.270659267489562,0.5427343350633824,0.06259436724379014,-5.8,-4.3,0.2,0.0,0.25,5,0.2,0.23076923076923078,30,-4.666666666666667,-19.0,61.333333333333336,6.018490028422596,-4.666666666666667,0.0,0.0,0.0,0.0,13.6515
Mississippi St.,0.5699722654009755,0.5815322506317673,0.4638279647312461,0.3018476345476835,0.5699722654009755,0.08154130665476972,0.2443968333623506,0.18014138406785446,0.5663164667442769,0.07820266571179738,-7.8,-10.3,0.4,0.0,0.0,5,0.4,0.25,30,1.3333333333333333,-5.666666666666667,89.33333333333333,5.734883511361751,1.3333333333333333,0.0,0.0,0.0,0.0,7.83009
New Mexico,0.5349337171289842,0.5695034783792181,0.39388350720317933,0.3939363892761566,0.5349337171289842,0.08296625263908165,0.30467744530244534,0.26332167523997246,0.49538006294471815,0.07889982374041125,9.25,-12.9,0.75,0.3333333333333333,0.0,4,0.75,0.6666666666666666,30,3.3333333333333335,12.333333333333334,44.333333333333336,1.8856180831641267,3.3333333333333335,0.0,0.0,0.0,0.0,16.7608
Rutgers,0.4876358466469071,0.5488805769828945,0.3018651051832574,0.39664329260946046,0.4876358466469071,0.08874989775157406,0.18755999697176168,0.3142196197498735,0.546794003868472,0.06262760538872376,0.4,-6.800000000000001,0.6,0.0,0.0,5,0.6,0.25,30,10.666666666666666,21.333333333333332,142.33333333333334,16.048537489614297,10.666666666666666,1.0,1.0,4.0,0.0,1.10732
USC Upstate,0.46637461297780386,0.49979829444289,0.3509341633376631,0.2454362015864847,0.46637461297780386,0.09597019588656165,0.2888088922571681,0.17540622013087273,0.5079254828108268,0.0992779186816041,-2.2,-4.2,0.4,0.0,0.3333333333333333,5,0.4,0.38461538461538464,30,-7.666666666666667,-28.333333333333332,287.3333333333333,4.4969125210773475,-7.666666666666667,0.0,0.0,0.0,0.0,-11.6687
Temple,0.5042736870972165,0.5389482315147553,0.32793637734814207,0.3701406828465652,0.5042736870972165,0.058438166429630914,0.2530742565225324,0.2474614013437543,0.5195023041474655,0.07754190973187043,-6.0,-0.5,0.0,0.0,0.6,5,0.0,0.3076923076923077,30,-24.666666666666668,-20.666666666666668,167.0,6.683312551921141,-24.666666666666668,0.0,0.0,-6.0,0.0,-0.347987
UC Davis,0.5284091541283842,0.5937505151163002,0.4518010655106134,0.4981300365230501,0.5284091541283842,0.09604558365155172,0.2679584826762246,0.39106715178623586,0.537591678003194,0.09024798610315457,4.25,-6.9,0.5,0.5,1.0,4,0.5,0.6153846153846154,30,-1.3333333333333333,9.0,175.33333333333334,19.737161790783283,-1.3333333333333333,0.0,0.0,0.0,0.0,0.960542
Boston College,0.49040836724494896,0.5110221948366098,0.43552480902405943,0.24540177530282475,0.49040836724494896,0.05804672624884204,0.2795681692859112,0.15113600342685798,0.564714509309704,0.09547523897380876,-12.8,-5.9,0.2,0.0,0.0,5,0.2,0.25,30,-16.0,20.0,151.0,16.391054470858997,-16.0,0.0,0.0,0.0,0.0,0.517822
Florida,0.59799010108743,0.6375020044697621,0.34518297113909513,0.3804675115041237,0.59799010108743,0.0848626843748296,0.4224332610031201,0.2923724810795419,0.4481654418692293,0.0913010169234958,17.8,4.9,1.0,0.4,0.0,5,1.0,0.9166666666666666,30,1.6666666666666667,18.333333333333332,5.333333333333333,1.247219128924647,1.6666666666666667,0.0,0.0,0.0,0.0,34.9852
LIU Brooklyn,0.588384628416075,0.616534820494713,0.30881838869260253,0.34009723097773414,0.588384628416075,0.11309002057269113,0.27751811594202896,0.24481111713816114,0.4956958784050361,0.09456570309709773,6.666666666666667,-4.228571428571429,0.6666666666666666,0.5,0.5,6,0.6666666666666666,0.7857142857142857,30,-16.666666666666668,-34.333333333333336,215.33333333333334,13.888444437333106,-16.666666666666668,0.0,0.0,0.0,0.0,
North Texas,0.4751713758165371,0.5186159575912656,0.2878662198017037,0.3456320501481792,0.4751713758165371,0.08349920043435557,0.3147772657450077,0.24521249359959035,0.5491137693755592,0.060034446464110644,0.2,-1.5,0.6,0.0,0.5,5,0.6,0.5384615384615384,30,12.0,-2.0,147.0,3.7416573867739413,12.0,1.0,1.0,4.0,0.0,1.788
Northern Iowa,0.5927997108887401,0.6116553064940268,0.41165487900392084,0.22076370764387926,0.5927997108887401,0.1030233433692364,0.16624338624338625,0.15643336638138078,0.4991009099761826,0.07877789325637734,12.6,-7.5,0.6,1.0,1.0,5,0.6,0.5384615384615384,30,15.333333333333334,-7.666666666666667,85.33333333333333,0.4714045207910317,15.333333333333334,1.0,1.0,22.0,0.0,9.49938
Ohio,0.4984749455337691,0.5328522301310334,0.343417965476789,0.33952362996480645,0.4984749455337691,0.06923619662527453,0.24045709703287893,0.23203033350092173,0.5313635917084193,0.06189739943559289,-2.0,-9.6,0.5,0.0,0.0,4,0.5,0.45454545454545453,30,6.0,-14.0,220.0,4.242640687119285,6.0,0.0,0.0,0.0,0.0,-5.25078
Portland,0.5265820318440342,0.5799510611315892,0.38867457191520427,0.4021615240731166,0.5265820318440342,0.10273333032995498,0.20170668633937,0.31249581799933085,0.5863853907339724,0.11881532432588326,-12.0,-16.6,0.25,0.0,0.0,4,0.25,0.3333333333333333,30,-23.0,16.333333333333332,227.66666666666666,18.78533707147383,-23.0,0.0,0.0,0.0,0.0,-3.16816
Quinnipiac,0.43378665803936267,0.4761230535525852,0.35650754668582196,0.3937903044411124,0.43378665803936267,0.06891624690554092,0.37290975849799385,0.2510766417308557,0.46566165259207126,0.0834888576893987,0.2,-3.8000000000000003,0.4,0.0,0.3333333333333333,5,0.4,0.5,30,-2.0,-48.666666666666664,200.66666666666666,7.71722460186015,-2.0,1.0,1.0,4.0,0.0,-4.02843
Robert Morris,0.5895241200056773,0.6197200000248566,0.3993320204385778,0.2812083067206018,0.5895241200056773,0.09164460297658764,0.3540469505028079,0.21112234759775741,0.47331607941239084,0.09574877774849255,16.75,-1.7,1.0,0.5,0.0,4,1.0,0.7692307692307693,30,34.333333333333336,37.0,154.33333333333334,2.0548046676563256,34.333333333333336,0.0,0.0,0.0,0.0,1.60728
TCU,0.47019205665585895,0.5243125848351665,0.3604304123207938,0.46816353503392066,0.47019205665585895,0.11720870455722465,0.34623725420689366,0.3237544109795955,0.5353262276570547,0.08364037915350067,3.8,-2.5,0.8,0.0,0.0,5,0.8,0.6153846153846154,30,4.333333333333333,-0.6666666666666666,47.666666666666664,1.699673171197595,4.333333333333333,0.0,0.0,0.0,0.0,15.6318
UC Riverside,0.47011694520169095,0.5353072221799824,0.3976658369878709,0.3847034886017937,0.47011694520169095,0.08726343841645504,0.24359668109668112,0.31102406068507765,0.441608341165271,0.05568049425257794,3.4,-9.4,0.4,0.5,0.3333333333333333,5,0.4,0.2857142857142857,30,10.666666666666666,8.0,279.0,15.121728296285006,10.666666666666666,0.0,0.0,0.0,0.0,-7.70935
Mercyhurst,0.5372679284208527,0.5813037208167658,0.2957747473594502,0.330033743432042,0.5372679284208527,0.09001078921090984,0.27429076959495957,0.25533972590952964,0.547382770828638,0.0536380542419823,4.2,-4.5,0.6,0.3333333333333333,1.0,5,0.6,0.5714285714285714,30,5.666666666666667,15.0,278.6666666666667,8.498365855987974,5.666666666666667,0.0,0.0,0.0,0.0,-10.5709
Columbia,0.5318179529042015,0.5419271748213954,0.39744212321652417,0.23554563835936465,0.5318179529042015,0.08717831315938596,0.33593359739049394,0.13893711945811807,0.5022829070764032,0.09238038413475998,2.4,-5.1000000000000005,0.4,0.5,0.3333333333333333,5,0.4,0.36363636363636365,30,-3.6666666666666665,-75.33333333333333,188.33333333333334,7.930251502246879,-3.6666666666666665,0.0,0.0,0.0,0.0,-1.67791
Davidson,0.5053893051668623,0.5253920679624869,0.42635527068099066,0.3480746291113719,0.5053893051668623,0.06914097561500905,0.26442577030812325,0.20059727363004423,0.4610732841982773,0.09494281472488819,1.0,-3.4000000000000004,0.6,0.0,0.5,5,0.6,0.5833333333333334,30,-16.333333333333332,7.333333333333333,119.66666666666667,14.522013940527977,-16.333333333333332,1.0,1.0,7.0,0.0,6.23754
Illinois,0.4391042582956312,0.5005277051036026,0.2504486609331447,0.40957591255445214,0.4391042582956312,0.11198583685560788,0.33359513738824087,0.3064098108357962,0.5382630276991179,0.08558926325522162,-4.4,-7.2,0.4,0.0,0.6666666666666666,5,0.4,0.3076923076923077,30,-11.666666666666666,-15.666666666666666,325.6666666666667,3.8586123009300755,-11.666666666666666,0.0,0.0,0.0,0.0,33.1055
SIUE,0.516962608541556,0.530712560523346,0.42231933368775476,0.21601488569909622,0.516962608541556,0.11999452516909144,0.25486829722527665,0.1309438242069821,0.4844647753001432,0.11590458982596981,1.0,-13.100000000000001,0.4,1.0,0.3333333333333333,5,0.4,0.6428571428571429,30,-18.333333333333332,4.333333333333333,271.3333333333333,11.813363431112899,-18.333333333333332,0.0,0.0,0.0,0.0,-6.9692
Idaho St.,0.500602444866224,0.548052165541378,0.3679079788658474,0.27613473250337023,0.500602444866224,0.08366481119766347,0.3020550527903469,0.22892087202813197,0.5805898183654353,0.0848699535764639,-5.25,-8.7,0.5,0.5,0.0,4,0.5,0.23076923076923078,30,1.0,-55.333333333333336,239.33333333333334,20.677416559027765,1.0,0.0,0.0,0.0,0.0,-6.25299
Iona,0.5227996814018319,0.5694811598842485,0.48453280251159314,0.37438712151457926,0.5227996814018319,0.07602685508470383,0.28390295272648214,0.2816409006424752,0.45864990690456126,0.11383095053249608,6.0,-2.5142857142857142,0.6666666666666666,0.25,1.0,6,0.6666666666666666,0.46153846153846156,30,-0.3333333333333333,-27.333333333333332,243.66666666666666,7.039570693980958,-0.3333333333333333,1.0,1.0,4.0,0.0,-6.99939
Kent,0.5239308635845379,0.569163234913552,0.4858380227297804,0.46501940122843793,0.5239308635845379,0.10046625409026691,0.29741096190337174,0.3249360954797896,0.53493296310066,0.10078960133528814,-1.5,-9.2,0.75,0.0,0.0,4,0.75,0.6666666666666666,30,6.333333333333333,10.333333333333334,138.0,0.816496580927726,6.333333333333333,0.0,0.0,0.0,0.0,
Liberty,0.61005864944848,0.6398818833228048,0.49301049233252625,0.4516556362658058,0.61005864944848,0.09876839371341738,0.08441249805204923,0.31330607120437626,0.5736241671911284,0.09845364121727863,-3.4,-5.800000000000001,0.6,0.0,0.0,5,0.6,0.8461538461538461,30,-14.666666666666666,3.0,103.66666666666667,11.025223605694151,-14.666666666666666,0.0,0.0,0.0,0.0,5.32486
Northeastern,0.4777310055535862,0.5081478752410566,0.37922574737090864,0.23083126550868488,0.4777310055535862,0.0536448408614078,0.21924603174603174,0.16132798652959943,0.5737573397950756,0.09586235057349651,-10.25,0.1,0.0,0.0,0.0,4,0.0,0.08333333333333333,30,-18.333333333333332,-57.333333333333336,276.6666666666667,12.657891697365017,-18.333333333333332,0.0,0.0,0.0,0.0,-11.0166
Illinois,0.4609698083778966,0.499442976603005,0.31965797682709446,0.21723819073083778,0.4609698083778966,0.10217690833635847,0.31528822420562597,0.1688079322638146,0.4753205128205128,0.08689638570123312,4.4,-1.8,0.8,0.0,0.0,5,0.8,0.5714285714285714,30,12.0,-1.0,113.0,5.0990195135927845,12.0,1.0,1.0,14.0,0.0,33.1055
Samford,0.5681497550302008,0.6108258767509129,0.452494604672905,0.39211349777958115,0.5681497550302008,0.06462024529033725,0.23764769331739166,0.29251012031668405,0.5186046123923311,0.08679239826258008,7.6,-2.0,0.8,0.25,1.0,5,0.8,0.6428571428571429,30,15.666666666666666,36.666666666666664,221.33333333333334,18.51725921644153,15.666666666666666,0.0,0.0,0.0,0.0,-3.62384
Santa Clara,0.5321732624825213,0.5783686542135716,0.43904525148517054,0.2754062153379128,0.5321732624825213,0.10260960443965961,0.3084828526004996,0.233050221976354,0.5537988801405921,0.10380642953100458,3.75,-14.9,0.5,1.0,0.0,4,0.5,0.8333333333333334,30,1.3333333333333333,19.0,39.666666666666664,3.6817870057290873,1.3333333333333333,0.0,0.0,0.0,0.0,19.4786
Tulsa,0.5805161811632907,0.6169208563252703,0.5491283905434035,0.313714877778726,0.5805161811632907,0.09329278624515894,0.3127702223184131,0.24401187921464024,0.5229922726864547,0.08600370623370772,15.25,-1.9,0.75,0.6666666666666666,1.0,4,0.75,0.7692307692307693,30,-6.333333333333333,3.0,61.666666666666664,4.784233364802441,-6.333333333333333,0.0,0.0,0.0,0.0,13.8305
Louisiana,0.4507738988988989,0.4864354558750543,0.3342454954954955,0.29901213713713715,0.4507738988988989,0.0942269144469117,0.2615841170323929,0.2035660660660661,0.5466986936213691,0.054384416043844065,-11.4,-8.0,0.2,0.0,0.0,5,0.2,0.46153846153846156,30,3.0,26.666666666666668,303.3333333333333,3.39934634239519,3.0,0.0,0.0,0.0,0.0,-13.4212
Utah St.,0.5646193006738943,0.5931274922220865,0.46212659007204204,0.38550981571934034,0.5646193006738943,0.10106728291633102,0.2835936840170018,0.26011051983295597,0.5177792435020411,0.05159051037460667,5.6,-10.4,0.6,0.6666666666666666,0.5,5,0.6,0.7142857142857143,30,1.6666666666666667,0.3333333333333333,25.666666666666668,3.0912061651652345,1.6666666666666667,0.0,0.0,0.0,0.0,21.8205
VMI,0.4734054301509195,0.5181601489366553,0.5423210271898079,0.2891637810582589,0.4734054301509195,0.07121249182566453,0.2035416967769909,0.22243462903659733,0.5950081654677544,0.04584163601291749,-13.8,0.9,0.0,0.0,0.0,5,0.0,0.0,30,-1.6666666666666667,-28.666666666666668,356.6666666666667,4.027681991198191,-1.6666666666666667,0.0,0.0,0.0,0.0,-25.961
Yale,0.5482990793830251,0.5810254546222093,0.3566908934291636,0.3248866725887642,0.5482990793830251,0.08401266390420094,0.23540343915343914,0.23452232899943476,0.5219756194128385,0.08135801475455216,4.2,-2.7,0.8,0.0,1.0,5,0.8,0.8333333333333334,30,-1.3333333333333333,1.0,81.33333333333333,16.21384867602041,-1.3333333333333333,0.0,0.0,0.0,0.0,10.3556
Youngstown St.,0.5396005398110661,0.569688388443151,0.4179635856263867,0.370585466273245,0.5396005398110661,0.07727889923907005,0.19947004608294933,0.25984953910199227,0.521700942620747,0.0906914061344856,-2.2,-11.100000000000001,0.4,0.5,0.0,5,0.4,0.46153846153846156,30,18.666666666666668,-3.3333333333333335,193.66666666666666,5.2493385826745405,18.666666666666668,0.0,0.0,0.0,0.0,-3.6072
Austin Peay,0.5567316713214547,0.6069661433001184,0.34496696543910166,0.4542517338182973,0.5567316713214547,0.08646649312577787,0.3177339069599131,0.3466958222376179,0.5555147868857546,0.0712191867974459,1.2,-7.4,0.6,0.3333333333333333,0.5,5,0.6,0.7857142857142857,30,4.333333333333333,33.333333333333336,134.0,5.715476066494082,4.333333333333333,0.0,0.0,0.0,0.0,0.129816
Boise St.,0.5290972516394563,0.5758429150582604,0.43680242961275734,0.27650307983972333,0.5290972516394563,0.053387219028824595,0.321226008617313,0.24096462293085924,0.5140267162477363,0.08540950363890273,3.8,-8.1,0.6,0.6666666666666666,0.5,5,0.6,0.75,30,-8.0,-6.0,70.0,12.754084313139327,-8.0,0.0,0.0,0.0,0.0,13.3814
Bradley,0.5394719687092568,0.5696061692232551,0.38837958651517973,0.3543471782454833,0.5394719687092568,0.08082012719639227,0.29402680652680646,0.2445408828459676,0.5095466084937554,0.06457784426298246,3.8,-5.500000000000001,0.6,0.0,0.0,5,0.6,0.5833333333333334,30,17.666666666666668,20.666666666666668,116.66666666666667,7.3181661333667165,17.666666666666668,1.0,1.0,9.0,0.0,3.60859
Cal Poly,0.5429659979193707,0.5971985472213033,0.5304462755767098,0.33687801029786796,0.5429659979193707,0.06382906404508439,0.18904103143233578,0.29056478971376803,0.5022415277339792,0.06741901194283273,3.75,-7.9,0.75,0.0,0.0,4,0.75,0.5,30,33.0,18.0,231.33333333333334,17.30767331432956,33.0,0.0,0.0,0.0,0.0,-3.97333
Elon,0.47898352074619355,0.5226398671274282,0.39803039169398613,0.30628509142334026,0.47898352074619355,0.09413636734180578,0.24867754794225383,0.22932750812935143,0.5422000583354939,0.06739759533823864,-8.75,-3.9,0.25,0.0,0.3333333333333333,4,0.25,0.23076923076923078,30,-13.666666666666666,-42.333333333333336,209.66666666666666,5.792715732327588,-13.666666666666666,0.0,0.0,0.0,0.0,-4.48154
Fairfield,0.49076669550529395,0.5322235153280852,0.276576442961315,0.3626675730235241,0.49076669550529395,0.10001073244455054,0.36497583156960783,0.2513311086392288,0.516133753127576,0.10035022066945451,-0.2,-7.9,0.6,0.0,0.0,5,0.6,0.6428571428571429,30,2.0,14.333333333333334,244.66666666666666,11.323525167642018,2.0,0.0,0.0,-22.0,0.0,-7.25476
Fresno St.,0.5482918263090677,0.5723367065764207,0.3449781061850027,0.29244663382594416,0.5482918263090677,0.08309935686832276,0.28153133110863926,0.20225779967159277,0.5432859669066565,0.07862177175745506,-0.4,-8.6,0.2,1.0,0.5,5,0.2,0.3333333333333333,30,6.0,32.333333333333336,129.0,3.7416573867739413,6.0,0.0,0.0,0.0,0.0,3.70002
Massachusetts,0.5544357412690178,0.5721973043364255,0.38476030073216816,0.28054550778351733,0.5544357412690178,0.06902070452288178,0.24138777133332487,0.17872469533752783,0.5432122507122508,0.10287070280973176,-8.0,-1.6,0.0,0.0,0.4,5,0.0,0.3333333333333333,30,-5.666666666666667,-15.333333333333334,196.0,1.632993161855452,-5.666666666666667,0.0,0.0,0.0,0.0,-3.18266
Memphis,0.4513724595652138,0.5012658572568331,0.2889394335049738,0.3378311626667102,0.4513724595652138,0.07926369833332228,0.300439727615184,0.24812492859649266,0.52584404907008,0.08415288320685502,-15.6,3.1000000000000005,0.0,0.0,0.0,5,0.0,0.35714285714285715,30,-21.0,-21.666666666666668,112.66666666666667,3.39934634239519,-21.0,0.0,0.0,-16.0,0.0,4.66621
Niagara,0.5444664749362027,0.5909919674655064,0.3963923577167811,0.3405306674571828,0.5444664749362027,0.08507946339579213,0.19839015151515152,0.26827300875217913,0.5354239614710693,0.10671711101202287,-4.666666666666667,-2.0571428571428574,0.3333333333333333,0.0,0.25,6,0.3333333333333333,0.2857142857142857,30,-3.0,7.666666666666667,346.3333333333333,1.699673171197595,-3.0,0.0,0.0,-7.0,0.0,-18.609
Presbyterian,0.5110410199605289,0.5566729098731462,0.2533528973762007,0.42162506296973284,0.5110410199605289,0.09453887993688986,0.2697415932232395,0.3007053105237224,0.5074542134468396,0.10148436555554263,-0.8,-2.3000000000000003,0.4,0.0,0.6666666666666666,5,0.4,0.46153846153846156,30,-2.3333333333333335,-5.666666666666667,288.3333333333333,19.70335560817553,-2.3333333333333335,0.0,0.0,0.0,0.0,-9.60977
Richmond,0.4794196502227355,0.5418365639021481,0.47114337568058073,0.45061595996260245,0.4794196502227355,0.07627718360385866,0.11949707767722474,0.3409420887642303,0.5396539548022599,0.045278950955205545,-2.75,-1.5,0.25,0.0,0.6666666666666666,4,0.25,0.25,30,8.333333333333334,-18.666666666666668,130.66666666666666,10.402991022884823,8.333333333333334,0.0,0.0,0.0,0.0,1.86943
UC Santa Barbara,0.5023778496697424,0.554461011570558,0.47856826316373785,0.38660566452000034,0.5023778496697424,0.045917759662262705,0.23700972862263187,0.29117494428423707,0.46151766337111155,0.08136720235649014,-1.6,-2.3,0.2,0.0,0.75,5,0.2,0.6428571428571429,30,-17.0,36.333333333333336,146.66666666666666,18.732028424302822,-17.0,0.0,0.0,0.0,0.0,3.49166
St. Peter's,0.5061473944832607,0.5433406899736695,0.35951021285367785,0.3182942100115353,0.5061473944832607,0.11120880596927052,0.357770514020514,0.23646868160545975,0.47247940349476597,0.09703804414771085,0.3333333333333333,-4.514285714285714,0.5,0.0,0.0,6,0.5,0.6428571428571429,30,-12.666666666666666,2.0,244.0,6.683312551921141,-12.666666666666666,1.0,1.0,7.0,0.0,-7.08231
Stony Brook,0.5003488330276549,0.5369558444951689,0.48846153846153845,0.3077916531808538,0.5003488330276549,0.11249132307228225,0.2155923344947735,0.2299528895601827,0.5335223675238653,0.10739152521762342,-3.0,-5.6,0.5,0.0,0.0,4,0.5,0.6666666666666666,30,-2.6666666666666665,28.333333333333332,199.66666666666666,22.69116323349001,-2.6666666666666665,0.0,0.0,0.0,0.0,-4.56862
Texas,0.5496633280128733,0.600929411215057,0.267286818445535,0.4281649468375287,0.5496633280128733,0.06133929373256254,0.34119363395225466,0.3343428958003309,0.5615534804753819,0.08641856602739878,0.4,-7.4,0.6,0.3333333333333333,0.0,5,0.6,0.6153846153846154,30,-0.3333333333333333,22.0,36.333333333333336,3.091206165165235,-0.3333333333333333,0.0,0.0,0.0,0.0,21.0679
UNLV,0.5741739126509016,0.5997534111012428,0.3391035746855559,0.359695262345261,0.5741739126509016,0.09877506194951918,0.28853763440860214,0.23644481765401668,0.5600785634340916,0.05006569849136692,2.4,-6.2,0.6,0.3333333333333333,0.5,5,0.6,0.5384615384615384,30,5.666666666666667,17.0,128.33333333333334,3.39934634239519,5.666666666666667,0.0,0.0,0.0,0.0,4.26094
Villanova,0.49838663659002636,0.5263276790797283,0.4234104702579279,0.2682895359505529,0.49838663659002636,0.09715189493268515,0.2266459184582681,0.17970179976959638,0.5476303552629425,0.07201984352260078,-3.8,-9.9,0.6,0.0,0.0,5,0.6,0.6666666666666666,30,-0.3333333333333333,-10.666666666666666,31.666666666666668,3.8586123009300755,-0.3333333333333333,0.0,0.0,0.0,0.0,20.1664
William & Mary,0.5332228615388162,0.5963621583845243,0.40639084493515276,0.5463671322761079,0.5332228615388162,0.0969021998653545,0.15883773799374823,0.41391085039031283,0.5766923264907136,0.07150231370848248,1.5,-3.0,0.5,0.0,1.0,4,0.5,0.5833333333333334,30,0.3333333333333333,-35.333333333333336,122.0,7.483314773547883,0.3333333333333333,0.0,0.0,0.0,0.0,3.00628
Wofford,0.5489553983861384,0.5786354714316905,0.4893850260174039,0.3628179326471547,0.5489553983861384,0.08003288641686314,0.30815126050420166,0.24627056976003345,0.5768745627918112,0.08449462868690275,-2.6,-3.0,0.4,0.0,0.3333333333333333,5,0.4,0.5714285714285714,30,-27.0,-7.0,254.0,16.673332000533065,-27.0,0.0,0.0,0.0,0.0,-6.96352
Wyoming,0.4985636001425475,0.5291476559160146,0.4700226089699774,0.20330610909558278,0.4985636001425475,0.08651730169724141,0.2810919540229885,0.15495101389838234,0.5676446134043485,0.06543114110453155,-0.4,-5.6000000000000005,0.6,0.0,0.0,5,0.6,0.38461538461538464,30,4.666666666666667,6.666666666666667,96.66666666666667,1.247219128924647,4.666666666666667,0.0,0.0,0.0,0.0,7.08699
Tarleton St.,0.48642607838604696,0.5331592310662429,0.22910701227896188,0.408285604961246,0.48642607838604696,0.11888500405039375,0.2919446962869194,0.2881560238008476,0.4980737991628336,0.09894017599033451,-6.166666666666667,-3.342857142857143,0.3333333333333333,0.0,0.0,6,0.3333333333333333,0.23076923076923078,30,-11.333333333333334,-57.333333333333336,232.66666666666666,20.885933597094056,-11.333333333333334,0.0,0.0,0.0,0.0,-3.78078
UC San Diego,0.5229869950480568,0.5588077303666408,0.40371268935847404,0.35654810591282377,0.5229869950480568,0.10638260505620419,0.2531081728280004,0.25230905127684083,0.47016009095613787,0.0706880761291179,9.0,4.0,1.0,0.25,0.0,4,1.0,0.6153846153846154,30,7.0,-33.666666666666664,131.0,18.83259585576738,7.0,0.0,0.0,0.0,0.0,5.23863
Appalachian St.,0.5008967727000322,0.5491660683992812,0.5114471033917263,0.5776541334839133,0.5008967727000322,0.05171129667232899,0.364502002002002,0.39167872820539446,0.5402542372881356,0.08183648268287341,0.0,-4.4,0.25,1.0,0.6666666666666666,4,0.25,0.6923076923076923,30,-4.666666666666667,43.0,179.66666666666666,2.6246692913372702,-4.666666666666667,0.0,0.0,0.0,0.0,-1.52906
Campbell,0.43312086031802866,0.47575363231083767,0.3397703100531181,0.24892583231977022,0.43312086031802866,0.08490378021371661,0.32773317763830095,0.19458490336028783,0.4998353350281991,0.05132212805515718,-3.6,-1.0,0.2,0.0,1.0,5,0.2,0.3333333333333333,30,-2.3333333333333335,0.6666666666666666,188.0,22.861904265976328,-2.3333333333333335,0.0,0.0,0.0,0.0,-2.41797
Denver,0.5352056467199132,0.5813874732853608,0.39196264413239806,0.3098832480816871,0.5352056467199132,0.07117599733642259,0.28938554395685945,0.2531834621861989,0.6044376222688383,0.04269206330784934,-1.75,-13.5,0.5,0.5,0.0,4,0.5,0.5833333333333334,30,19.0,21.0,238.33333333333334,32.097074979228594,19.0,0.0,0.0,0.0,0.0,-4.98267
Harvard,0.4843466272885638,0.515381262288063,0.44813396246005466,0.234181654572513,0.4843466272885638,0.11866591553987285,0.27497914349276975,0.16784877885580463,0.4756379439226393,0.08726189808654936,4.0,-3.2,0.6,0.3333333333333333,1.0,5,0.6,0.7272727272727273,30,11.666666666666666,47.666666666666664,144.0,4.546060565661952,11.666666666666666,0.0,0.0,0.0,0.0,0.866784
Hawaii,0.4990668920987448,0.5523887469378533,0.4437961648715594,0.43040595484780175,0.4990668920987448,0.0867327222915388,0.26223723723723724,0.3100327015668921,0.536181751079918,0.09671831169367817,-5.2,-5.6000000000000005,0.6,0.0,0.0,5,0.6,0.6923076923076923,30,-16.666666666666668,-15.333333333333334,115.33333333333333,12.036980056845191,-16.666666666666668,0.0,0.0,0.0,0.0,5.55428
Illinois St.,0.5443782186297321,0.5705838920306461,0.4778503137302471,0.22430775338266268,0.5443782186297321,0.07191665968461135,0.27278283657594,0.17003958845649128,0.5533752411508588,0.10011754939000742,-3.0,-9.1,0.6,0.3333333333333333,0.0,5,0.6,0.5714285714285714,30,-14.333333333333334,-32.666666666666664,97.0,2.160246899469287,-14.333333333333334,1.0,1.0,7.0,0.0,7.27108
James Madison,0.5299374699317092,0.5676472713979066,0.3391697754775142,0.35771850737593136,0.5299374699317092,0.07641154421083371,0.2867857142857143,0.2607540125653155,0.4453482584235278,0.0683954431214816,8.6,-1.0,0.8,0.5,1.0,5,0.8,0.5714285714285714,30,18.0,10.0,212.33333333333334,4.988876515698588,18.0,0.0,0.0,0.0,0.0,-4.05568
Marist,0.45837278217649535,0.4920472638749538,0.38099468404029546,0.22913655898814897,0.45837278217649535,0.10114571758461352,0.2863466750052116,0.16827965813078408,0.5139455782312925,0.06242774319719024,1.25,-6.9,0.5,0.0,0.5,4,0.5,0.5384615384615384,30,-22.666666666666668,-42.333333333333336,175.0,15.297058540778355,-22.666666666666668,0.0,0.0,-7.0,0.0,-2.3486
Mercer,0.6280459841576863,0.6485669181270814,0.35397425624021367,0.5046200607902736,0.6280459841576863,0.07743283482385319,0.2549373179415255,0.33103034908354056,0.5294466623420999,0.0910355179820204,3.4,-4.7,0.6,0.3333333333333333,1.0,5,0.6,0.6428571428571429,30,-9.333333333333334,-22.666666666666668,177.0,2.943920288775949,-9.333333333333334,0.0,0.0,0.0,0.0,-1.27096
Vermont,0.5249313186813187,0.5594979212455826,0.38290598290598293,0.32750305250305245,0.5249313186813187,0.05705746343266013,0.2259143701826629,0.24039987789987788,0.4604836951901353,0.07529301659116354,5.5,-12.4,0.75,0.3333333333333333,0.0,4,0.75,0.6923076923076923,30,-7.333333333333333,-47.666666666666664,224.33333333333334,9.463379711052259,-7.333333333333333,0.0,0.0,0.0,0.0,-6.47838
Charleston,0.5956641456523997,0.6065636418791797,0.4547949338367153,0.3110682114548945,0.5956641456523997,0.06641162920554944,0.24496484358553322,0.19479920503086418,0.4795867194190409,0.08702759922535046,1.4,-5.2,0.6,0.3333333333333333,0.0,5,0.6,0.3333333333333333,30,-8.333333333333334,-48.333333333333336,259.6666666666667,3.299831645537222,-8.333333333333334,0.0,0.0,0.0,0.0,0.867363
Indiana St.,0.5385209152344377,0.5553524566119029,0.4359234704840417,0.2086091803599044,0.5385209152344377,0.08590747583804334,0.26719509258078683,0.13633682705988706,0.5291601932550207,0.09702338609613342,-6.8,-7.0,0.2,1.0,0.25,5,0.2,0.21428571428571427,30,-20.666666666666668,-15.666666666666666,215.33333333333334,14.055445761538678,-20.666666666666668,1.0,1.0,16.0,0.0,-4.28407
Washington St.,0.5481912307176391,0.5719625163959833,0.4054828973843059,0.17347461964771083,0.5481912307176391,0.06981157585692335,0.262648194099807,0.13278905891489287,0.5048803756617815,0.09657722101713093,-2.25,-6.3,0.25,1.0,0.3333333333333333,4,0.25,0.3076923076923077,30,2.3333333333333335,24.333333333333332,135.33333333333334,8.259674462242577,2.3333333333333335,0.0,0.0,0.0,0.0,2.92751
New Haven,0.5028068993201393,0.5460764291781826,0.4350509513791318,0.3982571365551734,0.5028068993201393,0.0863175875694442,0.1742330340927165,0.27949638282766504,0.48744633196099746,0.06521311364522477,3.5,-2.4857142857142858,0.6666666666666666,0.0,0.5,6,0.6666666666666666,0.5,30,14.333333333333334,5.0,320.3333333333333,7.363574011458175,14.333333333333334,0.0,0.0,0.0,0.0,-16.0666
Alabama St.,0.5010836498132049,0.5500922122124514,0.36912929111416515,0.3976751278938182,0.5010836498132049,0.08764059482185102,0.2903979111285613,0.2934457619981491,0.5234445908358951,0.0751656099814438,6.4,-11.0,0.6,0.6666666666666666,0.0,5,0.6,0.4166666666666667,30,3.3333333333333335,-34.0,315.0,3.7416573867739413,3.3333333333333335,0.0,0.0,0.0,0.0,-12.8942
Colgate,0.5141372994821272,0.5608630491504968,0.39092220678427575,0.3298506729541212,0.5141372994821272,0.05864189823020367,0.18804597701149425,0.263150534012603,0.5642785123728863,0.07054770493198634,-9.0,-3.5,0.2,0.0,0.5,5,0.2,0.5714285714285714,30,-27.333333333333332,-39.0,227.33333333333334,9.533566430716728,-27.333333333333332,0.0,0.0,0.0,0.0,-7.09786
Fordham,0.4746639548351217,0.5175100946027097,0.38355706581357496,0.4874683024393728,0.4746639548351217,0.12008119152779806,0.2459769397269397,0.31186445434275717,0.5192697104802754,0.08053981154819248,-2.0,-6.8,0.75,0.0,0.0,4,0.75,0.5,30,16.0,36.666666666666664,162.0,13.638181696985855,16.0,0.0,0.0,0.0,0.0,-0.121508
Montana,0.5554276479984027,0.5984943433878912,0.4619634121992612,0.37006089647599083,0.5554276479984027,0.08261732900116063,0.14424094424094425,0.28165618448637314,0.5351981564661783,0.09699676849039751,-4.2,-6.6000000000000005,0.4,0.0,0.3333333333333333,5,0.4,0.5384615384615384,30,-29.0,-0.6666666666666666,211.0,32.03123475609393,-29.0,0.0,0.0,0.0,0.0,-1.06305
Mount St. Mary's,0.5434501168904555,0.5582996983381515,0.39527373568117896,0.20927369945449142,0.5434501168904555,0.11271956493934983,0.3540442086648984,0.13289897534892686,0.3943587040550987,0.11523406216064343,11.6,-2.7000000000000006,0.8,0.5,0.0,5,0.8,0.6923076923076923,30,8.666666666666666,26.333333333333332,291.6666666666667,2.494438257849294,8.666666666666666,1.0,1.0,22.0,0.0,-11.1425
Old Dominion,0.5580872292135639,0.6085975650727048,0.2779916262950439,0.4235964550840742,0.5580872292135639,0.07103416913083448,0.257375572326484,0.3293513949023153,0.484394262453964,0.10031613715272666,5.6,-8.0,0.6,0.3333333333333333,0.5,5,0.6,0.46153846153846156,30,9.0,10.0,243.66666666666666,5.312459150169742,9.0,0.0,0.0,0.0,0.0,-6.48815
Princeton,0.534346866019135,0.590264901335556,0.3541949143293681,0.3987781294335916,0.534346866019135,0.07744942653855495,0.2822952853598014,0.318059805740478,0.5683272918796666,0.10598544268856429,-4.8,-3.100000000000001,0.2,1.0,0.25,5,0.2,0.2727272727272727,30,-32.0,-5.333333333333333,252.33333333333334,8.055363982396381,-32.0,0.0,0.0,0.0,0.0,-6.93201
Toledo,0.5569421897546898,0.5849285594108128,0.2888567174947772,0.2585756115257048,0.5569421897546898,0.08319556784743809,0.27731854339405826,0.1950940306583963,0.5105861144636267,0.07172611182141125,7.75,-8.5,0.75,0.3333333333333333,0.0,4,0.75,0.5,30,11.666666666666666,27.0,160.33333333333334,6.944222218666553,11.666666666666666,0.0,0.0,0.0,0.0,1.54804
UMBC,0.5434859969396106,0.5906887396662868,0.3566029678659123,0.3285327924273157,0.5434859969396106,0.06620587679224303,0.23144382647385991,0.2650332728372656,0.46000236403923844,0.06333221222570166,15.0,0.30000000000000004,1.0,0.4,0.0,5,1.0,0.8461538461538461,30,28.0,21.666666666666668,229.0,9.092121131323903,28.0,0.0,0.0,0.0,0.0,-4.54513
UNC Asheville,0.4741746983317009,0.4955255029756908,0.3123261543689733,0.32075787429935515,0.4741746983317009,0.07390636055374336,0.3203001792114695,0.18884144550067833,0.5444238963253994,0.07524677566412434,-7.4,-6.800000000000001,0.4,0.0,0.3333333333333333,5,0.4,0.5,30,-9.333333333333334,21.0,249.66666666666666,27.824849006278942,-9.333333333333334,0.0,0.0,0.0,0.0,-7.06594
North Alabama,0.4747311836222248,0.5241297779607489,0.3171318395531471,0.5019099888542987,0.4747311836222248,0.07223600948344495,0.37091247692593365,0.344141691328132,0.5628754398311049,0.0987549800625346,-6.0,-6.300000000000001,0.4,0.0,0.0,5,0.4,0.21428571428571427,30,1.3333333333333333,-27.666666666666668,338.0,4.242640687119285,1.3333333333333333,0.0,0.0,0.0,0.0,-19.0045
Bryant,0.47464641594342655,0.5206414840416119,0.5118798885674489,0.28201007178827814,0.47464641594342655,0.09827441721111205,0.2808423500859541,0.2207221686488803,0.5491764363087892,0.08966484377393538,-8.5,-7.2,0.25,1.0,0.0,4,0.25,0.3333333333333333,30,-6.0,-30.333333333333332,354.6666666666667,0.9428090415820634,-6.0,0.0,0.0,0.0,0.0,-22.4397
Canisius,0.4684542170444426,0.5216725794033035,0.3875600172592654,0.29773166126549583,0.4684542170444426,0.06090396291196878,0.268101553618795,0.24509503306495786,0.46896116592002884,0.11049420199408366,-4.0,-3.6,0.3333333333333333,0.0,0.5,6,0.3333333333333333,0.14285714285714285,30,-3.6666666666666665,-18.0,346.3333333333333,3.0912061651652345,-3.6666666666666665,0.0,0.0,-4.0,0.0,-19.3593
Longwood,0.513389446687766,0.568477515741841,0.28415366146458587,0.4319000327403688,0.513389446687766,0.11166052545127028,0.3560010911074741,0.33012113936483684,0.562507938650816,0.10648483876057618,6.75,-3.7,0.75,0.3333333333333333,0.0,4,0.75,0.5,30,1.3333333333333333,14.333333333333334,280.3333333333333,9.843215373488933,1.3333333333333333,0.0,0.0,0.0,0.0,-8.98017
Manhattan,0.47305720899470904,0.527903040085177,0.3768973994209843,0.37056847109913155,0.47305720899470904,0.1161520726567554,0.2912773109243697,0.28028850953379253,0.5378398582663555,0.07021971741511593,-3.4,-3.600000000000001,0.4,0.0,0.3333333333333333,5,0.4,0.3076923076923077,30,0.6666666666666666,-19.666666666666668,321.6666666666667,9.285592184789412,0.6666666666666666,0.0,0.0,-4.0,0.0,-16.2011
Pacific,0.4799260899328285,0.5106450497779442,0.2959648953921191,0.25633690583151497,0.4799260899328285,0.03727058756975335,0.32170345217883417,0.17615464424763616,0.5570285875472046,0.08078748293764604,-12.0,0.8,0.0,0.0,0.0,4,0.0,0.4166666666666667,30,-2.3333333333333335,20.0,110.66666666666667,7.3181661333667165,-2.3333333333333335,0.0,0.0,0.0,0.0,5.27768
San Diego,0.5626039718395195,0.5843848071114419,0.4375749124101051,0.19366241010510787,0.5626039718395195,0.09605499221311256,0.19316770186335402,0.14259157424725377,0.6317835683523201,0.08030856777262074,-12.0,0.2,0.0,0.0,0.0,4,0.0,0.25,30,-3.3333333333333335,-16.666666666666668,238.66666666666666,13.474255287605159,-3.3333333333333335,0.0,0.0,0.0,0.0,-5.79846
San Francisco,0.5674910995722166,0.6005261281049755,0.4731175419340313,0.47829949060002247,0.5674910995722166,0.07485184532996728,0.1770378151260504,0.3285190110323089,0.5339179776471212,0.10943448972577309,-4.5,-13.4,0.5,0.0,0.0,4,0.5,0.36363636363636365,30,-17.666666666666668,-20.666666666666668,132.33333333333334,2.3570226039551585,-17.666666666666668,0.0,0.0,0.0,0.0,3.97147
South Dakota,0.5125442174267234,0.5739899740033616,0.3544289869493666,0.6122459719086073,0.5125442174267234,0.055639779634868554,0.14126104070660522,0.4352988104806008,0.47633840091189567,0.07707038335748169,-0.75,-9.1,0.5,0.5,0.5,4,0.5,0.5384615384615384,30,-17.333333333333332,-24.0,306.3333333333333,21.69997439834639,-17.333333333333332,0.0,0.0,0.0,0.0,-9.7196
Texas St.,0.533317100464191,0.5704896056595015,0.2482269806132002,0.34527800261351227,0.533317100464191,0.07887127988104813,0.36355311355311354,0.24612361522858478,0.5634389002810056,0.09225742632622043,2.25,-7.7,0.75,0.0,0.0,4,0.75,0.7692307692307693,30,3.3333333333333335,20.0,241.0,6.164414002968976,3.3333333333333335,0.0,0.0,0.0,0.0,-6.48691
Alabama A&M,0.5623883824216923,0.6175702799575623,0.3247276764843385,0.497162874655862,0.5623883824216923,0.07731827047884017,0.260407799358711,0.3846679393278271,0.5462631939749081,0.08795210384198472,2.2,-3.7,0.6,0.0,0.5,5,0.6,0.5833333333333334,30,8.0,-2.6666666666666665,313.0,15.121728296285006,8.0,0.0,0.0,0.0,0.0,-12.533
Cornell,0.553044733044733,0.5832748169809772,0.5165848965848966,0.2858249158249158,0.553044733044733,0.08050948217788312,0.2835154937151308,0.20760461760461763,0.49085488985349324,0.09710266533994091,1.6,-9.5,0.6,0.3333333333333333,0.0,5,0.6,0.6363636363636364,30,-13.333333333333334,-6.666666666666667,169.0,4.546060565661952,-13.333333333333334,0.0,0.0,0.0,0.0,-0.0567223
Howard,0.5823885897327747,0.6259465815584444,0.3222465530654519,0.42499179859216973,0.5823885897327747,0.09792778934455977,0.4236459046241655,0.32165265397557385,0.41533489017497544,0.07413932449665739,29.0,-0.2,1.0,1.0,0.0,4,1.0,0.8,30,33.0,41.0,234.0,29.223278392404914,33.0,0.0,0.0,0.0,0.0,-3.13367
Hampton,0.46798466104500136,0.514563648564543,0.3742112668944507,0.36653256582453897,0.46798466104500136,0.0793700111585834,0.21023195084485408,0.2673470677012326,0.5484553064524365,0.09749880582503681,-9.4,-5.6000000000000005,0.2,0.0,0.25,5,0.2,0.4166666666666667,30,-20.0,-21.333333333333332,259.6666666666667,11.145502331533658,-20.0,0.0,0.0,0.0,0.0,-9.03259
Hofstra,0.5503820498686716,0.5930797673271111,0.4708264807585725,0.380241843176944,0.5503820498686716,0.06376338943646163,0.23903762065836154,0.27966185932191134,0.4076923076923077,0.04781038064376768,13.75,-12.5,0.75,0.3333333333333333,1.0,4,0.75,0.5384615384615384,30,9.0,2.6666666666666665,94.66666666666667,0.4714045207910317,9.0,0.0,0.0,0.0,0.0,8.26048
IUPUI,0.5447582803378153,0.565956434268199,0.44914449504551235,0.18825873214011707,0.5447582803378153,0.07740395003672919,0.25743087557603683,0.1355575092952391,0.5675027235489819,0.1174804681129756,-8.75,-0.3,0.0,0.0,0.25,4,0.0,0.25,30,-0.3333333333333333,20.0,312.3333333333333,1.247219128924647,-0.3333333333333333,0.0,0.0,0.0,0.0,
Jacksonville St.,0.5232226107226108,0.564153039835168,0.3853793574846206,0.3326675079306658,0.5232226107226108,0.07896643466617317,0.2182735676853324,0.2474128503075871,0.5737706252312245,0.06204719509714527,-2.4,-2.1000000000000005,0.2,0.0,0.5,5,0.2,0.46153846153846156,30,-21.0,22.0,202.0,14.966629547095765,-21.0,0.0,0.0,0.0,0.0,-3.24546
McNeese St.,0.5063863162327285,0.5421641485601978,0.37098610232125956,0.3606346259134947,0.5063863162327285,0.12149935304137979,0.28884874170966907,0.24086103060017514,0.4761518972574773,0.04515632588436231,16.0,-8.4,1.0,0.4,0.0,5,1.0,0.8461538461538461,30,2.6666666666666665,-3.0,58.0,2.160246899469287,2.6666666666666665,0.0,0.0,0.0,0.0,
Rice,0.5081714866797783,0.5534728230952863,0.49458586626139817,0.3233562041838012,0.5081714866797783,0.08538108883827808,0.2987895530998979,0.2492289468979081,0.5511679292929293,0.11103504889165622,-7.25,-7.1,0.25,0.0,0.0,4,0.25,0.4166666666666667,30,-4.666666666666667,17.0,237.33333333333334,9.030811456096044,-4.666666666666667,1.0,1.0,6.0,0.0,-6.10491
Lindenwood,0.47907890153806665,0.508456957622265,0.3238061192689142,0.28608727932684375,0.47907890153806665,0.08646417776582063,0.28935198035657095,0.18754743441676291,0.48210073544284693,0.09156821689574964,-3.6,-5.5,0.2,1.0,0.25,5,0.2,0.5,30,-27.333333333333332,-51.333333333333336,263.0,3.559026084010437,-27.333333333333332,0.0,0.0,0.0,0.0,-8.63153
West Georgia,0.5405171286817176,0.5568517347217471,0.3179340637940501,0.27637326524595573,0.5405171286817176,0.08306795858037296,0.25262843488649944,0.16750982497613065,0.4791646711366539,0.08207960131222372,-1.4,-3.9000000000000004,0.4,0.0,0.3333333333333333,5,0.4,0.35714285714285715,30,-3.0,-48.666666666666664,299.0,21.602468994692867,-3.0,0.0,0.0,0.0,0.0,-12.8818
Arkansas Little Rock,0.5271027721433401,0.5587859241189624,0.31593644354293443,0.30771467207572684,0.5271027721433401,0.0757392636351645,0.290632183908046,0.21290736984448952,0.44982151781252233,0.07687820398754841,0.8,-4.0,0.4,0.5,0.3333333333333333,5,0.4,0.35714285714285715,30,3.3333333333333335,12.0,312.6666666666667,7.3181661333667165,3.3333333333333335,0.0,0.0,0.0,0.0,
Jacksonville,0.5317020388090784,0.5787054057076972,0.2969192581053719,0.3755726440779479,0.5317020388090784,0.08032549965372804,0.3483742680881531,0.2859993351410902,0.5180246328918856,0.0656653205637692,5.8,-2.8000000000000003,0.6,0.3333333333333333,1.0,5,0.6,0.42857142857142855,30,-1.3333333333333333,5.0,292.3333333333333,18.62495339293199,-1.3333333333333333,0.0,0.0,0.0,0.0,-11.5981
Louisiana Tech,0.5199546139983082,0.5528507482801569,0.3839420353819559,0.3843298392732355,0.5199546139983082,0.12575569878436235,0.331806174904001,0.25546875574680933,0.5057810642514327,0.11797204108590727,-3.2,-3.3000000000000003,0.4,0.0,0.3333333333333333,5,0.4,0.5384615384615384,30,-1.6666666666666667,0.0,224.33333333333334,19.754043186705406,-1.6666666666666667,0.0,0.0,0.0,0.0,-6.61565
Loyola MD,0.49561403508771934,0.5344945376569017,0.4754545454545454,0.2773245614035087,0.49561403508771934,0.06473162591246362,0.24797445433127593,0.20986443381180223,0.5319599430723312,0.060526163374985884,-3.2,-9.1,0.4,0.0,0.3333333333333333,5,0.4,0.5,30,3.6666666666666665,21.666666666666668,314.6666666666667,13.424687043734844,3.6666666666666665,0.0,0.0,0.0,0.0,-14.671
Colorado,0.5410575048732944,0.5886812111867471,0.3637914230019493,0.3652534113060429,0.5410575048732944,0.05446526226493571,0.19886363636363638,0.28435672514619886,0.4835640774320019,0.0953587876055918,3.0,-5.8,0.75,0.0,0.0,4,0.75,0.6153846153846154,30,8.333333333333334,16.666666666666668,161.33333333333334,18.263503375736967,8.333333333333334,0.0,0.0,0.0,0.0,11.4378
New Mexico St.,0.4628501287734653,0.520305732189371,0.42354218643996844,0.371874252178013,0.4628501287734653,0.04833812773002641,0.3090469448228069,0.289389931265534,0.520764791259885,0.05889259217741432,-2.75,-5.7,0.5,0.0,0.5,4,0.5,0.3076923076923077,30,7.0,-13.333333333333334,173.66666666666666,3.0912061651652345,7.0,0.0,0.0,0.0,0.0,-1.26382
North Dakota,0.4988307618129219,0.5510449983992769,0.5028246544519448,0.37563484410157505,0.4988307618129219,0.08267732901802938,0.21739250771508836,0.2840646094503375,0.6002416753542283,0.08293897452106175,-10.75,-13.5,0.25,1.0,0.0,4,0.25,0.5833333333333334,30,-0.3333333333333333,17.0,293.3333333333333,19.293061504650375,-0.3333333333333333,0.0,0.0,0.0,0.0,-11.261
UC Irvine,0.5224720279938327,0.5498796288817372,0.2655533011571043,0.29776036865345157,0.5224720279938327,0.11383455382449983,0.268803224056421,0.1981657201739233,0.45799150670540556,0.09585446512926961,7.0,-5.300000000000001,0.8,0.25,1.0,5,0.8,0.6666666666666666,30,-2.3333333333333335,-0.3333333333333333,116.66666666666667,5.436502143433364,-2.3333333333333335,0.0,0.0,0.0,0.0,5.426
UNC Wilmington,0.4958388624113567,0.5441211835844193,0.38935162527522216,0.47538933468220945,0.4958388624113567,0.06485303497612416,0.3630672532998115,0.3217098153725887,0.47844735982727665,0.05301765923147624,7.8,-0.10000000000000037,0.8,0.25,1.0,5,0.8,0.75,30,15.333333333333334,23.333333333333332,106.33333333333333,13.27487183449325,15.333333333333334,0.0,0.0,-3.0,0.0,6.89217
UT Arlington,0.41756355932203393,0.46151370013383536,0.28135593220338984,0.38387005649717515,0.41756355932203393,0.09803484863445183,0.32824079119442023,0.24447740112994348,0.48254048582995945,0.06055616871594142,-4.0,-8.2,0.25,0.0,0.3333333333333333,4,0.25,0.3333333333333333,30,-11.0,-21.666666666666668,159.33333333333334,3.8586123009300755,-11.0,0.0,0.0,0.0,0.0,0.190148
Wright St.,0.5815551831680865,0.6217773612300911,0.2784331797235023,0.38055951217241535,0.5815551831680865,0.08884099222035026,0.3282690242645748,0.29493553041940135,0.5533774615748938,0.10767992916295181,3.2,-6.1000000000000005,0.8,0.0,0.0,5,0.8,0.6923076923076923,30,-16.666666666666668,-16.666666666666668,148.0,6.164414002968976,-16.666666666666668,0.0,0.0,0.0,0.0,1.06979
Merrimack,0.4843120266974714,0.566508430903834,0.478794442305224,0.41769135327086815,0.4843120266974714,0.12231233764014456,0.2109076109076109,0.3712306935352757,0.4855674162362412,0.05898554489528696,3.6,-2.4000000000000004,0.8,0.0,1.0,5,0.8,0.8461538461538461,30,18.333333333333332,75.66666666666667,177.0,8.04155872120988,18.333333333333332,1.0,1.0,7.0,0.0,-0.928044
Cleveland St.,0.543786162434398,0.5708091895224031,0.5301918494583123,0.23423590857600302,0.543786162434398,0.08000524855234914,0.18313686313686312,0.1721574628020863,0.6815533461221397,0.08551880338967452,-14.4,-0.1,0.0,0.0,0.0,5,0.0,0.38461538461538464,30,-15.0,15.666666666666666,310.0,4.242640687119285,-15.0,0.0,0.0,0.0,0.0,-14.398
Holy Cross,0.5160580984619791,0.5629435663010265,0.33855732812596084,0.33482096650209,0.5160580984619791,0.06277057988238977,0.15717876143839632,0.2615841797495447,0.5486276174306735,0.08726943894144626,-6.6,-5.1000000000000005,0.2,0.0,0.25,5,0.2,0.21428571428571427,30,0.0,1.0,326.3333333333333,1.699673171197595,0.0,0.0,0.0,0.0,0.0,-17.0986
Lamar,0.446482683982684,0.4834234388855901,0.32056090461262876,0.31182825794894764,0.446482683982684,0.06635760110634063,0.33020649848236056,0.20882407822062993,0.48996152913041974,0.11387949864443873,-7.4,0.6000000000000001,0.0,0.0,0.4,5,0.0,0.23076923076923078,30,-21.666666666666668,16.666666666666668,214.66666666666666,7.318166133366716,-21.666666666666668,0.0,0.0,0.0,0.0,-4.88132
Penn,0.48702014000304744,0.5239545958259099,0.3346524077723975,0.39979264416855387,0.48702014000304744,0.09635493618263632,0.2582559339525284,0.25957528679484254,0.5148842896979037,0.07331915815961838,4.6,-2.9000000000000004,0.8,0.0,1.0,5,0.8,0.6363636363636364,30,7.0,34.333333333333336,167.33333333333334,4.496912521077347,7.0,0.0,0.0,0.0,0.0,-0.414442
Portland St.,0.46208294291735513,0.49589154476277403,0.37113793038121873,0.3100630851612386,0.46208294291735513,0.09068390035725246,0.22995253317833964,0.2039736030166861,0.5330367191563815,0.08733478534510367,-7.0,-3.5,0.2,0.0,0.0,5,0.2,0.6428571428571429,30,-15.333333333333334,7.0,147.33333333333334,9.877021593352701,-15.333333333333334,0.0,0.0,0.0,0.0,0.719947
Le Moyne,0.5469654528478058,0.5879989190166379,0.4336523498288204,0.35766417678182383,0.5469654528478058,0.08082260562144987,0.16221907993966816,0.26712573918456267,0.46677585959198054,0.09049076781824884,3.6,-7.6000000000000005,0.4,1.0,0.3333333333333333,5,0.4,0.5714285714285714,30,-7.666666666666667,5.0,293.0,3.7416573867739413,-7.666666666666667,0.0,0.0,0.0,0.0,-11.0932
Brown,0.5442796784896833,0.5662086724586592,0.3462284710691243,0.3272662591887263,0.5442796784896833,0.13162645012269697,0.2675824175824176,0.20807335996808013,0.5474484450174523,0.11383555024736465,-3.0,-4.5,0.4,0.0,0.3333333333333333,5,0.4,0.2727272727272727,30,11.666666666666666,-28.0,267.3333333333333,12.498888839501783,11.666666666666666,0.0,0.0,0.0,0.0,-9.98239
Delaware,0.5655398886827457,0.6363997597393771,0.45746938775510204,0.47393320964749536,0.5655398886827457,0.084682094852097,0.12872474747474746,0.409669758812616,0.5462721696258142,0.08895864531233286,-4.4,-4.3,0.2,0.0,0.25,5,0.2,0.3076923076923077,30,9.333333333333334,-1.6666666666666667,274.3333333333333,2.0548046676563256,9.333333333333334,0.0,0.0,0.0,0.0,-9.6933
Drexel,0.5251239421498042,0.5577871317946342,0.3719859163824681,0.39044777062018443,0.5251239421498042,0.0759307813365702,0.2676467051467052,0.26158898572691675,0.43191993727960376,0.09198948680411345,4.25,-3.7,0.75,0.0,1.0,4,0.75,0.6666666666666666,30,-3.0,63.666666666666664,208.33333333333334,14.522013940527977,-3.0,0.0,0.0,0.0,0.0,-4.5838
Lehigh,0.5641981424148607,0.6048880225482562,0.3496511867905057,0.31921155830753356,0.5641981424148607,0.0849274469579446,0.2582432432432432,0.2582373581011352,0.5350943273484258,0.10797274544788338,0.8,-5.7,0.8,0.0,0.0,5,0.8,0.6428571428571429,30,7.0,27.0,298.3333333333333,3.6817870057290873,7.0,0.0,0.0,0.0,0.0,-11.5922
Pepperdine,0.5590798550181525,0.5974951428081687,0.3727760636057436,0.34808824733250565,0.5590798550181525,0.08207617544844449,0.33263986013986013,0.26059878800342057,0.5685898919164184,0.09285209610068808,0.2,-3.4000000000000004,0.6,0.0,0.0,5,0.6,0.3333333333333333,30,10.333333333333334,-15.333333333333334,273.0,4.08248290463863,10.333333333333334,0.0,0.0,0.0,0.0,-7.90331
Air Force,0.5046910272134236,0.5268804363373485,0.44175169009995435,0.3217134147425301,0.5046910272134236,0.06785753062109139,0.20881613756613757,0.19586377290744592,0.5938758539627926,0.10078678811214843,-20.4,8.3,0.0,0.0,0.2,5,0.0,0.0,30,-4.333333333333333,-20.666666666666668,349.6666666666667,0.4714045207910317,-4.333333333333333,0.0,0.0,0.0,0.0,-19.5714
Bethune Cookman,0.5558587668802722,0.5930201707245296,0.28081894210926467,0.43126606567466785,0.5558587668802722,0.09049055835450964,0.331974506974507,0.3006181890590493,0.4894372151951196,0.11418095184550862,3.5,-3.2857142857142856,0.6666666666666666,0.0,1.0,6,0.6666666666666666,0.8571428571428571,30,-11.666666666666666,30.333333333333332,249.33333333333334,11.115554667022044,-11.666666666666666,0.0,0.0,0.0,0.0,-5.65396
Chattanooga,0.6203821952757711,0.6443141923366434,0.48341574934067194,0.22143911658230545,0.6203821952757711,0.05671641910172535,0.2579199885082238,0.17771563303684046,0.5138254521016618,0.054197713685397685,4.4,-4.4,0.6,0.3333333333333333,1.0,5,0.6,0.42857142857142855,30,12.333333333333334,5.333333333333333,279.3333333333333,7.717224601860151,12.333333333333334,0.0,0.0,0.0,0.0,-11.8818
Sam Houston St.,0.5772436756094761,0.6293165220748421,0.29130595634480205,0.4384189980481457,0.5772436756094761,0.08192757416228777,0.3398058582541341,0.35122788217434014,0.5033116381239069,0.07712448427657945,10.8,2.7,1.0,0.2,0.0,5,1.0,0.9230769230769231,30,6.0,13.0,106.33333333333333,3.2998316455372216,6.0,0.0,0.0,0.0,0.0,6.79009
Stetson,0.6213093772256256,0.6377029627098889,0.4259579717092537,0.2745560323451605,0.6213093772256256,0.06812646003319517,0.27896029258098226,0.18742447160224907,0.5255765566580385,0.10942581896737533,0.4,-4.5,0.4,0.5,0.6666666666666666,5,0.4,0.35714285714285715,30,9.666666666666666,22.666666666666668,324.6666666666667,1.247219128924647,9.666666666666666,0.0,0.0,0.0,0.0,-13.7733
Tennessee Tech,0.4544460509611502,0.5348774598575486,0.36452858176240405,0.4375056576695921,0.4544460509611502,0.06234769106602332,0.25543398172708515,0.36349982424184324,0.4706356208517148,0.08377208955640471,0.4,-7.300000000000001,0.6,0.3333333333333333,0.0,5,0.6,0.42857142857142855,30,15.666666666666666,-7.666666666666667,299.0,5.715476066494082,15.666666666666666,0.0,0.0,0.0,0.0,-13.1669
Utah Valley,0.5125570456529976,0.5422155685148773,0.2725760746000626,0.4144504670741552,0.5125570456529976,0.13166538997965418,0.32619704071316974,0.26375696080531164,0.410837668689833,0.12646739293747966,11.25,-4.1,1.0,0.25,0.0,4,1.0,0.7272727272727273,30,4.0,13.333333333333334,81.0,3.265986323710904,4.0,0.0,0.0,0.0,0.0,9.62461
Weber St.,0.5378474149494669,0.5878443571519878,0.3143861573014074,0.3629183305452125,0.5378474149494669,0.09302917108229106,0.3086829836829837,0.28706602642675977,0.547557738987649,0.08686450255719666,3.75,-7.3,0.75,0.3333333333333333,0.0,4,0.75,0.5384615384615384,30,15.0,-0.6666666666666666,193.66666666666666,1.247219128924647,15.0,0.0,0.0,0.0,0.0,-1.48528
Incarnate Word,0.5190544612706035,0.5689022476142642,0.4307975790739128,0.3569619163326414,0.5190544612706035,0.07430988303215601,0.2859139784946237,0.28116119630483516,0.5289972799597498,0.06663017127886357,-1.2,-5.3999999999999995,0.4,0.0,0.3333333333333333,5,0.4,0.3076923076923077,30,-15.333333333333334,-98.0,252.33333333333334,33.06895153396242,-15.333333333333334,0.0,0.0,0.0,0.0,-8.47299
Kentucky,0.5405993042378242,0.5728770206962015,0.4689674256799494,0.35088551549652114,0.5405993042378242,0.09993777086192024,0.2837295434969853,0.24683744465528148,0.5120211889787362,0.07902026452238876,5.0,-6.8,0.5,0.5,0.5,4,0.5,0.4166666666666667,30,0.6666666666666666,-7.333333333333333,192.33333333333334,5.2493385826745405,0.6666666666666666,0.0,0.0,0.0,0.0,22.0386
Evansville,0.5085879611947138,0.5442158621463997,0.4714887808135077,0.22813507725126395,0.5085879611947138,0.058798514462559716,0.1221027479091995,0.18434349864339933,0.6007664127745128,0.08996859664297746,-19.6,-2.6,0.2,0.0,0.0,5,0.2,0.16666666666666666,30,-9.333333333333334,-34.666666666666664,284.3333333333333,29.272664533466866,-9.333333333333334,0.0,0.0,-14.0,0.0,-12.8364
Montana St.,0.584445090255316,0.6118741865681585,0.455992935986093,0.32340570901533083,0.584445090255316,0.08948367337160472,0.21740555459720542,0.22676203652149027,0.5167976580394983,0.08292717340282404,5.8,-7.0,0.6,0.6666666666666666,0.5,5,0.6,0.6153846153846154,30,-1.0,-14.333333333333334,155.66666666666666,15.107025591499548,-1.0,0.0,0.0,0.0,0.0,2.90616
Norfolk St.,0.6011385810362793,0.6348321164476951,0.34929667519181584,0.48850951974992896,0.6011385810362793,0.10874833958006895,0.31325757575757573,0.3374713460263332,0.46254208157948645,0.07419435692205543,11.5,-1.8,1.0,0.5,0.0,4,1.0,0.7777777777777778,30,8.333333333333334,-28.0,314.3333333333333,11.2644968324772,8.333333333333334,0.0,0.0,0.0,0.0,-13.6872
Sacred Heart,0.5176544118210593,0.5647041025396533,0.5105474814152945,0.35771481260955984,0.5176544118210593,0.05932986795166282,0.2670681511470985,0.2786586796501273,0.4816286738376131,0.07911050464493351,2.8,-3.9000000000000004,0.6,0.0,0.5,5,0.6,0.6153846153846154,30,2.3333333333333335,7.333333333333333,289.3333333333333,9.463379711052259,2.3333333333333335,0.0,0.0,0.0,0.0,-11.4115
San Jose St.,0.5643209335685592,0.6044573523206296,0.42230860418394045,0.3376151315069187,0.5643209335685592,0.084238092975309,0.27580327347846817,0.26435828776336023,0.6056257676584356,0.06331100534731114,-4.0,-7.7,0.4,0.5,0.0,5,0.4,0.16666666666666666,30,17.333333333333332,-29.0,233.33333333333334,14.197026292697903,17.333333333333332,0.0,0.0,0.0,0.0,-5.76158
Stonehill,0.47811041763132167,0.5106797976293416,0.40763765627411636,0.29533402788496166,0.47811041763132167,0.05834984016118892,0.25372280497280497,0.19823484205381486,0.4497084701591455,0.06638278529013678,1.6,-6.300000000000001,0.4,0.5,0.3333333333333333,5,0.4,0.42857142857142855,30,-5.0,2.0,337.0,6.531972647421808,-5.0,0.0,0.0,0.0,0.0,-18.2848
Lipscomb,0.5678050876010782,0.5866001759737258,0.509109926168991,0.21358833352865347,0.5678050876010782,0.07241751309911794,0.241614650527694,0.1465127299894527,0.5448717098964547,0.08470993193547591,3.2,-4.6000000000000005,0.6,0.3333333333333333,0.0,5,0.6,0.6428571428571429,30,10.0,-21.333333333333332,167.33333333333334,0.9428090415820634,10.0,0.0,0.0,0.0,0.0,-1.21321
Missouri St.,0.4961215772765801,0.5455091259598943,0.3986071656711351,0.43446595534348403,0.4961215772765801,0.08392673205327497,0.26950163329473675,0.3110744220038917,0.5701091710594453,0.07507074902835262,-4.6,1.0,0.0,0.0,0.8,5,0.0,0.23076923076923078,30,-19.0,-7.0,215.33333333333334,3.8586123009300755,-19.0,0.0,0.0,0.0,0.0,-3.9073
Morehead St.,0.5621320602266786,0.6035939478044086,0.3181395568420385,0.4164170171791698,0.5621320602266786,0.07958197887531467,0.37013136288998355,0.3068283917340521,0.4723135223107642,0.09336187525829882,8.0,-0.6000000000000001,1.0,0.2,0.0,5,1.0,0.7857142857142857,30,8.333333333333334,26.0,277.3333333333333,12.256517540566822,8.333333333333334,0.0,0.0,0.0,0.0,-9.74035
Southern Miss,0.5284267438318611,0.5611710957393063,0.2852033893611719,0.3662600725500512,0.5284267438318611,0.10987380012168091,0.35747879040561964,0.25188990114363247,0.4556361024033438,0.09597579965105325,4.25,-1.9,0.75,0.0,1.0,4,0.75,0.38461538461538464,30,0.3333333333333333,-40.666666666666664,236.66666666666666,1.247219128924647,0.3333333333333333,0.0,0.0,0.0,0.0,-5.1537
Green Bay,0.5729147497239602,0.6210172903186009,0.3341641363022942,0.3186457183167709,0.5729147497239602,0.06783952232428106,0.19537346711259757,0.2703341614525825,0.4586261520737327,0.0858250301790848,5.0,-5.2,0.5,0.5,1.0,4,0.5,0.5384615384615384,30,7.666666666666667,17.666666666666668,221.33333333333334,6.548960901462833,7.666666666666667,0.0,0.0,0.0,0.0,-2.68946
Central Arkansas,0.5549329359165425,0.6018528483819938,0.46838473002407427,0.32759830333600826,0.5549329359165425,0.1142680336079841,0.28389540566959925,0.26811418090106615,0.5723155173000374,0.09317938203727857,7.0,-4.9,0.8,0.25,1.0,5,0.8,0.9285714285714286,30,-3.0,36.666666666666664,164.66666666666666,10.780641085864152,-3.0,0.0,0.0,0.0,0.0,0.992236
Furman,0.5436700643456319,0.5783516343302063,0.45049197524573287,0.36108329204107903,0.5436700643456319,0.03507234504515119,0.3025035014005602,0.25002535520124264,0.5042601715015509,0.08801002987625871,4.0,-9.200000000000001,0.6,0.6666666666666666,0.0,5,0.6,0.5,30,1.0,-23.0,189.66666666666666,2.8674417556808756,1.0,0.0,0.0,0.0,0.0,-3.14206
Prairie View A&M,0.48092948717948714,0.5477199411360694,0.29874348361190467,0.44824590614064297,0.48092948717948714,0.08434827824922375,0.30924451892193827,0.3522054943107575,0.4713882699088095,0.09310695073594945,6.333333333333333,-1.9428571428571428,0.6666666666666666,0.25,1.0,6,0.6666666666666666,0.38461538461538464,30,-5.666666666666667,-36.666666666666664,325.0,2.943920288775949,-5.666666666666667,0.0,0.0,0.0,0.0,-13.934
UNC Greensboro,0.5658722643097643,0.6050637421976586,0.3834899591149591,0.41577771765271765,0.5658722643097643,0.09542251916106192,0.2095720741779648,0.30446248196248193,0.6050557343528229,0.06843889971848711,-4.0,-5.5,0.4,0.0,0.0,5,0.4,0.5,30,1.0,-13.333333333333334,307.3333333333333,7.1336448530109,1.0,0.0,0.0,0.0,0.0,-12.6448
Northern Arizona,0.5224381885621381,0.5540145531423307,0.41743777930752723,0.39742368975562253,0.5224381885621381,0.11308312437273685,0.19476504678117582,0.2620410052132741,0.6049846839320523,0.08184921377869377,-11.75,-12.7,0.25,0.0,0.3333333333333333,4,0.25,0.3076923076923077,30,7.0,-22.333333333333332,294.3333333333333,6.236095644623236,7.0,0.0,0.0,0.0,0.0,-14.2019
Oakland,0.5336314576764492,0.5799867399109807,0.32891098714528255,0.3601422912119007,0.5336314576764492,0.103690747057997,0.3090924326218444,0.27750626566416037,0.5751637791852955,0.0708363982778579,-2.4,-5.100000000000001,0.4,0.0,0.3333333333333333,5,0.4,0.5384615384615384,30,-21.0,-34.333333333333336,154.0,12.569805089976535,-21.0,0.0,0.0,0.0,0.0,0.409556
Bellarmine,0.6081177387305098,0.6505573553832995,0.3655443942876896,0.35409024111543563,0.6081177387305098,0.07749236101404525,0.2463334572030224,0.2933244207254557,0.6245987146672893,0.0761813298623073,-3.4,-2.0999999999999996,0.2,0.0,0.75,5,0.2,0.42857142857142855,30,-16.666666666666668,-9.0,271.3333333333333,18.979521127315678,-16.666666666666668,0.0,0.0,0.0,0.0,-9.38347
East Texas A&M,0.49395573187198305,0.5272233748351637,0.48082091720177456,0.30691845210289875,0.49395573187198305,0.08506191450499664,0.23720218231897877,0.20841494165522084,0.5282842887280422,0.09273054208198012,-8.8,-0.7999999999999997,0.2,1.0,0.25,5,0.2,0.3076923076923077,30,-8.333333333333334,10.0,286.3333333333333,6.182412330330469,-8.333333333333334,0.0,0.0,0.0,0.0,-10.6019
Coppin St.,0.4772908554591447,0.5224301032361949,0.39950405660394084,0.48078276588942426,0.4772908554591447,0.07195651731829525,0.2712705546265329,0.3166839914689876,0.4465921910368345,0.10159373016876318,1.0,-2.0,0.75,0.0,0.0,4,0.75,0.4444444444444444,30,0.3333333333333333,0.3333333333333333,362.6666666666667,1.8856180831641267,0.3333333333333333,0.0,0.0,0.0,0.0,-27.6378
IPFW,0.5488620058741829,0.5804820122181914,0.4023112398568026,0.4480953738505039,0.5488620058741829,0.09727278867682362,0.23718556079798964,0.29004606752074374,0.5589694203874533,0.08178290712647693,-0.6,-3.9999999999999996,0.6,0.0,0.5,5,0.6,0.5,30,-11.0,-0.3333333333333333,240.33333333333334,18.660713336371206,-11.0,0.0,0.0,0.0,0.0,
Oral Roberts,0.5549623556407737,0.6016934195758735,0.4157254521503176,0.38120583070424013,0.5549623556407737,0.09139881638471084,0.2779544513457557,0.30215530779146094,0.5376762348834567,0.08214952405631036,4.8,-6.800000000000001,0.6,0.6666666666666666,0.0,5,0.6,0.3076923076923077,30,2.3333333333333335,-47.0,330.6666666666667,3.39934634239519,2.3333333333333335,0.0,0.0,0.0,0.0,-13.767
Tennessee St.,0.49516747580019205,0.5687696279183626,0.29019276342364336,0.45154409438164034,0.49516747580019205,0.12852444123867987,0.36448372452429245,0.3717700380647398,0.504589686288931,0.09819110916110416,12.2,-3.6,0.8,0.5,0.0,5,0.8,0.7857142857142857,30,14.666666666666666,2.3333333333333335,222.33333333333334,11.8133634311129,14.666666666666666,0.0,0.0,0.0,0.0,-3.48646
Army,0.5147109738656149,0.5518422134101811,0.5399171567234007,0.2655104066730626,0.5147109738656149,0.09051282029429689,0.253448275862069,0.20266418381124968,0.5573344436126391,0.10187488871888858,-5.6,-2.1999999999999997,0.2,0.0,0.25,5,0.2,0.2857142857142857,30,-3.0,-19.666666666666668,332.0,3.7416573867739413,-3.0,0.0,0.0,0.0,0.0,-18.1715
Wagner,0.48892412602862184,0.5409716510944411,0.3583378624507054,0.36411983006643783,0.48892412602862184,0.08121433724863504,0.335398881943044,0.2780166516504859,0.46709411653118077,0.10780404217539517,4.5,-2.9428571428571426,0.8333333333333334,0.2,0.0,6,0.8333333333333334,0.5,30,10.0,-23.0,323.3333333333333,9.285592184789412,10.0,0.0,0.0,0.0,0.0,-13.7001
Southern Indiana,0.45757076062453034,0.5143377743607835,0.3112980434722107,0.41088114146886107,0.45757076062453034,0.06990077949417547,0.3511450805442287,0.30191232542110946,0.5384151080526988,0.05396750286959934,-3.8,-5.5,0.4,0.0,0.3333333333333333,5,0.4,0.2857142857142857,30,3.6666666666666665,-3.6666666666666665,339.6666666666667,2.357022603955158,3.6666666666666665,0.0,0.0,0.0,0.0,-18.5263
Alcorn St.,0.4615116060009291,0.5239355245687272,0.2780695391985929,0.4240934068088369,0.4615116060009291,0.11814962002166247,0.28153747173710875,0.32457712455740234,0.5027170326645141,0.09370446172114653,-2.8,-6.9,0.4,0.5,0.3333333333333333,5,0.4,0.38461538461538464,30,8.666666666666666,3.0,343.3333333333333,2.357022603955158,8.666666666666666,0.0,0.0,0.0,0.0,-19.1164
Jackson St.,0.46311191795062767,0.5208051201497728,0.38638923800214126,0.4160642523545749,0.46311191795062767,0.08535464486103918,0.32216394025604556,0.31157853496563176,0.4702887906640907,0.10163328948944814,-5.4,-10.4,0.4,0.5,0.0,5,0.4,0.46153846153846156,30,3.0,6.333333333333333,344.6666666666667,6.548960901462833,3.0,0.0,0.0,0.0,0.0,-19.2308
Louisiana,0.47687231655475754,0.5191460245018101,0.3696116525841161,0.41056600584280556,0.47687231655475754,0.08457936883874202,0.2974435916671475,0.2764119404719887,0.5863356596876039,0.11458928534704235,-10.8,0.2,0.0,0.0,0.4,5,0.0,0.23076923076923078,30,-16.0,-14.0,289.6666666666667,8.219218670625303,-16.0,0.0,0.0,0.0,0.0,-13.4212
Dartmouth,0.5006199460916443,0.5577073504606118,0.5143506493506493,0.42316711590296496,0.5006199460916443,0.07320400693111034,0.16662077791489555,0.32544474393531,0.5623636363636363,0.09775808114499177,-9.0,-4.0,0.2,0.0,0.25,5,0.2,0.2727272727272727,30,-3.6666666666666665,-6.333333333333333,238.66666666666666,12.472191289246473,-3.6666666666666665,0.0,0.0,0.0,0.0,-8.53464
Detroit,0.5292655057792552,0.5850741232868966,0.2729659288358389,0.3731925662914558,0.5292655057792552,0.09293774487087969,0.2598126783382502,0.30881997431442165,0.5404267604699011,0.08666365092338577,2.0,-3.3000000000000003,0.8,0.0,0.0,5,0.8,0.6153846153846154,30,22.0,36.333333333333336,244.66666666666666,2.494438257849294,22.0,0.0,0.0,0.0,0.0,
Lafayette,0.5463987620566568,0.5828250999044176,0.3372797144376092,0.3659156983367509,0.5463987620566568,0.06705929848924072,0.21560846560846558,0.2631639325586694,0.5828349506350111,0.07348105340881811,-2.6,-4.4,0.6,0.0,0.0,5,0.6,0.5,30,-14.333333333333334,-23.333333333333332,324.3333333333333,8.013876853447538,-14.333333333333334,0.0,0.0,0.0,0.0,-15.0324
Southern Utah,0.5724203680351222,0.613569932930689,0.3471213394983887,0.43983921815889027,0.5724203680351222,0.0869720163160006,0.3701760249554367,0.31971906963710245,0.5273609953382112,0.12406117492017149,2.75,-4.5,0.5,0.0,1.0,4,0.5,0.5,30,5.333333333333333,58.0,275.6666666666667,9.104333522498441,5.333333333333333,0.0,0.0,0.0,0.0,-7.38281
Long Beach St.,0.49551776623103977,0.5326471329475295,0.3257083510271984,0.2825093956411859,0.49551776623103977,0.0813652381014133,0.23079948420373958,0.21097862581093568,0.544539018077373,0.10678231629085663,-7.8,-0.7000000000000003,0.2,0.0,0.25,5,0.2,0.23076923076923078,30,-11.666666666666666,-8.333333333333334,264.3333333333333,17.15290710702481,-11.666666666666666,0.0,0.0,0.0,0.0,-6.983
Binghamton,0.614263382120525,0.6461198102375543,0.3062038490609919,0.37008996294710583,0.614263382120525,0.07923929559813961,0.15527325040688214,0.2751190608333466,0.5315471981142184,0.08735818808283927,1.0,-5.5,0.6,0.0,0.5,5,0.6,0.3076923076923077,30,2.0,2.6666666666666665,358.6666666666667,1.247219128924647,2.0,0.0,0.0,0.0,0.0,-25.3873
Delaware St.,0.43503253930707414,0.48501595543463444,0.3066577208516338,0.4185513474208018,0.43503253930707414,0.0886424731178411,0.2331589654170299,0.28098729577453824,0.5831012152222578,0.08882042927897811,-19.25,2.7,0.0,0.0,0.0,4,0.0,0.1111111111111111,30,-1.3333333333333333,-3.0,362.0,1.4142135623730951,-1.3333333333333333,0.0,0.0,0.0,0.0,-27.593
Washington,0.6261243261455526,0.6567646474416333,0.32504177897574127,0.3812456199460916,0.6261243261455526,0.1004774818224258,0.2675070906105389,0.2790512129380054,0.48930963239480435,0.10534508126051578,15.8,2.8000000000000003,1.0,0.4,0.0,5,1.0,0.7142857142857143,30,37.333333333333336,70.0,199.66666666666666,20.49932248202906,37.333333333333336,0.0,0.0,0.0,0.0,14.6928
New Hampshire,0.42760638971165293,0.45271031783690807,0.5335242145768462,0.2752613857877016,0.42760638971165293,0.0783284102860464,0.2612671141906524,0.16272803220171644,0.5691353994018938,0.09271756777521607,-14.4,1.7999999999999998,0.0,0.0,0.4,5,0.0,0.3333333333333333,30,-19.0,-21.0,330.0,14.236104336041748,-19.0,0.0,0.0,0.0,0.0,-20.5154
Nicholls St.,0.5380719044778506,0.5625037332599059,0.3989648459348376,0.2988992779934708,0.5380719044778506,0.09413592340681502,0.22076811344198521,0.200407884696576,0.49381267572942544,0.07684010095319578,2.0,-2.7,0.6,0.0,1.0,5,0.6,0.38461538461538464,30,-3.3333333333333335,-55.666666666666664,251.66666666666666,2.8674417556808756,-3.3333333333333335,0.0,0.0,0.0,0.0,
Northwestern,0.47000240671867466,0.5408465474819211,0.28474309012329363,0.4341193556258972,0.47000240671867466,0.06633451581482032,0.20251207729468595,0.3482284774532693,0.4696306697841062,0.08324587687326339,0.6,-5.9,0.6,0.3333333333333333,0.0,5,0.6,0.3076923076923077,30,15.333333333333334,27.333333333333332,277.0,12.328828005937952,15.333333333333334,0.0,0.0,0.0,0.0,12.0877
Kentucky,0.5410515069725595,0.577683576667366,0.5219118308591992,0.36983902062849433,0.5410515069725595,0.08471997473731771,0.3098826098359161,0.2649983934194461,0.5951612554112554,0.075804545494688,-4.4,-2.8000000000000007,0.4,0.0,0.3333333333333333,5,0.4,0.35714285714285715,30,-11.0,5.333333333333333,269.0,14.236104336041748,-11.0,0.0,0.0,0.0,0.0,22.0386
Maine,0.5282796451914099,0.5622979514887774,0.4448512738428705,0.3924989995998399,0.5282796451914099,0.13934456753243604,0.11509732770977149,0.25878618113912233,0.5514245961386919,0.08618869997233333,-0.5,-5.0,0.5,0.0,0.0,4,0.5,0.4166666666666667,30,1.0,3.3333333333333335,344.3333333333333,3.091206165165235,1.0,0.0,0.0,0.0,0.0,-19.7995
Georgia St.,0.40081770081770085,0.46808920621378913,0.3145316257816258,0.35185696248196247,0.40081770081770085,0.0932326246779666,0.27629124390602555,0.28043470418470423,0.5266285323998976,0.06828401840919632,-9.8,-0.2,0.2,0.0,0.25,5,0.2,0.3076923076923077,30,-13.666666666666666,3.3333333333333335,298.3333333333333,6.342099196813483,-13.666666666666666,0.0,0.0,0.0,0.0,-12.41
Morgan St.,0.4694486990031937,0.5333837538150383,0.375683574844802,0.4769536404276066,0.4694486990031937,0.06111427273254859,0.35913035276362953,0.365065116646417,0.4919535759379509,0.08439627788133781,-2.0,-12.8,0.5,0.0,0.5,4,0.5,0.7777777777777778,30,2.0,7.0,353.6666666666667,3.0912061651652345,2.0,0.0,0.0,0.0,0.0,-21.3182
Illinois,0.48514766483516486,0.5094570337865338,0.37426231176231173,0.3380074786324786,0.48514766483516486,0.06211782173091745,0.19784053156146178,0.19506766381766383,0.5327554844175242,0.10076158279842887,-17.75,-4.3,0.0,0.0,0.0,4,0.0,0.07692307692307693,30,-0.6666666666666666,-6.666666666666667,361.0,1.4142135623730951,-0.6666666666666666,0.0,0.0,0.0,0.0,33.1055
Chicago St.,0.4548963992115763,0.4840026548598836,0.34193708635802766,0.2282526481098665,0.4548963992115763,0.11472382873510718,0.21709451611890634,0.15871111965770876,0.5330574590282684,0.07688994546557953,-7.2,-7.5,0.2,1.0,0.25,5,0.2,0.35714285714285715,30,10.0,3.0,341.6666666666667,1.8856180831641267,10.0,0.0,0.0,0.0,0.0,-20.0712
Florida A&M,0.4939536510635283,0.5425169161747609,0.3639277048686751,0.381988558879266,0.4939536510635283,0.08127526044439999,0.3444318242010122,0.2819145280980465,0.48335036838464335,0.09473642524664148,2.8333333333333335,-4.371428571428572,0.6666666666666666,0.0,0.5,6,0.6666666666666666,0.5714285714285714,30,2.0,6.666666666666667,333.6666666666667,5.436502143433364,2.0,0.0,0.0,0.0,0.0,-13.7246
UTEP,0.5129489799642349,0.5528540872156753,0.45618572314879013,0.3413088938359914,0.5129489799642349,0.07788043341923084,0.19812987736900778,0.2434524287434765,0.5615494020666435,0.07665236826349993,-13.75,-7.5,0.0,0.0,0.25,4,0.0,0.38461538461538464,30,6.666666666666667,21.666666666666668,255.66666666666666,11.08552609887726,6.666666666666667,0.0,0.0,0.0,0.0,-9.714
St. Francis PA,0.5342392440143565,0.5676323005726939,0.3118024321172747,0.3880170520800206,0.5342392440143565,0.0861462072532923,0.25689298169136876,0.26439810397831387,0.5860291173260798,0.1047785871529076,-8.5,-2.7142857142857144,0.16666666666666666,0.0,0.4,6,0.16666666666666666,0.21428571428571427,30,0.6666666666666666,6.333333333333333,353.0,0.816496580927726,0.6666666666666666,0.0,0.0,0.0,0.0,
Rider,0.4250316727798346,0.4639058207308347,0.27637353455368163,0.2518855123634535,0.4250316727798346,0.12151746975976459,0.26976785397838027,0.17960565782256957,0.5555755721232909,0.06564325574842782,-9.833333333333334,-3.742857142857143,0.16666666666666666,0.0,0.0,6,0.16666666666666666,0.21428571428571427,30,1.0,-5.0,353.6666666666667,4.714045207910317,1.0,0.0,0.0,-15.0,0.0,-24.4724
North Florida,0.48073537037319464,0.5269636178045392,0.4510200450416101,0.3587359626246142,0.48073537037319464,0.06814307313661591,0.27100574712643677,0.2586145892113651,0.5004291897358868,0.10195577065171961,-6.2,-5.800000000000001,0.2,0.0,0.5,5,0.2,0.35714285714285715,30,0.0,-3.6666666666666665,322.6666666666667,16.73983937265296,0.0,0.0,0.0,0.0,0.0,-17.4913
Gardner Webb,0.5368765473186763,0.5518499615633267,0.3728154254456705,0.274632403069463,0.5368765473186763,0.0929316998942034,0.15774725274725276,0.17128736913867862,0.5430712239667463,0.08695593582086987,-12.4,3.3000000000000003,0.0,0.0,0.0,5,0.0,0.07692307692307693,30,0.3333333333333333,-3.0,363.0,0.0,0.3333333333333333,0.0,0.0,0.0,0.0,-27.2427
