season,team_a,team_b,team_a_seed,team_b_seed,score_a,score_b,winner,a_adj_off_eff,a_adj_def_eff,a_adj_tempo,a_adj_em,a_efficiency_differential,b_adj_off_eff,b_adj_def_eff,b_adj_tempo,b_adj_em,b_efficiency_differential,off_eff_advantage,def_eff_advantage,net_efficiency_edge,tempo_difference,overall_rating_diff,efficiency_differential_diff,seed_diff
2003,UNC Asheville,Texas Southern,16,16,92,84,1,100.943,114.311,67.655,-13.3682,-13.36800000000001,98.706,108.445,68.023,-9.73895,-9.73899999999999,-7.501999999999995,-15.605000000000004,8.103000000000009,-0.367999999999995,-3.629249999999999,-3.629000000000019,0
2003,Arizona,Vermont,1,16,80,51,1,115.311,88.8866,73.0165,26.4243,26.42440000000001,101.723,99.8857,64.3012,1.8376,1.837299999999999,15.425300000000007,12.836399999999998,2.5889000000000095,8.7153,24.5867,24.58710000000001,-15
2003,Arizona St.,Memphis,10,7,84,71,1,113.116,96.3758,66.8633,16.7407,16.7402,111.304,93.4775,68.3304,17.8261,17.826499999999996,19.638499999999993,14.928200000000004,4.7102999999999895,-1.467100000000002,-1.0854,-1.0862999999999943,3
2003,Central Michigan,Creighton,11,6,79,73,1,109.867,99.5025,71.9146,10.3641,10.364500000000008,113.03,94.7202,68.4145,18.3096,18.3098,15.146799999999999,13.527500000000003,1.6192999999999955,3.500099999999989,-7.945499999999999,-7.945299999999991,5
2003,Connecticut,BYU,5,12,58,53,1,111.73,93.3341,71.1085,18.3956,18.3959,110.537,92.3283,65.663,18.2088,18.208700000000007,19.401700000000005,17.2029,2.1988000000000056,5.44550000000001,0.18680000000000163,0.1871999999999936,-7
2003,Duke,Colorado St.,3,14,67,57,1,116.213,93.4116,71.0877,22.8018,22.801399999999987,111.597,105.323,67.1579,6.27421,6.274000000000001,10.89,18.185399999999987,-7.295399999999987,3.9298,16.52759,16.527399999999986,-11
2003,Gonzaga,Cincinnati,9,8,74,69,1,112.337,97.3823,67.2433,14.9545,14.954700000000004,105.459,90.1252,66.3686,15.3334,15.333799999999997,22.211799999999997,8.076700000000002,14.135099999999994,0.8747000000000043,-0.3788999999999998,-0.3790999999999922,1
2003,Illinois,Western Kentucky,4,13,65,60,1,114.14,89.1932,68.2411,24.9472,24.9468,108.073,96.5019,67.5481,11.5715,11.571099999999989,17.638099999999994,18.87979999999999,-1.2416999999999945,0.6929999999999978,13.375699999999998,13.37570000000001,-9
2003,Kansas,Utah St.,2,15,64,61,1,114.003,86.9009,72.6511,27.1016,27.102100000000007,106.86,100.121,61.232,6.73911,6.739000000000004,13.882000000000005,19.959100000000007,-6.0771000000000015,11.4191,20.36249,20.363100000000003,-13
2003,Marquette,Holy Cross,3,14,72,68,1,118.833,97.6141,65.6828,21.2188,21.218900000000005,105.034,94.8568,65.3578,10.1775,10.1772,23.97619999999999,7.419900000000013,16.55629999999998,0.32500000000000284,11.041300000000001,11.041700000000006,-11
2003,Missouri,Southern Illinois,6,11,72,71,1,111.397,93.7637,66.5071,17.6329,17.633300000000006,110.795,98.9527,67.6276,11.8425,11.842300000000009,12.444300000000013,17.0313,-4.586999999999989,-1.120500000000007,5.7904,5.790999999999997,-5
2003,Oklahoma,South Carolina St.,1,16,71,54,1,112.913,89.4266,62.6863,23.4861,23.486400000000003,96.5201,105.438,71.7419,-8.91754,-8.917900000000003,7.474999999999994,7.093500000000006,0.3814999999999884,-9.055599999999998,32.40364,32.404300000000006,-15
2003,Stanford,San Diego,4,13,77,69,1,109.838,94.9404,65.4887,14.8974,14.897599999999995,104.732,96.3702,70.81,8.36166,8.361800000000002,13.467799999999997,9.791600000000003,3.6761999999999944,-5.321300000000008,6.535739999999999,6.535799999999993,-9
2003,Tulsa,Dayton,13,4,84,71,1,107.114,95.67,67.3935,11.4437,11.444000000000004,116.878,101.035,64.3077,15.8425,15.843000000000004,6.079000000000008,21.208,-15.12899999999999,3.085800000000006,-4.3988,-4.398999999999999,9
2003,Wisconsin,Weber St.,5,12,81,74,1,114.658,92.2715,61.8275,22.3863,22.3865,111.03,102.287,66.2827,8.7425,8.742999999999995,12.370999999999995,18.758499999999998,-6.387500000000003,-4.455200000000005,13.643799999999999,13.643500000000007,-7
2003,Auburn,St. Joseph's,10,7,65,63,1,107.32,94.4324,66.7988,12.8881,12.887599999999992,109.41,87.8141,64.4667,21.5962,21.5959,19.505899999999997,14.977599999999995,4.5283000000000015,2.332099999999997,-8.7081,-8.708300000000008,3
2003,Butler,Mississippi St.,12,5,47,46,1,115.085,99.7088,58.7876,15.3765,15.376199999999995,108.501,86.098,65.1241,22.4034,22.40300000000001,28.986999999999995,8.792200000000008,20.194799999999987,-6.336500000000001,-7.026900000000001,-7.026800000000014,7
2003,Florida,Sam Houston St.,2,15,85,55,1,117.327,93.6932,65.2411,23.6341,23.633799999999997,102.171,100.238,67.1342,1.93338,1.933000000000007,17.089,8.477800000000002,8.611199999999997,-1.893100000000004,21.70072,21.70079999999999,-13
2003,Indiana,Alabama,7,10,67,62,1,113.046,98.4831,63.9859,14.5633,14.562900000000012,110.57,95.1017,65.5541,15.468,15.4683,17.944300000000013,12.0869,5.857400000000013,-1.5682000000000045,-0.9047000000000001,-0.9053999999999878,-3
2003,Kentucky,IUPUI,1,16,95,64,1,116.802,87.0347,67.5518,29.7672,29.76730000000001,103.059,102.298,66.9628,0.761365,0.7609999999999957,14.504000000000005,16.024299999999997,-1.5202999999999918,0.5889999999999986,29.005834999999998,29.006300000000014,-15
2003,Louisville,Austin Peay,4,13,86,64,1,116.078,92.4271,72.419,23.6507,23.650900000000007,101.166,98.0055,64.2385,3.16008,3.160499999999999,18.072500000000005,8.738900000000001,9.333600000000004,8.180499999999995,20.49062,20.490400000000008,-9
2003,Maryland,UNC Wilmington,6,11,75,73,1,110.916,89.4227,71.7698,21.493,21.49329999999999,108.916,94.4886,64.3593,14.4278,14.427399999999992,16.42739999999999,19.49329999999999,-3.065899999999999,7.410499999999999,7.065199999999999,7.065899999999999,-5
2003,Michigan St.,Colorado,7,10,79,64,1,108.72,90.9288,63.6011,17.7907,17.791200000000003,109.283,93.4129,69.8746,15.8705,15.870100000000008,15.307100000000005,18.354200000000006,-3.0471000000000004,-6.2734999999999985,1.9202000000000012,1.9210999999999956,-3
2003,Oklahoma St.,Penn,6,11,77,63,1,106.039,88.7021,66.5752,17.3367,17.3369,110.324,96.0575,63.312,14.2661,14.266499999999994,9.981499999999997,21.621899999999997,-11.6404,3.2631999999999977,3.0706000000000007,3.0704000000000065,-5
2003,Pittsburgh,Wagner,2,15,87,61,1,113.295,86.1165,64.8023,27.1788,27.1785,104.796,105.842,67.6016,-1.04621,-1.0459999999999925,7.453000000000003,18.679500000000004,-11.226500000000001,-2.7993000000000023,28.225009999999997,28.224499999999992,-13
2003,Purdue,LSU,9,8,80,56,1,106.758,90.7963,69.1792,15.962,15.961699999999992,111.998,91.9602,67.5469,20.0374,20.037800000000004,14.797799999999995,21.201700000000002,-6.403900000000007,1.6323000000000008,-4.075400000000002,-4.076100000000013,1
2003,Syracuse,Manhattan,3,14,76,65,1,113.951,93.9947,70.5221,19.9564,19.9563,105.641,95.6169,68.2203,10.0239,10.024100000000004,18.334099999999992,11.64630000000001,6.6877999999999815,2.3018,9.9325,9.932199999999995,-11
2003,Texas,UNC Asheville,1,16,82,61,1,118.524,95.1369,69.0435,23.3866,23.387100000000004,100.943,114.311,67.655,-13.3682,-13.36800000000001,4.212999999999994,5.806100000000001,-1.5931000000000068,1.3884999999999934,36.7548,36.75510000000001,-15
2003,Utah,Oregon,9,8,60,58,1,107.925,93.0806,61.9372,14.8447,14.844399999999991,112.498,98.1497,71.0944,14.3485,14.348300000000007,9.775300000000001,19.4174,-9.6421,-9.157199999999996,0.4962,0.4960999999999842,1
2003,Wake Forest,East Tennessee St.,2,15,76,73,1,115.774,94.9376,67.6965,20.8361,20.8364,101.21,100.466,75.186,0.744035,0.7439999999999998,15.308000000000007,6.27239999999999,9.035600000000017,-7.489500000000007,20.092064999999998,20.0924,-13
2003,Arizona,Gonzaga,1,9,96,95,1,115.311,88.8866,73.0165,26.4243,26.42440000000001,112.337,97.3823,67.2433,14.9545,14.954700000000004,17.928700000000006,23.450400000000002,-5.521699999999996,5.773199999999989,11.4698,11.469700000000005,-8
2003,Connecticut,Stanford,5,4,85,74,1,111.73,93.3341,71.1085,18.3956,18.3959,109.838,94.9404,65.4887,14.8974,14.897599999999995,16.789600000000007,16.503899999999987,0.2857000000000198,5.619800000000012,3.4982000000000024,3.4983000000000057,1
2003,Duke,Central Michigan,3,11,86,60,1,116.213,93.4116,71.0877,22.8018,22.801399999999987,109.867,99.5025,71.9146,10.3641,10.364500000000008,16.710499999999996,16.455399999999997,0.25509999999999877,-0.8268999999999949,12.4377,12.436899999999978,-8
2003,Kansas,Arizona St.,2,10,108,76,1,114.003,86.9009,72.6511,27.1016,27.102100000000007,113.116,96.3758,66.8633,16.7407,16.7402,17.627200000000002,26.215100000000007,-8.587900000000005,5.787800000000004,10.3609,10.361900000000006,-8
2003,Marquette,Missouri,3,6,101,92,1,118.833,97.6141,65.6828,21.2188,21.218900000000005,111.397,93.7637,66.5071,17.6329,17.633300000000006,25.0693,13.782900000000012,11.286399999999986,-0.8242999999999938,3.5859000000000023,3.5855999999999995,-3
2003,Notre Dame,Illinois,5,4,68,60,1,117.565,97.8837,69.2334,19.6817,19.681299999999997,114.14,89.1932,68.2411,24.9472,24.9468,28.371799999999993,16.256299999999996,12.115499999999997,0.9923000000000002,-5.265499999999999,-5.265500000000003,1
2003,Oklahoma,California,1,8,74,65,1,112.913,89.4266,62.6863,23.4861,23.486400000000003,109.401,95.8149,66.1487,13.5863,13.586100000000002,17.098100000000002,19.974400000000003,-2.8763000000000005,-3.4624000000000024,9.8998,9.900300000000001,-7
2003,Wisconsin,Tulsa,5,13,61,60,1,114.658,92.2715,61.8275,22.3863,22.3865,107.114,95.67,67.3935,11.4437,11.444000000000004,18.988,14.842500000000001,4.145499999999998,-5.5660000000000025,10.942599999999999,10.942499999999997,-8
2003,Auburn,Wake Forest,10,2,68,62,1,107.32,94.4324,66.7988,12.8881,12.887599999999992,115.774,94.9376,67.6965,20.8361,20.8364,12.38239999999999,21.3416,-8.95920000000001,-0.8977000000000004,-7.947999999999999,-7.948800000000009,8
2003,Butler,Louisville,12,4,79,71,1,115.085,99.7088,58.7876,15.3765,15.376199999999995,116.078,92.4271,72.419,23.6507,23.650900000000007,22.657899999999998,16.369200000000006,6.2886999999999915,-13.6314,-8.2742,-8.274700000000012,8
2003,Kentucky,Utah,1,9,74,54,1,116.802,87.0347,67.5518,29.7672,29.76730000000001,107.925,93.0806,61.9372,14.8447,14.844399999999991,23.721400000000003,20.890299999999996,2.8311000000000064,5.614600000000003,14.9225,14.922900000000018,-8
2003,Maryland,Xavier,6,3,77,64,1,110.916,89.4227,71.7698,21.493,21.49329999999999,114.503,93.665,68.1862,20.8379,20.837999999999997,17.25099999999999,25.080299999999994,-7.8293000000000035,3.583600000000004,0.6550999999999974,0.6552999999999933,3
2003,Michigan St.,Florida,7,2,68,46,1,108.72,90.9288,63.6011,17.7907,17.791200000000003,117.327,93.6932,65.2411,23.6341,23.633799999999997,15.026799999999994,26.398200000000003,-11.371400000000008,-1.6400000000000006,-5.843399999999999,-5.842599999999994,5
2003,Pittsburgh,Indiana,2,7,74,52,1,113.295,86.1165,64.8023,27.1788,27.1785,113.046,98.4831,63.9859,14.5633,14.562900000000012,14.811900000000009,26.929500000000004,-12.117599999999996,0.8164000000000016,12.615499999999999,12.615599999999988,-5
2003,Syracuse,Oklahoma St.,3,6,68,56,1,113.951,93.9947,70.5221,19.9564,19.9563,106.039,88.7021,66.5752,17.3367,17.3369,25.248899999999992,12.044300000000007,13.204599999999985,3.9468999999999994,2.619699999999998,2.619399999999999,-3
2003,Texas,Purdue,1,9,77,67,1,118.524,95.1369,69.0435,23.3866,23.387100000000004,106.758,90.7963,69.1792,15.962,15.961699999999992,27.7277,11.621099999999998,16.1066,-0.13569999999999993,7.424600000000002,7.425400000000012,-8
2003,Arizona,Notre Dame,1,5,88,71,1,115.311,88.8866,73.0165,26.4243,26.42440000000001,117.565,97.8837,69.2334,19.6817,19.681299999999997,17.427300000000002,28.678399999999996,-11.251099999999994,3.7830999999999904,6.7425999999999995,6.7431000000000125,-4
2003,Kansas,Duke,2,3,69,65,1,114.003,86.9009,72.6511,27.1016,27.102100000000007,116.213,93.4116,71.0877,22.8018,22.801399999999987,20.591399999999993,29.3121,-8.720700000000008,1.5634000000000015,4.299800000000001,4.30070000000002,-1
2003,Kentucky,Wisconsin,1,5,63,57,1,116.802,87.0347,67.5518,29.7672,29.76730000000001,114.658,92.2715,61.8275,22.3863,22.3865,24.530500000000004,27.6233,-3.092799999999997,5.7242999999999995,7.3809000000000005,7.380800000000008,-4
2003,Marquette,Pittsburgh,3,2,77,74,1,118.833,97.6141,65.6828,21.2188,21.218900000000005,113.295,86.1165,64.8023,27.1788,27.1785,32.716499999999996,15.680900000000008,17.035599999999988,0.8804999999999978,-5.959999999999997,-5.959599999999995,1
2003,Michigan St.,Maryland,7,6,60,58,1,108.72,90.9288,63.6011,17.7907,17.791200000000003,110.916,89.4227,71.7698,21.493,21.49329999999999,19.297299999999993,19.9872,-0.6899000000000086,-8.168700000000001,-3.7022999999999975,-3.7020999999999873,1
2003,Oklahoma,Butler,1,12,65,54,1,112.913,89.4266,62.6863,23.4861,23.486400000000003,115.085,99.7088,58.7876,15.3765,15.376199999999995,13.2042,25.6584,-12.4542,3.898700000000005,8.1096,8.110200000000008,-11
2003,Syracuse,Auburn,3,10,79,78,1,113.951,93.9947,70.5221,19.9564,19.9563,107.32,94.4324,66.7988,12.8881,12.887599999999992,19.518599999999992,13.325299999999999,6.193299999999994,3.7232999999999947,7.068299999999999,7.068700000000007,-7
2003,Texas,Connecticut,1,5,82,78,1,118.524,95.1369,69.0435,23.3866,23.387100000000004,111.73,93.3341,71.1085,18.3956,18.3959,25.189899999999994,16.593100000000007,8.596799999999988,-2.065000000000012,4.991,4.991200000000003,-4
2003,Kansas,Arizona,2,1,78,75,1,114.003,86.9009,72.6511,27.1016,27.102100000000007,115.311,88.8866,73.0165,26.4243,26.42440000000001,25.1164,28.410100000000014,-3.2937000000000154,-0.36539999999999395,0.6773000000000025,0.677699999999998,1
2003,Marquette,Kentucky,3,1,83,69,1,118.833,97.6141,65.6828,21.2188,21.218900000000005,116.802,87.0347,67.5518,29.7672,29.76730000000001,31.798299999999998,19.187900000000013,12.610399999999984,-1.8689999999999998,-8.548399999999997,-8.548400000000004,2
2003,Syracuse,Oklahoma,3,1,63,47,1,113.951,93.9947,70.5221,19.9564,19.9563,112.913,89.4266,62.6863,23.4861,23.486400000000003,24.5244,18.918300000000002,5.606099999999998,7.835799999999992,-3.529700000000002,-3.5301000000000045,2
2003,Texas,Michigan St.,1,7,85,76,1,118.524,95.1369,69.0435,23.3866,23.387100000000004,108.72,90.9288,63.6011,17.7907,17.791200000000003,27.595200000000006,13.583100000000002,14.012100000000004,5.442399999999992,5.5959,5.5959,-6
2003,Kansas,Marquette,2,3,94,61,1,114.003,86.9009,72.6511,27.1016,27.102100000000007,118.833,97.6141,65.6828,21.2188,21.218900000000005,16.388900000000007,31.932100000000005,-15.543199999999999,6.968299999999999,5.8828,5.883200000000002,-1
2003,Syracuse,Texas,3,1,95,84,1,113.951,93.9947,70.5221,19.9564,19.9563,118.524,95.1369,69.0435,23.3866,23.387100000000004,18.814099999999996,24.529300000000006,-5.71520000000001,1.4786000000000001,-3.430200000000003,-3.430800000000005,2
2003,Syracuse,Kansas,3,2,81,78,1,113.951,93.9947,70.5221,19.9564,19.9563,114.003,86.9009,72.6511,27.1016,27.102100000000007,27.0501,20.008300000000006,7.041799999999995,-2.129000000000005,-7.145200000000003,-7.145800000000008,1
2004,Florida A&M,Lehigh,16,16,72,57,1,97.7465,108.479,71.1206,-10.7325,-10.732500000000002,98.2109,103.992,63.7282,-5.7816,-5.781100000000009,-6.245500000000007,-10.268100000000004,4.022599999999997,7.392399999999995,-4.9509,-4.9513999999999925,0
2004,Alabama,Southern Illinois,8,9,65,64,1,113.39,96.9288,64.999,16.4613,16.461200000000005,108.685,94.3307,65.7203,14.3539,14.35430000000001,19.059300000000007,11.756200000000007,7.303100000000001,-0.7212999999999994,2.107400000000002,2.106899999999996,-1
2004,Connecticut,Vermont,2,15,70,53,1,116.176,90.3272,68.4832,25.8489,25.8488,100.742,102.041,64.3586,-1.29931,-1.2989999999999924,14.135000000000005,10.4148,3.7202000000000055,4.124600000000001,27.14821,27.147799999999993,-13
2004,DePaul,Dayton,7,10,76,69,1,113.921,102.109,63.3915,11.8121,11.812000000000012,108.6,98.8232,62.4162,9.7763,9.776799999999994,15.097800000000007,6.491,8.606800000000007,0.9752999999999972,2.0357999999999983,2.0352000000000174,-3
2004,Duke,Alabama St.,1,16,96,61,1,120.027,88.299,67.6352,31.7279,31.727999999999994,93.281,103.971,61.5326,-10.6902,-10.689999999999998,16.055999999999997,4.981999999999999,11.073999999999998,6.102599999999995,42.4181,42.41799999999999,-15
2004,Gonzaga,Valparaiso,2,15,76,49,1,121.485,94.7555,66.7071,26.7299,26.7295,100.308,99.4266,69.4589,0.881225,0.8814000000000135,22.058400000000006,5.552500000000009,16.505899999999997,-2.751800000000003,25.848675,25.848099999999988,-13
2004,Manhattan,Florida,12,5,75,60,1,107.701,96.0844,65.3023,11.6168,11.616599999999991,117.63,97.7056,66.1367,19.9244,19.92439999999999,9.99539999999999,21.545599999999993,-11.550200000000004,-0.8344000000000023,-8.307599999999999,-8.3078,7
2004,Maryland,UTEP,4,13,86,83,1,110.26,90.0455,71.3662,20.2142,20.2145,111.176,96.667,68.6573,14.5091,14.509,13.593000000000004,21.130499999999998,-7.537499999999994,2.7089,5.705100000000002,5.705500000000001,-9
2004,Nevada,Michigan St.,10,7,72,66,1,111.833,93.0023,68.5767,18.8308,18.830699999999997,116.84,101.904,64.2907,14.9366,14.936000000000009,9.929000000000002,23.837699999999998,-13.908699999999996,4.286000000000001,3.8941999999999997,3.894699999999988,3
2004,North Carolina,Air Force,6,11,63,52,1,116.966,93.943,71.131,23.0232,23.023,111.859,95.7219,52.0301,16.1376,16.13709999999999,21.24409999999999,17.915999999999997,3.328099999999992,19.100900000000003,6.8856,6.88590000000001,-5
2004,Seton Hall,Arizona,8,9,80,76,1,111.199,93.5699,66.1769,17.629,17.629099999999994,117.959,101.339,73.5393,16.6199,16.620000000000005,9.86,24.3891,-14.5291,-7.362399999999994,1.0091,1.0090999999999894,-1
2004,St. Joseph's,Liberty,1,16,82,63,1,118.522,90.716,66.7822,27.8057,27.80600000000001,97.9283,100.635,67.5344,-2.70715,-2.706700000000012,17.887,7.212299999999999,10.674700000000001,-0.752200000000002,30.51285,30.512700000000024,-15
2004,Stanford,UTSA,1,16,71,45,1,112.228,89.1711,64.4998,23.0568,23.0569,98.0201,105.56,68.8797,-7.53956,-7.539900000000003,6.667999999999992,8.849000000000004,-2.1810000000000116,-4.379900000000006,30.596359999999997,30.5968,-15
2004,Syracuse,BYU,5,12,80,75,1,111.069,95.3779,66.2186,15.6907,15.691100000000006,111.734,95.3868,66.4998,16.3472,16.3472,15.682200000000009,16.356099999999998,-0.6738999999999891,-0.28119999999999834,-0.6565000000000012,-0.656099999999995,-7
2004,Texas,Princeton,3,14,66,49,1,113.481,93.1471,65.1866,20.3341,20.3339,106.042,100.548,56.7748,5.49455,5.494,12.932999999999993,12.894900000000007,0.03809999999998581,8.4118,14.83955,14.8399,-11
2004,Texas Tech,Charlotte,8,9,76,73,1,110.153,94.0599,67.144,16.0926,16.093100000000007,112.766,98.11,70.0671,14.6558,14.656000000000006,12.043000000000006,18.706100000000006,-6.6631,-2.923099999999991,1.4368000000000016,1.437100000000001,-1
2004,Wake Forest,VCU,4,13,79,78,1,120.827,98.4588,70.5763,22.3686,22.3682,104.824,96.0897,64.642,8.73412,8.734300000000005,24.737300000000005,6.3652000000000015,18.372100000000003,5.9343000000000075,13.63448,13.633899999999997,-9
2004,Boston College,Utah,6,11,58,51,1,110.115,95.5084,63.1579,14.6068,14.6066,110.026,95.1873,59.267,14.839,14.838700000000005,14.927700000000002,14.517600000000002,0.4100999999999999,3.890899999999995,-0.23220000000000063,-0.23210000000000441,-5
2004,Cincinnati,East Tennessee St.,4,13,80,77,1,115.74,91.8837,67.1173,23.8562,23.85629999999999,103.458,95.3316,73.587,8.12644,8.126400000000004,20.4084,11.574299999999994,8.834100000000007,-6.469700000000003,15.72976,15.729899999999986,-9
2004,Georgia Tech,Northern Iowa,3,14,65,60,1,114.16,89.3063,69.8395,24.8537,24.853700000000003,106.972,98.5408,65.2729,8.4316,8.43119999999999,15.619199999999992,17.6657,-2.046500000000009,4.566599999999994,16.4221,16.422500000000014,-11
2004,Illinois,Murray St.,5,12,72,53,1,115.417,96.2329,64.2481,19.1845,19.1841,110.548,98.9077,69.3823,11.6398,11.640299999999996,16.509299999999996,14.315100000000001,2.194199999999995,-5.134200000000007,7.544700000000001,7.5438000000000045,-7
2004,Kansas,Illinois Chicago,4,13,78,53,1,110.65,92.4539,69.4727,18.1966,18.1961,107.751,96.8741,64.6261,10.8768,10.876900000000006,13.775900000000007,15.2971,-1.5211999999999932,4.846600000000009,7.319800000000001,7.319199999999995,-9
2004,Kentucky,Florida A&M,1,16,96,76,1,112.747,88.1148,66.439,24.6321,24.6322,97.7465,108.479,71.1206,-10.7325,-10.732500000000002,4.268000000000001,9.631699999999995,-5.363699999999994,-4.681600000000003,35.3646,35.3647,-15
2004,Memphis,South Carolina,7,10,59,43,1,111.955,95.9555,67.7079,15.9997,15.999499999999998,110.845,94.2486,66.1339,16.596,16.596400000000003,17.706400000000002,14.889499999999998,2.816900000000004,1.573999999999998,-0.5962999999999994,-0.5969000000000051,-3
2004,Mississippi St.,Monmouth,2,15,85,52,1,114.667,91.9956,67.9987,22.6715,22.67140000000001,98.0355,101.598,66.2199,-3.56253,-3.5625,13.069000000000003,6.039900000000003,7.0291,1.778800000000004,26.23403,26.23390000000001,-13
2004,Oklahoma St.,Eastern Washington,2,15,75,56,1,117.359,92.5691,65.9003,24.7896,24.78989999999999,105.382,101.954,64.715,3.42788,3.4280000000000115,15.405000000000001,12.812899999999999,2.592100000000002,1.185299999999998,21.36172,21.361899999999977,-13
2004,Pacific,Providence,12,5,66,58,1,108.144,99.4025,63.9397,8.74172,8.741500000000002,112.317,93.6525,65.2472,18.6645,18.66449999999999,14.491500000000002,12.91449999999999,1.5770000000000124,-1.3075000000000045,-9.92278,-9.922999999999988,7
2004,Pittsburgh,UCF,3,14,53,44,1,115.248,89.1178,59.5043,26.1303,26.1302,103.633,97.8035,62.721,5.82918,5.829499999999996,17.444500000000005,14.515199999999993,2.929300000000012,-3.216699999999996,20.301119999999997,20.300700000000003,-11
2004,UAB,Washington,9,8,102,100,1,106.371,91.9116,70.7046,14.4594,14.459399999999988,111.976,100.871,73.6356,11.1048,11.105000000000004,5.5,20.064399999999992,-14.564399999999992,-2.9309999999999974,3.3546000000000014,3.354399999999984,1
2004,Vanderbilt,Western Michigan,6,11,71,58,1,112.729,93.7684,65.74,18.9602,18.9606,114.773,97.3126,65.955,17.4602,17.460399999999993,15.416399999999996,21.004599999999996,-5.5882000000000005,-0.2150000000000034,1.5,1.5002000000000066,-5
2004,Wisconsin,Richmond,6,11,76,64,1,114.662,90.0084,60.4638,24.6539,24.65360000000001,104.896,89.8371,62.8739,15.0585,15.058899999999994,24.8249,14.887600000000006,9.937299999999993,-2.4101,9.5954,9.594700000000017,-5
2004,Xavier,Louisville,7,10,80,70,1,110.761,92.9239,64.1432,17.837,17.837099999999992,106.419,84.7716,67.6995,21.6473,21.64739999999999,25.98939999999999,13.495099999999994,12.494299999999996,-3.5563000000000073,-3.8103000000000016,-3.810299999999998,-3
2004,Alabama,Stanford,8,1,70,67,1,113.39,96.9288,64.999,16.4613,16.461200000000005,112.228,89.1711,64.4998,23.0568,23.0569,24.218900000000005,15.299199999999999,8.919700000000006,0.49920000000000186,-6.595499999999998,-6.595699999999994,7
2004,Connecticut,DePaul,2,7,72,55,1,116.176,90.3272,68.4832,25.8489,25.8488,113.921,102.109,63.3915,11.8121,11.812000000000012,14.067000000000007,23.5938,-9.526799999999994,5.091699999999996,14.036800000000001,14.036799999999989,-5
2004,Duke,Seton Hall,1,8,90,62,1,120.027,88.299,67.6352,31.7279,31.727999999999994,111.199,93.5699,66.1769,17.629,17.629099999999994,26.457099999999997,22.89999999999999,3.5571000000000055,1.4582999999999942,14.0989,14.0989,-7
2004,Nevada,Gonzaga,10,2,91,72,1,111.833,93.0023,68.5767,18.8308,18.830699999999997,121.485,94.7555,66.7071,26.7299,26.7295,17.0775,28.482699999999994,-11.405199999999994,1.8696000000000055,-7.899100000000001,-7.898800000000005,8
2004,St. Joseph's,Texas Tech,1,8,70,65,1,118.522,90.716,66.7822,27.8057,27.80600000000001,110.153,94.0599,67.144,16.0926,16.093100000000007,24.462100000000007,19.437000000000012,5.025099999999995,-0.36180000000000234,11.7131,11.712900000000005,-7
2004,Syracuse,Maryland,5,4,72,70,1,111.069,95.3779,66.2186,15.6907,15.691100000000006,110.26,90.0455,71.3662,20.2142,20.2145,21.0235,14.882100000000008,6.14139999999999,-5.147600000000011,-4.523500000000002,-4.523399999999995,1
2004,Texas,North Carolina,3,6,78,75,1,113.481,93.1471,65.1866,20.3341,20.3339,116.966,93.943,71.131,23.0232,23.023,19.537999999999997,23.8189,-4.280900000000003,-5.944400000000002,-2.6891,-2.6891,-3
2004,Wake Forest,Manhattan,4,12,84,80,1,120.827,98.4588,70.5763,22.3686,22.3682,107.701,96.0844,65.3023,11.6168,11.616599999999991,24.742599999999996,9.242199999999997,15.500399999999999,5.274000000000001,10.751800000000001,10.75160000000001,-8
2004,Georgia Tech,Boston College,3,6,57,54,1,114.16,89.3063,69.8395,24.8537,24.853700000000003,110.115,95.5084,63.1579,14.6068,14.6066,18.651600000000002,20.8087,-2.1571,6.681600000000003,10.2469,10.247100000000003,-3
2004,Illinois,Cincinnati,5,4,92,68,1,115.417,96.2329,64.2481,19.1845,19.1841,115.74,91.8837,67.1173,23.8562,23.85629999999999,23.533299999999997,19.507099999999994,4.026200000000003,-2.8692000000000064,-4.671700000000001,-4.6721999999999895,1
2004,Kansas,Pacific,4,12,78,63,1,110.65,92.4539,69.4727,18.1966,18.1961,108.144,99.4025,63.9397,8.74172,8.741500000000002,11.247500000000002,15.690100000000001,-4.442599999999999,5.533000000000001,9.45488,9.4546,-8
2004,Oklahoma St.,Memphis,2,7,70,53,1,117.359,92.5691,65.9003,24.7896,24.78989999999999,111.955,95.9555,67.7079,15.9997,15.999499999999998,21.403499999999994,19.385899999999992,2.0176000000000016,-1.8075999999999937,8.7899,8.790399999999991,-5
2004,Pittsburgh,Wisconsin,3,6,59,55,1,115.248,89.1178,59.5043,26.1303,26.1302,114.662,90.0084,60.4638,24.6539,24.65360000000001,25.23960000000001,25.544200000000004,-0.30459999999999354,-0.9594999999999985,1.4763999999999982,1.476599999999987,-3
2004,UAB,Kentucky,9,1,76,75,1,106.371,91.9116,70.7046,14.4594,14.459399999999988,112.747,88.1148,66.439,24.6321,24.6322,18.256199999999993,20.835399999999993,-2.5792,4.265600000000006,-10.1727,-10.172800000000013,8
2004,Xavier,Mississippi St.,7,2,89,74,1,110.761,92.9239,64.1432,17.837,17.837099999999992,114.667,91.9956,67.9987,22.6715,22.67140000000001,18.7654,21.7431,-2.9776999999999987,-3.8555000000000064,-4.834500000000002,-4.834300000000017,5
2004,Alabama,Syracuse,8,5,80,71,1,113.39,96.9288,64.999,16.4613,16.461200000000005,111.069,95.3779,66.2186,15.6907,15.691100000000006,18.012100000000004,14.140200000000007,3.8718999999999966,-1.2195999999999998,0.7706000000000017,0.7700999999999993,3
2004,Connecticut,Vanderbilt,2,6,73,53,1,116.176,90.3272,68.4832,25.8489,25.8488,112.729,93.7684,65.74,18.9602,18.9606,22.407600000000002,22.401799999999994,0.005800000000007799,2.7432000000000016,6.8887,6.888200000000001,-4
2004,Oklahoma St.,Pittsburgh,2,3,63,51,1,117.359,92.5691,65.9003,24.7896,24.78989999999999,115.248,89.1178,59.5043,26.1303,26.1302,28.241199999999992,22.6789,5.562299999999993,6.396000000000001,-1.3406999999999982,-1.3403000000000098,-1
2004,St. Joseph's,Wake Forest,1,4,84,80,1,118.522,90.716,66.7822,27.8057,27.80600000000001,120.827,98.4588,70.5763,22.3686,22.3682,20.06320000000001,30.111000000000004,-10.047799999999995,-3.7941000000000003,5.437100000000001,5.43780000000001,-3
2004,Duke,Illinois,1,5,72,62,1,120.027,88.299,67.6352,31.7279,31.727999999999994,115.417,96.2329,64.2481,19.1845,19.1841,23.7941,27.117999999999995,-3.3238999999999947,3.3871000000000038,12.543400000000002,12.543899999999994,-4
2004,Georgia Tech,Nevada,3,10,72,67,1,114.16,89.3063,69.8395,24.8537,24.853700000000003,111.833,93.0023,68.5767,18.8308,18.830699999999997,21.15769999999999,22.526700000000005,-1.369000000000014,1.2627999999999986,6.0229,6.023000000000007,-7
2004,Kansas,UAB,4,9,100,74,1,110.65,92.4539,69.4727,18.1966,18.1961,106.371,91.9116,70.7046,14.4594,14.459399999999988,18.7384,13.91709999999999,4.821300000000008,-1.231899999999996,3.7371999999999996,3.7367000000000132,-5
2004,Xavier,Texas,7,3,79,71,1,110.761,92.9239,64.1432,17.837,17.837099999999992,113.481,93.1471,65.1866,20.3341,20.3339,17.6139,20.55709999999999,-2.9431999999999903,-1.0434000000000054,-2.4970999999999997,-2.4968000000000075,4
2004,Connecticut,Alabama,2,8,87,71,1,116.176,90.3272,68.4832,25.8489,25.8488,113.39,96.9288,64.999,16.4613,16.461200000000005,19.247200000000007,23.062799999999996,-3.8155999999999892,3.4842000000000013,9.387599999999999,9.387599999999996,-6
2004,Oklahoma St.,St. Joseph's,2,1,64,62,1,117.359,92.5691,65.9003,24.7896,24.78989999999999,118.522,90.716,66.7822,27.8057,27.80600000000001,26.643,25.9529,0.690100000000001,-0.8819000000000017,-3.0161000000000016,-3.016100000000023,1
2004,Duke,Xavier,1,7,66,63,1,120.027,88.299,67.6352,31.7279,31.727999999999994,110.761,92.9239,64.1432,17.837,17.837099999999992,27.103099999999998,22.46199999999999,4.641100000000009,3.4920000000000044,13.890900000000002,13.890900000000002,-6
2004,Georgia Tech,Kansas,3,4,79,71,1,114.16,89.3063,69.8395,24.8537,24.853700000000003,110.65,92.4539,69.4727,18.1966,18.1961,21.706099999999992,21.343700000000013,0.3623999999999796,0.3667999999999978,6.6571,6.657600000000002,-1
2004,Connecticut,Duke,2,1,79,78,1,116.176,90.3272,68.4832,25.8489,25.8488,120.027,88.299,67.6352,31.7279,31.727999999999994,27.876999999999995,29.699799999999996,-1.8228000000000009,0.847999999999999,-5.879000000000001,-5.879199999999994,1
2004,Georgia Tech,Oklahoma St.,3,2,67,65,1,114.16,89.3063,69.8395,24.8537,24.853700000000003,117.359,92.5691,65.9003,24.7896,24.78989999999999,21.59089999999999,28.0527,-6.461800000000011,3.9391999999999996,0.06409999999999982,0.06380000000001473,1
2004,Connecticut,Georgia Tech,2,3,82,73,1,116.176,90.3272,68.4832,25.8489,25.8488,114.16,89.3063,69.8395,24.8537,24.853700000000003,26.86970000000001,23.83279999999999,3.036900000000017,-1.3563000000000045,0.9952000000000005,0.9950999999999972,-1
2005,Oakland,Alabama A&M,16,16,79,69,1,107.721,108.701,65.4975,-0.980674,-0.9799999999999898,90.3956,102.684,72.9272,-12.2885,-12.288399999999996,5.037000000000006,-18.30539999999999,23.342399999999998,-7.429699999999997,11.307826,11.308400000000006,0
2005,Arizona,Utah St.,3,14,66,53,1,115.596,94.9498,68.981,20.6464,20.646200000000007,116.735,96.4473,61.3897,20.2874,20.2877,19.148700000000005,21.785200000000003,-2.636499999999998,7.591299999999997,0.3589999999999982,0.3585000000000065,-11
2005,Boston College,Penn,4,13,85,65,1,113.859,95.8068,64.2996,18.0519,18.0522,102.365,92.16,67.7962,10.2052,10.204999999999998,21.698999999999998,6.558199999999999,15.140799999999999,-3.496600000000001,7.8467,7.847200000000001,-9
2005,Cincinnati,Iowa,7,10,76,64,1,112.199,92.0126,68.4596,20.1864,20.186399999999992,112.204,94.3365,68.2558,17.8671,17.867499999999993,17.862499999999997,20.191399999999987,-2.32889999999999,0.2038000000000011,2.3192999999999984,2.3188999999999993,-3
2005,Gonzaga,Winthrop,3,14,74,64,1,120.006,101.569,67.1057,18.4368,18.437,101.652,96.6464,62.9522,5.00565,5.005600000000001,23.3596,0.08299999999999841,23.276600000000002,4.153500000000001,13.431150000000002,13.4314,-11
2005,Illinois,Fairleigh Dickinson,1,16,67,55,1,122.18,88.8696,64.8528,33.3107,33.3104,102.717,105.796,68.6839,-3.07905,-3.079000000000008,16.384,13.847399999999993,2.536600000000007,-3.831099999999992,36.38975,36.38940000000001,-15
2005,Kentucky,Eastern Kentucky,2,15,72,64,1,112.199,88.253,67.1865,23.9456,23.946,102.465,101.106,66.0513,1.35916,1.3590000000000089,11.093000000000004,14.212000000000003,-3.1189999999999998,1.1351999999999975,22.58644,22.586999999999993,-13
2005,Nevada,Texas,9,8,61,57,1,104.061,92.4275,65.796,11.6337,11.633500000000012,114.706,96.8337,66.8394,17.8724,17.87230000000001,7.227300000000014,22.278500000000008,-15.051199999999994,-1.0433999999999912,-6.2387,-6.238799999999998,1
2005,Oklahoma,Niagara,3,14,84,67,1,115.786,92.1522,64.7668,23.6343,23.633800000000008,115.968,110.486,69.6709,5.48207,5.481999999999999,5.299999999999997,23.81580000000001,-18.515800000000013,-4.9041,18.15223,18.15180000000001,-11
2005,Pacific,Pittsburgh,8,9,79,71,1,113.489,99.2906,63.6235,14.1981,14.198400000000008,114.695,95.8229,63.8867,18.8718,18.87209999999999,17.6661,15.404399999999995,2.2617000000000047,-0.26319999999999766,-4.6737,-4.673699999999981,-1
2005,Texas Tech,UCLA,6,11,78,66,1,110.917,95.271,69.462,15.6457,15.646,108.287,96.8191,69.3235,11.4675,11.4679,14.097899999999996,13.016000000000005,1.0818999999999903,0.13850000000000762,4.1782,4.178100000000001,-5
2005,UAB,LSU,11,6,82,68,1,110.113,97.7445,70.5468,12.3689,12.368499999999996,114.892,100.313,66.3426,14.5794,14.578999999999994,9.799999999999997,17.147499999999994,-7.347499999999997,4.2042,-2.2104999999999997,-2.210499999999998,5
2005,Utah,UTEP,6,11,60,54,1,113.641,93.4851,59.0106,20.1555,20.155900000000003,113.304,101.548,65.9661,11.7556,11.756,12.093000000000004,19.8189,-7.725899999999996,-6.955500000000001,8.3999,8.399900000000002,-5
2005,Wake Forest,Chattanooga,2,15,70,54,1,125.004,99.1181,68.7048,25.8856,25.885900000000007,99.1811,99.6517,67.6872,-0.470586,-0.4706000000000045,25.3523,0.06300000000000239,25.289299999999997,1.0176000000000016,26.356186,26.35650000000001,-13
2005,Washington,Montana,1,16,88,77,1,119.924,97.2424,71.8909,22.6814,22.681600000000003,99.6469,102.655,68.1769,-3.00797,-3.008099999999999,17.269000000000005,2.4044999999999987,14.864500000000007,3.7139999999999986,25.68937,25.689700000000002,-15
2005,West Virginia,Creighton,7,10,63,61,1,112.738,98.8811,63.8385,13.8568,13.856899999999996,114.766,100.33,63.1919,14.4361,14.436000000000009,12.408000000000001,15.884900000000002,-3.4769000000000005,0.6466000000000065,-0.5792999999999999,-0.5791000000000128,-3
2005,Bucknell,Kansas,14,3,64,63,1,101.077,95.2281,63.3119,5.8484,5.8489,116.112,92.1767,66.4302,23.935,23.9353,8.900300000000001,20.883899999999997,-11.983599999999996,-3.118299999999998,-18.086599999999997,-18.0864,11
2005,Connecticut,UCF,2,15,77,71,1,112.503,89.7487,70.6715,22.7543,22.7543,104.404,107.744,59.9809,-3.33956,-3.3400000000000034,4.759,14.655299999999997,-9.896299999999997,10.690599999999996,26.09386,26.094300000000004,-13
2005,Duke,Delaware St.,1,16,57,46,1,117.435,88.7397,68.6081,28.6957,28.695300000000003,102.377,107.716,59.5674,-5.33826,-5.338999999999999,9.719000000000008,13.637299999999996,-3.918299999999988,9.040699999999994,34.03396,34.0343,-15
2005,Florida,Ohio,4,13,67,62,1,117.796,92.9202,64.8327,24.8756,24.87580000000001,109.952,101.921,65.7035,8.03021,8.030999999999992,15.875,17.031800000000004,-1.156800000000004,-0.8708000000000027,16.84539,16.844800000000017,-9
2005,Georgia Tech,George Washington,5,12,80,68,1,109.089,88.7409,69.1369,20.3479,20.3481,110.008,95.3032,70.7679,14.7044,14.704799999999992,13.785799999999995,21.2671,-7.4813000000000045,-1.6310000000000002,5.6434999999999995,5.643300000000007,-7
2005,Iowa St.,Minnesota,9,8,64,53,1,103.174,90.1667,66.7132,13.0077,13.0073,104.448,89.3931,67.5591,15.0549,15.05489999999999,13.780900000000003,14.281299999999987,-0.5003999999999849,-0.8459000000000003,-2.0472,-2.0475999999999885,1
2005,Michigan St.,Old Dominion,5,12,89,81,1,119.608,93.9891,65.7071,25.6192,25.61890000000001,104.244,94.2423,65.9978,10.002,10.0017,25.365700000000004,10.254900000000006,15.110799999999998,-0.29070000000000107,15.617199999999999,15.617200000000011,-7
2005,Mississippi St.,Stanford,9,8,93,70,1,108.143,93.6936,68.5911,14.4497,14.449399999999995,106.525,94.6177,67.2084,11.907,11.907300000000006,13.525300000000001,12.831400000000002,0.6938999999999993,1.3826999999999998,2.5427,2.542099999999989,1
2005,North Carolina,Oakland,1,16,96,68,1,121.055,89.0521,73.6909,32.0028,32.00290000000001,107.721,108.701,65.4975,-0.980674,-0.9799999999999898,12.354000000000013,18.668900000000008,-6.314899999999994,8.193399999999997,32.983474,32.9829,-15
2005,Oklahoma St.,Southeastern Louisiana,2,15,63,50,1,120.257,94.5142,66.4584,25.7432,25.742800000000003,97.2565,94.1034,60.1166,3.15302,3.153100000000009,26.15360000000001,2.7423,23.41130000000001,6.341799999999999,22.59018,22.589699999999993,-13
2005,Southern Illinois,St. Mary's,7,10,65,56,1,108.872,92.3233,63.1371,16.5489,16.548699999999997,107.381,97.5636,64.742,9.81777,9.817400000000006,11.308400000000006,15.057699999999997,-3.749299999999991,-1.6049000000000078,6.73113,6.73129999999999,-3
2005,Vermont,Syracuse,13,4,60,57,1,112.615,98.97,64.9605,13.6451,13.644999999999996,116.816,95.4331,66.0762,21.3833,21.382900000000006,17.1819,17.846000000000004,-0.6641000000000048,-1.115700000000004,-7.738199999999999,-7.73790000000001,9
2005,Villanova,New Mexico,5,12,55,47,1,115.814,92.0012,67.2118,23.8126,23.8128,114.069,98.4124,65.5042,15.6566,15.656599999999996,17.401599999999988,22.067800000000005,-4.666200000000018,1.7075999999999993,8.156,8.156200000000004,-7
2005,Wisconsin,Northern Iowa,6,11,57,52,1,111.095,90.7501,62.9376,20.345,20.3449,112.535,99.1544,64.7766,13.3809,13.3806,11.940600000000003,21.784899999999993,-9.84429999999999,-1.8389999999999986,6.964099999999998,6.9643,-5
2005,Arizona,UAB,3,11,85,63,1,115.596,94.9498,68.981,20.6464,20.646200000000007,110.113,97.7445,70.5468,12.3689,12.368499999999996,17.8515,15.163200000000003,2.688299999999998,-1.56580000000001,8.2775,8.277700000000012,-8
2005,Illinois,Nevada,1,9,71,59,1,122.18,88.8696,64.8528,33.3107,33.3104,104.061,92.4275,65.796,11.6337,11.633500000000012,29.752500000000012,15.191400000000002,14.56110000000001,-0.9432000000000045,21.677,21.67689999999999,-8
2005,Kentucky,Cincinnati,2,7,69,60,1,112.199,88.253,67.1865,23.9456,23.946,112.199,92.0126,68.4596,20.1864,20.186399999999992,20.186399999999992,23.945999999999998,-3.759600000000006,-1.2730999999999995,3.7592,3.7596000000000096,-5
2005,Texas Tech,Gonzaga,6,3,71,69,1,110.917,95.271,69.462,15.6457,15.646,120.006,101.569,67.1057,18.4368,18.437,9.347999999999999,24.735,-15.387,2.3563000000000045,-2.791100000000002,-2.7910000000000004,3
2005,Utah,Oklahoma,6,3,67,58,1,113.641,93.4851,59.0106,20.1555,20.155900000000003,115.786,92.1522,64.7668,23.6343,23.633800000000008,21.488800000000012,22.3009,-0.8120999999999867,-5.756200000000007,-3.4787999999999997,-3.4779000000000053,3
2005,Washington,Pacific,1,8,97,79,1,119.924,97.2424,71.8909,22.6814,22.681600000000003,113.489,99.2906,63.6235,14.1981,14.198400000000008,20.63340000000001,16.2466,4.386800000000008,8.267400000000002,8.4833,8.483199999999995,-7
2005,West Virginia,Wake Forest,7,2,111,105,1,112.738,98.8811,63.8385,13.8568,13.856899999999996,125.004,99.1181,68.7048,25.8856,25.885900000000007,13.619900000000001,26.1229,-12.503,-4.8663000000000025,-12.0288,-12.02900000000001,5
2005,Duke,Mississippi St.,1,9,63,55,1,117.435,88.7397,68.6081,28.6957,28.695300000000003,108.143,93.6936,68.5911,14.4497,14.449399999999995,23.7414,19.4033,4.338099999999997,0.016999999999995907,14.245999999999999,14.245900000000008,-8
2005,Louisville,Georgia Tech,4,5,76,54,1,116.489,91.7883,67.4861,24.7011,24.7007,109.089,88.7409,69.1369,20.3479,20.3481,27.748100000000008,17.300699999999992,10.447400000000016,-1.6508000000000038,4.353200000000001,4.3526000000000025,-1
2005,Michigan St.,Vermont,5,13,72,61,1,119.608,93.9891,65.7071,25.6192,25.61890000000001,112.615,98.97,64.9605,13.6451,13.644999999999996,20.638000000000005,18.6259,2.0121000000000038,0.7466000000000008,11.9741,11.973900000000015,-8
2005,North Carolina,Iowa St.,1,9,92,65,1,121.055,89.0521,73.6909,32.0028,32.00290000000001,103.174,90.1667,66.7132,13.0077,13.0073,30.8883,14.12190000000001,16.76639999999999,6.977699999999999,18.9951,18.99560000000001,-8
2005,Oklahoma St.,Southern Illinois,2,7,85,77,1,120.257,94.5142,66.4584,25.7432,25.742800000000003,108.872,92.3233,63.1371,16.5489,16.548699999999997,27.9337,14.357799999999997,13.575900000000004,3.321300000000001,9.194300000000002,9.194100000000006,-5
2005,Villanova,Florida,5,4,76,65,1,115.814,92.0012,67.2118,23.8126,23.8128,117.796,92.9202,64.8327,24.8756,24.87580000000001,22.8938,25.79480000000001,-2.9010000000000105,2.379099999999994,-1.0629999999999988,-1.0630000000000095,1
2005,Wisconsin,Bucknell,6,14,71,62,1,111.095,90.7501,62.9376,20.345,20.3449,101.077,95.2281,63.3119,5.8484,5.8489,15.866900000000001,10.326899999999995,5.540000000000006,-0.3742999999999981,14.496599999999999,14.495999999999999,-8
2005,Arizona,Oklahoma St.,3,2,79,78,1,115.596,94.9498,68.981,20.6464,20.646200000000007,120.257,94.5142,66.4584,25.7432,25.742800000000003,21.0818,25.30720000000001,-4.225400000000008,2.522599999999997,-5.096800000000002,-5.096599999999995,1
2005,Louisville,Washington,4,1,93,79,1,116.489,91.7883,67.4861,24.7011,24.7007,119.924,97.2424,71.8909,22.6814,22.681600000000003,19.2466,28.1357,-8.8891,-4.404800000000009,2.0197000000000003,2.019099999999998,3
2005,West Virginia,Texas Tech,7,6,65,60,1,112.738,98.8811,63.8385,13.8568,13.856899999999996,110.917,95.271,69.462,15.6457,15.646,17.467,12.035899999999998,5.431100000000001,-5.6235,-1.7889,-1.7891000000000048,1
2005,Kentucky,Utah,2,6,62,52,1,112.199,88.253,67.1865,23.9456,23.946,113.641,93.4851,59.0106,20.1555,20.155900000000003,18.713899999999995,25.388000000000005,-6.67410000000001,8.175899999999999,3.790099999999999,3.790099999999999,-4
2005,Michigan St.,Duke,5,1,78,68,1,119.608,93.9891,65.7071,25.6192,25.61890000000001,117.435,88.7397,68.6081,28.6957,28.695300000000003,30.868300000000005,23.44590000000001,7.422399999999996,-2.9009999999999962,-3.0764999999999993,-3.0763999999999925,4
2005,North Carolina,Villanova,1,5,67,66,1,121.055,89.0521,73.6909,32.0028,32.00290000000001,115.814,92.0012,67.2118,23.8126,23.8128,29.05380000000001,26.761899999999997,2.2919000000000125,6.4791000000000025,8.1902,8.190100000000012,-4
2005,Illinois,Arizona,1,3,90,89,1,122.18,88.8696,64.8528,33.3107,33.3104,115.596,94.9498,68.981,20.6464,20.646200000000007,27.23020000000001,26.726399999999998,0.5038000000000125,-4.1281999999999925,12.664299999999997,12.664199999999994,-2
2005,Louisville,West Virginia,4,7,93,85,1,116.489,91.7883,67.4861,24.7011,24.7007,112.738,98.8811,63.8385,13.8568,13.856899999999996,17.6079,20.949699999999993,-3.341799999999992,3.64759999999999,10.8443,10.843800000000005,-3
2005,Michigan St.,Kentucky,5,2,94,88,1,119.608,93.9891,65.7071,25.6192,25.61890000000001,112.199,88.253,67.1865,23.9456,23.946,31.355000000000004,18.209900000000005,13.1451,-1.4793999999999983,1.6736000000000004,1.6729000000000092,3
2005,North Carolina,Wisconsin,1,6,88,82,1,121.055,89.0521,73.6909,32.0028,32.00290000000001,111.095,90.7501,62.9376,20.345,20.3449,30.304900000000004,22.042900000000003,8.262,10.753299999999996,11.657800000000002,11.658000000000012,-5
2005,Illinois,Louisville,1,4,72,57,1,122.18,88.8696,64.8528,33.3107,33.3104,116.489,91.7883,67.4861,24.7011,24.7007,30.3917,27.6194,2.7723000000000013,-2.6332999999999913,8.609599999999997,8.6097,-3
2005,North Carolina,Michigan St.,1,5,87,71,1,121.055,89.0521,73.6909,32.0028,32.00290000000001,119.608,93.9891,65.7071,25.6192,25.61890000000001,27.065900000000013,30.55590000000001,-3.489999999999995,7.983800000000002,6.383600000000001,6.384,-4
2005,North Carolina,Illinois,1,1,75,70,1,121.055,89.0521,73.6909,32.0028,32.00290000000001,122.18,88.8696,64.8528,33.3107,33.3104,32.1854,33.12790000000001,-0.9425000000000097,8.838099999999997,-1.3078999999999965,-1.3074999999999903,0
2006,Monmouth,Hampton,16,16,71,49,1,95.639,97.5258,64.2233,-1.88684,-1.886800000000008,92.2737,102.047,68.0614,-9.77332,-9.773299999999992,-6.408000000000001,-5.252099999999999,-1.1559000000000026,-3.8381000000000114,7.88648,7.886499999999984,0
2006,Alabama,Marquette,10,7,90,85,1,110.562,99.5129,63.0621,11.0491,11.049099999999996,111.896,96.3234,67.6202,15.573,15.572599999999994,14.238599999999991,12.383099999999999,1.8554999999999922,-4.558099999999996,-4.523900000000001,-4.5234999999999985,3
2006,Boston College,Pacific,4,13,88,76,1,118.48,100.286,61.3466,18.1943,18.194000000000003,109.809,98.4624,62.4608,11.3464,11.346599999999995,20.0176,9.522999999999996,10.494600000000005,-1.1141999999999967,6.847899999999999,6.8474000000000075,-9
2006,Duke,Southern,1,16,70,54,1,121.189,92.6239,69.6792,28.5656,28.565099999999987,96.2068,99.848,64.5164,-3.64127,-3.6411999999999978,21.340999999999994,3.582899999999995,17.7581,5.16279999999999,32.20687,32.206299999999985,-15
2006,Florida,South Alabama,3,14,76,50,1,116.023,92.1054,66.9181,23.9172,23.917599999999997,109.629,99.6493,65.275,9.98002,9.979700000000008,16.3737,17.523600000000002,-1.1499000000000024,1.6430999999999898,13.937180000000001,13.937899999999988,-11
2006,George Washington,UNC Wilmington,8,9,88,85,1,109.578,94.6878,71.3753,14.89,14.890200000000007,105.965,91.2105,62.4796,14.7547,14.754500000000007,18.367500000000007,11.277200000000008,7.090299999999999,8.895699999999998,0.13530000000000086,0.13569999999999993,-1
2006,Gonzaga,Xavier,3,14,79,75,1,117.976,103.276,65.6245,14.6999,14.700000000000005,110.467,97.4771,65.1414,12.9902,12.989900000000006,20.498900000000006,7.1910000000000025,13.307900000000004,0.4830999999999932,1.7096999999999998,1.7100999999999988,-11
2006,Illinois,Air Force,4,13,78,69,1,114.309,90.5453,61.3569,23.7637,23.7637,112.446,97.1596,53.9138,15.2867,15.2864,17.1494,21.9007,-4.7513000000000005,7.443100000000001,8.477,8.4773,-9
2006,Indiana,San Diego St.,6,11,87,83,1,109.123,92.5182,65.9344,16.6049,16.60480000000001,111.97,98.9596,65.6456,13.0107,13.010400000000004,10.16340000000001,19.451800000000006,-9.288399999999996,0.28879999999999484,3.5942000000000007,3.5944000000000074,-5
2006,LSU,Iona,4,13,80,64,1,111.476,91.2092,67.0837,20.2666,20.266800000000003,109.77,98.2748,69.0528,11.4947,11.495199999999995,13.2012,18.5608,-5.3596,-1.9691000000000116,8.7719,8.771600000000008,-9
2006,Montana,Nevada,12,5,87,79,1,111.157,102.341,65.7503,8.81599,8.816000000000003,109.514,93.2299,65.4263,16.2837,16.284099999999995,17.927099999999996,7.173000000000002,10.754099999999994,0.32399999999999807,-7.46771,-7.468099999999993,7
2006,Tennessee,Winthrop,2,15,63,61,1,116.081,96.9371,71.1471,19.1437,19.1439,104.292,94.6273,63.8967,9.66427,9.664699999999996,21.453699999999998,7.354900000000001,14.098799999999997,7.250399999999992,9.479429999999999,9.479200000000002,-13
2006,Texas A&M,Syracuse,12,5,66,58,1,106.596,90.7951,62.8202,15.8005,15.8009,109.973,96.6599,68.1385,13.3126,13.313100000000006,9.93610000000001,19.177899999999994,-9.241799999999984,-5.318299999999994,2.4879,2.4877999999999947,7
2006,UCLA,Belmont,2,15,78,44,1,113.948,91.7094,61.1732,22.2382,22.23859999999999,107.963,107.635,68.5983,0.328042,0.3279999999999887,6.312999999999988,16.25359999999999,-9.940600000000003,-7.425099999999993,21.910158,21.910600000000002,-13
2006,Washington,Utah St.,5,12,75,61,1,114.83,96.082,70.9977,18.7484,18.748000000000005,113.98,102.232,60.7302,11.7478,11.748000000000005,12.597999999999999,17.89800000000001,-5.300000000000011,10.267499999999991,7.0006,7.0,-7
2006,Wichita St.,Seton Hall,7,10,86,66,1,111.041,95.5888,61.8931,15.4525,15.45219999999999,106.434,96.6752,65.0036,9.75889,9.758799999999994,14.365799999999993,10.845199999999991,3.5206000000000017,-3.110500000000009,5.693610000000001,5.693399999999997,-3
2006,Arizona,Wisconsin,8,9,94,75,1,109.387,93.6111,67.3457,15.7758,15.775900000000007,111.45,94.9667,64.7149,16.4836,16.4833,14.420299999999997,17.83890000000001,-3.418600000000012,2.6307999999999936,-0.7077999999999989,-0.7073999999999927,-1
2006,Bradley,Kansas,13,4,77,73,1,106.52,90.1637,69.0639,16.3566,16.35629999999999,110.301,86.1782,67.4558,24.1225,24.1228,20.341799999999992,20.137299999999996,0.2044999999999959,1.6081000000000074,-7.7658999999999985,-7.766500000000011,9
2006,Bucknell,Arkansas,9,8,59,55,1,105.571,92.9644,61.6852,12.6066,12.6066,111.988,93.8808,65.6813,18.107,18.10720000000001,11.690200000000004,19.023600000000002,-7.3333999999999975,-3.9960999999999913,-5.500399999999999,-5.500600000000009,1
2006,Connecticut,Albany,1,16,72,59,1,116.671,90.7579,68.0475,25.9129,25.9131,105.901,103.517,63.6591,2.38435,2.3840000000000003,13.15400000000001,15.14309999999999,-1.9890999999999792,4.388399999999997,23.52855,23.5291,-15
2006,George Mason,Michigan St.,11,6,75,65,1,108.235,91.7303,62.191,16.5044,16.5047,116.81,99.7762,63.6938,17.0338,17.0338,8.458799999999997,25.079700000000003,-16.620900000000006,-1.5028000000000006,-0.529399999999999,-0.5290999999999997,5
2006,Georgetown,Northern Iowa,7,10,54,49,1,116.423,96.6387,57.5286,19.7838,19.7843,109.202,92.8333,59.0981,16.3692,16.368700000000004,23.589700000000008,12.563299999999998,11.02640000000001,-1.569500000000005,3.4146,3.4155999999999977,-3
2006,Kentucky,UAB,8,9,69,64,1,113.522,97.5788,63.6485,15.943,15.943200000000004,108.932,96.3991,68.322,12.5331,12.532899999999998,17.1229,11.353200000000001,5.7697,-4.673500000000004,3.4099000000000004,3.4103000000000065,-1
2006,Memphis,Oral Roberts,1,16,94,78,1,112.334,90.0369,71.0562,22.2972,22.2971,106.189,100.139,66.538,6.0496,6.049999999999997,12.195000000000007,16.15209999999999,-3.9570999999999827,4.518200000000007,16.2476,16.247100000000003,-15
2006,North Carolina,Murray St.,3,14,69,65,1,116.376,93.1032,69.944,23.2731,23.272800000000004,104.196,95.9061,62.8848,8.28998,8.289900000000003,20.46990000000001,11.092799999999997,9.377100000000013,7.059200000000004,14.98312,14.9829,-11
2006,Northwestern St.,Iowa,14,3,64,63,1,106.895,99.6838,67.2275,7.21097,7.211199999999991,104.054,84.7443,64.5806,19.3097,19.309700000000007,22.1507,4.370199999999997,17.780500000000004,2.6469000000000023,-12.09873,-12.098500000000016,11
2006,Ohio St.,Davidson,2,15,70,62,1,114.312,91.568,64.7814,22.7439,22.744,110.122,105.288,65.5271,4.83337,4.834000000000003,9.024000000000001,18.554000000000002,-9.530000000000001,-0.7456999999999994,17.91053,17.909999999999997,-13
2006,Texas,Penn,2,15,60,52,1,118.329,91.9877,63.5205,26.3414,26.34129999999999,101.536,94.3154,64.1402,7.22088,7.220600000000005,24.013599999999997,9.548299999999998,14.4653,-0.6196999999999946,19.12052,19.120699999999985,-13
2006,Villanova,Monmouth,1,16,58,45,1,117.412,91.5788,65.8533,25.8328,25.833200000000005,95.639,97.5258,64.2233,-1.88684,-1.886800000000008,19.886200000000002,4.060199999999995,15.826000000000008,1.6300000000000097,27.71964,27.720000000000013,-15
2006,West Virginia,Southern Illinois,6,11,64,46,1,115.841,97.8497,61.7855,17.9911,17.991299999999995,103.568,88.8149,60.1962,14.7533,14.753100000000003,27.0261,5.718299999999999,21.3078,1.5893000000000015,3.2378,3.238199999999992,-5
2006,Boston College,Montana,4,12,69,56,1,118.48,100.286,61.3466,18.1943,18.194000000000003,111.157,102.341,65.7503,8.81599,8.816000000000003,16.13900000000001,10.870999999999995,5.268000000000015,-4.4036999999999935,9.378309999999999,9.378,-8
2006,Duke,George Washington,1,8,74,61,1,121.189,92.6239,69.6792,28.5656,28.565099999999987,109.578,94.6878,71.3753,14.89,14.890200000000007,26.501199999999997,16.954099999999997,9.5471,-1.6961000000000013,13.6756,13.67489999999998,-7
2006,Gonzaga,Indiana,3,6,90,80,1,117.976,103.276,65.6245,14.6999,14.700000000000005,109.123,92.5182,65.9344,16.6049,16.60480000000001,25.457800000000006,5.847000000000008,19.610799999999998,-0.30989999999999895,-1.9050000000000011,-1.904800000000007,-3
2006,LSU,Texas A&M,4,12,58,57,1,111.476,91.2092,67.0837,20.2666,20.266800000000003,106.596,90.7951,62.8202,15.8005,15.8009,20.680899999999994,15.386800000000008,5.294099999999986,4.263499999999993,4.466100000000001,4.465900000000003,-8
2006,UCLA,Alabama,2,10,62,59,1,113.948,91.7094,61.1732,22.2382,22.23859999999999,110.562,99.5129,63.0621,11.0491,11.049099999999996,14.435099999999991,18.852599999999995,-4.417500000000004,-1.8888999999999996,11.1891,11.189499999999995,-8
2006,Washington,Illinois,5,4,67,64,1,114.83,96.082,70.9977,18.7484,18.748000000000005,114.309,90.5453,61.3569,23.7637,23.7637,24.2847,18.227000000000004,6.057699999999997,9.640799999999992,-5.0153,-5.015699999999995,1
2006,Wichita St.,Tennessee,7,2,80,73,1,111.041,95.5888,61.8931,15.4525,15.45219999999999,116.081,96.9371,71.1471,19.1437,19.1439,14.103899999999996,20.492199999999997,-6.388300000000001,-9.253999999999998,-3.6911999999999985,-3.691700000000008,5
2006,Bradley,Pittsburgh,13,5,72,66,1,106.52,90.1637,69.0639,16.3566,16.35629999999999,111.569,90.0027,64.3893,21.5662,21.5663,16.51729999999999,21.405299999999997,-4.888000000000005,4.674599999999998,-5.209599999999998,-5.210000000000008,8
2006,Connecticut,Kentucky,1,8,87,83,1,116.671,90.7579,68.0475,25.9129,25.9131,113.522,97.5788,63.6485,15.943,15.943200000000004,19.092200000000005,22.7641,-3.6718999999999937,4.399000000000001,9.9699,9.969899999999996,-7
2006,George Mason,North Carolina,11,3,65,60,1,108.235,91.7303,62.191,16.5044,16.5047,116.376,93.1032,69.944,23.2731,23.272800000000004,15.131799999999998,24.645700000000005,-9.513900000000007,-7.753,-6.768699999999999,-6.768100000000004,8
2006,Georgetown,Ohio St.,7,2,70,52,1,116.423,96.6387,57.5286,19.7838,19.7843,114.312,91.568,64.7814,22.7439,22.744,24.855000000000004,17.673299999999998,7.181700000000006,-7.252800000000008,-2.9601000000000006,-2.959699999999998,5
2006,Memphis,Bucknell,1,9,72,56,1,112.334,90.0369,71.0562,22.2972,22.2971,105.571,92.9644,61.6852,12.6066,12.6066,19.369600000000005,15.534099999999995,3.8355000000000103,9.371000000000002,9.6906,9.6905,-8
2006,Villanova,Arizona,1,8,82,78,1,117.412,91.5788,65.8533,25.8328,25.833200000000005,109.387,93.6111,67.3457,15.7758,15.775900000000007,23.800900000000013,17.8082,5.9927000000000135,-1.4923999999999893,10.056999999999999,10.057299999999998,-7
2006,West Virginia,Northwestern St.,6,14,67,54,1,115.841,97.8497,61.7855,17.9911,17.991299999999995,106.895,99.6838,67.2275,7.21097,7.211199999999991,16.15719999999999,9.045299999999997,7.1118999999999915,-5.442000000000007,10.78013,10.780100000000004,-8
2006,LSU,Duke,4,1,62,54,1,111.476,91.2092,67.0837,20.2666,20.266800000000003,121.189,92.6239,69.6792,28.5656,28.565099999999987,18.852099999999993,29.979799999999997,-11.127700000000004,-2.5955000000000013,-8.299,-8.298299999999983,3
2006,Memphis,Bradley,1,13,80,64,1,112.334,90.0369,71.0562,22.2972,22.2971,106.52,90.1637,69.0639,16.3566,16.35629999999999,22.170299999999997,16.483099999999993,5.687200000000004,1.9923000000000002,5.9406,5.94080000000001,-12
2006,Texas,West Virginia,2,6,74,71,1,118.329,91.9877,63.5205,26.3414,26.34129999999999,115.841,97.8497,61.7855,17.9911,17.991299999999995,20.479299999999995,23.85329999999999,-3.3739999999999952,1.7349999999999994,8.3503,8.349999999999994,-4
2006,UCLA,Gonzaga,2,3,73,71,1,113.948,91.7094,61.1732,22.2382,22.23859999999999,117.976,103.276,65.6245,14.6999,14.700000000000005,10.671999999999997,26.266599999999997,-15.5946,-4.451299999999996,7.5383,7.538599999999986,-1
2006,Connecticut,Washington,1,5,98,92,1,116.671,90.7579,68.0475,25.9129,25.9131,114.83,96.082,70.9977,18.7484,18.748000000000005,20.589000000000013,24.072099999999992,-3.483099999999979,-2.9501999999999953,7.1645,7.165099999999995,-4
2006,Florida,Georgetown,3,7,57,53,1,116.023,92.1054,66.9181,23.9172,23.917599999999997,116.423,96.6387,57.5286,19.7838,19.7843,19.384299999999996,24.3176,-4.933300000000003,9.389499999999998,4.133400000000002,4.133299999999995,-4
2006,George Mason,Wichita St.,11,7,63,55,1,108.235,91.7303,62.191,16.5044,16.5047,111.041,95.5888,61.8931,15.4525,15.45219999999999,12.646199999999993,19.310699999999997,-6.664500000000004,0.2979000000000056,1.0518999999999998,1.052500000000009,4
2006,Villanova,Boston College,1,4,60,59,1,117.412,91.5788,65.8533,25.8328,25.833200000000005,118.48,100.286,61.3466,18.1943,18.194000000000003,17.126000000000005,26.901200000000003,-9.775199999999998,4.506700000000002,7.6385000000000005,7.639200000000002,-3
2006,LSU,Texas,4,2,70,60,1,111.476,91.2092,67.0837,20.2666,20.266800000000003,118.329,91.9877,63.5205,26.3414,26.34129999999999,19.488299999999995,27.119799999999998,-7.631500000000003,3.563199999999995,-6.0748,-6.074499999999986,2
2006,UCLA,Memphis,2,1,50,45,1,113.948,91.7094,61.1732,22.2382,22.23859999999999,112.334,90.0369,71.0562,22.2972,22.2971,23.91109999999999,20.6246,3.2864999999999895,-9.883000000000003,-0.05900000000000105,-0.05850000000000932,1
2006,Florida,Villanova,3,1,75,62,1,116.023,92.1054,66.9181,23.9172,23.917599999999997,117.412,91.5788,65.8533,25.8328,25.833200000000005,24.444199999999995,25.306600000000003,-0.862400000000008,1.064799999999991,-1.9155999999999977,-1.9156000000000084,2
2006,George Mason,Connecticut,11,1,86,84,1,108.235,91.7303,62.191,16.5044,16.5047,116.671,90.7579,68.0475,25.9129,25.9131,17.477099999999993,24.940700000000007,-7.463600000000014,-5.856499999999997,-9.4085,-9.4084,10
2006,Florida,George Mason,3,11,73,58,1,116.023,92.1054,66.9181,23.9172,23.917599999999997,108.235,91.7303,62.191,16.5044,16.5047,24.292699999999996,16.129599999999996,8.1631,4.727099999999993,7.412800000000001,7.412899999999997,-8
2006,UCLA,LSU,2,4,59,45,1,113.948,91.7094,61.1732,22.2382,22.23859999999999,111.476,91.2092,67.0837,20.2666,20.266800000000003,22.738799999999998,19.766599999999997,2.972200000000001,-5.910499999999992,1.9715999999999987,1.9717999999999876,-2
2006,Florida,UCLA,3,2,73,57,1,116.023,92.1054,66.9181,23.9172,23.917599999999997,113.948,91.7094,61.1732,22.2382,22.23859999999999,24.313599999999994,21.84259999999999,2.4710000000000036,5.744899999999994,1.679000000000002,1.6790000000000056,1
2007,Niagara,Florida A&M,16,16,77,69,1,107.414,110.105,67.5343,-2.69168,-2.6910000000000025,100.826,110.11,67.1306,-9.28363,-9.284000000000006,-2.695999999999998,-9.27900000000001,6.583000000000013,0.4037000000000006,6.591950000000001,6.5930000000000035,0
2007,Boston College,Texas Tech,7,10,84,75,1,117.0,101.094,63.8331,15.9057,15.906000000000006,111.978,100.346,64.2774,11.6325,11.63199999999999,16.653999999999996,10.884,5.769999999999996,-0.44429999999999836,4.273199999999999,4.274000000000015,-3
2007,Butler,Old Dominion,5,12,57,46,1,118.052,97.0797,58.1217,20.9727,20.972300000000004,109.203,95.9276,65.4798,13.2754,13.275400000000005,22.12440000000001,12.1233,10.001100000000008,-7.3581,7.6973,7.696899999999999,-7
2007,Georgetown,Belmont,2,15,80,55,1,121.238,93.1473,59.1413,28.0911,28.0907,106.429,101.758,65.4936,4.67153,4.671000000000007,19.480000000000004,13.2817,6.198300000000003,-6.3523,23.41957,23.41969999999999,-13
2007,Indiana,Gonzaga,7,10,70,57,1,116.372,95.3063,64.4417,21.0657,21.065700000000007,116.012,100.227,66.5965,15.7845,15.784999999999997,16.144999999999996,20.705700000000007,-4.560700000000011,-2.1548000000000087,5.2812,5.28070000000001,-3
2007,Louisville,Stanford,6,11,78,58,1,112.8,93.3409,63.5029,19.4594,19.459099999999992,109.515,97.1603,65.2687,12.3543,12.354699999999994,15.63969999999999,16.174099999999996,-0.5344000000000051,-1.7657999999999987,7.105099999999998,7.104399999999998,-5
2007,Maryland,Davidson,4,13,82,70,1,112.483,90.1675,71.105,22.3158,22.3155,112.107,98.4988,71.316,13.6084,13.608199999999997,13.984200000000001,21.939499999999995,-7.955299999999994,-0.21099999999999852,8.7074,8.707300000000004,-9
2007,Michigan St.,Marquette,9,8,61,49,1,112.195,91.4261,60.1869,20.769,20.768899999999988,112.208,94.3579,67.4391,17.8501,17.850099999999998,17.837099999999992,20.781899999999993,-2.9448000000000008,-7.252199999999995,2.918899999999997,2.9187999999999903,1
2007,North Carolina,Eastern Kentucky,1,16,86,65,1,120.45,88.7132,71.8899,31.7371,31.7368,102.437,105.239,60.6506,-2.80238,-2.8020000000000067,15.210999999999999,13.723799999999997,1.4872000000000014,11.2393,34.539480000000005,34.53880000000001,-15
2007,Ohio St.,Central Connecticut,1,16,78,57,1,119.341,90.4737,64.2281,28.8677,28.8673,104.052,106.074,62.8352,-2.02233,-2.021999999999992,13.266999999999996,13.578300000000013,-0.311300000000017,1.3928999999999974,30.89003,30.88929999999999,-15
2007,Pittsburgh,Wright St.,3,14,79,58,1,118.425,95.5748,61.3083,22.8504,22.8502,104.652,97.6213,62.093,7.03058,7.030699999999996,20.803699999999992,9.077200000000005,11.726499999999987,-0.7847000000000008,15.81982,15.819500000000005,-11
2007,Texas A&M,Penn,3,14,68,52,1,119.182,91.8518,63.6458,27.3305,27.330200000000005,110.281,102.103,67.5944,8.17781,8.178000000000011,17.079000000000008,18.42920000000001,-1.350200000000001,-3.948599999999992,19.15269,19.152199999999993,-11
2007,UCLA,Weber St.,2,15,70,42,1,116.164,90.9188,63.0382,25.2454,25.2452,102.37,104.672,64.785,-2.30205,-2.3019999999999925,11.492000000000004,11.4512,0.04080000000000439,-1.7467999999999932,27.54745,27.547199999999993,-13
2007,VCU,Duke,11,6,79,77,1,116.022,101.653,64.6616,14.3693,14.369,112.973,89.3301,63.6919,23.6432,23.6429,26.691900000000004,11.319999999999993,15.37190000000001,0.9697000000000102,-9.2739,-9.273900000000001,5
2007,Vanderbilt,George Washington,6,11,77,44,1,114.982,101.303,66.2076,13.6783,13.679000000000002,106.11,97.4405,66.4415,8.66941,8.6695,17.5415,4.807000000000002,12.734499999999997,-0.23390000000000555,5.008890000000001,5.009500000000003,-5
2007,Washington St.,Oral Roberts,3,14,70,54,1,111.012,93.1182,59.623,17.8933,17.8938,107.181,98.146,66.0598,9.03458,9.034999999999997,12.866,14.062799999999996,-1.196799999999996,-6.436799999999998,8.85872,8.858800000000002,-11
2007,Xavier,BYU,9,8,79,77,1,117.35,99.0491,65.7488,18.3007,18.3009,116.124,100.375,67.1913,15.7494,15.748999999999995,16.974999999999994,17.0749,-0.0999000000000052,-1.4424999999999955,2.5512999999999995,2.5519000000000034,1
2007,Florida,Jackson St.,1,16,112,69,1,120.927,92.0656,64.9276,28.8619,28.861400000000003,100.077,109.396,69.1948,-9.31953,-9.319000000000004,11.531000000000006,8.011399999999995,3.519600000000011,-4.2672000000000025,38.18143,38.180400000000006,-15
2007,Kansas,Niagara,1,16,107,67,1,115.098,86.837,68.0793,28.2605,28.261,107.414,110.105,67.5343,-2.69168,-2.6910000000000025,4.992999999999995,20.576999999999998,-15.584000000000003,0.5450000000000017,30.95218,30.952,-15
2007,Kentucky,Villanova,8,9,67,58,1,115.724,94.7893,65.7553,20.9347,20.934700000000007,113.578,92.8864,65.5366,20.6914,20.691600000000008,22.83760000000001,18.788700000000006,4.048900000000003,0.21869999999999834,0.24329999999999785,0.24309999999999832,-1
2007,Memphis,North Texas,2,15,73,58,1,115.184,90.3103,68.0416,24.8739,24.8737,102.971,104.218,68.6774,-1.24693,-1.247,10.965999999999994,12.660700000000006,-1.6947000000000116,-0.6358000000000033,26.120829999999998,26.1207,-13
2007,Nevada,Creighton,7,10,77,71,1,117.804,101.581,65.7055,16.2229,16.223,114.267,95.1571,62.2034,19.1102,19.1099,22.646900000000002,12.685999999999993,9.96090000000001,3.5020999999999987,-2.8872999999999998,-2.8869000000000007,-3
2007,Oregon,Miami OH,3,14,58,56,1,117.207,97.4793,65.5537,19.7274,19.7277,105.408,97.2962,57.8835,8.11199,8.111800000000002,19.910799999999995,7.928700000000006,11.982099999999988,7.670200000000008,11.615409999999999,11.615899999999996,-11
2007,Purdue,Arizona,9,8,72,63,1,110.368,92.7698,66.1644,17.5977,17.59819999999999,119.512,100.303,67.8259,19.2093,19.209000000000003,10.064999999999998,26.742199999999997,-16.6772,-1.6615000000000038,-1.6115999999999993,-1.6108000000000118,1
2007,Southern Illinois,Holy Cross,4,13,61,51,1,109.583,89.2996,60.412,20.283,20.2834,103.31,95.6542,61.7425,7.65535,7.655799999999999,13.928799999999995,14.010400000000004,-0.08160000000000878,-1.3305000000000007,12.627650000000001,12.627600000000001,-9
2007,Tennessee,Long Beach St.,5,12,121,86,1,113.576,97.1313,71.0474,16.4443,16.444699999999997,111.687,105.309,70.5918,6.37727,6.378,8.266999999999996,14.555700000000002,-6.288700000000006,0.4555999999999898,10.067029999999999,10.066699999999997,-7
2007,Texas,New Mexico St.,4,13,79,67,1,120.376,99.8398,66.9647,20.5363,20.536200000000008,108.471,100.934,69.3769,7.5367,7.537000000000006,19.442000000000007,8.631200000000007,10.8108,-2.412200000000013,12.999600000000001,12.999200000000002,-9
2007,UNLV,Georgia Tech,7,10,67,63,1,111.624,95.9746,64.7378,15.6493,15.6494,116.887,97.1408,67.0238,19.7464,19.7462,14.483199999999997,20.912400000000005,-6.429200000000009,-2.2860000000000014,-4.097100000000001,-4.096800000000002,-3
2007,USC,Arkansas,5,12,77,60,1,109.896,95.4932,66.6094,14.4031,14.4028,110.253,93.3649,65.8864,16.8885,16.888099999999994,16.531099999999995,14.759799999999998,1.7712999999999965,0.722999999999999,-2.4854000000000003,-2.485299999999995,-7
2007,Virginia,Albany,4,13,84,57,1,112.895,98.6492,67.7343,14.2454,14.245800000000004,107.402,103.976,63.5137,3.42522,3.426000000000002,8.918999999999997,8.752800000000008,0.16619999999998925,4.220600000000005,10.82018,10.819800000000003,-9
2007,Virginia Tech,Illinois,5,12,54,52,1,113.073,95.159,63.1958,17.9139,17.913999999999987,107.542,89.9416,61.5558,17.6003,17.600400000000008,23.1314,12.382999999999996,10.748400000000004,1.6400000000000006,0.313600000000001,0.3135999999999797,-7
2007,Winthrop,Notre Dame,11,6,74,64,1,113.314,98.6066,61.0453,14.7077,14.707399999999993,119.18,98.4445,69.886,20.7354,20.7355,14.869499999999988,20.573400000000007,-5.703900000000019,-8.840699999999998,-6.027699999999998,-6.028100000000006,5
2007,Wisconsin,Texas A&M Corpus Christi,2,15,76,63,1,115.733,89.6933,63.2879,26.0394,26.03970000000001,114.201,106.477,67.5189,7.72391,7.723999999999989,9.256,24.5077,-15.2517,-4.231000000000002,18.31549,18.31570000000002,-13
2007,Butler,Maryland,5,4,62,59,1,118.052,97.0797,58.1217,20.9727,20.972300000000004,112.483,90.1675,71.105,22.3158,22.3155,27.884500000000003,15.403300000000002,12.481200000000001,-12.983300000000007,-1.3430999999999997,-1.343199999999996,1
2007,Georgetown,Boston College,2,7,62,55,1,121.238,93.1473,59.1413,28.0911,28.0907,117.0,101.094,63.8331,15.9057,15.906000000000006,20.144000000000005,23.8527,-3.7086999999999932,-4.691800000000001,12.185400000000001,12.184699999999992,-5
2007,North Carolina,Michigan St.,1,9,81,67,1,120.45,88.7132,71.8899,31.7371,31.7368,112.195,91.4261,60.1869,20.769,20.768899999999988,29.023899999999998,23.481799999999993,5.542100000000005,11.702999999999996,10.968100000000003,10.96790000000001,-8
2007,Ohio St.,Xavier,1,9,78,71,1,119.341,90.4737,64.2281,28.8677,28.8673,117.35,99.0491,65.7488,18.3007,18.3009,20.2919,26.8763,-6.584400000000002,-1.520700000000005,10.567,10.566400000000002,-8
2007,Pittsburgh,VCU,3,11,84,79,1,118.425,95.5748,61.3083,22.8504,22.8502,116.022,101.653,64.6616,14.3693,14.369,16.77199999999999,20.44720000000001,-3.675200000000018,-3.3533000000000044,8.4811,8.481200000000001,-8
2007,Texas A&M,Louisville,3,6,72,69,1,119.182,91.8518,63.6458,27.3305,27.330200000000005,112.8,93.3409,63.5029,19.4594,19.459099999999992,25.841099999999997,20.9482,4.892899999999997,0.14290000000000447,7.871100000000002,7.871100000000013,-3
2007,UCLA,Indiana,2,7,54,49,1,116.164,90.9188,63.0382,25.2454,25.2452,116.372,95.3063,64.4417,21.0657,21.065700000000007,20.85770000000001,25.453199999999995,-4.595499999999987,-1.403499999999994,4.1797,4.179499999999994,-5
2007,Vanderbilt,Washington St.,6,3,78,74,1,114.982,101.303,66.2076,13.6783,13.679000000000002,111.012,93.1182,59.623,17.8933,17.8938,21.863799999999998,9.709000000000003,12.154799999999994,6.584600000000002,-4.215,-4.214799999999997,3
2007,Florida,Purdue,1,9,74,67,1,120.927,92.0656,64.9276,28.8619,28.861400000000003,110.368,92.7698,66.1644,17.5977,17.59819999999999,28.157200000000003,18.30239999999999,9.854800000000012,-1.2368000000000023,11.264199999999999,11.263200000000012,-8
2007,Kansas,Kentucky,1,8,88,76,1,115.098,86.837,68.0793,28.2605,28.261,115.724,94.7893,65.7553,20.9347,20.934700000000007,20.3087,28.887,-8.578299999999999,2.323999999999998,7.325800000000001,7.326299999999993,-7
2007,Memphis,Nevada,2,7,78,62,1,115.184,90.3103,68.0416,24.8739,24.8737,117.804,101.581,65.7055,16.2229,16.223,13.602999999999994,27.493700000000004,-13.89070000000001,2.336100000000002,8.651,8.6507,-5
2007,Oregon,Winthrop,3,11,75,61,1,117.207,97.4793,65.5537,19.7274,19.7277,113.314,98.6066,61.0453,14.7077,14.707399999999993,18.600399999999993,15.834699999999998,2.7656999999999954,4.508400000000009,5.0196999999999985,5.020300000000006,-8
2007,Southern Illinois,Virginia Tech,4,5,63,48,1,109.583,89.2996,60.412,20.283,20.2834,113.073,95.159,63.1958,17.9139,17.913999999999987,14.423999999999992,23.773399999999995,-9.349400000000003,-2.7837999999999994,2.3690999999999995,2.369400000000013,-1
2007,Tennessee,Virginia,5,4,77,74,1,113.576,97.1313,71.0474,16.4443,16.444699999999997,112.895,98.6492,67.7343,14.2454,14.245800000000004,14.9268,15.7637,-0.8369,3.3130999999999915,2.1988999999999983,2.198899999999993,1
2007,UNLV,Wisconsin,7,2,74,68,1,111.624,95.9746,64.7378,15.6493,15.6494,115.733,89.6933,63.2879,26.0394,26.03970000000001,21.9307,19.75840000000001,2.172299999999993,1.4498999999999924,-10.3901,-10.39030000000001,5
2007,USC,Texas,5,4,87,68,1,109.896,95.4932,66.6094,14.4031,14.4028,120.376,99.8398,66.9647,20.5363,20.536200000000008,10.056200000000004,24.882800000000003,-14.8266,-0.3552999999999997,-6.1332,-6.133400000000009,1
2007,Kansas,Southern Illinois,1,4,61,58,1,115.098,86.837,68.0793,28.2605,28.261,109.583,89.2996,60.412,20.283,20.2834,25.7984,22.745999999999995,3.0524000000000058,7.6673000000000044,7.977499999999999,7.977599999999999,-3
2007,Memphis,Texas A&M,2,3,65,64,1,115.184,90.3103,68.0416,24.8739,24.8737,119.182,91.8518,63.6458,27.3305,27.330200000000005,23.3322,28.871700000000004,-5.539500000000004,4.395800000000001,-2.4566000000000017,-2.4565000000000055,-1
2007,Ohio St.,Tennessee,1,5,85,84,1,119.341,90.4737,64.2281,28.8677,28.8673,113.576,97.1313,71.0474,16.4443,16.444699999999997,22.209699999999998,23.1023,-0.8926000000000016,-6.819299999999998,12.4234,12.422600000000003,-4
2007,UCLA,Pittsburgh,2,3,64,55,1,116.164,90.9188,63.0382,25.2454,25.2452,118.425,95.5748,61.3083,22.8504,22.8502,20.589200000000005,27.506199999999993,-6.916999999999987,1.7299000000000007,2.3949999999999996,2.3949999999999996,-1
2007,Florida,Butler,1,5,65,57,1,120.927,92.0656,64.9276,28.8619,28.861400000000003,118.052,97.0797,58.1217,20.9727,20.972300000000004,23.847300000000004,25.986400000000003,-2.139099999999999,6.805900000000001,7.889199999999999,7.889099999999999,-4
2007,Georgetown,Vanderbilt,2,6,66,65,1,121.238,93.1473,59.1413,28.0911,28.0907,114.982,101.303,66.2076,13.6783,13.679000000000002,19.935000000000002,21.834699999999998,-1.8996999999999957,-7.066299999999998,14.4128,14.411699999999996,-4
2007,North Carolina,USC,1,5,74,64,1,120.45,88.7132,71.8899,31.7371,31.7368,109.896,95.4932,66.6094,14.4031,14.4028,24.9568,21.1828,3.774000000000001,5.2805000000000035,17.334000000000003,17.334,-4
2007,Oregon,UNLV,3,7,76,72,1,117.207,97.4793,65.5537,19.7274,19.7277,111.624,95.9746,64.7378,15.6493,15.6494,21.2324,14.1447,7.087699999999998,0.8159000000000134,4.078099999999999,4.078299999999999,-4
2007,Ohio St.,Memphis,1,2,92,76,1,119.341,90.4737,64.2281,28.8677,28.8673,115.184,90.3103,68.0416,24.8739,24.8737,29.030699999999996,24.710300000000004,4.320399999999992,-3.8135000000000048,3.9938000000000002,3.9936000000000007,-1
2007,UCLA,Kansas,2,1,68,55,1,116.164,90.9188,63.0382,25.2454,25.2452,115.098,86.837,68.0793,28.2605,28.261,29.326999999999998,24.179199999999994,5.147800000000004,-5.0411,-3.0151000000000003,-3.0157999999999987,1
2007,Florida,Oregon,1,3,85,77,1,120.927,92.0656,64.9276,28.8619,28.861400000000003,117.207,97.4793,65.5537,19.7274,19.7277,23.44770000000001,25.14139999999999,-1.6936999999999784,-0.6261000000000081,9.1345,9.133700000000005,-2
2007,Georgetown,North Carolina,2,1,96,84,1,121.238,93.1473,59.1413,28.0911,28.0907,120.45,88.7132,71.8899,31.7371,31.7368,32.5248,27.3027,5.2220999999999975,-12.748599999999996,-3.646000000000001,-3.6461000000000006,1
2007,Florida,UCLA,1,2,76,66,1,120.927,92.0656,64.9276,28.8619,28.861400000000003,116.164,90.9188,63.0382,25.2454,25.2452,30.008200000000002,24.098399999999998,5.909800000000004,1.8893999999999949,3.6164999999999985,3.6162000000000027,-1
2007,Ohio St.,Georgetown,1,2,67,60,1,119.341,90.4737,64.2281,28.8677,28.8673,121.238,93.1473,59.1413,28.0911,28.0907,26.193699999999993,30.764300000000006,-4.570600000000013,5.086799999999997,0.7765999999999984,0.776600000000002,-1
2007,Florida,Ohio St.,1,1,84,75,1,120.927,92.0656,64.9276,28.8619,28.861400000000003,119.341,90.4737,64.2281,28.8677,28.8673,30.453300000000013,27.27539999999999,3.1779000000000224,0.6995000000000005,-0.0058000000000006935,-0.005899999999996908,0
2008,Mount St. Mary's,Coppin St.,16,16,69,60,1,99.0167,100.058,65.2309,-1.04085,-1.0413000000000068,92.4179,106.658,62.2413,-14.2405,-14.240099999999998,-7.641300000000001,-7.640100000000004,-0.0011999999999972033,2.989600000000003,13.19965,13.198799999999991,0
2008,Duke,Belmont,2,15,71,70,1,117.443,89.8149,70.9709,27.6285,27.628100000000003,109.436,106.857,68.1091,2.57916,2.579000000000008,10.585999999999999,19.621100000000013,-9.035100000000014,2.8618000000000023,25.04934,25.049099999999996,-13
2008,Kansas,Portland St.,1,16,85,61,1,121.433,87.4681,66.8546,33.9647,33.9649,108.411,102.574,65.7791,5.83665,5.837000000000003,18.85900000000001,20.942899999999995,-2.0838999999999857,1.0755000000000052,28.12805,28.127899999999997,-15
2008,Kansas St.,USC,11,6,80,67,1,113.383,94.4917,69.2125,18.8909,18.8913,110.663,90.6973,64.6004,19.9654,19.9657,22.685699999999997,16.171300000000002,6.514399999999995,4.612100000000012,-1.0745000000000005,-1.0743999999999971,5
2008,Marquette,Kentucky,6,11,74,66,1,113.463,91.6188,66.3008,21.8442,21.8442,106.849,97.1469,61.9035,9.70175,9.702100000000002,16.31609999999999,15.23020000000001,1.085899999999981,4.397299999999994,12.14245,12.1421,-5
2008,Michigan St.,Temple,5,12,72,61,1,115.444,94.5625,62.7366,20.8814,20.881500000000003,112.696,100.26,62.9596,12.4365,12.435999999999993,15.183999999999997,18.133499999999998,-2.9495000000000005,-0.22299999999999898,8.444899999999999,8.44550000000001,-7
2008,Notre Dame,George Mason,5,12,68,50,1,116.335,97.1396,68.9559,19.1955,19.195399999999992,111.486,101.207,60.9624,10.2781,10.27900000000001,15.128,14.346400000000003,0.7815999999999974,7.993499999999997,8.917399999999999,8.916399999999982,-7
2008,Pittsburgh,Oral Roberts,4,13,82,63,1,116.407,96.8952,63.1376,19.5116,19.511799999999997,104.822,93.6893,62.6931,11.1323,11.1327,22.717699999999994,7.9268,14.790899999999993,0.4444999999999979,8.3793,8.379099999999998,-9
2008,Purdue,Baylor,6,11,90,79,1,109.692,91.6027,65.7787,18.089,18.089299999999994,115.389,100.017,69.34,15.3717,15.372,9.674999999999997,23.786299999999997,-14.1113,-3.561300000000003,2.717299999999998,2.7172999999999945,-5
2008,Stanford,Cornell,3,14,77,53,1,113.328,89.3924,62.7524,23.9361,23.935600000000008,110.651,105.607,67.2439,5.04434,5.043999999999997,7.721000000000004,21.2586,-13.537599999999998,-4.491499999999995,18.891759999999998,18.89160000000001,-11
2008,Texas A&M,BYU,9,8,67,62,1,112.029,92.4268,61.5639,19.6026,19.6022,106.852,90.7846,67.4202,16.0675,16.067400000000006,21.2444,14.425200000000004,6.819199999999995,-5.856299999999997,3.5351,3.5347999999999935,1
2008,UCLA,Mississippi Valley St.,1,16,70,29,1,118.735,88.16,63.1761,30.5753,30.575000000000003,92.1127,107.08,62.3905,-14.9674,-14.967299999999994,11.655000000000001,3.952700000000007,7.702299999999994,0.7855999999999952,45.542699999999996,45.5423,-15
2008,Washington St.,Winthrop,4,13,71,40,1,116.272,92.3676,57.7887,23.9044,23.90440000000001,99.6932,92.3864,60.9746,7.30673,7.30680000000001,23.88560000000001,7.3256000000000085,16.560000000000002,-3.1859000000000037,16.59767,16.5976,-9
2008,West Virginia,Arizona,7,10,75,65,1,113.57,93.4302,63.0942,20.14,20.139799999999997,116.577,96.3494,62.8325,20.2271,20.227599999999995,17.22059999999999,23.1468,-5.926200000000009,0.2616999999999976,-0.08709999999999951,-0.08779999999999788,-3
2008,Wisconsin,Cal St. Fullerton,3,14,71,56,1,113.619,86.2081,60.8809,27.4107,27.4109,112.978,104.103,70.926,8.87459,8.875,9.516000000000005,26.769899999999993,-17.253899999999987,-10.045100000000005,18.53611,18.5359,-11
2008,Xavier,Georgia,3,14,73,61,1,116.413,94.068,62.8978,22.3453,22.345,104.018,96.1227,64.1104,7.89531,7.895300000000006,20.290300000000002,9.950000000000003,10.3403,-1.212600000000002,14.449990000000001,14.449699999999993,-11
2008,Arkansas,Indiana,9,8,86,72,1,109.701,94.8336,66.2236,14.8678,14.86739999999999,114.362,94.8557,65.6213,19.5064,19.5063,14.845299999999995,19.52839999999999,-4.683099999999996,0.6022999999999996,-4.6385999999999985,-4.63890000000001,1
2008,Butler,South Alabama,7,10,81,61,1,116.138,96.8401,58.5955,19.2975,19.2979,112.779,100.155,64.0943,12.6239,12.623999999999995,15.983000000000004,15.93889999999999,0.04410000000001446,-5.498800000000003,6.673599999999999,6.673900000000003,-3
2008,Davidson,Gonzaga,10,7,82,76,1,114.056,93.5027,66.0806,20.5532,20.553299999999997,114.221,94.8911,65.1856,19.3301,19.32990000000001,19.164900000000003,20.7183,-1.5533999999999963,0.8950000000000102,1.2230999999999987,1.2233999999999874,3
2008,Georgetown,UMBC,2,15,66,47,1,114.989,90.0051,59.8577,24.9836,24.98390000000001,113.762,109.662,63.0741,4.10027,4.099999999999994,5.326999999999998,23.7569,-18.429900000000004,-3.2164,20.88333,20.883900000000015,-13
2008,Louisville,Boise St.,3,14,79,61,1,111.828,88.6299,64.6887,23.198,23.1981,108.605,104.484,70.2142,4.12039,4.121000000000009,7.344000000000008,19.975099999999998,-12.63109999999999,-5.525500000000008,19.07761,19.07709999999999,-11
2008,Memphis,UT Arlington,1,16,87,63,1,114.695,85.3169,67.7113,29.3779,29.37809999999999,101.14,103.138,68.0296,-1.99751,-1.9980000000000049,11.556999999999988,15.823099999999997,-4.266100000000009,-0.3183000000000078,31.37541,31.376099999999994,-15
2008,Miami FL,St. Mary's,7,10,78,64,1,112.167,97.7713,64.7318,14.3957,14.395700000000003,110.005,94.2943,65.4301,15.7105,15.710699999999989,17.872699999999995,12.233699999999999,5.638999999999996,-0.698299999999989,-1.3148,-1.3149999999999853,-3
2008,Mississippi St.,Oregon,8,9,76,69,1,107.347,91.5296,65.8268,15.8174,15.817399999999992,119.29,102.634,64.9184,16.6554,16.656000000000006,4.712999999999994,27.760400000000004,-23.04740000000001,0.9084000000000003,-0.838000000000001,-0.8386000000000138,-1
2008,North Carolina,Mount St. Mary's,1,16,113,74,1,120.686,92.5415,71.9191,28.1446,28.144500000000008,99.0167,100.058,65.2309,-1.04085,-1.0413000000000068,20.628,6.475200000000001,14.1528,6.688199999999995,29.18545,29.185800000000015,-15
2008,Oklahoma,St. Joseph's,6,11,72,64,1,109.474,94.3986,62.5674,15.0751,15.075400000000002,114.718,100.152,63.5629,14.5658,14.566000000000004,9.322000000000003,20.3194,-10.997399999999999,-0.9954999999999998,0.5093000000000014,0.5093999999999976,-5
2008,San Diego,Connecticut,13,4,70,69,1,101.501,96.9684,62.4343,4.53284,4.532600000000002,115.173,96.0511,66.6029,19.1215,19.1219,5.4498999999999995,18.2046,-12.7547,-4.168600000000005,-14.58866,-14.589299999999998,9
2008,Siena,Vanderbilt,13,4,83,62,1,108.144,101.391,66.6906,6.75339,6.753,112.598,99.0821,67.6816,13.5159,13.515900000000002,9.061900000000009,11.206999999999994,-2.145099999999985,-0.9909999999999997,-6.762510000000001,-6.762900000000002,9
2008,Tennessee,American,2,15,72,57,1,117.787,95.4494,69.5841,22.3372,22.33760000000001,108.308,106.622,59.5974,1.686,1.686000000000007,11.165000000000006,12.85860000000001,-1.6936000000000035,9.986700000000006,20.6512,20.651600000000002,-13
2008,Texas,Austin Peay,2,15,74,54,1,119.757,94.9061,63.0818,24.8513,24.85090000000001,104.504,104.677,64.9848,-0.173098,-0.1730000000000018,15.079999999999998,9.59790000000001,5.482099999999988,-1.9030000000000058,25.024397999999998,25.023900000000012,-13
2008,Villanova,Clemson,12,5,75,69,1,108.903,95.9216,67.2121,12.9811,12.981400000000008,114.102,91.7372,67.3837,22.3653,22.3648,17.165800000000004,18.180400000000006,-1.0146000000000015,-0.17159999999999798,-9.384200000000002,-9.383399999999991,7
2008,Western Kentucky,Drake,12,5,101,99,1,111.076,97.011,66.5432,14.0646,14.064999999999998,119.786,97.4463,61.8906,22.3393,22.339700000000008,13.6297,22.775000000000006,-9.145300000000006,4.6526,-8.274700000000001,-8.27470000000001,7
2008,Kansas,UNLV,1,8,75,56,1,121.433,87.4681,66.8546,33.9647,33.9649,110.183,96.5636,63.0988,13.6193,13.619400000000011,24.869400000000013,22.7149,2.154500000000013,3.755800000000008,20.345399999999998,20.345499999999987,-7
2008,Michigan St.,Pittsburgh,5,4,65,54,1,115.444,94.5625,62.7366,20.8814,20.881500000000003,116.407,96.8952,63.1376,19.5116,19.511799999999997,18.5488,21.844499999999996,-3.2956999999999965,-0.40099999999999625,1.369799999999998,1.3697000000000052,1
2008,Stanford,Marquette,3,6,82,81,1,113.328,89.3924,62.7524,23.9361,23.935600000000008,113.463,91.6188,66.3008,21.8442,21.8442,21.70920000000001,24.0706,-2.361399999999989,-3.548399999999994,2.091899999999999,2.0914000000000073,-3
2008,UCLA,Texas A&M,1,9,51,49,1,118.735,88.16,63.1761,30.5753,30.575000000000003,112.029,92.4268,61.5639,19.6026,19.6022,26.3082,23.869,2.4391999999999996,1.6122000000000014,10.9727,10.972800000000003,-8
2008,Washington St.,Notre Dame,4,5,61,41,1,116.272,92.3676,57.7887,23.9044,23.90440000000001,116.335,97.1396,68.9559,19.1955,19.195399999999992,19.132400000000004,23.967399999999998,-4.834999999999994,-11.167200000000001,4.7089,4.709000000000017,-1
2008,West Virginia,Duke,7,2,73,67,1,113.57,93.4302,63.0942,20.14,20.139799999999997,117.443,89.8149,70.9709,27.6285,27.628100000000003,23.7551,24.0128,-0.2576999999999998,-7.8767,-7.488499999999998,-7.488300000000006,5
2008,Wisconsin,Kansas St.,3,11,72,55,1,113.619,86.2081,60.8809,27.4107,27.4109,113.383,94.4917,69.2125,18.8909,18.8913,19.127300000000005,27.174899999999994,-8.047599999999989,-8.331600000000009,8.5198,8.5196,-8
2008,Xavier,Purdue,3,6,85,78,1,116.413,94.068,62.8978,22.3453,22.345,109.692,91.6027,65.7787,18.089,18.089299999999994,24.810299999999998,15.623999999999995,9.186300000000003,-2.880900000000004,4.256300000000003,4.2557000000000045,-3
2008,Davidson,Georgetown,10,2,74,70,1,114.056,93.5027,66.0806,20.5532,20.553299999999997,114.989,90.0051,59.8577,24.9836,24.98390000000001,24.0509,21.4863,2.5645999999999987,6.222900000000003,-4.430399999999999,-4.4306000000000125,8
2008,Louisville,Oklahoma,3,6,78,48,1,111.828,88.6299,64.6887,23.198,23.1981,109.474,94.3986,62.5674,15.0751,15.075400000000002,17.4294,20.844099999999997,-3.4146999999999963,2.121299999999998,8.1229,8.122699999999998,-3
2008,Memphis,Mississippi St.,1,8,77,74,1,114.695,85.3169,67.7113,29.3779,29.37809999999999,107.347,91.5296,65.8268,15.8174,15.817399999999992,23.16539999999999,22.03009999999999,1.1353000000000009,1.8844999999999885,13.560500000000001,13.560699999999997,-7
2008,North Carolina,Arkansas,1,9,108,77,1,120.686,92.5415,71.9191,28.1446,28.144500000000008,109.701,94.8336,66.2236,14.8678,14.86739999999999,25.852400000000003,17.159499999999994,8.692900000000009,5.695499999999996,13.2768,13.277100000000019,-8
2008,Tennessee,Butler,2,7,76,71,1,117.787,95.4494,69.5841,22.3372,22.33760000000001,116.138,96.8401,58.5955,19.2975,19.2979,20.9469,20.688600000000008,0.2582999999999913,10.988600000000005,3.0397,3.0397000000000105,-5
2008,Texas,Miami FL,2,7,75,72,1,119.757,94.9061,63.0818,24.8513,24.85090000000001,112.167,97.7713,64.7318,14.3957,14.395700000000003,21.98570000000001,17.260900000000007,4.724800000000002,-1.6500000000000057,10.455599999999999,10.455200000000007,-5
2008,Villanova,Siena,12,13,84,72,1,108.903,95.9216,67.2121,12.9811,12.981400000000008,108.144,101.391,66.6906,6.75339,6.753,7.5120000000000005,12.222400000000007,-4.710400000000007,0.5215000000000032,6.22771,6.228400000000008,-1
2008,Western Kentucky,San Diego,12,13,72,63,1,111.076,97.011,66.5432,14.0646,14.064999999999998,101.501,96.9684,62.4343,4.53284,4.532600000000002,14.10759999999999,4.490000000000009,9.617599999999982,4.108899999999998,9.53176,9.532399999999996,-1
2008,Louisville,Tennessee,3,2,79,60,1,111.828,88.6299,64.6887,23.198,23.1981,117.787,95.4494,69.5841,22.3372,22.33760000000001,16.378600000000006,29.1571,-12.778499999999994,-4.895400000000009,0.8608000000000011,0.8604999999999912,1
2008,North Carolina,Washington St.,1,4,68,47,1,120.686,92.5415,71.9191,28.1446,28.144500000000008,116.272,92.3676,57.7887,23.9044,23.90440000000001,28.31840000000001,23.730500000000006,4.587900000000005,14.130400000000002,4.2402000000000015,4.240099999999998,-3
2008,UCLA,Western Kentucky,1,12,88,78,1,118.735,88.16,63.1761,30.5753,30.575000000000003,111.076,97.011,66.5432,14.0646,14.064999999999998,21.724000000000004,22.915999999999997,-1.191999999999993,-3.3671000000000006,16.5107,16.510000000000005,-11
2008,Xavier,West Virginia,3,7,79,75,1,116.413,94.068,62.8978,22.3453,22.345,113.57,93.4302,63.0942,20.14,20.139799999999997,22.982799999999997,19.501999999999995,3.480800000000002,-0.19640000000000413,2.205300000000001,2.2052000000000014,-4
2008,Davidson,Wisconsin,10,3,73,56,1,114.056,93.5027,66.0806,20.5532,20.553299999999997,113.619,86.2081,60.8809,27.4107,27.4109,27.847899999999996,20.116299999999995,7.7316,5.199700000000007,-6.857499999999998,-6.857600000000005,7
2008,Kansas,Villanova,1,12,72,57,1,121.433,87.4681,66.8546,33.9647,33.9649,108.903,95.9216,67.2121,12.9811,12.981400000000008,25.51140000000001,21.4349,4.07650000000001,-0.3575000000000017,20.983600000000003,20.983499999999992,-11
2008,Memphis,Michigan St.,1,5,92,74,1,114.695,85.3169,67.7113,29.3779,29.37809999999999,115.444,94.5625,62.7366,20.8814,20.881500000000003,20.132499999999993,30.1271,-9.994600000000005,4.9746999999999915,8.496500000000001,8.496599999999987,-4
2008,Texas,Stanford,2,3,82,62,1,119.757,94.9061,63.0818,24.8513,24.85090000000001,113.328,89.3924,62.7524,23.9361,23.935600000000008,30.36460000000001,18.421900000000008,11.942700000000002,0.3293999999999997,0.9151999999999987,0.915300000000002,-1
2008,North Carolina,Louisville,1,3,83,73,1,120.686,92.5415,71.9191,28.1446,28.144500000000008,111.828,88.6299,64.6887,23.198,23.1981,32.0561,19.286500000000004,12.769599999999997,7.230400000000003,4.9466,4.946400000000008,-2
2008,UCLA,Xavier,1,3,76,57,1,118.735,88.16,63.1761,30.5753,30.575000000000003,116.413,94.068,62.8978,22.3453,22.345,24.667,28.253,-3.5859999999999985,0.27830000000000155,8.229999999999997,8.230000000000004,-2
2008,Kansas,Davidson,1,10,59,57,1,121.433,87.4681,66.8546,33.9647,33.9649,114.056,93.5027,66.0806,20.5532,20.553299999999997,27.930300000000003,26.58789999999999,1.342400000000012,0.7740000000000009,13.4115,13.411600000000004,-9
2008,Memphis,Texas,1,2,85,67,1,114.695,85.3169,67.7113,29.3779,29.37809999999999,119.757,94.9061,63.0818,24.8513,24.85090000000001,19.788899999999998,34.4401,-14.651200000000003,4.629499999999993,4.526600000000002,4.527199999999979,-1
2008,Kansas,North Carolina,1,1,84,66,1,121.433,87.4681,66.8546,33.9647,33.9649,120.686,92.5415,71.9191,28.1446,28.144500000000008,28.891500000000008,33.2179,-4.3263999999999925,-5.064499999999995,5.8201,5.820399999999992,0
2008,Memphis,UCLA,1,1,78,63,1,114.695,85.3169,67.7113,29.3779,29.37809999999999,118.735,88.16,63.1761,30.5753,30.575000000000003,26.534999999999997,33.418099999999995,-6.883099999999999,4.535199999999996,-1.1973999999999982,-1.1969000000000136,0
2008,Kansas,Memphis,1,1,75,68,1,121.433,87.4681,66.8546,33.9647,33.9649,114.695,85.3169,67.7113,29.3779,29.37809999999999,36.1161,27.226899999999986,8.889200000000017,-0.8566999999999894,4.5868,4.586800000000011,0
2009,Morehead St.,Alabama St.,16,16,58,43,1,102.308,102.325,64.5465,-0.017075,-0.0169999999999959,101.941,103.957,62.7485,-2.01623,-2.015999999999991,-1.6489999999999867,-0.38400000000000034,-1.2649999999999864,1.7979999999999947,1.9991550000000002,1.9989999999999952,0
2009,Connecticut,Chattanooga,1,16,103,47,1,114.597,86.5571,65.5863,28.0401,28.03989999999999,104.271,108.116,68.6926,-3.84568,-3.844999999999999,6.4809999999999945,17.713899999999995,-11.2329,-3.1063000000000045,31.88578,31.884899999999988,-15
2009,Duke,Binghamton,2,15,86,62,1,117.869,92.541,65.5211,25.3284,25.328000000000003,101.747,102.618,66.5996,-0.871417,-0.8709999999999951,15.251000000000005,9.206000000000003,6.045000000000002,-1.0784999999999911,26.199817,26.198999999999998,-13
2009,Gonzaga,Akron,4,13,77,64,1,116.862,90.9086,66.4288,25.9534,25.953399999999988,102.057,95.0743,64.5005,6.9826,6.982700000000008,21.7877,11.148399999999995,10.639300000000006,1.928299999999993,18.970799999999997,18.97069999999998,-9
2009,LSU,Butler,8,9,75,71,1,110.576,95.8662,65.4797,14.7097,14.709799999999989,109.777,93.6264,61.9683,16.1506,16.150599999999997,16.94959999999999,13.910799999999995,3.038799999999995,3.5113999999999947,-1.440900000000001,-1.4408000000000083,-1
2009,Maryland,California,10,7,84,71,1,108.705,95.4167,65.5865,13.2883,13.288299999999992,116.839,98.6172,65.2261,18.2213,18.2218,10.087800000000001,21.422299999999993,-11.334499999999991,0.3603999999999985,-4.933,-4.933500000000009,3
2009,Memphis,Cal St. Northridge,2,15,81,70,1,110.759,81.3187,64.5834,29.4398,29.440299999999997,101.374,96.2591,71.325,5.11477,5.114899999999992,14.499899999999997,20.05529999999999,-5.555399999999992,-6.741600000000005,24.32503,24.325400000000005,-13
2009,Michigan,Clemson,10,7,62,59,1,112.016,97.5173,62.0992,14.4984,14.4987,116.758,96.4646,67.3639,20.2938,20.29339999999999,15.551400000000001,19.24069999999999,-3.6892999999999887,-5.264699999999998,-5.795400000000001,-5.794699999999992,3
2009,North Carolina,Radford,1,16,101,58,1,122.645,94.0872,72.454,28.5574,28.5578,101.326,101.791,68.3948,-0.465293,-0.4650000000000034,20.854,7.238799999999998,13.615200000000002,4.05919999999999,29.022693,29.022800000000004,-15
2009,Oklahoma,Morgan St.,2,15,82,54,1,117.928,94.6403,66.283,23.2882,23.2877,99.986,98.5712,64.8231,1.41474,1.4147999999999996,19.356799999999993,5.345700000000008,14.011099999999985,1.4599000000000046,21.87346,21.8729,-13
2009,Purdue,Northern Iowa,5,12,61,56,1,110.175,88.2115,65.2998,21.9637,21.9635,110.659,100.806,60.1385,9.85203,9.853000000000009,9.369,22.447500000000005,-13.078500000000005,5.161300000000004,12.11167,12.110499999999991,-7
2009,Texas,Minnesota,7,10,76,62,1,110.7,92.1925,64.8728,18.5075,18.507500000000007,107.586,91.8263,63.7652,15.7592,15.759699999999995,18.8737,15.393500000000003,3.4801999999999964,1.107599999999998,2.7483000000000004,2.7478000000000122,-3
2009,Texas A&M,BYU,9,8,79,66,1,112.024,97.6525,63.1826,14.3716,14.371499999999996,114.296,92.6399,68.4554,21.6562,21.65610000000001,19.384100000000004,16.643500000000003,2.7406000000000006,-5.272799999999997,-7.2845999999999975,-7.2846000000000135,1
2009,UCLA,VCU,6,11,65,64,1,119.973,94.8599,64.4791,25.1136,25.113100000000003,109.286,96.5255,65.3295,12.7601,12.760500000000008,23.447500000000005,14.426100000000005,9.0214,-0.8503999999999934,12.353500000000002,12.352599999999995,-5
2009,Villanova,American,3,14,80,67,1,113.638,91.9303,66.8453,21.7081,21.707700000000003,104.705,100.204,59.7892,4.50143,4.501000000000005,13.434000000000012,12.774699999999996,0.659300000000016,7.056099999999994,17.206670000000003,17.206699999999998,-11
2009,Western Kentucky,Illinois,12,5,76,72,1,109.869,102.838,64.2906,7.03093,7.031000000000006,106.425,87.3285,61.8419,19.0963,19.096499999999992,22.540499999999994,3.5870000000000033,18.95349999999999,2.448699999999995,-12.06537,-12.065499999999986,7
2009,Washington,Mississippi St.,4,13,71,58,1,112.741,90.8054,71.7787,21.9358,21.935599999999997,107.733,95.9223,66.7566,11.8111,11.810699999999995,16.818699999999993,16.927599999999998,-0.10890000000000555,5.022099999999995,10.1247,10.124900000000002,-9
2009,Arizona,Utah,12,5,84,71,1,117.23,101.217,63.6396,16.0133,16.013000000000005,110.948,91.91,64.0174,19.0381,19.038,25.320000000000007,9.730999999999995,15.589000000000013,-0.3777999999999935,-3.024799999999999,-3.024999999999995,7
2009,Arizona St.,Temple,6,11,66,57,1,117.682,94.244,58.5891,23.4381,23.438,109.311,94.9885,62.8987,14.3226,14.322500000000003,22.6935,15.067000000000007,7.626499999999993,-4.309599999999996,9.115499999999999,9.115499999999995,-5
2009,Cleveland St.,Wake Forest,13,4,84,69,1,104.438,92.7341,63.1428,11.7042,11.703900000000004,111.358,91.0587,72.3248,20.299,20.2993,13.3793,18.623900000000006,-5.2446000000000055,-9.181999999999995,-8.5948,-8.595399999999994,9
2009,Dayton,West Virginia,11,6,68,60,1,103.115,93.6967,63.8365,9.41849,9.418299999999988,114.693,89.6619,63.2031,25.031,25.031099999999995,13.453099999999992,20.99629999999999,-7.543199999999999,0.6334000000000017,-15.612509999999999,-15.612800000000007,5
2009,Kansas,North Dakota St.,3,14,84,74,1,114.807,91.6765,66.4233,23.1309,23.1305,113.637,101.211,66.9142,12.4256,12.426000000000002,13.596000000000004,21.960499999999996,-8.364499999999992,-0.49089999999999634,10.705300000000001,10.7045,-11
2009,Louisville,Morehead St.,1,16,74,54,1,109.217,83.849,66.967,25.3676,25.367999999999995,102.308,102.325,64.5465,-0.017075,-0.0169999999999959,6.891999999999996,18.459000000000003,-11.567000000000007,2.420500000000004,25.384674999999998,25.38499999999999,-15
2009,Marquette,Utah St.,6,11,58,57,1,117.058,96.076,67.198,20.9824,20.982000000000014,117.04,101.747,59.522,15.293,15.293000000000006,15.311000000000007,20.964000000000013,-5.653000000000006,7.675999999999995,5.689399999999999,5.689000000000007,-5
2009,Michigan St.,Robert Morris,2,15,77,62,1,112.732,89.9494,65.9592,22.7829,22.7826,101.428,99.9183,65.4018,1.5095,1.5096999999999952,12.813699999999997,11.4786,1.335099999999997,0.5574000000000012,21.273400000000002,21.272900000000003,-13
2009,Missouri,Cornell,3,14,78,59,1,114.53,91.046,69.8579,23.484,23.483999999999995,108.108,102.611,65.0003,5.49712,5.497,11.918999999999997,17.061999999999998,-5.143000000000001,4.857600000000005,17.986880000000003,17.986999999999995,-11
2009,Oklahoma St.,Tennessee,8,9,77,75,1,115.065,97.2997,69.1545,17.7655,17.765299999999996,114.801,98.2193,67.356,16.5817,16.581699999999998,16.845699999999994,17.5013,-0.6556000000000068,1.7985000000000042,1.183799999999998,1.1835999999999984,-1
2009,Pittsburgh,East Tennessee St.,1,16,72,62,1,121.48,92.002,64.7792,29.4777,29.47800000000001,106.255,101.161,68.8103,5.09407,5.093999999999994,20.319000000000003,14.253,6.0660000000000025,-4.031099999999995,24.383629999999997,24.384000000000015,-15
2009,Siena,Ohio St.,9,8,74,72,1,110.158,98.4844,70.1991,11.6737,11.673600000000008,113.731,97.2667,61.9585,16.4647,16.464299999999994,12.891300000000001,15.2466,-2.3552999999999997,8.2406,-4.791,-4.790699999999987,1
2009,Syracuse,Stephen F. Austin,3,14,59,44,1,116.963,95.2698,69.2046,21.693,21.69319999999999,97.6543,90.9171,61.6881,6.73718,6.737200000000001,26.04589999999999,2.3845000000000027,23.661399999999986,7.516500000000001,14.955820000000001,14.955999999999989,-11
2009,USC,Boston College,10,7,72,55,1,109.428,91.7696,62.8813,17.6587,17.6584,113.378,101.263,64.7471,12.1159,12.114999999999997,8.164999999999992,21.608400000000003,-13.443400000000011,-1.8658000000000001,5.5428,5.543400000000004,3
2009,Wisconsin,Florida St.,12,5,61,59,1,113.854,95.8886,58.4386,17.9651,17.965400000000002,105.685,89.7283,65.4367,15.9569,15.956699999999998,24.125699999999995,9.796400000000006,14.32929999999999,-6.998100000000001,2.0082000000000004,2.0087000000000046,7
2009,Xavier,Portland St.,4,13,77,59,1,111.158,92.0625,65.3071,19.0951,19.0955,108.934,104.084,64.4177,4.85027,4.849999999999994,7.073999999999998,16.871499999999997,-9.7975,0.8894000000000091,14.244829999999999,14.245500000000007,-9
2009,Connecticut,Texas A&M,1,9,92,66,1,114.597,86.5571,65.5863,28.0401,28.03989999999999,112.024,97.6525,63.1826,14.3716,14.371499999999996,16.94449999999999,25.466899999999995,-8.522400000000005,2.4036999999999935,13.668499999999998,13.668399999999993,-8
2009,Duke,Texas,2,7,74,69,1,117.869,92.541,65.5211,25.3284,25.328000000000003,110.7,92.1925,64.8728,18.5075,18.507500000000007,25.676500000000004,18.159000000000006,7.517499999999998,0.6483000000000061,6.820899999999998,6.820499999999996,-5
2009,Gonzaga,Western Kentucky,4,12,83,81,1,116.862,90.9086,66.4288,25.9534,25.953399999999988,109.869,102.838,64.2906,7.03093,7.031000000000006,14.024000000000001,18.960399999999993,-4.936399999999992,2.1381999999999977,18.922469999999997,18.922399999999982,-8
2009,Memphis,Maryland,2,10,89,70,1,110.759,81.3187,64.5834,29.4398,29.440299999999997,108.705,95.4167,65.5865,13.2883,13.288299999999992,15.342299999999994,27.38629999999999,-12.043999999999997,-1.0031000000000034,16.151500000000002,16.152000000000005,-8
2009,North Carolina,LSU,1,8,84,70,1,122.645,94.0872,72.454,28.5574,28.5578,110.576,95.8662,65.4797,14.7097,14.709799999999989,26.77879999999999,16.488799999999998,10.289999999999992,6.9742999999999995,13.847700000000001,13.848000000000011,-7
2009,Oklahoma,Michigan,2,10,73,63,1,117.928,94.6403,66.283,23.2882,23.2877,112.016,97.5173,62.0992,14.4984,14.4987,20.41069999999999,17.37570000000001,3.0349999999999824,4.183799999999998,8.7898,8.789000000000001,-8
2009,Purdue,Washington,5,4,76,74,1,110.175,88.2115,65.2998,21.9637,21.9635,112.741,90.8054,71.7787,21.9358,21.935599999999997,19.36959999999999,24.5295,-5.1599000000000075,-6.478899999999996,0.027899999999998926,0.02790000000000248,1
2009,Villanova,UCLA,3,6,89,69,1,113.638,91.9303,66.8453,21.7081,21.707700000000003,119.973,94.8599,64.4791,25.1136,25.113100000000003,18.77810000000001,28.042699999999996,-9.264599999999987,2.366199999999992,-3.4055,-3.4054,-3
2009,Arizona,Cleveland St.,12,13,71,57,1,117.23,101.217,63.6396,16.0133,16.013000000000005,104.438,92.7341,63.1428,11.7042,11.703900000000004,24.495900000000006,3.2210000000000036,21.274900000000002,0.49680000000000035,4.309100000000001,4.309100000000001,-1
2009,Kansas,Dayton,3,11,60,43,1,114.807,91.6765,66.4233,23.1309,23.1305,103.115,93.6967,63.8365,9.41849,9.418299999999988,21.110299999999995,11.43849999999999,9.671800000000005,2.5867999999999967,13.71241,13.712200000000013,-8
2009,Louisville,Siena,1,9,79,72,1,109.217,83.849,66.967,25.3676,25.367999999999995,110.158,98.4844,70.1991,11.6737,11.673600000000008,10.732600000000005,26.308999999999997,-15.576399999999992,-3.2321000000000026,13.6939,13.694399999999987,-8
2009,Michigan St.,USC,2,10,74,69,1,112.732,89.9494,65.9592,22.7829,22.7826,109.428,91.7696,62.8813,17.6587,17.6584,20.962400000000002,19.4786,1.4838000000000022,3.0778999999999925,5.124200000000002,5.124199999999998,-8
2009,Missouri,Marquette,3,6,83,79,1,114.53,91.046,69.8579,23.484,23.483999999999995,117.058,96.076,67.198,20.9824,20.982000000000014,18.454000000000008,26.012,-7.557999999999993,2.6599000000000075,2.5016000000000034,2.501999999999981,-3
2009,Pittsburgh,Oklahoma St.,1,8,84,76,1,121.48,92.002,64.7792,29.4777,29.47800000000001,115.065,97.2997,69.1545,17.7655,17.765299999999996,24.180300000000003,23.063000000000002,1.1173000000000002,-4.375299999999996,11.7122,11.712700000000012,-7
2009,Syracuse,Arizona St.,3,6,78,67,1,116.963,95.2698,69.2046,21.693,21.69319999999999,117.682,94.244,58.5891,23.4381,23.438,22.718999999999994,22.4122,0.3067999999999955,10.615499999999997,-1.7450999999999972,-1.7448000000000086,-3
2009,Xavier,Wisconsin,4,12,60,49,1,111.158,92.0625,65.3071,19.0951,19.0955,113.854,95.8886,58.4386,17.9651,17.965400000000002,15.269400000000005,21.7915,-6.522099999999995,6.8685000000000045,1.129999999999999,1.1300999999999988,-8
2009,Connecticut,Purdue,1,5,72,60,1,114.597,86.5571,65.5863,28.0401,28.03989999999999,110.175,88.2115,65.2998,21.9637,21.9635,26.385499999999993,23.61789999999999,2.7676000000000016,0.28649999999998954,6.0764,6.076399999999989,-4
2009,Missouri,Memphis,3,2,102,91,1,114.53,91.046,69.8579,23.484,23.483999999999995,110.759,81.3187,64.5834,29.4398,29.440299999999997,33.211299999999994,19.712999999999994,13.4983,5.274500000000003,-5.9558,-5.956300000000002,1
2009,Pittsburgh,Xavier,1,4,60,55,1,121.48,92.002,64.7792,29.4777,29.47800000000001,111.158,92.0625,65.3071,19.0951,19.0955,29.417500000000004,19.156000000000006,10.261499999999998,-0.5279000000000025,10.3826,10.382500000000007,-3
2009,Villanova,Duke,3,2,77,54,1,113.638,91.9303,66.8453,21.7081,21.707700000000003,117.869,92.541,65.5211,25.3284,25.328000000000003,21.09700000000001,25.938699999999997,-4.841699999999989,1.3241999999999905,-3.6202999999999967,-3.6203000000000003,1
2009,Louisville,Arizona,1,12,103,64,1,109.217,83.849,66.967,25.3676,25.367999999999995,117.23,101.217,63.6396,16.0133,16.013000000000005,8.0,33.381,-25.381,3.3273999999999972,9.354299999999999,9.35499999999999,-11
2009,Michigan St.,Kansas,2,3,67,62,1,112.732,89.9494,65.9592,22.7829,22.7826,114.807,91.6765,66.4233,23.1309,23.1305,21.055499999999995,24.857600000000005,-3.80210000000001,-0.46410000000000196,-0.347999999999999,-0.34790000000000276,-1
2009,North Carolina,Gonzaga,1,4,98,77,1,122.645,94.0872,72.454,28.5574,28.5578,116.862,90.9086,66.4288,25.9534,25.953399999999988,31.73639999999999,22.7748,8.96159999999999,6.025199999999998,2.6040000000000028,2.6044000000000125,-3
2009,Oklahoma,Syracuse,2,3,84,71,1,117.928,94.6403,66.283,23.2882,23.2877,116.963,95.2698,69.2046,21.693,21.69319999999999,22.658199999999994,22.322699999999998,0.33549999999999613,-2.921599999999998,1.5951999999999984,1.5945000000000107,-1
2009,Connecticut,Missouri,1,3,82,75,1,114.597,86.5571,65.5863,28.0401,28.03989999999999,114.53,91.046,69.8579,23.484,23.483999999999995,23.550999999999988,27.972899999999996,-4.421900000000008,-4.2716000000000065,4.556099999999997,4.555899999999994,-2
2009,Villanova,Pittsburgh,3,1,78,76,1,113.638,91.9303,66.8453,21.7081,21.707700000000003,121.48,92.002,64.7792,29.4777,29.47800000000001,21.63600000000001,29.5497,-7.9136999999999915,2.0660999999999916,-7.769599999999997,-7.770300000000006,2
2009,Michigan St.,Louisville,2,1,64,52,1,112.732,89.9494,65.9592,22.7829,22.7826,109.217,83.849,66.967,25.3676,25.367999999999995,28.882999999999996,19.2676,9.615399999999994,-1.0078000000000031,-2.584699999999998,-2.5853999999999964,1
2009,North Carolina,Oklahoma,1,2,72,60,1,122.645,94.0872,72.454,28.5574,28.5578,117.928,94.6403,66.283,23.2882,23.2877,28.0047,23.8408,4.163899999999998,6.170999999999992,5.269200000000001,5.270099999999999,-1
2009,Michigan St.,Connecticut,2,1,82,73,1,112.732,89.9494,65.9592,22.7829,22.7826,114.597,86.5571,65.5863,28.0401,28.03989999999999,26.174899999999994,24.647599999999997,1.5272999999999968,0.37290000000000134,-5.257199999999997,-5.25729999999999,1
2009,North Carolina,Villanova,1,3,83,69,1,122.645,94.0872,72.454,28.5574,28.5578,113.638,91.9303,66.8453,21.7081,21.707700000000003,30.714699999999993,19.55080000000001,11.163899999999984,5.608699999999999,6.8492999999999995,6.850099999999998,-2
2009,North Carolina,Michigan St.,1,2,89,72,1,122.645,94.0872,72.454,28.5574,28.5578,112.732,89.9494,65.9592,22.7829,22.7826,32.6956,18.644800000000004,14.050799999999995,6.494799999999998,5.7745,5.775200000000002,-1
2010,Arkansas Pine Bluff,Winthrop,16,16,61,44,1,91.8221,99.7369,64.9785,-7.91476,-7.9148,90.8904,95.0021,63.9135,-4.11173,-4.111699999999999,-3.1799999999999926,-8.846500000000006,5.666500000000013,1.0649999999999977,-3.8030300000000006,-3.8031000000000006,0
2010,Baylor,Sam Houston St.,3,14,68,59,1,118.384,94.9837,64.0252,23.4007,23.4003,110.763,103.694,68.6965,7.06873,7.069000000000003,14.689999999999998,15.779300000000006,-1.0893000000000086,-4.671300000000002,16.33197,16.3313,-11
2010,Butler,UTEP,5,12,77,59,1,110.745,90.7154,63.243,20.0295,20.0296,107.504,89.9248,67.4737,17.5793,17.5792,20.8202,16.788600000000002,4.031599999999997,-4.230699999999992,2.450199999999999,2.4503999999999984,-7
2010,BYU,Florida,7,10,99,92,1,117.315,92.8309,70.9239,24.4842,24.4841,112.433,97.4388,63.5599,14.9939,14.994200000000006,19.876199999999997,19.602100000000007,0.27409999999999,7.364000000000004,9.490300000000001,9.489899999999995,-3
2010,Kansas,Lehigh,1,16,90,74,1,119.854,87.3419,66.6569,32.5121,32.512100000000004,104.907,106.362,68.4313,-1.45422,-1.4549999999999983,13.492000000000004,17.5651,-4.073099999999997,-1.7744,33.966319999999996,33.9671,-15
2010,Kansas St.,North Texas,2,15,82,62,1,115.425,90.4885,69.501,24.9367,24.936499999999995,102.939,103.298,67.1128,-0.358811,-0.3590000000000088,12.126999999999995,12.450499999999991,-0.3234999999999957,2.388200000000012,25.295510999999998,25.295500000000004,-13
2010,Kentucky,East Tennessee St.,1,16,100,71,1,114.384,89.4743,67.5908,24.9097,24.9097,100.3,97.8928,66.1025,2.40771,2.407200000000003,16.491200000000006,10.825699999999998,5.665500000000009,1.4882999999999953,22.50199,22.502499999999998,-15
2010,Murray St.,Vanderbilt,13,4,66,65,1,108.952,94.3666,65.5723,14.5856,14.585399999999993,113.609,96.0838,68.4945,17.5253,17.525199999999998,12.868200000000002,19.24239999999999,-6.374199999999988,-2.9222000000000037,-2.939700000000002,-2.9398000000000053,9
2010,New Mexico,Montana,3,14,62,57,1,114.142,96.7568,67.1887,17.3849,17.385199999999998,106.707,98.1992,61.6822,8.50753,8.507799999999989,15.942799999999991,9.950199999999995,5.992599999999996,5.5064999999999955,8.877369999999999,8.877400000000009,-11
2010,Northern Iowa,UNLV,9,8,69,66,1,108.029,89.7638,58.576,18.2648,18.265199999999997,109.859,92.6156,65.9121,17.2431,17.243399999999994,15.413399999999996,20.09519999999999,-4.6817999999999955,-7.336099999999995,1.0217000000000027,1.0218000000000025,1
2010,Ohio,Georgetown,14,3,97,83,1,105.808,98.4546,68.1933,7.35379,7.353400000000008,116.551,92.2687,65.0947,24.2828,24.282300000000006,13.539300000000011,18.096400000000003,-4.557099999999991,3.0985999999999905,-16.92901,-16.9289,11
2010,Old Dominion,Notre Dame,11,6,51,50,1,107.842,90.1999,62.4677,17.6423,17.6421,119.809,101.439,62.3372,18.3693,18.370000000000005,6.403000000000006,29.609099999999998,-23.206099999999992,0.13049999999999784,-0.7270000000000003,-0.7279000000000053,5
2010,St. Mary's,Richmond,10,7,80,71,1,116.442,97.0364,66.3664,19.4058,19.405599999999996,108.108,92.8809,62.1031,15.2274,15.227100000000007,23.561099999999996,11.071600000000004,12.489499999999992,4.263300000000001,4.1784,4.178499999999989,3
2010,Tennessee,San Diego St.,6,11,62,59,1,106.604,89.2115,67.6684,17.3928,17.3925,111.49,94.1721,62.9348,17.3175,17.317899999999995,12.431899999999999,22.278499999999994,-9.846599999999995,4.733600000000003,0.07530000000000214,0.07460000000000377,-5
2010,Villanova,Robert Morris,2,15,73,70,1,118.572,95.5965,71.172,22.9755,22.9755,99.6218,101.452,65.7182,-1.83054,-1.830200000000005,17.120000000000005,4.025299999999987,13.094700000000017,5.453800000000001,24.80604,24.805700000000005,-13
2010,Wake Forest,Texas,9,8,81,80,1,106.69,91.7943,68.4678,14.8954,14.89569999999999,113.444,92.8117,71.1683,20.6323,20.6323,13.878299999999996,21.649699999999996,-7.7714,-2.7005000000000052,-5.7369,-5.73660000000001,1
2010,Washington,Marquette,11,6,80,78,1,111.513,93.6021,71.3389,17.9107,17.910900000000012,114.599,94.1043,61.8892,20.4947,20.49470000000001,17.40870000000001,20.99690000000001,-3.5882000000000005,9.449699999999993,-2.584000000000003,-2.5837999999999965,5
2010,California,Louisville,8,9,77,62,1,119.968,97.7354,67.121,22.2322,22.232600000000005,115.013,97.1787,65.9182,17.834,17.8343,22.789299999999997,17.277600000000007,5.5116999999999905,1.2027999999999963,4.398199999999999,4.398300000000006,-1
2010,Cornell,Temple,12,5,78,65,1,115.443,101.891,63.4422,13.552,13.551999999999992,107.306,86.2797,59.9751,21.0266,21.026299999999992,29.163299999999992,5.414999999999992,23.7483,3.467100000000002,-7.474599999999999,-7.4742999999999995,7
2010,Duke,Arkansas Pine Bluff,1,16,73,44,1,119.296,87.7467,64.9637,31.5489,31.5493,91.8221,99.7369,64.9785,-7.91476,-7.9148,19.5591,4.075400000000002,15.483699999999999,-0.014799999999993929,39.46366,39.4641,-15
2010,Georgia Tech,Oklahoma St.,10,7,64,59,1,108.997,90.9613,67.9549,18.0357,18.03570000000001,111.497,94.9637,66.2045,16.5333,16.533299999999997,14.033299999999997,20.535700000000006,-6.502400000000009,1.750399999999999,1.502399999999998,1.5024000000000122,3
2010,Gonzaga,Florida St.,8,9,67,60,1,112.378,95.585,67.0743,16.7934,16.793000000000006,104.941,86.3361,64.8904,18.605,18.6049,26.0419,9.356000000000009,16.68589999999999,2.183899999999994,-1.811600000000002,-1.8118999999999943,-1
2010,Maryland,Houston,4,13,89,77,1,117.599,94.8962,68.1243,22.7026,22.70280000000001,111.84,102.537,70.8516,9.30246,9.302999999999995,15.061999999999998,16.94380000000001,-1.8818000000000126,-2.7272999999999996,13.40014,13.399800000000015,-9
2010,Michigan St.,New Mexico St.,5,12,70,67,1,112.268,91.9702,65.5206,20.2975,20.297799999999995,111.342,105.22,70.1148,6.12172,6.122,7.048000000000002,19.371799999999993,-12.323799999999991,-4.594200000000001,14.17578,14.175799999999995,-7
2010,Missouri,Clemson,10,7,86,78,1,110.105,90.4261,68.6097,19.6787,19.6789,109.94,90.3071,67.2015,19.633,19.632899999999992,19.7979,19.513899999999992,0.284000000000006,1.408200000000008,0.045700000000000074,0.04600000000000648,3
2010,Ohio St.,UC Santa Barbara,2,15,68,51,1,117.429,91.9581,64.023,25.4713,25.4709,100.038,97.6604,66.0756,2.37748,2.377600000000001,19.768600000000006,8.079899999999995,11.688700000000011,-2.052599999999998,23.09382,23.0933,-13
2010,Pittsburgh,Oakland,3,14,89,66,1,111.307,92.5315,60.3262,18.7753,18.775500000000008,107.635,103.917,68.5659,3.71824,3.718000000000004,7.390000000000001,15.103500000000011,-7.7135000000000105,-8.2397,15.057060000000002,15.057500000000005,-11
2010,Purdue,Siena,4,13,72,64,1,110.762,88.1665,65.4793,22.5959,22.5955,109.569,95.6534,68.3596,13.9156,13.915599999999998,15.108599999999996,21.402500000000003,-6.293900000000008,-2.8803000000000054,8.6803,8.679900000000004,-9
2010,Syracuse,Vermont,1,16,79,56,1,118.167,90.5783,68.6909,27.5886,27.588700000000003,103.697,100.573,65.8979,3.12414,3.124000000000009,17.59400000000001,13.118700000000004,4.475300000000004,2.792999999999992,24.46446,24.464699999999993,-15
2010,Texas A&M,Utah St.,5,12,69,53,1,112.093,91.9447,64.0152,20.1487,20.14830000000001,116.361,95.0722,59.4224,21.2893,21.28880000000001,17.02080000000001,24.416300000000007,-7.395499999999998,4.59279999999999,-1.1405999999999992,-1.1404999999999994,-7
2010,West Virginia,Morgan St.,2,15,77,50,1,117.329,91.5966,62.3139,25.7322,25.7324,105.657,103.75,68.151,1.90682,1.9069999999999965,13.578999999999994,14.060400000000001,-0.4814000000000078,-5.8370999999999995,23.82538,23.825400000000002,-13
2010,Wisconsin,Wofford,4,13,53,49,1,115.399,89.8348,58.6587,25.564,25.5642,104.267,94.8414,63.1377,9.42513,9.425600000000005,20.557600000000008,14.432199999999995,6.125400000000013,-4.478999999999999,16.13887,16.138599999999997,-9
2010,Xavier,Minnesota,6,11,65,54,1,114.769,94.9437,68.8639,19.8256,19.8253,112.547,93.7989,65.3869,18.7481,18.748099999999997,20.970100000000002,17.60329999999999,3.366800000000012,3.477000000000004,1.0775000000000006,1.0772000000000013,-5
2010,Baylor,Old Dominion,3,11,76,68,1,118.384,94.9837,64.0252,23.4007,23.4003,107.842,90.1999,62.4677,17.6423,17.6421,28.1841,12.8583,15.325800000000001,1.5574999999999974,5.758400000000002,5.758200000000002,-8
2010,Butler,Murray St.,5,13,54,52,1,110.745,90.7154,63.243,20.0295,20.0296,108.952,94.3666,65.5723,14.5856,14.585399999999993,16.3784,18.236599999999996,-1.8581999999999965,-2.3292999999999964,5.443899999999999,5.444200000000006,-8
2010,Kansas St.,BYU,2,7,84,72,1,115.425,90.4885,69.501,24.9367,24.936499999999995,117.315,92.8309,70.9239,24.4842,24.4841,22.594099999999997,26.826499999999996,-4.232399999999998,-1.4228999999999985,0.452499999999997,0.4523999999999937,-5
2010,Kentucky,Wake Forest,1,9,90,60,1,114.384,89.4743,67.5908,24.9097,24.9097,106.69,91.7943,68.4678,14.8954,14.89569999999999,22.589699999999993,17.2157,5.373999999999995,-0.8769999999999953,10.0143,10.01400000000001,-8
2010,Northern Iowa,Kansas,9,1,69,67,1,108.029,89.7638,58.576,18.2648,18.265199999999997,119.854,87.3419,66.6569,32.5121,32.512100000000004,20.6871,30.090199999999996,-9.403099999999995,-8.080899999999993,-14.247299999999996,-14.246900000000007,8
2010,St. Mary's,Villanova,10,2,75,68,1,116.442,97.0364,66.3664,19.4058,19.405599999999996,118.572,95.5965,71.172,22.9755,22.9755,20.845499999999987,21.535600000000002,-0.6901000000000153,-4.805599999999998,-3.569700000000001,-3.569900000000004,8
2010,Tennessee,Ohio,6,14,83,68,1,106.604,89.2115,67.6684,17.3928,17.3925,105.808,98.4546,68.1933,7.35379,7.353400000000008,8.1494,16.596500000000006,-8.447100000000006,-0.5248999999999882,10.039010000000001,10.03909999999999,-8
2010,Washington,New Mexico,11,3,82,64,1,111.513,93.6021,71.3389,17.9107,17.910900000000012,114.142,96.7568,67.1887,17.3849,17.385199999999998,14.756200000000007,20.539900000000003,-5.783699999999996,4.150199999999998,0.5258000000000003,0.5257000000000147,8
2010,Cornell,Wisconsin,12,4,87,69,1,115.443,101.891,63.4422,13.552,13.551999999999992,115.399,89.8348,58.6587,25.564,25.5642,25.608199999999997,13.507999999999996,12.100200000000001,4.7834999999999965,-12.012,-12.012200000000007,8
2010,Duke,California,1,8,68,53,1,119.296,87.7467,64.9637,31.5489,31.5493,119.968,97.7354,67.121,22.2322,22.232600000000005,21.560600000000008,32.2213,-10.660699999999991,-2.1572999999999922,9.3167,9.316699999999994,-7
2010,Michigan St.,Maryland,5,4,85,83,1,112.268,91.9702,65.5206,20.2975,20.297799999999995,117.599,94.8962,68.1243,22.7026,22.70280000000001,17.371800000000007,25.6288,-8.25699999999999,-2.6037000000000035,-2.405100000000001,-2.4050000000000153,1
2010,Ohio St.,Georgia Tech,2,10,75,66,1,117.429,91.9581,64.023,25.4713,25.4709,108.997,90.9613,67.9549,18.0357,18.03570000000001,26.467700000000008,17.038899999999998,9.42880000000001,-3.931899999999999,7.435600000000001,7.435199999999991,-8
2010,Purdue,Texas A&M,4,5,63,61,1,110.762,88.1665,65.4793,22.5959,22.5955,112.093,91.9447,64.0152,20.1487,20.14830000000001,18.817300000000003,23.926500000000004,-5.109200000000001,1.464100000000002,2.4471999999999987,2.4471999999999916,-1
2010,Syracuse,Gonzaga,1,8,87,65,1,118.167,90.5783,68.6909,27.5886,27.588700000000003,112.378,95.585,67.0743,16.7934,16.793000000000006,22.582000000000008,21.7997,0.7823000000000064,1.6166000000000054,10.795200000000001,10.795699999999997,-7
2010,West Virginia,Missouri,2,10,68,59,1,117.329,91.5966,62.3139,25.7322,25.7324,110.105,90.4261,68.6097,19.6787,19.6789,26.90289999999999,18.50840000000001,8.39449999999998,-6.295800000000007,6.0535,6.0535,-8
2010,Xavier,Pittsburgh,6,3,71,68,1,114.769,94.9437,68.8639,19.8256,19.8253,111.307,92.5315,60.3262,18.7753,18.775500000000008,22.23750000000001,16.363299999999995,5.874200000000016,8.537700000000001,1.0503,1.0497999999999905,3
2010,Butler,Syracuse,5,1,63,59,1,110.745,90.7154,63.243,20.0295,20.0296,118.167,90.5783,68.6909,27.5886,27.588700000000003,20.166700000000006,27.4516,-7.284899999999993,-5.447899999999997,-7.559100000000001,-7.559100000000004,4
2010,Kansas St.,Xavier,2,6,101,96,1,115.425,90.4885,69.501,24.9367,24.936499999999995,114.769,94.9437,68.8639,19.8256,19.8253,20.48129999999999,24.280500000000004,-3.7992000000000132,0.6371000000000038,5.111099999999997,5.111199999999997,-4
2010,Kentucky,Cornell,1,12,62,45,1,114.384,89.4743,67.5908,24.9097,24.9097,115.443,101.891,63.4422,13.552,13.551999999999992,12.492999999999995,25.9687,-13.475700000000003,4.148600000000002,11.357700000000001,11.357700000000008,-11
2010,West Virginia,Washington,2,11,69,56,1,117.329,91.5966,62.3139,25.7322,25.7324,111.513,93.6021,71.3389,17.9107,17.910900000000012,23.7269,19.91640000000001,3.8104999999999905,-9.024999999999999,7.8215,7.821499999999986,-9
2010,Baylor,St. Mary's,3,10,72,49,1,118.384,94.9837,64.0252,23.4007,23.4003,116.442,97.0364,66.3664,19.4058,19.405599999999996,21.3476,21.458299999999994,-0.11069999999999425,-2.3412000000000006,3.9949000000000012,3.9947000000000052,-7
2010,Duke,Purdue,1,4,70,57,1,119.296,87.7467,64.9637,31.5489,31.5493,110.762,88.1665,65.4793,22.5959,22.5955,31.129500000000007,23.015299999999996,8.114200000000011,-0.5155999999999921,8.953,8.953799999999998,-3
2010,Michigan St.,Northern Iowa,5,9,59,52,1,112.268,91.9702,65.5206,20.2975,20.297799999999995,108.029,89.7638,58.576,18.2648,18.265199999999997,22.504199999999997,16.05879999999999,6.4454000000000065,6.944600000000001,2.0326999999999984,2.0325999999999986,-4
2010,Tennessee,Ohio St.,6,2,76,73,1,106.604,89.2115,67.6684,17.3928,17.3925,117.429,91.9581,64.023,25.4713,25.4709,14.645899999999997,28.2175,-13.571600000000004,3.6454000000000093,-8.078499999999998,-8.078400000000002,4
2010,Butler,Kansas St.,5,2,63,56,1,110.745,90.7154,63.243,20.0295,20.0296,115.425,90.4885,69.501,24.9367,24.936499999999995,20.256500000000003,24.709599999999995,-4.453099999999992,-6.258000000000003,-4.9072,-4.906899999999997,3
2010,West Virginia,Kentucky,2,1,73,66,1,117.329,91.5966,62.3139,25.7322,25.7324,114.384,89.4743,67.5908,24.9097,24.9097,27.854699999999994,22.787400000000005,5.067299999999989,-5.276900000000005,0.822499999999998,0.8226999999999975,1
2010,Duke,Baylor,1,3,78,71,1,119.296,87.7467,64.9637,31.5489,31.5493,118.384,94.9837,64.0252,23.4007,23.4003,24.312300000000008,30.637299999999996,-6.324999999999989,0.9385000000000048,8.1482,8.148999999999997,-2
2010,Michigan St.,Tennessee,5,6,70,69,1,112.268,91.9702,65.5206,20.2975,20.297799999999995,106.604,89.2115,67.6684,17.3928,17.3925,23.0565,14.633799999999994,8.422700000000006,-2.1478000000000037,2.9046999999999983,2.905299999999997,-1
2010,Butler,Michigan St.,5,5,52,50,1,110.745,90.7154,63.243,20.0295,20.0296,112.268,91.9702,65.5206,20.2975,20.297799999999995,18.7748,21.552599999999998,-2.777799999999999,-2.2775999999999996,-0.2680000000000007,-0.26819999999999666,0
2010,Duke,West Virginia,1,2,78,57,1,119.296,87.7467,64.9637,31.5489,31.5493,117.329,91.5966,62.3139,25.7322,25.7324,27.69940000000001,29.58229999999999,-1.882899999999978,2.649800000000006,5.816700000000001,5.8169,-1
2010,Duke,Butler,1,5,61,59,1,119.296,87.7467,64.9637,31.5489,31.5493,110.745,90.7154,63.243,20.0295,20.0296,28.580600000000004,22.9983,5.582300000000004,1.7207000000000008,11.519400000000001,11.5197,-4
2011,Clemson,UAB,12,12,70,52,1,107.856,90.4152,64.0185,17.4409,17.440799999999996,108.63,96.1119,62.1202,12.5184,12.51809999999999,11.744099999999989,18.214799999999997,-6.470700000000008,1.898300000000006,4.922499999999999,4.922700000000006,0
2011,UNC Asheville,Arkansas Little Rock,16,16,81,77,1,101.432,99.0391,67.7991,2.393,2.3928999999999974,100.167,104.657,64.4828,-4.48952,-4.489999999999995,-3.2249999999999943,1.1278999999999968,-4.352899999999991,3.3162999999999982,6.8825199999999995,6.882899999999992,0
2011,UTSA,Alabama St.,16,16,70,61,1,101.474,106.668,67.0401,-5.19344,-5.194000000000003,92.3675,105.437,63.859,-13.0699,-13.06949999999999,-3.962999999999994,-14.3005,10.337500000000006,3.1810999999999936,7.876460000000001,7.875499999999988,0
2011,VCU,USC,11,11,59,46,1,109.563,100.813,65.9737,8.74997,8.75,108.303,93.9363,62.1879,14.3669,14.366699999999994,15.6267,7.489999999999995,8.136700000000005,3.7857999999999947,-5.61693,-5.6166999999999945,0
2011,Butler,Old Dominion,8,9,60,58,1,112.272,97.278,63.7754,14.9935,14.994,109.126,94.8747,60.8228,14.251,14.2513,17.3973,11.847999999999999,5.549300000000002,2.952599999999997,0.7424999999999997,0.7426999999999992,-1
2011,BYU,Wofford,3,14,74,66,1,117.73,94.2638,70.3423,23.4657,23.4662,111.911,104.341,63.4771,7.57016,7.570000000000007,13.38900000000001,17.647199999999998,-4.258199999999988,6.865199999999994,15.895539999999999,15.896199999999993,-11
2011,Cincinnati,Missouri,6,11,78,63,1,109.822,90.218,63.2667,19.6039,19.604,112.932,96.3729,71.2086,16.559,16.5591,13.449100000000001,22.714,-9.264899999999997,-7.941900000000004,3.0448999999999984,3.0448999999999984,-5
2011,Connecticut,Bucknell,3,14,81,52,1,114.804,93.1006,65.3986,21.703,21.7034,105.356,97.7759,65.0026,7.57974,7.580100000000002,17.02810000000001,12.255399999999995,4.772700000000015,0.3960000000000008,14.123259999999998,14.123299999999997,-11
2011,Florida,UC Santa Barbara,2,15,79,51,1,114.555,95.0304,62.5758,19.5245,19.524600000000007,103.503,99.4018,64.4276,4.10161,4.101200000000006,15.153200000000012,8.4726,6.6806000000000125,-1.8517999999999972,15.422889999999999,15.4234,-13
2011,Gonzaga,St. John's,11,6,86,71,1,110.61,94.1013,66.6571,16.5087,16.508700000000005,110.496,93.6698,66.3588,16.8263,16.8262,16.940200000000004,16.3947,0.5455000000000041,0.29829999999999757,-0.31759999999999877,-0.31749999999999545,5
2011,Kansas St.,Utah St.,5,12,73,68,1,109.524,92.0845,66.786,17.4393,17.439499999999995,110.413,90.2135,62.8424,20.1997,20.1995,19.310500000000005,18.32849999999999,0.9820000000000135,3.9436000000000035,-2.7604000000000006,-2.760000000000005,-7
2011,Kentucky,Princeton,4,13,59,57,1,117.76,92.4889,65.932,25.2715,25.271100000000004,106.219,97.4016,63.3505,8.81724,8.817399999999992,20.358400000000003,13.730099999999993,6.62830000000001,2.5815000000000055,16.454259999999998,16.453700000000012,-9
2011,Morehead St.,Louisville,13,4,62,61,1,105.208,98.4152,63.8399,6.79253,6.7928,111.247,88.3769,66.988,22.87,22.870099999999997,16.831099999999992,12.831800000000001,3.999299999999991,-3.1480999999999995,-16.07747,-16.077299999999997,9
2011,Pittsburgh,UNC Asheville,1,16,74,51,1,119.627,92.2012,62.2651,27.4261,27.425799999999995,101.432,99.0391,67.7991,2.393,2.3928999999999974,20.58789999999999,9.230800000000002,11.357099999999988,-5.533999999999999,25.0331,25.032899999999998,-15
2011,Richmond,Vanderbilt,12,5,69,66,1,111.003,95.4298,63.1619,15.5729,15.5732,115.206,97.7687,66.882,17.437,17.437300000000008,13.234300000000005,19.776200000000003,-6.541899999999998,-3.720100000000002,-1.8641000000000005,-1.8641000000000076,7
2011,San Diego St.,Northern Colorado,2,15,68,50,1,113.834,88.2242,62.8786,25.6096,25.609800000000007,106.011,101.426,67.118,4.58447,4.584999999999994,12.408000000000001,17.7868,-5.378799999999998,-4.239399999999996,21.02513,21.024800000000013,-13
2011,Temple,Penn St.,7,10,66,64,1,109.724,92.7362,64.7767,16.988,16.987800000000007,111.847,97.4264,59.8734,14.4209,14.420599999999991,12.297600000000003,19.110799999999998,-6.813199999999995,4.903300000000009,2.5671,2.5672000000000157,-3
2011,UCLA,Michigan St.,7,10,78,76,1,107.561,93.8189,65.5545,13.7419,13.742100000000008,108.503,93.7079,65.0151,14.7956,14.795100000000003,13.853100000000012,14.6841,-0.8309999999999889,0.5394000000000005,-1.053700000000001,-1.0529999999999955,-3
2011,West Virginia,Clemson,5,12,84,76,1,113.313,93.145,62.7344,20.1684,20.168000000000006,107.856,90.4152,64.0185,17.4409,17.440799999999996,22.897800000000004,14.710999999999999,8.186800000000005,-1.2841000000000022,2.727499999999999,2.7272000000000105,-7
2011,Wisconsin,Belmont,4,13,72,58,1,121.946,96.348,56.891,25.5977,25.598,112.236,93.268,68.7655,18.9677,18.968000000000004,28.677999999999997,15.888000000000005,12.789999999999992,-11.874500000000005,6.629999999999999,6.6299999999999955,-9
2011,Arizona,Memphis,5,12,77,75,1,115.936,97.0522,65.5658,18.8834,18.883800000000008,103.673,96.7112,67.8874,6.96184,6.961799999999997,19.224800000000002,6.620800000000003,12.604,-2.3216000000000037,11.921560000000003,11.922000000000011,-7
2011,Duke,Hampton,1,16,87,45,1,118.637,89.0891,69.1256,29.5475,29.5479,93.9345,97.7279,66.566,-3.79341,-3.793400000000005,20.909099999999995,4.845399999999998,16.063699999999997,2.559600000000003,33.34091,33.341300000000004,-15
2011,Florida St.,Texas A&M,10,7,57,50,1,103.157,88.1874,67.5152,14.9701,14.9696,109.943,94.5593,61.4192,15.3838,15.383700000000005,8.597700000000003,21.7556,-13.157899999999998,6.0959999999999965,-0.4137000000000004,-0.4141000000000048,3
2011,George Mason,Villanova,8,9,61,57,1,113.269,94.9599,65.0301,18.3096,18.3091,114.746,96.4465,65.5804,18.299,18.299499999999995,16.822500000000005,19.78609999999999,-2.9635999999999854,-0.5502999999999929,0.010600000000000165,0.009600000000006048,-1
2011,Illinois,UNLV,9,8,73,62,1,112.305,92.727,65.2946,19.5782,19.578000000000003,110.321,91.5518,66.9325,18.7696,18.7692,20.753200000000007,17.593999999999994,3.1592000000000127,-1.637900000000002,0.8085999999999984,0.8088000000000015,1
2011,Kansas,Boston University,1,16,72,53,1,119.505,90.8029,68.9821,28.7018,28.7021,102.907,103.292,63.0646,-0.385171,-0.3850000000000051,16.212999999999994,12.104100000000003,4.108899999999991,5.917500000000004,29.086971,29.087100000000007,-15
2011,Marquette,Xavier,11,6,66,55,1,115.623,97.4927,66.7571,18.1301,18.130300000000005,112.808,96.2683,64.8622,16.5395,16.53970000000001,19.35470000000001,15.315300000000008,4.0394000000000005,1.8948999999999927,1.5905999999999985,1.590599999999995,5
2011,Michigan,Tennessee,8,9,75,45,1,110.77,95.3533,61.959,15.4164,15.416699999999992,107.96,94.5968,66.3754,13.3636,13.363199999999992,16.173199999999994,12.60669999999999,3.566500000000005,-4.416399999999996,2.0527999999999995,2.0534999999999997,-1
2011,North Carolina,LIU Brooklyn,2,15,102,87,1,110.652,89.1087,70.5943,21.5431,21.5433,108.912,103.533,73.2043,5.37973,5.379000000000005,7.119,19.803300000000007,-12.684300000000007,-2.6099999999999994,16.16337,16.164299999999994,-13
2011,Notre Dame,Akron,2,15,69,56,1,121.279,96.6246,63.3777,24.6542,24.654399999999995,103.29,99.533,66.2222,3.75741,3.757000000000005,21.745999999999995,6.665400000000005,15.08059999999999,-2.8445000000000036,20.89679,20.89739999999999,-13
2011,Ohio St.,UTSA,1,16,75,46,1,123.643,91.4115,64.4098,32.232,32.2315,101.474,106.668,67.0401,-5.19344,-5.194000000000003,16.974999999999994,10.0625,6.912499999999994,-2.630299999999991,37.42544,37.4255,-15
2011,Purdue,St. Peter's,3,14,65,43,1,115.013,89.4016,66.3974,25.6115,25.611400000000003,95.0018,91.7599,64.6119,3.24183,3.241900000000001,23.253100000000003,5.600200000000001,17.652900000000002,1.785499999999999,22.36967,22.369500000000002,-11
2011,Syracuse,Indiana St.,3,14,77,60,1,114.248,91.6187,65.0381,22.6298,22.6293,101.49,96.8677,65.4175,4.62225,4.622299999999996,17.380300000000005,9.87129999999999,7.5090000000000146,-0.37940000000000396,18.00755,18.007000000000005,-11
2011,Texas,Oakland,4,13,85,81,1,114.882,88.1564,65.8605,26.7252,26.7256,117.282,104.345,71.6088,12.9371,12.936999999999998,10.537000000000006,29.12559999999999,-18.588599999999985,-5.7483,13.788100000000002,13.788600000000002,-9
2011,VCU,Georgetown,11,6,74,56,1,109.563,100.813,65.9737,8.74997,8.75,114.287,95.2916,63.7784,18.9952,18.995400000000004,14.2714,13.474000000000004,0.7973999999999961,2.195299999999996,-10.245230000000001,-10.245400000000004,5
2011,Washington,Georgia,7,10,68,65,1,116.488,94.2736,70.7555,22.2141,22.2144,107.153,95.1889,64.1695,11.9637,11.964100000000002,21.299099999999996,12.879400000000004,8.419699999999992,6.5859999999999985,10.250399999999999,10.2503,-3
2011,Butler,Pittsburgh,8,1,71,70,1,112.272,97.278,63.7754,14.9935,14.994,119.627,92.2012,62.2651,27.4261,27.425799999999995,20.070800000000006,22.34899999999999,-2.278199999999984,1.5103000000000009,-12.432600000000003,-12.431799999999996,7
2011,BYU,Gonzaga,3,11,89,67,1,117.73,94.2638,70.3423,23.4657,23.4662,110.61,94.1013,66.6571,16.5087,16.508700000000005,23.62870000000001,16.346199999999996,7.282500000000013,3.6851999999999947,6.956999999999997,6.957499999999996,-8
2011,Connecticut,Cincinnati,3,6,69,58,1,114.804,93.1006,65.3986,21.703,21.7034,109.822,90.218,63.2667,19.6039,19.604,24.586,16.721400000000003,7.864599999999996,2.1319000000000017,2.0991,2.0993999999999993,-3
2011,Florida,UCLA,2,7,73,65,1,114.555,95.0304,62.5758,19.5245,19.524600000000007,107.561,93.8189,65.5545,13.7419,13.742100000000008,20.736100000000008,12.530600000000007,8.2055,-2.9787000000000035,5.7826,5.782499999999999,-5
2011,Kentucky,West Virginia,4,5,71,63,1,117.76,92.4889,65.932,25.2715,25.271100000000004,113.313,93.145,62.7344,20.1684,20.168000000000006,24.61500000000001,20.8241,3.7909000000000077,3.1976000000000013,5.103100000000001,5.103099999999998,-1
2011,Richmond,Morehead St.,12,13,65,48,1,111.003,95.4298,63.1619,15.5729,15.5732,105.208,98.4152,63.8399,6.79253,6.7928,12.587800000000001,9.778199999999998,2.809600000000003,-0.6779999999999973,8.780370000000001,8.7804,-1
2011,San Diego St.,Temple,2,7,71,64,1,113.834,88.2242,62.8786,25.6096,25.609800000000007,109.724,92.7362,64.7767,16.988,16.987800000000007,21.097800000000007,21.499800000000008,-0.402000000000001,-1.8981000000000066,8.6216,8.622,-5
2011,Wisconsin,Kansas St.,4,5,70,65,1,121.946,96.348,56.891,25.5977,25.598,109.524,92.0845,66.786,17.4393,17.439499999999995,29.861499999999992,13.176000000000002,16.68549999999999,-9.895000000000003,8.1584,8.158500000000004,-1
2011,Arizona,Texas,5,4,70,69,1,115.936,97.0522,65.5658,18.8834,18.883800000000008,114.882,88.1564,65.8605,26.7252,26.7256,27.779600000000002,17.829800000000006,9.949799999999996,-0.29470000000000596,-7.841799999999999,-7.841799999999992,1
2011,Duke,Michigan,1,8,73,71,1,118.637,89.0891,69.1256,29.5475,29.5479,110.77,95.3533,61.959,15.4164,15.416699999999992,23.283699999999996,21.680899999999994,1.602800000000002,7.1666000000000025,14.1311,14.131200000000007,-7
2011,Florida St.,Notre Dame,10,2,71,57,1,103.157,88.1874,67.5152,14.9701,14.9696,121.279,96.6246,63.3777,24.6542,24.654399999999995,6.5323999999999955,33.0916,-26.559200000000004,4.137499999999996,-9.684099999999999,-9.684799999999996,8
2011,Kansas,Illinois,1,9,73,59,1,119.505,90.8029,68.9821,28.7018,28.7021,112.305,92.727,65.2946,19.5782,19.578000000000003,26.77799999999999,21.502100000000013,5.275899999999979,3.6875,9.1236,9.124099999999999,-8
2011,Marquette,Syracuse,11,3,66,62,1,115.623,97.4927,66.7571,18.1301,18.130300000000005,114.248,91.6187,65.0381,22.6298,22.6293,24.0043,16.755300000000005,7.248999999999995,1.718999999999994,-4.499700000000001,-4.498999999999995,8
2011,North Carolina,Washington,2,7,86,83,1,110.652,89.1087,70.5943,21.5431,21.5433,116.488,94.2736,70.7555,22.2141,22.2144,16.3784,27.3793,-11.000900000000001,-0.1611999999999938,-0.6709999999999994,-0.6711000000000027,-5
2011,Ohio St.,George Mason,1,8,98,66,1,123.643,91.4115,64.4098,32.232,32.2315,113.269,94.9599,65.0301,18.3096,18.3091,28.683099999999996,21.8575,6.825599999999994,-0.6203000000000003,13.9224,13.922399999999996,-7
2011,VCU,Purdue,11,3,94,76,1,109.563,100.813,65.9737,8.74997,8.75,115.013,89.4016,66.3974,25.6115,25.611400000000003,20.1614,14.200000000000003,5.961399999999998,-0.42370000000001085,-16.861530000000002,-16.861400000000003,8
2011,Arizona,Duke,5,1,93,77,1,115.936,97.0522,65.5658,18.8834,18.883800000000008,118.637,89.0891,69.1256,29.5475,29.5479,26.846900000000005,21.5848,5.262100000000004,-3.55980000000001,-10.664099999999998,-10.66409999999999,4
2011,Butler,Wisconsin,8,4,61,54,1,112.272,97.278,63.7754,14.9935,14.994,121.946,96.348,56.891,25.5977,25.598,15.924000000000007,24.667999999999992,-8.743999999999986,6.884399999999999,-10.6042,-10.604,4
2011,Connecticut,San Diego St.,3,2,74,67,1,114.804,93.1006,65.3986,21.703,21.7034,113.834,88.2242,62.8786,25.6096,25.609800000000007,26.579800000000006,20.733400000000003,5.846400000000003,2.520000000000003,-3.906600000000001,-3.9064000000000085,1
2011,Florida,BYU,2,3,83,74,1,114.555,95.0304,62.5758,19.5245,19.524600000000007,117.73,94.2638,70.3423,23.4657,23.4662,20.291200000000003,22.699600000000004,-2.4084000000000003,-7.7664999999999935,-3.9411999999999985,-3.941599999999994,-1
2011,Kansas,Richmond,1,12,77,57,1,119.505,90.8029,68.9821,28.7018,28.7021,111.003,95.4298,63.1619,15.5729,15.5732,24.075199999999995,20.200100000000006,3.875099999999989,5.8202,13.128899999999998,13.128900000000002,-11
2011,Kentucky,Ohio St.,4,1,62,60,1,117.76,92.4889,65.932,25.2715,25.271100000000004,123.643,91.4115,64.4098,32.232,32.2315,26.3485,31.1541,-4.805599999999998,1.522199999999998,-6.9605,-6.960399999999993,3
2011,North Carolina,Marquette,2,11,81,63,1,110.652,89.1087,70.5943,21.5431,21.5433,115.623,97.4927,66.7571,18.1301,18.130300000000005,13.159300000000002,26.514300000000006,-13.355000000000004,3.83720000000001,3.4130000000000003,3.412999999999993,-9
2011,VCU,Florida St.,11,10,72,71,1,109.563,100.813,65.9737,8.74997,8.75,103.157,88.1874,67.5152,14.9701,14.9696,21.375600000000006,2.343999999999994,19.03160000000001,-1.5414999999999992,-6.220130000000001,-6.2196,1
2011,Butler,Florida,8,2,74,71,1,112.272,97.278,63.7754,14.9935,14.994,114.555,95.0304,62.5758,19.5245,19.524600000000007,17.241600000000005,17.277,-0.03539999999999566,1.1995999999999967,-4.531000000000001,-4.530600000000007,6
2011,Connecticut,Arizona,3,5,65,63,1,114.804,93.1006,65.3986,21.703,21.7034,115.936,97.0522,65.5658,18.8834,18.883800000000008,17.751800000000003,22.835400000000007,-5.083600000000004,-0.16719999999999402,2.8195999999999977,2.8195999999999906,-2
2011,Kentucky,North Carolina,4,2,76,69,1,117.76,92.4889,65.932,25.2715,25.271100000000004,110.652,89.1087,70.5943,21.5431,21.5433,28.651300000000006,18.1631,10.488200000000006,-4.662300000000002,3.7284000000000006,3.7278000000000056,2
2011,VCU,Kansas,11,1,71,61,1,109.563,100.813,65.9737,8.74997,8.75,119.505,90.8029,68.9821,28.7018,28.7021,18.76010000000001,18.691999999999993,0.06810000000001537,-3.008400000000009,-19.95183,-19.9521,10
2011,Butler,VCU,8,11,70,62,1,112.272,97.278,63.7754,14.9935,14.994,109.563,100.813,65.9737,8.74997,8.75,11.459000000000003,12.284999999999997,-0.8259999999999934,-2.198299999999996,6.24353,6.244,-3
2011,Connecticut,Kentucky,3,4,56,55,1,114.804,93.1006,65.3986,21.703,21.7034,117.76,92.4889,65.932,25.2715,25.271100000000004,22.3151,24.659400000000005,-2.344300000000004,-0.5334000000000003,-3.5685000000000002,-3.5677000000000056,-1
2011,Connecticut,Butler,3,8,53,41,1,114.804,93.1006,65.3986,21.703,21.7034,112.272,97.278,63.7754,14.9935,14.994,17.525999999999996,19.171400000000006,-1.6454000000000093,1.6232000000000042,6.7095,6.709399999999999,-5
2012,BYU,Iona,14,14,78,72,1,106.894,93.9601,71.6581,12.9336,12.933900000000008,115.979,103.63,69.0723,12.3492,12.349000000000004,3.26400000000001,22.018900000000002,-18.754899999999992,2.585800000000006,0.5844000000000005,0.5849000000000046,0
2012,Western Kentucky,Mississippi Valley St.,16,16,59,58,1,98.1875,101.022,66.9018,-2.83435,-2.8345000000000056,98.6794,105.054,67.9152,-6.3745,-6.374600000000001,-6.866500000000002,-2.3426000000000045,-4.523899999999998,-1.0134000000000043,3.54015,3.5400999999999954,0
2012,South Florida,California,12,12,65,54,1,102.792,91.3144,57.9277,11.4773,11.477599999999995,111.11,94.5611,65.1101,16.549,16.548900000000003,8.230900000000005,19.795599999999993,-11.564699999999988,-7.182400000000001,-5.0717,-5.071300000000008,0
2012,Vermont,Lamar,16,16,71,59,1,104.447,100.224,61.3192,4.2234,4.222999999999999,107.54,100.064,65.5439,7.476,7.476000000000013,4.38300000000001,7.3160000000000025,-2.9329999999999927,-4.2246999999999915,-3.2526,-3.2530000000000143,0
2012,Baylor,South Dakota St.,3,14,68,60,1,115.656,94.2364,64.8088,21.4193,21.419600000000003,113.756,102.043,64.332,11.7129,11.712999999999994,13.613,19.519599999999997,-5.906599999999997,0.47680000000001144,9.7064,9.706600000000009,-11
2012,Colorado,UNLV,11,6,68,64,1,104.614,96.2689,64.2147,8.34556,8.345100000000002,109.975,93.9097,67.7911,16.0655,16.065299999999993,10.704300000000003,13.706099999999992,-3.0017999999999887,-3.5764000000000067,-7.719939999999999,-7.720199999999991,5
2012,Gonzaga,West Virginia,7,10,77,54,1,111.604,94.5893,64.3904,17.0149,17.014700000000005,111.599,97.0738,63.2691,14.5249,14.525199999999998,14.530199999999994,17.00970000000001,-2.479500000000016,1.121299999999998,2.49,2.4895000000000067,-3
2012,Indiana,New Mexico St.,4,13,79,66,1,119.547,97.0081,66.0427,22.5388,22.5389,109.141,97.4887,69.1013,11.6518,11.652300000000013,22.058300000000003,12.132900000000006,9.925399999999996,-3.0585999999999984,10.886999999999999,10.886599999999989,-9
2012,Iowa St.,Connecticut,8,9,77,64,1,112.844,96.3879,65.1229,16.4561,16.456099999999992,111.126,96.1075,62.2672,15.0185,15.018500000000005,16.736499999999992,14.738100000000003,1.9983999999999895,2.855699999999999,1.4375999999999998,1.4375999999999873,-1
2012,Kansas St.,Southern Miss,8,9,70,64,1,109.953,91.6575,65.8239,18.2953,18.295500000000004,111.225,99.9599,63.0961,11.2651,11.26509999999999,9.993099999999998,19.567499999999995,-9.574399999999997,2.727799999999995,7.030200000000001,7.030400000000014,-1
2012,Kentucky,Western Kentucky,1,16,81,66,1,120.566,88.8382,64.0843,31.7277,31.7278,98.1875,101.022,66.9018,-2.83435,-2.8345000000000056,19.543999999999997,9.3493,10.194699999999997,-2.8174999999999955,34.56205,34.56230000000001,-15
2012,Louisville,Davidson,4,13,69,62,1,105.207,86.3916,65.9921,18.8157,18.8154,111.768,101.075,66.7002,10.6934,10.692999999999998,4.131999999999991,25.376400000000004,-21.244400000000013,-0.7081000000000017,8.1223,8.122400000000003,-9
2012,Marquette,BYU,3,14,88,68,1,112.422,93.0852,69.187,19.3365,19.3368,106.894,93.9601,71.6581,12.9336,12.933900000000008,18.4619,13.808800000000005,4.653099999999995,-2.471100000000007,6.402900000000001,6.402899999999992,-11
2012,Murray St.,Colorado St.,6,11,58,41,1,110.21,95.1414,64.2846,15.069,15.06859999999999,113.273,103.767,63.0838,9.50647,9.506,6.442999999999998,18.13159999999999,-11.688599999999994,1.200800000000001,5.562530000000001,5.562599999999989,-5
2012,New Mexico,Long Beach St.,5,12,75,68,1,110.405,90.4523,65.0743,19.9522,19.952700000000007,111.581,95.9447,65.5618,15.6363,15.636300000000006,14.460300000000004,21.12870000000001,-6.668400000000005,-0.48750000000001137,4.315900000000001,4.316400000000002,-7
2012,Ohio St.,Loyola MD,2,15,78,59,1,117.705,87.8032,65.7505,29.9016,29.901799999999994,103.745,100.068,62.6291,3.6774,3.677000000000007,17.637,15.9418,1.6951999999999998,3.1214000000000013,26.2242,26.224799999999988,-13
2012,Syracuse,UNC Asheville,1,16,72,65,1,116.026,90.5173,64.1527,25.5085,25.50869999999999,109.605,104.64,67.7396,4.96548,4.965000000000003,11.385999999999996,19.087699999999998,-7.701700000000002,-3.5869,20.543020000000002,20.543699999999987,-15
2012,VCU,Wichita St.,12,5,62,59,1,107.166,94.5327,64.298,12.6331,12.633299999999991,116.963,93.7271,65.0878,23.2362,23.2359,13.438900000000004,22.43029999999999,-8.991399999999985,-0.7897999999999996,-10.6031,-10.60260000000001,7
2012,Vanderbilt,Harvard,5,12,79,70,1,114.775,94.4476,63.9958,20.3275,20.32740000000001,108.398,93.6424,59.748,14.756,14.7556,21.13260000000001,13.950400000000002,7.182200000000009,4.247800000000005,5.5715,5.571800000000012,-7
2012,Wisconsin,Montana,4,13,73,49,1,111.961,88.662,57.0497,23.2991,23.298999999999992,103.543,95.6693,63.555,7.87347,7.873699999999999,16.29169999999999,14.881,1.4106999999999914,-6.505299999999998,15.425629999999998,15.425299999999993,-9
2012,Cincinnati,Texas,6,11,65,59,1,109.258,94.1152,61.9205,15.1423,15.142799999999994,113.26,96.748,64.1535,16.5122,16.512,12.509999999999991,19.144800000000004,-6.634800000000013,-2.232999999999997,-1.3698999999999995,-1.3692000000000064,-5
2012,Creighton,Alabama,8,9,58,57,1,119.641,102.559,65.4893,17.0818,17.082000000000008,106.031,89.3714,61.5091,16.6596,16.65960000000001,30.26960000000001,3.4720000000000084,26.797600000000003,3.9802000000000035,0.42220000000000013,0.4223999999999961,-1
2012,Florida,Virginia,7,10,71,45,1,120.271,99.98,63.4917,20.2909,20.291,106.186,88.8224,58.3843,17.3633,17.363600000000005,31.4486,6.206000000000003,25.242599999999996,5.107399999999998,2.9276000000000018,2.927399999999995,-3
2012,Florida St.,St. Bonaventure,3,14,66,63,1,107.767,89.7815,66.0495,17.9858,17.985500000000002,110.138,98.5497,62.409,11.5887,11.588300000000004,9.217299999999994,20.35650000000001,-11.139200000000017,3.640499999999996,6.397100000000002,6.397199999999998,-11
2012,Georgetown,Belmont,3,14,74,59,1,109.993,89.6577,61.6397,20.3352,20.33529999999999,117.088,99.4192,66.7473,17.6692,17.66879999999999,10.573799999999991,27.43029999999999,-16.856499999999997,-5.107599999999998,2.6660000000000004,2.666499999999999,-11
2012,Kansas,Detroit,2,15,65,50,1,116.066,89.1479,65.9779,26.918,26.918099999999995,108.41,102.907,66.4169,5.50243,5.503,13.159000000000006,19.26209999999999,-6.1030999999999835,-0.43899999999999295,21.41557,21.415099999999995,-13
2012,Lehigh,Duke,15,2,75,70,1,108.606,99.6982,67.0402,8.90823,8.907799999999995,117.909,97.043,65.6315,20.8659,20.866,11.562999999999988,18.210800000000006,-6.647800000000018,1.408699999999996,-11.95767,-11.958200000000005,13
2012,Michigan St.,LIU Brooklyn,1,16,89,67,1,115.088,86.2697,63.9032,28.8179,28.818299999999997,108.1,107.557,72.7955,0.542871,0.5429999999999922,7.530999999999992,21.830299999999994,-14.299300000000002,-8.892300000000006,28.275029,28.275300000000005,-15
2012,Norfolk St.,Missouri,15,2,86,84,1,99.5279,101.974,66.0683,-2.44646,-2.4461000000000013,124.486,97.8055,64.7708,26.6802,26.68050000000001,1.7224000000000075,22.512,-20.789599999999993,1.2974999999999994,-29.12666,-29.12660000000001,13
2012,North Carolina,Vermont,1,16,77,58,1,117.11,90.8369,70.0151,26.2727,26.2731,104.447,100.224,61.3192,4.2234,4.222999999999999,16.885999999999996,13.610100000000003,3.275899999999993,8.695900000000002,22.049300000000002,22.0501,-15
2012,Ohio,Michigan,13,4,65,60,1,105.736,94.9527,65.5881,10.7829,10.783300000000011,113.975,95.8679,59.5682,18.1066,18.10709999999999,9.868099999999998,19.0223,-9.154200000000003,6.0199,-7.3237000000000005,-7.323799999999977,9
2012,Purdue,St. Mary's,10,7,72,69,1,116.142,100.148,63.7048,15.9933,15.994,114.424,98.8981,62.3728,15.5262,15.525900000000007,17.243899999999996,14.27600000000001,2.967899999999986,1.3320000000000007,0.4671000000000003,0.46809999999999263,3
2012,South Florida,Temple,12,5,58,44,1,102.792,91.3144,57.9277,11.4773,11.477599999999995,114.086,98.5508,65.2739,15.5352,15.535200000000003,4.241200000000006,22.771599999999992,-18.530399999999986,-7.346199999999996,-4.0579,-4.057600000000008,7
2012,Saint Louis,Memphis,9,8,61,54,1,111.629,91.0501,61.301,20.5785,20.578900000000004,114.7,92.1444,66.8618,22.5554,22.5556,19.4846,23.649900000000002,-4.165300000000002,-5.5608,-1.9769000000000005,-1.976699999999994,1
2012,Xavier,Notre Dame,10,7,67,63,1,107.588,95.9824,65.9384,11.6059,11.605599999999995,110.251,96.0393,59.5561,14.2112,14.211700000000008,11.548699999999997,14.268600000000006,-2.7199000000000098,6.382300000000001,-2.6052999999999997,-2.606100000000012,3
2012,Baylor,Colorado,3,11,80,63,1,115.656,94.2364,64.8088,21.4193,21.419600000000003,104.614,96.2689,64.2147,8.34556,8.345100000000002,19.387100000000004,10.377600000000001,9.009500000000003,0.5941000000000116,13.073739999999999,13.0745,-8
2012,Indiana,VCU,4,12,63,61,1,119.547,97.0081,66.0427,22.5388,22.5389,107.166,94.5327,64.298,12.6331,12.633299999999991,25.01429999999999,10.157899999999998,14.856399999999994,1.7446999999999946,9.905699999999998,9.90560000000001,-8
2012,Kentucky,Iowa St.,1,8,87,71,1,120.566,88.8382,64.0843,31.7277,31.7278,112.844,96.3879,65.1229,16.4561,16.456099999999992,24.1781,24.005799999999994,0.172300000000007,-1.0386000000000024,15.2716,15.271700000000006,-7
2012,Louisville,New Mexico,4,5,59,56,1,105.207,86.3916,65.9921,18.8157,18.8154,110.405,90.4523,65.0743,19.9522,19.952700000000007,14.7547,24.013400000000004,-9.258700000000005,0.9177999999999997,-1.1365000000000016,-1.1373000000000069,-1
2012,Marquette,Murray St.,3,6,62,53,1,112.422,93.0852,69.187,19.3365,19.3368,110.21,95.1414,64.2846,15.069,15.06859999999999,17.280599999999993,17.124799999999993,0.15579999999999927,4.9024,4.2675,4.268200000000011,-3
2012,Ohio St.,Gonzaga,2,7,73,66,1,117.705,87.8032,65.7505,29.9016,29.901799999999994,111.604,94.5893,64.3904,17.0149,17.014700000000005,23.115700000000004,23.800799999999995,-0.6850999999999914,1.3601000000000028,12.886699999999998,12.88709999999999,-5
2012,Syracuse,Kansas St.,1,8,75,59,1,116.026,90.5173,64.1527,25.5085,25.50869999999999,109.953,91.6575,65.8239,18.2953,18.295500000000004,24.368499999999997,19.435699999999997,4.9328,-1.671199999999999,7.2132000000000005,7.213199999999986,-7
2012,Wisconsin,Vanderbilt,4,5,60,57,1,111.961,88.662,57.0497,23.2991,23.298999999999992,114.775,94.4476,63.9958,20.3275,20.32740000000001,17.513400000000004,26.113,-8.599599999999995,-6.946100000000001,2.9715999999999987,2.971599999999981,-1
2012,Cincinnati,Florida St.,6,3,62,56,1,109.258,94.1152,61.9205,15.1423,15.142799999999994,107.767,89.7815,66.0495,17.9858,17.985500000000002,19.4765,13.651799999999994,5.824700000000007,-4.128999999999998,-2.8435000000000006,-2.8427000000000078,3
2012,Florida,Norfolk St.,7,15,84,50,1,120.271,99.98,63.4917,20.2909,20.291,99.5279,101.974,66.0683,-2.44646,-2.4461000000000013,18.296999999999997,-0.4521000000000015,18.7491,-2.576599999999992,22.737360000000002,22.7371,-8
2012,Kansas,Purdue,2,10,63,60,1,116.066,89.1479,65.9779,26.918,26.918099999999995,116.142,100.148,63.7048,15.9933,15.994,15.918000000000006,26.99409999999999,-11.076099999999983,2.2731000000000066,10.9247,10.924099999999996,-8
2012,Michigan St.,Saint Louis,1,9,65,61,1,115.088,86.2697,63.9032,28.8179,28.818299999999997,111.629,91.0501,61.301,20.5785,20.578900000000004,24.037899999999993,25.359300000000005,-1.3214000000000112,2.6021999999999963,8.239400000000003,8.239399999999993,-8
2012,North Carolina,Creighton,1,8,87,73,1,117.11,90.8369,70.0151,26.2727,26.2731,119.641,102.559,65.4893,17.0818,17.082000000000008,14.551000000000002,28.804100000000005,-14.253100000000003,4.525800000000004,9.1909,9.191099999999992,-7
2012,Ohio,South Florida,13,12,62,56,1,105.736,94.9527,65.5881,10.7829,10.783300000000011,102.792,91.3144,57.9277,11.4773,11.477599999999995,14.421599999999998,7.839300000000009,6.582299999999989,7.660399999999996,-0.6943999999999999,-0.6942999999999842,1
2012,Xavier,Lehigh,10,15,70,58,1,107.588,95.9824,65.9384,11.6059,11.605599999999995,108.606,99.6982,67.0402,8.90823,8.907799999999995,7.889799999999994,12.623599999999996,-4.733800000000002,-1.1017999999999972,2.6976700000000005,2.697800000000001,-5
2012,Florida,Marquette,7,3,68,58,1,120.271,99.98,63.4917,20.2909,20.291,112.422,93.0852,69.187,19.3365,19.3368,27.1858,12.441999999999993,14.743800000000007,-5.695299999999996,0.9543999999999997,0.9542000000000002,4
2012,Louisville,Michigan St.,4,1,57,44,1,105.207,86.3916,65.9921,18.8157,18.8154,115.088,86.2697,63.9032,28.8179,28.818299999999997,18.937299999999993,28.696399999999997,-9.759100000000004,2.0888999999999953,-10.002200000000002,-10.002899999999997,3
2012,Ohio St.,Cincinnati,2,6,81,66,1,117.705,87.8032,65.7505,29.9016,29.901799999999994,109.258,94.1152,61.9205,15.1423,15.142799999999994,23.589799999999997,21.45479999999999,2.135000000000005,3.8300000000000054,14.759299999999998,14.759,-4
2012,Syracuse,Wisconsin,1,4,64,63,1,116.026,90.5173,64.1527,25.5085,25.50869999999999,111.961,88.662,57.0497,23.2991,23.298999999999992,27.36399999999999,21.443699999999993,5.9202999999999975,7.102999999999994,2.2094000000000023,2.209699999999998,-3
2012,Baylor,Xavier,3,10,75,70,1,115.656,94.2364,64.8088,21.4193,21.419600000000003,107.588,95.9824,65.9384,11.6059,11.605599999999995,19.673600000000008,13.35159999999999,6.322000000000017,-1.1295999999999964,9.8134,9.814000000000007,-7
2012,Kentucky,Indiana,1,4,102,90,1,120.566,88.8382,64.0843,31.7277,31.7278,119.547,97.0081,66.0427,22.5388,22.5389,23.557900000000004,30.708799999999997,-7.150899999999993,-1.9583999999999975,9.1889,9.188899999999997,-3
2012,North Carolina,Ohio,1,13,73,65,1,117.11,90.8369,70.0151,26.2727,26.2731,105.736,94.9527,65.5881,10.7829,10.783300000000011,22.157300000000006,14.899100000000004,7.258200000000002,4.427000000000007,15.4898,15.489799999999988,-12
2012,Louisville,Florida,4,7,72,68,1,105.207,86.3916,65.9921,18.8157,18.8154,120.271,99.98,63.4917,20.2909,20.291,5.22699999999999,33.879400000000004,-28.652400000000014,2.500399999999992,-1.475200000000001,-1.4756,-3
2012,Ohio St.,Syracuse,2,1,77,70,1,117.705,87.8032,65.7505,29.9016,29.901799999999994,116.026,90.5173,64.1527,25.5085,25.50869999999999,27.187699999999992,28.222799999999992,-1.0351,1.5978000000000065,4.393099999999997,4.393100000000004,1
2012,Kansas,North Carolina,2,1,80,67,1,116.066,89.1479,65.9779,26.918,26.918099999999995,117.11,90.8369,70.0151,26.2727,26.2731,25.229100000000003,27.962099999999992,-2.73299999999999,-4.037199999999999,0.6452999999999989,0.644999999999996,1
2012,Kentucky,Baylor,1,3,82,70,1,120.566,88.8382,64.0843,31.7277,31.7278,115.656,94.2364,64.8088,21.4193,21.419600000000003,26.3296,26.817800000000005,-0.4882000000000062,-0.7245000000000061,10.308399999999999,10.308199999999996,-2
2012,Kansas,Ohio St.,2,2,64,62,1,116.066,89.1479,65.9779,26.918,26.918099999999995,117.705,87.8032,65.7505,29.9016,29.901799999999994,28.2628,28.55709999999999,-0.2942999999999927,0.22740000000000293,-2.983599999999999,-2.983699999999999,0
2012,Kentucky,Louisville,1,4,69,61,1,120.566,88.8382,64.0843,31.7277,31.7278,105.207,86.3916,65.9921,18.8157,18.8154,34.174400000000006,16.368799999999993,17.805600000000013,-1.9077999999999946,12.911999999999999,12.912399999999998,-3
2012,Kentucky,Kansas,1,2,67,59,1,120.566,88.8382,64.0843,31.7277,31.7278,116.066,89.1479,65.9779,26.918,26.918099999999995,31.418099999999995,27.227800000000002,4.1902999999999935,-1.8936000000000064,4.809699999999999,4.809700000000003,-1
2013,North Carolina A&T,Liberty,16,16,73,72,1,92.5828,97.9108,64.8071,-5.32804,-5.327999999999989,100.529,110.044,63.8178,-9.51521,-9.515,-17.46119999999999,2.6182000000000016,-20.079399999999993,0.9893000000000072,4.18717,4.187000000000012,0
2013,St. Mary's,Middle Tennessee,11,11,67,54,1,116.686,97.7603,62.7285,18.9259,18.92570000000001,107.517,91.9796,62.9037,15.5372,15.537399999999993,24.706400000000002,9.756699999999995,14.949700000000007,-0.1752000000000038,3.3886999999999983,3.388300000000017,0
2013,James Madison,LIU Brooklyn,16,16,68,55,1,99.5556,101.23,62.5026,-1.67462,-1.6744000000000057,111.069,112.442,66.723,-1.37364,-1.3729999999999905,-12.886399999999995,9.838999999999999,-22.725399999999993,-4.220399999999998,-0.30098,-0.3014000000000152,0
2013,La Salle,Boise St.,13,13,80,71,1,110.546,97.2446,64.3651,13.3018,13.3014,113.2,98.0999,64.2697,15.1001,15.100099999999998,12.446100000000001,15.955399999999997,-3.509299999999996,0.09539999999999793,-1.7982999999999993,-1.7986999999999984,0
2013,Arizona,Belmont,6,11,81,64,1,114.263,93.7326,64.9417,20.5305,20.5304,111.598,95.8476,65.3017,15.7507,15.7504,18.415400000000005,17.865399999999994,0.5500000000000114,-0.35999999999999943,4.7798,4.779999999999999,-5
2013,Butler,Bucknell,6,11,68,56,1,110.071,95.2626,62.5561,14.8086,14.808399999999992,107.882,94.4384,60.9891,13.4434,13.443600000000004,15.632599999999996,12.619399999999999,3.0131999999999977,1.5670000000000002,1.3651999999999997,1.3647999999999882,-5
2013,California,UNLV,12,5,64,61,1,107.434,94.7044,63.887,12.7298,12.72959999999999,106.858,89.633,67.0633,17.2254,17.22500000000001,17.801000000000002,12.153599999999997,5.647400000000005,-3.1762999999999977,-4.495600000000001,-4.495400000000018,7
2013,Colorado St.,Missouri,8,9,84,72,1,118.136,97.9562,62.9945,20.1795,20.1798,115.006,95.7839,65.5079,19.2225,19.2221,22.352099999999993,17.049800000000005,5.302299999999988,-2.5134000000000043,0.9570000000000007,0.9576999999999991,-1
2013,Gonzaga,Southern,1,16,64,58,1,120.831,91.8845,62.4727,28.9467,28.9465,99.0012,99.294,62.7873,-0.292737,-0.2927999999999997,21.537000000000006,7.1166999999999945,14.420300000000012,-0.31459999999999866,29.239437,29.2393,-15
2013,Harvard,New Mexico,14,3,68,62,1,108.139,101.233,62.4831,6.90592,6.905999999999992,110.537,89.8302,63.1277,20.7068,20.7068,18.30879999999999,9.304000000000002,9.004799999999989,-0.644599999999997,-13.800880000000001,-13.80080000000001,11
2013,Louisville,North Carolina A&T,1,16,79,48,1,114.313,83.1717,65.2907,31.1411,31.1413,92.5828,97.9108,64.8071,-5.32804,-5.327999999999989,16.402200000000008,9.411100000000005,6.991100000000003,0.4835999999999956,36.46914,36.46929999999999,-15
2013,Marquette,Davidson,3,14,59,58,1,113.994,95.3386,62.8067,18.6549,18.6554,112.441,101.27,63.2755,11.1711,11.171000000000006,12.724000000000004,17.102400000000003,-4.378399999999999,-0.46880000000000166,7.483800000000002,7.484399999999994,-11
2013,Memphis,St. Mary's,6,11,54,52,1,108.62,91.9204,67.7883,16.6993,16.699600000000004,116.686,97.7603,62.7285,18.9259,18.92570000000001,10.859700000000004,24.765600000000006,-13.905900000000003,5.05980000000001,-2.2265999999999977,-2.226100000000006,-5
2013,Michigan,South Dakota St.,4,13,71,56,1,120.868,95.8775,62.8699,24.9907,24.9905,112.586,105.42,61.9938,7.16609,7.165999999999997,15.447999999999993,16.7085,-1.2605000000000075,0.876100000000001,17.82461,17.824500000000004,-9
2013,Michigan St.,Valparaiso,3,14,65,54,1,112.662,89.423,62.5852,23.2393,23.239000000000004,111.066,99.147,63.7461,11.9193,11.918999999999995,13.515,21.643,-8.128,-1.160899999999998,11.32,11.32000000000001,-11
2013,Oregon,Oklahoma St.,12,5,68,55,1,105.529,90.6673,67.0931,14.8613,14.8617,109.664,90.2456,65.3529,19.4182,19.418400000000005,15.2834,18.996700000000004,-3.713300000000004,1.7402000000000015,-4.556899999999999,-4.556700000000005,7
2013,Saint Louis,New Mexico St.,4,13,64,44,1,108.951,88.6822,63.0796,20.269,20.2688,105.566,96.7219,63.1987,8.84441,8.844099999999997,12.229099999999988,16.883800000000008,-4.65470000000002,-0.11910000000000309,11.424589999999998,11.424700000000001,-9
2013,Syracuse,Montana,4,13,81,34,1,114.546,91.9806,62.6287,22.5652,22.56540000000001,105.569,102.857,61.796,2.71159,2.7120000000000037,11.689000000000007,13.588400000000007,-1.8994,0.8327000000000027,19.85361,19.853400000000008,-9
2013,VCU,Akron,5,12,88,42,1,113.747,94.4178,65.764,19.3295,19.3292,107.801,94.0583,64.6243,13.7427,13.7427,19.688699999999997,13.383200000000002,6.305499999999995,1.1396999999999906,5.5868,5.586500000000001,-7
2013,Wichita St.,Pittsburgh,9,8,73,55,1,109.966,92.5764,62.4159,17.3895,17.389599999999987,116.301,91.1994,58.1464,25.1014,25.101600000000005,18.766599999999997,23.724599999999995,-4.957999999999998,4.269500000000001,-7.7119,-7.7120000000000175,1
2013,Creighton,Cincinnati,7,10,67,63,1,119.389,97.1644,63.0944,22.2247,22.224599999999995,105.794,90.2087,62.2632,15.5856,15.585300000000004,29.180300000000003,8.629599999999996,20.550700000000006,0.8312000000000026,6.639099999999999,6.6392999999999915,-3
2013,Duke,Albany,2,15,73,61,1,119.646,92.9223,66.0764,26.724,26.723699999999997,102.346,101.191,61.1481,1.15535,1.1550000000000011,18.455,9.423699999999997,9.031300000000002,4.928300000000007,25.56865,25.568699999999996,-13
2013,Florida Gulf Coast,Georgetown,15,2,78,68,1,103.304,99.9512,66.6594,3.35293,3.352800000000002,107.747,85.5846,59.9536,22.1624,22.162400000000005,17.719400000000007,7.7958,9.923600000000008,6.7058000000000035,-18.80947,-18.809600000000003,13
2013,Florida,Northwestern St.,3,14,79,47,1,118.162,86.1792,60.6898,31.9831,31.98280000000001,106.886,103.699,71.4118,3.18756,3.1869999999999976,14.463000000000008,20.7068,-6.243799999999993,-10.722000000000001,28.79554,28.795800000000014,-11
2013,Illinois,Colorado,7,10,57,49,1,110.496,95.3564,64.2338,15.1395,15.139600000000002,107.269,92.4737,63.0028,14.7956,14.795300000000012,18.0223,11.912600000000012,6.1096999999999895,1.2310000000000016,0.34389999999999965,0.34429999999998984,-3
2013,Indiana,James Madison,1,16,83,62,1,122.482,92.5582,65.7072,29.9242,29.9238,99.5556,101.23,62.5026,-1.67462,-1.6744000000000057,21.251999999999995,6.997399999999999,14.254599999999996,3.2045999999999992,31.59882,31.598200000000006,-15
2013,Iowa St.,Notre Dame,10,7,76,58,1,116.863,100.569,67.5365,16.2941,16.293999999999997,115.515,98.0769,59.569,17.4382,17.438100000000006,18.786100000000005,14.945999999999998,3.8401000000000067,7.967500000000001,-1.1440999999999981,-1.1441000000000088,3
2013,Kansas,Western Kentucky,1,16,64,57,1,113.253,87.8314,65.5441,25.4211,25.4216,101.798,102.763,63.8433,-0.965895,-0.9650000000000034,10.489999999999995,13.9666,-3.476600000000005,1.700800000000001,26.386995,26.386600000000005,-15
2013,La Salle,Kansas St.,13,4,63,61,1,110.546,97.2446,64.3651,13.3018,13.3014,113.291,95.0325,60.9899,18.2582,18.2585,15.513500000000008,16.04639999999999,-0.5328999999999837,3.3751999999999995,-4.956399999999999,-4.957100000000002,9
2013,Miami FL,Pacific,2,15,78,49,1,113.044,90.7587,61.2753,22.2852,22.285299999999992,106.871,101.331,61.5719,5.53976,5.539999999999992,11.712999999999994,16.11229999999999,-4.399299999999997,-0.296599999999998,16.74544,16.7453,-13
2013,Minnesota,UCLA,11,6,83,63,1,113.792,94.6477,61.1328,19.1442,19.1443,111.467,96.3046,67.4331,15.1624,15.162400000000003,17.487400000000008,16.8193,0.6681000000000097,-6.300299999999993,3.9818000000000016,3.9818999999999978,5
2013,Mississippi,Wisconsin,12,5,57,46,1,112.338,95.8159,68.7636,16.5223,16.522099999999995,108.829,85.8206,59.9822,23.008,23.008399999999995,26.517399999999995,13.013099999999994,13.5043,8.781399999999998,-6.485699999999998,-6.4863,7
2013,North Carolina,Villanova,8,9,78,71,1,112.478,95.3146,68.7962,17.1634,17.163399999999996,106.057,92.4411,65.6855,13.6158,13.615899999999996,20.03689999999999,10.742400000000004,9.294499999999985,3.1106999999999942,3.547599999999999,3.5474999999999994,-1
2013,Ohio St.,Iona,2,15,95,70,1,114.487,89.3191,62.2577,25.1682,25.16789999999999,114.644,106.791,68.6813,7.85234,7.853000000000009,7.695999999999998,25.3249,-17.6289,-6.423599999999993,17.31586,17.31489999999998,-13
2013,San Diego St.,Oklahoma,7,10,70,55,1,107.707,89.1276,64.8362,18.5799,18.579399999999996,111.409,97.0916,64.6503,14.3172,14.317400000000006,10.615399999999994,22.281400000000005,-11.666000000000011,0.18590000000000373,4.262699999999999,4.26199999999999,-3
2013,Arizona,Harvard,6,14,74,51,1,114.263,93.7326,64.9417,20.5305,20.5304,108.139,101.233,62.4831,6.90592,6.905999999999992,13.030000000000001,14.40639999999999,-1.3763999999999896,2.458599999999997,13.62458,13.624400000000009,-8
2013,Louisville,Colorado St.,1,8,82,56,1,114.313,83.1717,65.2907,31.1411,31.1413,118.136,97.9562,62.9945,20.1795,20.1798,16.356800000000007,34.964299999999994,-18.607499999999987,2.296199999999999,10.9616,10.961500000000001,-7
2013,Marquette,Butler,3,6,74,72,1,113.994,95.3386,62.8067,18.6549,18.6554,110.071,95.2626,62.5561,14.8086,14.808399999999992,18.731399999999994,14.732399999999998,3.9989999999999952,0.2505999999999986,3.846300000000001,3.8470000000000084,-3
2013,Michigan,VCU,4,5,78,53,1,120.868,95.8775,62.8699,24.9907,24.9905,113.747,94.4178,65.764,19.3295,19.3292,26.450199999999995,17.869500000000002,8.580699999999993,-2.8940999999999946,5.661200000000001,5.661300000000001,-1
2013,Michigan St.,Memphis,3,6,70,48,1,112.662,89.423,62.5852,23.2393,23.239000000000004,108.62,91.9204,67.7883,16.6993,16.699600000000004,20.741600000000005,19.197000000000003,1.5446000000000026,-5.203100000000006,6.539999999999999,6.5394000000000005,-3
2013,Oregon,Saint Louis,12,4,74,57,1,105.529,90.6673,67.0931,14.8613,14.8617,108.951,88.6822,63.0796,20.269,20.2688,16.8468,18.283699999999996,-1.4368999999999943,4.013500000000008,-5.407699999999998,-5.407099999999998,8
2013,Syracuse,California,4,12,66,60,1,114.546,91.9806,62.6287,22.5652,22.56540000000001,107.434,94.7044,63.887,12.7298,12.72959999999999,19.8416,15.453400000000002,4.388199999999998,-1.2582999999999984,9.835400000000002,9.83580000000002,-8
2013,Wichita St.,Gonzaga,9,1,76,70,1,109.966,92.5764,62.4159,17.3895,17.389599999999987,120.831,91.8845,62.4727,28.9467,28.9465,18.08149999999999,28.254599999999996,-10.173100000000005,-0.056800000000002626,-11.557199999999998,-11.556900000000013,8
2013,Duke,Creighton,2,7,66,50,1,119.646,92.9223,66.0764,26.724,26.723699999999997,119.389,97.1644,63.0944,22.2247,22.224599999999995,22.4816,26.46669999999999,-3.9850999999999885,2.9820000000000064,4.499300000000002,4.499100000000002,-5
2013,Florida Gulf Coast,San Diego St.,15,7,81,71,1,103.304,99.9512,66.6594,3.35293,3.352800000000002,107.707,89.1276,64.8362,18.5799,18.579399999999996,14.176400000000001,7.755799999999994,6.420600000000007,1.8232,-15.226969999999998,-15.226599999999994,8
2013,Florida,Minnesota,3,11,78,64,1,118.162,86.1792,60.6898,31.9831,31.98280000000001,113.792,94.6477,61.1328,19.1442,19.1443,23.514300000000006,27.612800000000007,-4.098500000000001,-0.44300000000000495,12.838899999999999,12.83850000000001,-8
2013,Indiana,Temple,1,9,58,52,1,122.482,92.5582,65.7072,29.9242,29.9238,111.464,99.5026,65.1334,11.9609,11.961399999999998,22.9794,18.9058,4.073599999999999,0.5738000000000056,17.963299999999997,17.962400000000002,-8
2013,Kansas,North Carolina,1,8,70,58,1,113.253,87.8314,65.5441,25.4211,25.4216,112.478,95.3146,68.7962,17.1634,17.163399999999996,17.9384,24.646599999999992,-6.708199999999991,-3.2520999999999987,8.2577,8.258200000000006,-7
2013,La Salle,Mississippi,13,12,76,74,1,110.546,97.2446,64.3651,13.3018,13.3014,112.338,95.8159,68.7636,16.5223,16.522099999999995,14.730100000000007,15.093399999999988,-0.3632999999999811,-4.3984999999999985,-3.2205000000000013,-3.2206999999999955,1
2013,Miami FL,Illinois,2,7,63,59,1,113.044,90.7587,61.2753,22.2852,22.285299999999992,110.496,95.3564,64.2338,15.1395,15.139600000000002,17.687600000000003,19.73729999999999,-2.049699999999987,-2.958500000000001,7.1457,7.145699999999991,-5
2013,Ohio St.,Iowa St.,2,10,78,75,1,114.487,89.3191,62.2577,25.1682,25.16789999999999,116.863,100.569,67.5365,16.2941,16.293999999999997,13.917999999999992,27.543899999999994,-13.625900000000001,-5.278800000000004,8.874099999999999,8.873899999999992,-8
2013,Marquette,Miami FL,3,2,71,61,1,113.994,95.3386,62.8067,18.6549,18.6554,113.044,90.7587,61.2753,22.2852,22.285299999999992,23.235299999999995,17.705399999999997,5.529899999999998,1.5313999999999979,-3.6302999999999983,-3.629899999999992,1
2013,Ohio St.,Arizona,2,6,73,70,1,114.487,89.3191,62.2577,25.1682,25.16789999999999,114.263,93.7326,64.9417,20.5305,20.5304,20.75439999999999,24.9439,-4.1895000000000095,-2.6839999999999975,4.637699999999999,4.637499999999989,-4
2013,Syracuse,Indiana,4,1,61,50,1,114.546,91.9806,62.6287,22.5652,22.56540000000001,122.482,92.5582,65.7072,29.9242,29.9238,21.987800000000007,30.501400000000004,-8.513599999999997,-3.0784999999999982,-7.358999999999998,-7.358399999999989,3
2013,Wichita St.,La Salle,9,13,72,58,1,109.966,92.5764,62.4159,17.3895,17.389599999999987,110.546,97.2446,64.3651,13.3018,13.3014,12.721399999999988,17.9696,-5.248200000000011,-1.9491999999999976,4.087700000000002,4.088199999999988,-4
2013,Duke,Michigan St.,2,3,71,61,1,119.646,92.9223,66.0764,26.724,26.723699999999997,112.662,89.423,62.5852,23.2393,23.239000000000004,30.223,19.7397,10.4833,3.4912000000000063,3.4847,3.484699999999993,-1
2013,Florida,Florida Gulf Coast,3,15,62,50,1,118.162,86.1792,60.6898,31.9831,31.98280000000001,103.304,99.9512,66.6594,3.35293,3.352800000000002,18.210800000000006,17.124800000000008,1.0859999999999985,-5.969600000000007,28.63017,28.63000000000001,-12
2013,Louisville,Oregon,1,12,77,69,1,114.313,83.1717,65.2907,31.1411,31.1413,105.529,90.6673,67.0931,14.8613,14.8617,23.645700000000005,22.357299999999995,1.28840000000001,-1.8024000000000058,16.2798,16.279600000000002,-11
2013,Michigan,Kansas,4,1,87,85,1,120.868,95.8775,62.8699,24.9907,24.9905,113.253,87.8314,65.5441,25.4211,25.4216,33.03659999999999,17.375500000000002,15.66109999999999,-2.674199999999999,-0.4303999999999988,-0.4311000000000007,3
2013,Syracuse,Marquette,4,3,55,39,1,114.546,91.9806,62.6287,22.5652,22.56540000000001,113.994,95.3386,62.8067,18.6549,18.6554,19.207400000000007,22.013400000000004,-2.8059999999999974,-0.17799999999999727,3.9102999999999994,3.910000000000011,1
2013,Wichita St.,Ohio St.,9,2,70,66,1,109.966,92.5764,62.4159,17.3895,17.389599999999987,114.487,89.3191,62.2577,25.1682,25.16789999999999,20.646899999999988,21.910599999999988,-1.2637,0.15820000000000078,-7.778699999999997,-7.7783000000000015,7
2013,Louisville,Duke,1,2,85,63,1,114.313,83.1717,65.2907,31.1411,31.1413,119.646,92.9223,66.0764,26.724,26.723699999999997,21.390699999999995,36.4743,-15.083600000000004,-0.7857000000000056,4.417100000000001,4.417600000000004,-1
2013,Michigan,Florida,4,3,79,59,1,120.868,95.8775,62.8699,24.9907,24.9905,118.162,86.1792,60.6898,31.9831,31.98280000000001,34.6888,22.28450000000001,12.404299999999992,2.180100000000003,-6.9924,-6.992300000000011,1
2013,Louisville,Wichita St.,1,9,72,68,1,114.313,83.1717,65.2907,31.1411,31.1413,109.966,92.5764,62.4159,17.3895,17.389599999999987,21.736599999999996,26.794299999999993,-5.057699999999997,2.8748000000000005,13.7516,13.751700000000014,-8
2013,Michigan,Syracuse,4,4,61,56,1,120.868,95.8775,62.8699,24.9907,24.9905,114.546,91.9806,62.6287,22.5652,22.56540000000001,28.8874,18.66850000000001,10.21889999999999,0.2411999999999992,2.4254999999999995,2.42509999999999,0
2013,Louisville,Michigan,1,4,82,76,1,114.313,83.1717,65.2907,31.1411,31.1413,120.868,95.8775,62.8699,24.9907,24.9905,18.435500000000005,37.696299999999994,-19.26079999999999,2.4208,6.150400000000001,6.1508,-3
2014,Albany,Mount St. Mary's,16,16,71,64,1,102.179,103.893,61.7185,-1.71363,-1.7139999999999986,107.491,111.241,68.4474,-3.75021,-3.75,-9.061999999999998,3.597999999999999,-12.659999999999997,-6.728900000000003,2.03658,2.0360000000000014,0
2014,Cal Poly,Texas Southern,16,16,81,69,1,103.247,103.846,58.8564,-0.599368,-0.5990000000000038,106.018,112.768,65.8018,-6.75033,-6.75,-9.521,2.171999999999997,-11.692999999999998,-6.945399999999999,6.150962,6.150999999999996,0
2014,Tennessee,Iowa,11,11,78,65,1,115.185,93.4414,62.0374,21.7438,21.7436,120.152,99.1218,69.1598,21.0299,21.030200000000008,16.06320000000001,26.7106,-10.64739999999999,-7.122400000000006,0.7138999999999989,0.7133999999999929,0
2014,Connecticut,St. Joseph's,7,10,89,81,1,111.355,92.2385,63.4064,19.1162,19.1165,111.261,98.2332,64.4393,13.0273,13.0278,13.121800000000007,19.022499999999994,-5.900699999999986,-1.032900000000005,6.088899999999999,6.088699999999999,-3
2014,Dayton,Ohio St.,11,6,60,59,1,113.694,100.71,63.8792,12.9838,12.984000000000009,109.354,87.6797,64.0434,21.6743,21.6743,26.014300000000006,8.644000000000005,17.3703,-0.16420000000000812,-8.690499999999998,-8.69029999999999,5
2014,Florida,Albany,1,16,67,55,1,116.216,88.4056,61.5519,27.8106,27.810399999999987,102.179,103.893,61.7185,-1.71363,-1.7139999999999986,12.322999999999993,13.773399999999995,-1.450400000000002,-0.16659999999999542,29.52423,29.524399999999986,-15
2014,Harvard,Cincinnati,12,5,61,57,1,112.027,94.7095,64.1253,17.3178,17.317499999999995,109.197,90.1186,61.2764,19.0788,19.0784,21.9084,14.487499999999997,7.420900000000003,2.8488999999999933,-1.7610000000000028,-1.760900000000003,7
2014,Louisville,Manhattan,4,13,71,64,1,119.102,88.5345,67.4981,30.5677,30.56750000000001,106.544,96.9886,68.0296,9.55527,9.555399999999992,22.1134,18.009500000000003,4.103899999999996,-0.5315000000000083,21.01243,21.012100000000018,-9
2014,Michigan,Wofford,2,15,57,40,1,122.369,99.5935,61.5484,22.7757,22.775499999999997,100.924,102.947,60.7578,-2.02301,-2.022999999999996,19.421999999999997,1.3305000000000007,18.091499999999996,0.7905999999999977,24.79871,24.798499999999994,-13
2014,Michigan St.,Delaware,4,13,93,78,1,118.203,94.4143,64.3969,23.7886,23.78870000000001,111.299,105.513,70.5569,5.78601,5.786000000000001,12.689999999999998,16.88470000000001,-4.194700000000012,-6.159999999999997,18.002589999999998,18.002700000000008,-9
2014,North Dakota St.,Oklahoma,12,5,80,75,1,116.004,103.42,63.0184,12.5832,12.584000000000003,117.886,99.4806,69.9669,18.4058,18.4054,16.52340000000001,14.465999999999994,2.0574000000000154,-6.948499999999996,-5.8225999999999996,-5.821399999999997,7
2014,Oregon,BYU,7,10,87,68,1,118.258,99.4749,67.8101,18.783,18.78309999999999,114.713,99.9591,71.172,14.7544,14.753899999999987,18.29889999999999,15.238099999999989,3.0608000000000004,-3.3618999999999915,4.028600000000001,4.029200000000003,-3
2014,Pittsburgh,Colorado,9,8,77,48,1,116.412,94.8924,62.7245,21.5198,21.51960000000001,107.9,95.4275,65.097,12.4727,12.47250000000001,20.98450000000001,13.00760000000001,7.9769000000000005,-2.372499999999995,9.0471,9.0471,1
2014,San Diego St.,New Mexico St.,4,13,73,69,1,109.055,89.2312,62.8054,19.8236,19.82380000000001,112.746,102.113,65.3613,10.6331,10.632999999999996,6.942000000000007,23.514799999999994,-16.572799999999987,-2.555900000000001,9.190499999999998,9.190800000000014,-9
2014,Syracuse,Western Michigan,3,14,77,53,1,114.707,93.2029,59.7435,21.5042,21.504099999999998,106.443,102.024,65.2493,4.41973,4.418999999999997,12.682999999999993,13.240099999999998,-0.5571000000000055,-5.505800000000008,17.08447,17.0851,-11
2014,Texas,Arizona St.,7,10,87,85,1,110.262,95.2735,67.2135,14.9889,14.988500000000002,110.175,94.7808,67.6129,15.3941,15.394199999999998,15.481200000000001,14.901499999999999,0.5797000000000025,-0.3994,-0.40520000000000067,-0.40569999999999595,-3
2014,Wisconsin,American,2,15,75,35,1,120.678,96.8522,62.7652,23.8262,23.8258,103.925,98.0491,59.8927,5.87548,5.8759000000000015,22.6289,7.072800000000001,15.5561,2.8725000000000023,17.95072,17.9499,-13
2014,Arizona,Weber St.,1,16,68,59,1,115.193,84.7964,63.1175,30.3964,30.396599999999992,106.025,106.516,63.2017,-0.49027,-0.4909999999999996,8.676999999999992,21.2286,-12.551600000000008,-0.08420000000000272,30.88667,30.887599999999992,-15
2014,Baylor,Nebraska,6,11,74,60,1,118.684,100.799,61.1487,17.8854,17.88499999999999,108.82,95.6836,64.698,13.1363,13.136399999999997,23.0004,8.020999999999987,14.979400000000012,-3.5492999999999952,4.7491,4.748599999999994,-5
2014,Gonzaga,Oklahoma St.,8,9,85,77,1,113.594,92.9558,64.5603,20.6386,20.6382,115.772,94.2393,66.9981,21.5328,21.53270000000001,19.354699999999994,22.81620000000001,-3.461500000000015,-2.4377999999999957,-0.8942000000000014,-0.8945000000000078,-1
2014,Iowa St.,North Carolina Central,3,14,93,75,1,116.764,95.8121,70.4795,20.9515,20.951899999999995,107.276,98.9836,62.708,8.29208,8.2924,17.7804,11.463899999999995,6.316500000000005,7.771500000000003,12.659419999999999,12.659499999999994,-11
2014,Kansas,Eastern Kentucky,2,15,80,69,1,119.974,94.5731,66.8907,25.4011,25.400900000000007,111.315,108.295,64.6059,3.01993,3.019999999999996,11.679000000000002,16.7419,-5.062899999999999,2.28479999999999,22.38117,22.38090000000001,-13
2014,Kentucky,Kansas St.,8,9,56,49,1,116.202,95.0512,64.6236,21.1505,21.150800000000004,108.305,93.9099,63.6653,14.3949,14.395100000000014,22.292100000000005,13.253800000000012,9.038299999999992,0.9582999999999942,6.755600000000001,6.75569999999999,-1
2014,Memphis,George Washington,8,9,71,66,1,111.252,96.3212,67.8621,14.9304,14.93079999999999,110.212,95.9821,65.8095,14.2297,14.2299,15.269899999999993,13.890799999999999,1.379099999999994,2.052599999999998,0.7007000000000012,0.7008999999999901,-1
2014,Mercer,Duke,14,3,78,71,1,108.78,101.313,63.9334,7.46633,7.466999999999999,124.75,99.4399,64.8311,25.3098,25.31010000000001,9.340100000000007,23.436999999999998,-14.09689999999999,-0.8977000000000075,-17.84347,-17.84310000000001,11
2014,North Carolina,Providence,6,11,79,77,1,111.545,93.1571,69.426,18.3881,18.3879,114.031,99.2945,63.2914,14.7367,14.736500000000008,12.250500000000002,20.873900000000006,-8.623400000000004,6.134599999999999,3.6514000000000006,3.65139999999999,-5
2014,Stephen F. Austin,VCU,12,5,77,75,1,111.44,100.651,61.7091,10.7884,10.789,108.679,88.4655,69.3132,20.2135,20.2135,22.974499999999992,8.028000000000006,14.946499999999986,-7.604099999999995,-9.4251,-9.4245,7
2014,Stanford,New Mexico,10,7,58,53,1,113.435,97.4392,65.271,15.9959,15.995800000000004,113.782,96.2346,64.7417,17.5475,17.547399999999996,17.200400000000002,16.342799999999997,0.857600000000005,0.5293000000000063,-1.5515999999999988,-1.5515999999999917,3
2014,Tennessee,Massachusetts,11,6,86,67,1,115.185,93.4414,62.0374,21.7438,21.7436,109.841,95.6537,70.3142,14.1875,14.187299999999992,19.5313,16.399599999999992,3.1317000000000093,-8.276800000000001,7.5563,7.556300000000009,5
2014,UCLA,Tulsa,4,13,76,59,1,118.14,95.8826,68.6469,22.2575,22.257400000000004,105.972,96.6323,67.1059,9.33939,9.339699999999992,21.5077,10.089399999999998,11.418300000000002,1.5409999999999968,12.91811,12.917700000000012,-9
2014,Virginia,Coastal Carolina,1,16,70,59,1,113.85,87.4218,59.6528,26.4285,26.42819999999999,97.0064,102.979,65.898,-5.97261,-5.9726,10.870999999999995,9.584599999999995,1.2864000000000004,-6.245199999999997,32.40111,32.40079999999999,-15
2014,Wichita St.,Cal Poly,1,16,64,37,1,117.117,91.937,63.5718,25.1804,25.180000000000007,103.247,103.846,58.8564,-0.599368,-0.5990000000000038,13.271,11.310000000000002,1.9609999999999985,4.7154000000000025,25.779767999999997,25.77900000000001,-15
2014,Connecticut,Villanova,7,2,77,65,1,111.355,92.2385,63.4064,19.1162,19.1165,117.154,91.8909,65.8913,25.2627,25.263099999999994,19.464100000000002,24.915499999999994,-5.4513999999999925,-2.484900000000003,-6.1465,-6.146599999999996,5
2014,Dayton,Syracuse,11,3,55,53,1,113.694,100.71,63.8792,12.9838,12.984000000000009,114.707,93.2029,59.7435,21.5042,21.504099999999998,20.491100000000003,13.997,6.494100000000003,4.1357,-8.5204,-8.520099999999989,8
2014,Florida,Pittsburgh,1,9,61,45,1,116.216,88.4056,61.5519,27.8106,27.810399999999987,116.412,94.8924,62.7245,21.5198,21.51960000000001,21.3236,28.0064,-6.6828,-1.1725999999999956,6.290800000000001,6.290799999999976,-8
2014,Louisville,Saint Louis,4,5,66,51,1,119.102,88.5345,67.4981,30.5677,30.56750000000001,105.599,89.8073,65.5822,15.792,15.791700000000006,29.294700000000006,17.06450000000001,12.230199999999996,1.9158999999999935,14.775699999999999,14.775800000000004,-1
2014,Michigan,Texas,2,7,79,65,1,122.369,99.5935,61.5484,22.7757,22.775499999999997,110.262,95.2735,67.2135,14.9889,14.988500000000002,27.0955,10.668499999999995,16.427000000000007,-5.665099999999995,7.786800000000001,7.7869999999999955,-5
2014,Michigan St.,Harvard,4,12,80,73,1,118.203,94.4143,64.3969,23.7886,23.78870000000001,112.027,94.7095,64.1253,17.3178,17.317499999999995,23.493499999999997,17.612700000000004,5.880799999999994,0.2716000000000065,6.4708000000000006,6.471200000000014,-8
2014,San Diego St.,North Dakota St.,4,12,63,44,1,109.055,89.2312,62.8054,19.8236,19.82380000000001,116.004,103.42,63.0184,12.5832,12.584000000000003,5.635000000000005,26.772800000000004,-21.1378,-0.21300000000000097,7.240399999999999,7.239800000000006,-8
2014,Wisconsin,Oregon,2,7,85,77,1,120.678,96.8522,62.7652,23.8262,23.8258,118.258,99.4749,67.8101,18.783,18.78309999999999,21.203099999999992,21.4058,-0.2027000000000072,-5.0449000000000055,5.043199999999999,5.042700000000011,-5
2014,Arizona,Gonzaga,1,8,84,61,1,115.193,84.7964,63.1175,30.3964,30.396599999999992,113.594,92.9558,64.5603,20.6386,20.6382,22.2372,28.79759999999999,-6.560399999999987,-1.4427999999999983,9.7578,9.758399999999991,-7
2014,Baylor,Creighton,6,3,85,55,1,118.684,100.799,61.1487,17.8854,17.88499999999999,125.701,100.913,63.9037,24.7882,24.788,17.771,24.901999999999987,-7.130999999999986,-2.7550000000000026,-6.902799999999999,-6.903000000000009,3
2014,Iowa St.,North Carolina,3,6,85,83,1,116.764,95.8121,70.4795,20.9515,20.951899999999995,111.545,93.1571,69.426,18.3881,18.3879,23.606899999999996,15.7329,7.873999999999995,1.0534999999999997,2.563399999999998,2.5639999999999965,-3
2014,Kentucky,Wichita St.,8,1,78,76,1,116.202,95.0512,64.6236,21.1505,21.150800000000004,117.117,91.937,63.5718,25.1804,25.180000000000007,24.265,22.06580000000001,2.1991999999999905,1.051799999999993,-4.029899999999998,-4.029200000000003,7
2014,Stanford,Kansas,10,2,60,57,1,113.435,97.4392,65.271,15.9959,15.995800000000004,119.974,94.5731,66.8907,25.4011,25.400900000000007,18.861900000000006,22.534800000000004,-3.6728999999999985,-1.6196999999999946,-9.405199999999999,-9.405100000000003,8
2014,Tennessee,Mercer,11,14,83,63,1,115.185,93.4414,62.0374,21.7438,21.7436,108.78,101.313,63.9334,7.46633,7.466999999999999,13.872,15.3386,-1.4665999999999997,-1.8960000000000008,14.277470000000001,14.276600000000002,-3
2014,UCLA,Stephen F. Austin,4,12,77,60,1,118.14,95.8826,68.6469,22.2575,22.257400000000004,111.44,100.651,61.7091,10.7884,10.789,17.489000000000004,15.557400000000001,1.931600000000003,6.937800000000003,11.469100000000001,11.468400000000004,-8
2014,Virginia,Memphis,1,8,78,60,1,113.85,87.4218,59.6528,26.4285,26.42819999999999,111.252,96.3212,67.8621,14.9304,14.93079999999999,17.52879999999999,23.83019999999999,-6.301400000000001,-8.209299999999999,11.498099999999999,11.497399999999999,-7
2014,Arizona,San Diego St.,1,4,70,64,1,115.193,84.7964,63.1175,30.3964,30.396599999999992,109.055,89.2312,62.8054,19.8236,19.82380000000001,25.961799999999997,24.2586,1.7031999999999954,0.31210000000000093,10.5728,10.572799999999983,-3
2014,Dayton,Stanford,11,10,82,72,1,113.694,100.71,63.8792,12.9838,12.984000000000009,113.435,97.4392,65.271,15.9959,15.995800000000004,16.254800000000003,12.725000000000009,3.5297999999999945,-1.3918000000000035,-3.0121,-3.0117999999999956,1
2014,Florida,UCLA,1,4,79,68,1,116.216,88.4056,61.5519,27.8106,27.810399999999987,118.14,95.8826,68.6469,22.2575,22.257400000000004,20.333399999999997,29.734399999999994,-9.400999999999996,-7.094999999999999,5.553100000000001,5.552999999999983,-3
2014,Wisconsin,Baylor,2,6,69,52,1,120.678,96.8522,62.7652,23.8262,23.8258,118.684,100.799,61.1487,17.8854,17.88499999999999,19.87899999999999,21.8318,-1.9528000000000105,1.616500000000002,5.940799999999999,5.94080000000001,-4
2014,Connecticut,Iowa St.,7,3,81,76,1,111.355,92.2385,63.4064,19.1162,19.1165,116.764,95.8121,70.4795,20.9515,20.951899999999995,15.542900000000003,24.525499999999994,-8.98259999999999,-7.073100000000004,-1.8353000000000002,-1.8353999999999964,4
2014,Kentucky,Louisville,8,4,74,69,1,116.202,95.0512,64.6236,21.1505,21.150800000000004,119.102,88.5345,67.4981,30.5677,30.56750000000001,27.667500000000004,24.05080000000001,3.6166999999999945,-2.8744999999999976,-9.417199999999998,-9.416700000000006,4
2014,Michigan,Tennessee,2,11,73,71,1,122.369,99.5935,61.5484,22.7757,22.775499999999997,115.185,93.4414,62.0374,21.7438,21.7436,28.927599999999998,15.591499999999996,13.336100000000002,-0.4889999999999972,1.0319000000000003,1.0318999999999967,-9
2014,Michigan St.,Virginia,4,1,61,59,1,118.203,94.4143,64.3969,23.7886,23.78870000000001,113.85,87.4218,59.6528,26.4285,26.42819999999999,30.7812,19.435699999999997,11.345500000000001,4.744100000000003,-2.639900000000001,-2.6394999999999804,3
2014,Florida,Dayton,1,11,62,52,1,116.216,88.4056,61.5519,27.8106,27.810399999999987,113.694,100.71,63.8792,12.9838,12.984000000000009,15.506,25.288399999999996,-9.782399999999996,-2.327299999999994,14.8268,14.826399999999978,-10
2014,Wisconsin,Arizona,2,1,64,63,1,120.678,96.8522,62.7652,23.8262,23.8258,115.193,84.7964,63.1175,30.3964,30.396599999999992,35.88159999999999,18.3408,17.54079999999999,-0.3522999999999996,-6.5702,-6.570799999999991,1
2014,Connecticut,Michigan St.,7,4,60,54,1,111.355,92.2385,63.4064,19.1162,19.1165,118.203,94.4143,64.3969,23.7886,23.78870000000001,16.940700000000007,25.9645,-9.023799999999994,-0.9905000000000044,-4.6724,-4.672200000000011,3
2014,Kentucky,Michigan,8,2,75,72,1,116.202,95.0512,64.6236,21.1505,21.150800000000004,122.369,99.5935,61.5484,22.7757,22.775499999999997,16.608499999999992,27.317800000000005,-10.709300000000013,3.0751999999999953,-1.6251999999999995,-1.6246999999999936,6
2014,Connecticut,Florida,7,1,63,53,1,111.355,92.2385,63.4064,19.1162,19.1165,116.216,88.4056,61.5519,27.8106,27.810399999999987,22.949399999999997,23.977499999999992,-1.028099999999995,1.8544999999999945,-8.694400000000002,-8.693899999999989,6
2014,Kentucky,Wisconsin,8,2,74,73,1,116.202,95.0512,64.6236,21.1505,21.150800000000004,120.678,96.8522,62.7652,23.8262,23.8258,19.349800000000002,25.626800000000003,-6.277000000000001,1.858399999999996,-2.675699999999999,-2.674999999999997,6
2014,Connecticut,Kentucky,7,8,60,54,1,111.355,92.2385,63.4064,19.1162,19.1165,116.202,95.0512,64.6236,21.1505,21.150800000000004,16.30380000000001,23.963499999999996,-7.659699999999987,-1.2171999999999983,-2.0343000000000018,-2.0343000000000053,-1
2015,Hampton,Manhattan,16,16,74,64,1,96.0398,104.551,68.6346,-8.51136,-8.511200000000002,101.932,101.19,67.2455,0.742583,0.7420000000000044,-5.150199999999998,-2.6189999999999998,-2.5311999999999983,1.3890999999999991,-9.253943,-9.253200000000007,0
2015,Mississippi,BYU,11,11,94,90,1,114.568,100.141,65.6482,14.4267,14.426999999999992,119.356,101.562,69.7923,17.7947,17.793999999999997,13.006,19.21499999999999,-6.208999999999989,-4.144099999999995,-3.3679999999999986,-3.3670000000000044,0
2015,Dayton,Boise St.,11,11,56,55,1,108.983,95.0972,63.3147,13.8856,13.885800000000003,111.769,97.7869,62.8256,13.9824,13.982100000000004,11.196100000000001,16.671800000000005,-5.475700000000003,0.48910000000000053,-0.0968,-0.09630000000000116,0
2015,Robert Morris,North Florida,16,16,81,77,1,102.327,103.869,65.0415,-1.54229,-1.5420000000000016,108.032,105.12,66.7256,2.91181,2.911999999999992,-2.7930000000000064,4.162999999999997,-6.956000000000003,-1.6841000000000008,-4.4541,-4.4539999999999935,0
2015,Arizona,Texas Southern,2,15,93,72,1,118.227,85.9123,65.5943,32.3143,32.3147,103.049,106.918,62.9114,-3.8688,-3.869,11.308999999999997,17.136700000000005,-5.827700000000007,2.6829000000000036,36.1831,36.1837,-13
2015,Arkansas,Wofford,5,12,56,53,1,114.941,97.964,69.1346,16.9767,16.977000000000004,104.909,98.5115,60.5424,6.39782,6.397500000000008,16.429500000000004,6.945000000000007,9.484499999999997,8.592200000000005,10.578880000000002,10.579499999999996,-7
2015,Butler,Texas,6,11,56,48,1,110.554,90.9269,63.0408,19.6267,19.6271,112.877,92.759,61.7245,20.1184,20.117999999999995,17.795,21.950099999999992,-4.15509999999999,1.3162999999999982,-0.4917000000000016,-0.49089999999999634,-5
2015,Cincinnati,Purdue,8,9,66,65,1,108.353,94.1045,59.2099,14.2488,14.248499999999993,110.824,96.8436,63.9932,13.9802,13.980400000000005,11.5094,16.719499999999996,-5.210099999999997,-4.783300000000004,0.2685999999999993,0.268099999999988,-1
2015,Georgetown,Eastern Washington,4,13,84,74,1,113.166,93.597,63.7582,19.5694,19.569000000000003,112.165,109.197,67.9604,2.96737,2.9680000000000035,3.968999999999994,18.568000000000012,-14.599000000000018,-4.202200000000005,16.602030000000003,16.601,-9
2015,Georgia St.,Baylor,14,3,57,56,1,110.463,100.687,62.5745,9.77537,9.775999999999996,117.192,93.7123,61.2742,23.4796,23.479699999999998,16.750699999999995,16.504999999999995,0.24569999999999936,1.3003,-13.70423,-13.703700000000001,11
2015,Kentucky,Hampton,1,16,79,56,1,121.27,83.8367,61.9696,37.4333,37.4333,96.0398,104.551,68.6346,-8.51136,-8.511200000000002,16.718999999999994,12.203100000000006,4.515899999999988,-6.665000000000006,45.94466,45.944500000000005,-15
2015,North Carolina,Harvard,4,13,67,65,1,117.921,94.1249,69.0232,23.7959,23.79610000000001,103.686,94.9442,61.137,8.74154,8.741800000000012,22.97680000000001,9.56110000000001,13.415700000000001,7.886200000000002,15.054359999999999,15.054299999999998,-9
2015,Notre Dame,Northeastern,3,14,69,65,1,124.623,100.552,63.2851,24.0703,24.071,107.892,103.071,63.0556,4.82045,4.820999999999998,21.552000000000007,7.339999999999989,14.212000000000018,0.2295000000000016,19.24985,19.250000000000004,-11
2015,Ohio St.,VCU,10,7,75,72,1,115.312,94.3058,65.1703,21.0066,21.006199999999996,110.62,94.1043,66.5049,16.5157,16.51570000000001,21.207700000000003,16.3142,4.893500000000003,-1.334600000000009,4.4909,4.490499999999987,3
2015,UAB,Iowa St.,14,3,60,59,1,104.585,101.758,64.4025,2.82779,2.826999999999998,120.166,97.135,69.3108,23.031,23.03099999999999,7.449999999999989,18.408,-10.958000000000013,-4.908299999999997,-20.20321,-20.203999999999994,11
2015,UCLA,SMU,11,6,60,59,1,112.266,98.1315,65.4935,14.1346,14.134500000000005,113.524,95.4867,62.8424,18.0372,18.0373,16.779300000000006,15.392499999999998,1.386800000000008,2.6510999999999996,-3.902599999999998,-3.902799999999994,5
2015,Utah,Stephen F. Austin,5,12,57,50,1,116.433,89.5299,60.3923,26.9035,26.90310000000001,114.494,100.484,65.2365,14.0106,14.010000000000003,15.949000000000012,24.964100000000002,-9.01509999999999,-4.844200000000008,12.892900000000001,12.893100000000006,-7
2015,Villanova,Lafayette,1,16,93,52,1,122.473,91.5163,63.8347,30.9562,30.9567,112.691,114.45,64.3104,-1.75874,-1.7590000000000003,8.022999999999996,21.1747,-13.151700000000005,-0.47570000000000334,32.71494,32.7157,-15
2015,Xavier,Mississippi,6,11,76,57,1,115.283,96.6313,65.1714,18.6517,18.651700000000005,114.568,100.141,65.6482,14.4267,14.426999999999992,15.141999999999996,17.936700000000002,-2.794700000000006,-0.4767999999999972,4.225000000000001,4.224700000000013,-5
2015,Dayton,Providence,11,6,66,53,1,108.983,95.0972,63.3147,13.8856,13.885800000000003,112.954,95.3871,64.8656,17.5673,17.56689999999999,13.5959,17.856799999999993,-4.260899999999992,-1.5508999999999986,-3.6816999999999993,-3.6810999999999865,5
2015,Duke,Robert Morris,1,16,85,56,1,124.253,94.9453,65.6368,29.3074,29.3077,102.327,103.869,65.0415,-1.54229,-1.5420000000000016,20.384,7.381699999999995,13.002300000000005,0.5952999999999946,30.849690000000002,30.849700000000002,-15
2015,Gonzaga,North Dakota St.,2,15,86,76,1,121.92,92.9958,64.2083,28.9239,28.9242,102.68,102.079,60.2617,0.601364,0.6010000000000133,19.841000000000008,9.684200000000004,10.156800000000004,3.9465999999999966,28.322536,28.323199999999986,-13
2015,Iowa,Davidson,7,10,83,52,1,113.359,95.1085,63.3054,18.251,18.250499999999988,120.481,103.662,66.5178,16.8188,16.81899999999999,9.696999999999989,25.372499999999988,-15.6755,-3.2123999999999953,1.4322000000000017,1.4314999999999998,-3
2015,Kansas,New Mexico St.,2,15,75,56,1,114.271,90.5293,66.6617,23.7421,23.741699999999994,106.825,99.8197,62.9742,7.0055,7.005300000000005,14.451300000000003,16.295699999999997,-1.8443999999999932,3.687499999999993,16.736600000000003,16.73639999999999,-13
2015,Louisville,UC Irvine,4,13,57,55,1,108.601,88.176,64.8006,20.4245,20.425,105.818,98.9592,63.3775,6.85898,6.858800000000002,9.641800000000003,17.641999999999996,-8.000199999999992,1.4231000000000051,13.56552,13.566199999999998,-9
2015,Maryland,Valparaiso,4,13,65,62,1,111.125,94.9328,63.7514,16.1924,16.1922,106.629,95.6594,62.1996,10.9697,10.9696,15.465599999999995,11.696200000000005,3.7693999999999903,1.5518,5.2227,5.2226,-9
2015,Michigan St.,Georgia,7,10,70,63,1,115.973,95.052,62.8407,20.9213,20.920999999999992,109.524,94.1302,63.6563,15.3937,15.3938,21.842799999999997,14.471999999999994,7.370800000000003,-0.8156000000000034,5.527599999999998,5.527199999999992,-3
2015,Northern Iowa,Wyoming,5,12,71,54,1,115.17,94.2192,58.014,20.9503,20.9508,104.478,98.0741,58.648,6.40364,6.403899999999993,17.0959,10.258799999999994,6.837100000000007,-0.6340000000000003,14.54666,14.546900000000008,-7
2015,Oklahoma,Albany,3,14,69,60,1,111.785,87.6854,66.9861,24.1001,24.099599999999995,106.463,103.431,60.7359,3.03231,3.0319999999999965,8.354,18.777599999999993,-10.423599999999993,6.250199999999992,21.067790000000002,21.0676,-11
2015,Oregon,Oklahoma St.,8,9,79,73,1,114.457,101.273,66.1195,13.1844,13.183999999999996,111.825,95.6458,62.7105,16.1789,16.17920000000001,18.8112,10.552000000000007,8.259199999999993,3.408999999999999,-2.9944999999999986,-2.995200000000013,-1
2015,San Diego St.,St. John's,8,9,76,64,1,104.401,88.1829,59.9465,16.2186,16.218099999999993,110.125,95.8018,66.1943,14.3233,14.3232,8.599199999999996,21.942099999999996,-13.3429,-6.247799999999998,1.8952999999999989,1.8948999999999927,-1
2015,Virginia,Belmont,2,15,79,67,1,115.318,84.4292,57.5332,30.8885,30.888800000000003,109.115,107.619,66.5706,1.49515,1.4959999999999951,7.698999999999998,24.6858,-16.986800000000002,-9.037399999999998,29.39335,29.39280000000001,-13
2015,West Virginia,Buffalo,5,12,68,62,1,113.252,94.4993,67.9793,18.7531,18.75269999999999,111.344,99.0045,68.4522,12.339,12.3395,14.247500000000002,16.84469999999999,-2.5971999999999866,-0.47290000000000987,6.4140999999999995,6.413199999999991,-7
2015,Wichita St.,Indiana,7,10,81,76,1,114.962,93.3065,61.4547,21.6555,21.655500000000004,119.285,105.478,66.0482,13.8074,13.807000000000002,9.484000000000009,25.978499999999997,-16.494499999999988,-4.593499999999992,7.8481000000000005,7.848500000000001,-3
2015,Wisconsin,Coastal Carolina,1,16,86,72,1,126.815,93.2904,58.0767,33.5251,33.52459999999999,105.424,103.803,63.6717,1.6211,1.621000000000009,23.012,12.133600000000001,10.8784,-5.594999999999999,31.904000000000003,31.903599999999983,-15
2015,Arizona,Ohio St.,2,10,73,58,1,118.227,85.9123,65.5943,32.3143,32.3147,115.312,94.3058,65.1703,21.0066,21.006199999999996,23.9212,29.399699999999996,-5.478499999999997,0.4240000000000066,11.307700000000004,11.308500000000006,-8
2015,Kentucky,Cincinnati,1,8,64,51,1,121.27,83.8367,61.9696,37.4333,37.4333,108.353,94.1045,59.2099,14.2488,14.248499999999993,27.165499999999994,24.5163,2.6491999999999933,2.7597000000000023,23.184500000000003,23.18480000000001,-7
2015,North Carolina,Arkansas,4,5,87,78,1,117.921,94.1249,69.0232,23.7959,23.79610000000001,114.941,97.964,69.1346,16.9767,16.977000000000004,19.957000000000008,20.816100000000006,-0.859099999999998,-0.11140000000000327,6.819199999999999,6.819100000000006,-1
2015,Notre Dame,Butler,3,6,67,64,1,124.623,100.552,63.2851,24.0703,24.071,110.554,90.9269,63.0408,19.6267,19.6271,33.6961,10.001999999999995,23.694100000000006,0.24430000000000263,4.4436,4.443900000000003,-3
2015,UCLA,UAB,11,14,92,75,1,112.266,98.1315,65.4935,14.1346,14.134500000000005,104.585,101.758,64.4025,2.82779,2.826999999999998,10.50800000000001,6.453499999999991,4.054500000000019,1.090999999999994,11.30681,11.307500000000006,-3
2015,Utah,Georgetown,5,4,75,64,1,116.433,89.5299,60.3923,26.9035,26.90310000000001,113.166,93.597,63.7582,19.5694,19.569000000000003,22.836000000000013,23.6361,-0.8000999999999863,-3.3659000000000034,7.334099999999999,7.3341000000000065,1
2015,Xavier,Georgia St.,6,14,75,67,1,115.283,96.6313,65.1714,18.6517,18.651700000000005,110.463,100.687,62.5745,9.77537,9.775999999999996,14.596000000000004,13.831699999999998,0.7643000000000058,2.596900000000005,8.876330000000001,8.875700000000009,-8
2015,Duke,San Diego St.,1,8,68,49,1,124.253,94.9453,65.6368,29.3074,29.3077,104.401,88.1829,59.9465,16.2186,16.218099999999993,36.0701,9.455699999999993,26.614400000000003,5.6902999999999935,13.088800000000003,13.089600000000008,-7
2015,Gonzaga,Iowa,2,7,87,68,1,121.92,92.9958,64.2083,28.9239,28.9242,113.359,95.1085,63.3054,18.251,18.250499999999988,26.811499999999995,20.363199999999992,6.448300000000003,0.9028999999999954,10.672899999999998,10.67370000000001,-5
2015,Louisville,Northern Iowa,4,5,66,53,1,108.601,88.176,64.8006,20.4245,20.425,115.17,94.2192,58.014,20.9503,20.9508,14.381799999999998,26.994,-12.612200000000001,6.7866,-0.5258000000000003,-0.5258000000000003,-1
2015,Michigan St.,Virginia,7,2,60,54,1,115.973,95.052,62.8407,20.9213,20.920999999999992,115.318,84.4292,57.5332,30.8885,30.888800000000003,31.543800000000005,20.26599999999999,11.277800000000013,5.307499999999997,-9.967200000000002,-9.967800000000011,5
2015,Oklahoma,Dayton,3,11,72,66,1,111.785,87.6854,66.9861,24.1001,24.099599999999995,108.983,95.0972,63.3147,13.8856,13.885800000000003,16.687799999999996,21.297600000000003,-4.609800000000007,3.6713999999999913,10.214500000000001,10.213799999999992,-8
2015,West Virginia,Maryland,5,4,69,59,1,113.252,94.4993,67.9793,18.7531,18.75269999999999,111.125,94.9328,63.7514,16.1924,16.1922,18.319199999999995,16.625699999999995,1.6935000000000002,4.227899999999998,2.5607000000000006,2.5604999999999905,1
2015,Wichita St.,Kansas,7,2,78,65,1,114.962,93.3065,61.4547,21.6555,21.655500000000004,114.271,90.5293,66.6617,23.7421,23.741699999999994,24.432699999999997,20.9645,3.468199999999996,-5.206999999999994,-2.0866000000000007,-2.086199999999991,5
2015,Wisconsin,Oregon,1,8,72,65,1,126.815,93.2904,58.0767,33.5251,33.52459999999999,114.457,101.273,66.1195,13.1844,13.183999999999996,25.542,21.16659999999999,4.375400000000013,-8.0428,20.340700000000002,20.340599999999995,-7
2015,Arizona,Xavier,2,6,68,60,1,118.227,85.9123,65.5943,32.3143,32.3147,115.283,96.6313,65.1714,18.6517,18.651700000000005,21.595700000000008,29.3707,-7.7749999999999915,0.4228999999999985,13.662600000000001,13.662999999999997,-4
2015,Kentucky,West Virginia,1,5,78,39,1,121.27,83.8367,61.9696,37.4333,37.4333,113.252,94.4993,67.9793,18.7531,18.75269999999999,26.77069999999999,29.415300000000002,-2.644600000000011,-6.009699999999995,18.680200000000003,18.680600000000013,-4
2015,Notre Dame,Wichita St.,3,7,81,70,1,124.623,100.552,63.2851,24.0703,24.071,114.962,93.3065,61.4547,21.6555,21.655500000000004,31.316500000000005,14.409999999999997,16.90650000000001,1.8303999999999974,2.4147999999999996,2.415499999999998,-4
2015,Wisconsin,North Carolina,1,4,79,72,1,126.815,93.2904,58.0767,33.5251,33.52459999999999,117.921,94.1249,69.0232,23.7959,23.79610000000001,32.6901,24.6306,8.0595,-10.9465,9.729200000000002,9.728499999999983,-3
2015,Duke,Utah,1,5,63,57,1,124.253,94.9453,65.6368,29.3074,29.3077,116.433,89.5299,60.3923,26.9035,26.90310000000001,34.7231,21.487700000000004,13.235399999999998,5.244499999999995,2.4039,2.4045999999999914,-4
2015,Gonzaga,UCLA,2,11,74,62,1,121.92,92.9958,64.2083,28.9239,28.9242,112.266,98.1315,65.4935,14.1346,14.134500000000005,23.7885,19.270200000000003,4.518299999999996,-1.2852000000000032,14.789299999999999,14.789699999999995,-9
2015,Michigan St.,Oklahoma,7,3,62,58,1,115.973,95.052,62.8407,20.9213,20.920999999999992,111.785,87.6854,66.9861,24.1001,24.099599999999995,28.287599999999998,16.73299999999999,11.554600000000008,-4.145399999999995,-3.1788000000000025,-3.178600000000003,4
2015,Kentucky,Notre Dame,1,3,68,66,1,121.27,83.8367,61.9696,37.4333,37.4333,124.623,100.552,63.2851,24.0703,24.071,20.71799999999999,40.78630000000001,-20.068300000000022,-1.3155000000000001,13.363000000000003,13.362300000000001,-2
2015,Wisconsin,Arizona,1,2,85,78,1,126.815,93.2904,58.0767,33.5251,33.52459999999999,118.227,85.9123,65.5943,32.3143,32.3147,40.902699999999996,24.9366,15.966099999999997,-7.517600000000002,1.210799999999999,1.2098999999999904,-1
2015,Duke,Gonzaga,1,2,66,52,1,124.253,94.9453,65.6368,29.3074,29.3077,121.92,92.9958,64.2083,28.9239,28.9242,31.257199999999997,26.9747,4.282499999999999,1.4284999999999997,0.3835000000000015,0.3835000000000015,-1
2015,Michigan St.,Louisville,7,4,76,70,1,115.973,95.052,62.8407,20.9213,20.920999999999992,108.601,88.176,64.8006,20.4245,20.425,27.796999999999997,13.548999999999992,14.248000000000005,-1.9599000000000046,0.49680000000000035,0.49599999999999156,3
2015,Duke,Michigan St.,1,7,81,61,1,124.253,94.9453,65.6368,29.3074,29.3077,115.973,95.052,62.8407,20.9213,20.920999999999992,29.200999999999993,21.027699999999996,8.173299999999998,2.7960999999999956,8.386100000000003,8.386700000000008,-6
2015,Wisconsin,Kentucky,1,1,71,64,1,126.815,93.2904,58.0767,33.5251,33.52459999999999,121.27,83.8367,61.9696,37.4333,37.4333,42.978300000000004,27.97959999999999,14.998700000000014,-3.8928999999999974,-3.908200000000001,-3.9087000000000103,0
2015,Duke,Wisconsin,1,1,68,63,1,124.253,94.9453,65.6368,29.3074,29.3077,126.815,93.2904,58.0767,33.5251,33.52459999999999,30.962599999999995,31.869699999999995,-0.9070999999999998,7.560099999999991,-4.217700000000001,-4.216899999999992,0
2016,Florida Gulf Coast,Fairleigh Dickinson,16,16,96,65,1,102.917,104.307,66.5831,-1.39023,-1.3900000000000006,104.836,114.583,71.1346,-9.74686,-9.747,-11.665999999999997,0.5289999999999964,-12.194999999999993,-4.551500000000004,8.35663,8.357,0
2016,Wichita St.,Vanderbilt,11,11,70,50,1,111.743,90.5918,65.8499,21.1508,21.15119999999999,114.458,94.5381,67.7217,19.9195,19.9199,17.204899999999995,23.866199999999992,-6.661299999999997,-1.8717999999999932,1.231300000000001,1.2312999999999903,0
2016,Holy Cross,Southern,16,16,59,55,1,97.0369,108.525,63.6033,-11.4879,-11.488100000000005,100.906,106.217,68.9507,-5.31079,-5.310999999999993,-9.180099999999996,-7.619,-1.5610999999999962,-5.3474,-6.17711,-6.177100000000012,0
2016,Michigan,Tulsa,11,11,67,62,1,115.094,100.54,65.9134,14.5538,14.553999999999988,111.352,99.564,68.4348,11.788,11.788000000000013,15.530000000000001,10.811999999999998,4.7180000000000035,-2.5214,2.7658000000000005,2.765999999999975,0
2016,Arkansas Little Rock,Purdue,12,5,85,83,1,108.951,95.6244,63.2633,13.3265,13.3266,117.0,92.4061,67.5995,24.5939,24.593900000000005,16.5449,21.375600000000006,-4.830700000000007,-4.336200000000005,-11.267400000000002,-11.267300000000006,7
2016,Butler,Texas Tech,9,8,71,61,1,117.318,101.468,67.7286,15.8497,15.849999999999994,113.846,99.1212,65.9989,14.7244,14.724800000000002,18.196799999999996,12.378,5.818799999999996,1.729699999999994,1.125300000000001,1.1251999999999924,1
2016,Connecticut,Colorado,9,8,74,67,1,111.651,92.899,65.7403,18.752,18.751999999999995,108.785,95.1948,68.9529,13.5905,13.590199999999996,16.456199999999995,15.885999999999996,0.5701999999999998,-3.212599999999995,5.161499999999998,5.1617999999999995,1
2016,Duke,UNC Wilmington,4,13,93,85,1,121.786,99.7328,67.5008,22.0532,22.053200000000004,110.051,100.792,70.1618,9.25855,9.259,20.994,10.318200000000004,10.675799999999995,-2.6610000000000014,12.79465,12.794200000000004,-9
2016,Gonzaga,Seton Hall,11,6,68,52,1,116.44,97.1644,67.1988,19.2756,19.2756,111.433,93.7641,69.4734,17.6691,17.668900000000008,22.6759,14.268600000000006,8.407299999999992,-2.2745999999999924,1.6065000000000005,1.606699999999993,5
2016,Indiana,Chattanooga,5,12,99,74,1,120.855,98.0589,67.7325,22.7957,22.79610000000001,107.156,99.7384,66.1763,7.41784,7.417600000000007,21.116600000000005,9.097100000000012,12.019499999999994,1.556200000000004,15.37786,15.378500000000003,-7
2016,Iowa St.,Iona,4,13,94,81,1,121.033,99.9576,71.0322,21.0754,21.0754,110.602,102.768,71.7927,7.8333,7.834000000000003,18.265,10.644400000000005,7.620599999999996,-0.7604999999999933,13.242099999999997,13.241399999999995,-9
2016,Kansas,Austin Peay,1,16,105,79,1,120.379,90.575,68.811,29.804,29.804,104.005,109.104,69.3154,-5.09934,-5.099000000000004,11.275000000000006,13.429999999999993,-2.154999999999987,-0.5043999999999897,34.90334,34.903000000000006,-15
2016,Kentucky,Stony Brook,4,13,85,57,1,122.508,97.3082,66.9955,25.1996,25.1998,107.481,98.9433,66.9582,8.53773,8.537700000000001,23.564700000000002,10.172799999999995,13.391900000000007,0.03730000000000189,16.66187,16.6621,-9
2016,Miami FL,Buffalo,3,14,79,72,1,118.848,95.9995,65.897,22.848,22.8485,105.541,102.83,71.9828,2.71119,2.7109999999999985,16.018,9.5415,6.4765000000000015,-6.085799999999992,20.136809999999997,20.137500000000003,-11
2016,North Carolina,Florida Gulf Coast,1,16,83,67,1,121.139,93.1009,71.0747,28.0379,28.0381,102.917,104.307,66.5831,-1.39023,-1.3900000000000006,16.831999999999994,9.816100000000006,7.015899999999988,4.491600000000005,29.42813,29.4281,-15
2016,Providence,USC,9,8,70,69,1,109.321,95.7275,68.4903,13.5932,13.593499999999992,113.901,99.116,71.1914,14.7848,14.784999999999997,10.204999999999998,18.17349999999999,-7.968499999999992,-2.7010999999999967,-1.191600000000001,-1.1915000000000049,1
2016,Utah,Fresno St.,3,14,80,69,1,115.673,97.5601,65.2107,18.1129,18.1129,107.084,100.385,68.9375,6.69862,6.698999999999998,15.287999999999997,9.523899999999998,5.764099999999999,-3.7267999999999972,11.41428,11.413900000000002,-11
2016,Virginia,Hampton,1,16,81,45,1,120.224,91.1288,60.6947,29.0952,29.09520000000001,99.7519,106.561,71.2725,-6.80879,-6.809100000000001,13.662999999999997,8.623100000000008,5.039899999999989,-10.577799999999996,35.90399,35.904300000000006,-15
2016,Wichita St.,Arizona,11,6,65,55,1,111.743,90.5918,65.8499,21.1508,21.15119999999999,117.368,95.4851,68.3189,21.8831,21.882899999999992,16.257899999999992,26.77619999999999,-10.518299999999996,-2.468999999999994,-0.7322999999999986,-0.7317000000000036,5
2016,Yale,Baylor,12,5,79,75,1,109.51,95.6837,65.9753,13.8265,13.826300000000003,118.756,98.8407,66.4547,19.9152,19.9153,10.669300000000007,23.0723,-12.402999999999992,-0.47939999999999827,-6.088699999999999,-6.088999999999995,7
2016,Hawaii,California,13,4,77,66,1,108.243,96.5071,70.5206,11.736,11.7359,112.902,93.2625,68.0218,19.6396,19.6395,14.980499999999992,16.394900000000007,-1.4144000000000148,2.498800000000003,-7.903600000000001,-7.903600000000001,9
2016,Iowa,Temple,7,10,72,70,1,116.298,94.9421,68.812,21.3563,21.355900000000005,106.619,98.2712,65.9852,8.34785,8.347800000000007,18.02680000000001,11.676900000000003,6.349900000000005,2.8267999999999915,13.008450000000002,13.008099999999999,-3
2016,Maryland,South Dakota St.,5,12,79,74,1,116.294,95.5806,67.2907,20.7136,20.713399999999996,110.826,101.245,68.2819,9.58182,9.580999999999989,15.048999999999992,15.24539999999999,-0.19639999999999702,-0.9911999999999921,11.13178,11.132400000000008,-7
2016,Middle Tennessee,Michigan St.,15,2,90,81,1,103.144,99.21,67.5556,3.93408,3.934000000000012,123.022,93.3408,66.3201,29.6807,29.681200000000004,9.803200000000004,23.812000000000012,-14.008800000000008,1.2355000000000018,-25.74662,-25.747199999999992,13
2016,Northern Iowa,Texas,11,6,75,72,1,108.298,98.2039,62.3968,10.0945,10.094099999999996,112.821,95.7146,65.1637,17.1061,17.106399999999994,12.583399999999997,14.617099999999994,-2.033699999999996,-2.766900000000007,-7.011600000000001,-7.012299999999998,5
2016,Notre Dame,Michigan,6,11,70,63,1,119.69,103.709,64.933,15.9813,15.980999999999996,115.094,100.54,65.9134,14.5538,14.553999999999988,19.14999999999999,11.384999999999991,7.765000000000001,-0.9803999999999888,1.4274999999999984,1.4270000000000085,-5
2016,Oklahoma,Cal St. Bakersfield,2,15,82,68,1,117.285,92.4357,69.8681,24.849,24.8493,103.37,96.8714,67.6197,6.49871,6.49860000000001,20.413600000000002,10.934300000000007,9.479299999999995,2.2484000000000037,18.35029,18.35069999999999,-13
2016,Oregon,Holy Cross,1,16,91,52,1,119.63,96.8455,68.0532,22.7847,22.784499999999998,97.0369,108.525,63.6033,-11.4879,-11.488100000000005,11.10499999999999,0.19140000000000157,10.913599999999988,4.449900000000007,34.2726,34.272600000000004,-15
2016,Stephen F. Austin,West Virginia,14,3,70,56,1,111.339,96.9336,67.4268,14.405,14.4054,116.39,90.4754,69.3697,25.9146,25.914600000000007,20.863600000000005,19.456400000000002,1.4072000000000031,-1.9428999999999945,-11.5096,-11.509200000000007,11
2016,St. Joseph's,Cincinnati,8,9,78,76,1,113.435,98.7988,70.3117,14.6358,14.636200000000002,110.035,92.8755,64.1147,17.1593,17.159499999999994,20.5595,11.236199999999997,9.323300000000003,6.197000000000003,-2.523500000000002,-2.523299999999992,-1
2016,Syracuse,Dayton,10,7,70,51,1,111.357,95.507,64.9033,15.8501,15.849999999999994,106.934,93.5907,67.8498,13.3434,13.3433,17.7663,11.426999999999992,6.339300000000009,-2.9465000000000003,2.5066999999999986,2.506699999999995,3
2016,VCU,Oregon St.,10,7,75,67,1,110.984,94.769,69.4498,16.2152,16.21499999999999,110.836,98.3992,67.1452,12.4371,12.436800000000003,12.584800000000001,16.066999999999993,-3.4821999999999917,2.3045999999999935,3.7781000000000002,3.778199999999986,3
2016,Villanova,UNC Asheville,2,15,86,56,1,118.299,91.552,66.5578,26.7471,26.747,103.529,99.3166,70.1811,4.21193,4.212400000000002,18.982400000000013,11.97699999999999,7.005400000000023,-3.6233000000000004,22.53517,22.534599999999998,-13
2016,Wisconsin,Pittsburgh,7,10,47,43,1,111.769,95.4038,63.2633,16.3651,16.3652,115.484,99.2827,65.557,16.2013,16.20129999999999,12.4863,20.08019999999999,-7.593899999999991,-2.293700000000001,0.16380000000000194,0.16390000000001237,-3
2016,Xavier,Weber St.,2,15,71,53,1,117.096,95.3858,71.9214,21.71,21.7102,103.593,100.851,66.9958,2.74146,2.7420000000000044,16.245000000000005,8.2072,8.037800000000004,4.925600000000003,18.96854,18.968199999999996,-13
2016,Duke,Yale,4,12,71,64,1,121.786,99.7328,67.5008,22.0532,22.053200000000004,109.51,95.6837,65.9753,13.8265,13.826300000000003,26.1023,9.777200000000008,16.325099999999992,1.5254999999999939,8.226700000000001,8.2269,-8
2016,Gonzaga,Utah,11,3,82,59,1,116.44,97.1644,67.1988,19.2756,19.2756,115.673,97.5601,65.2107,18.1129,18.1129,18.879899999999992,18.5086,0.37129999999999086,1.9881000000000029,1.162700000000001,1.162700000000001,8
2016,Indiana,Kentucky,5,4,73,67,1,120.855,98.0589,67.7325,22.7957,22.79610000000001,122.508,97.3082,66.9955,25.1996,25.1998,23.546800000000005,24.4491,-0.9022999999999968,0.7369999999999948,-2.4039,-2.40369999999999,1
2016,Iowa St.,Arkansas Little Rock,4,12,78,61,1,121.033,99.9576,71.0322,21.0754,21.0754,108.951,95.6244,63.2633,13.3265,13.3266,25.408600000000007,8.993399999999994,16.415200000000013,7.768900000000002,7.748899999999999,7.748799999999999,-8
2016,Kansas,Connecticut,1,9,73,61,1,120.379,90.575,68.811,29.804,29.804,111.651,92.899,65.7403,18.752,18.751999999999995,27.480000000000004,21.075999999999993,6.404000000000011,3.070700000000002,11.052,11.052000000000003,-8
2016,Miami FL,Wichita St.,3,11,65,57,1,118.848,95.9995,65.897,22.848,22.8485,111.743,90.5918,65.8499,21.1508,21.15119999999999,28.256199999999993,15.743499999999997,12.512699999999995,0.047100000000000364,1.6971999999999987,1.6973000000000127,-8
2016,North Carolina,Providence,1,9,85,66,1,121.139,93.1009,71.0747,28.0379,28.0381,109.321,95.7275,68.4903,13.5932,13.593499999999992,25.41149999999999,16.220100000000002,9.191399999999987,2.5844000000000023,14.444700000000001,14.444600000000008,-8
2016,Virginia,Butler,1,9,77,69,1,120.224,91.1288,60.6947,29.0952,29.09520000000001,117.318,101.468,67.7286,15.8497,15.849999999999994,18.756,26.1892,-7.433199999999999,-7.033900000000003,13.245499999999998,13.245200000000015,-8
2016,Maryland,Hawaii,5,13,73,60,1,116.294,95.5806,67.2907,20.7136,20.713399999999996,108.243,96.5071,70.5206,11.736,11.7359,19.786900000000003,12.662399999999991,7.124500000000012,-3.2299000000000007,8.977599999999999,8.977499999999996,-8
2016,Notre Dame,Stephen F. Austin,6,14,76,75,1,119.69,103.709,64.933,15.9813,15.980999999999996,111.339,96.9336,67.4268,14.405,14.4054,22.7564,7.6299999999999955,15.126400000000004,-2.493799999999993,1.5762999999999998,1.5755999999999961,-8
2016,Oklahoma,VCU,2,10,85,81,1,117.285,92.4357,69.8681,24.849,24.8493,110.984,94.769,69.4498,16.2152,16.21499999999999,22.51599999999999,18.548299999999998,3.9676999999999936,0.4183000000000021,8.6338,8.63430000000001,-8
2016,Oregon,St. Joseph's,1,8,69,64,1,119.63,96.8455,68.0532,22.7847,22.784499999999998,113.435,98.7988,70.3117,14.6358,14.636200000000002,20.831199999999995,16.5895,4.2416999999999945,-2.258499999999998,8.148900000000001,8.148299999999995,-7
2016,Syracuse,Middle Tennessee,10,15,75,50,1,111.357,95.507,64.9033,15.8501,15.849999999999994,103.144,99.21,67.5556,3.93408,3.934000000000012,12.147000000000006,7.6370000000000005,4.510000000000005,-2.6522999999999968,11.91602,11.915999999999983,-5
2016,Texas A&M,Northern Iowa,3,11,92,88,1,114.159,92.3528,66.5488,21.8057,21.806200000000004,108.298,98.2039,62.3968,10.0945,10.094099999999996,15.955100000000002,15.9452,0.009900000000001796,4.152000000000001,11.711200000000002,11.712100000000008,-8
2016,Villanova,Iowa,2,7,87,68,1,118.299,91.552,66.5578,26.7471,26.747,116.298,94.9421,68.812,21.3563,21.355900000000005,23.35690000000001,24.745999999999995,-1.389099999999985,-2.2541999999999973,5.390799999999999,5.3910999999999945,-5
2016,Wisconsin,Xavier,7,2,66,63,1,111.769,95.4038,63.2633,16.3651,16.3652,117.096,95.3858,71.9214,21.71,21.7102,16.383200000000002,21.6922,-5.3089999999999975,-8.658100000000005,-5.344899999999999,-5.344999999999999,5
2016,Kansas,Maryland,1,5,79,63,1,120.379,90.575,68.811,29.804,29.804,116.294,95.5806,67.2907,20.7136,20.713399999999996,24.7984,25.718999999999994,-0.9205999999999932,1.520300000000006,9.090399999999999,9.090600000000002,-4
2016,Oklahoma,Texas A&M,2,3,77,63,1,117.285,92.4357,69.8681,24.849,24.8493,114.159,92.3528,66.5488,21.8057,21.806200000000004,24.932199999999995,21.72330000000001,3.2088999999999857,3.3192999999999984,3.0432999999999986,3.0430999999999955,-1
2016,Oregon,Duke,1,4,82,68,1,119.63,96.8455,68.0532,22.7847,22.784499999999998,121.786,99.7328,67.5008,22.0532,22.053200000000004,19.897199999999998,24.9405,-5.043300000000002,0.5524000000000058,0.7315000000000005,0.7312999999999938,-3
2016,Villanova,Miami FL,2,3,92,69,1,118.299,91.552,66.5578,26.7471,26.747,118.848,95.9995,65.897,22.848,22.8485,22.29950000000001,27.295999999999992,-4.996499999999983,0.6607999999999947,3.8991000000000007,3.8984999999999985,-1
2016,North Carolina,Indiana,1,5,101,86,1,121.139,93.1009,71.0747,28.0379,28.0381,120.855,98.0589,67.7325,22.7957,22.79610000000001,23.0801,27.754100000000008,-4.674000000000007,3.3422000000000054,5.2422,5.24199999999999,-4
2016,Notre Dame,Wisconsin,6,7,61,56,1,119.69,103.709,64.933,15.9813,15.980999999999996,111.769,95.4038,63.2633,16.3651,16.3652,24.286199999999994,8.060000000000002,16.22619999999999,1.669700000000006,-0.3838000000000026,-0.3842000000000052,-1
2016,Syracuse,Gonzaga,10,11,63,60,1,111.357,95.507,64.9033,15.8501,15.849999999999994,116.44,97.1644,67.1988,19.2756,19.2756,14.192599999999999,20.932999999999993,-6.740399999999994,-2.295500000000004,-3.4255000000000013,-3.4256000000000064,-1
2016,Virginia,Iowa St.,1,4,84,71,1,120.224,91.1288,60.6947,29.0952,29.09520000000001,121.033,99.9576,71.0322,21.0754,21.0754,20.266400000000004,29.904200000000003,-9.637799999999999,-10.337500000000006,8.0198,8.01980000000001,-3
2016,Oklahoma,Oregon,2,1,80,68,1,117.285,92.4357,69.8681,24.849,24.8493,119.63,96.8455,68.0532,22.7847,22.784499999999998,20.439499999999995,27.1943,-6.754800000000003,1.8148999999999944,2.0642999999999994,2.0648000000000017,1
2016,Villanova,Kansas,2,1,64,59,1,118.299,91.552,66.5578,26.7471,26.747,120.379,90.575,68.811,29.804,29.804,27.724000000000004,28.826999999999998,-1.1029999999999944,-2.2532000000000068,-3.056899999999999,-3.0569999999999986,1
2016,North Carolina,Notre Dame,1,6,88,74,1,121.139,93.1009,71.0747,28.0379,28.0381,119.69,103.709,64.933,15.9813,15.980999999999996,17.429999999999993,26.589100000000002,-9.15910000000001,6.1417,12.056600000000001,12.057100000000004,-5
2016,Syracuse,Virginia,10,1,68,62,1,111.357,95.507,64.9033,15.8501,15.849999999999994,120.224,91.1288,60.6947,29.0952,29.09520000000001,20.2282,24.717,-4.488799999999998,4.208600000000004,-13.245099999999999,-13.245200000000015,9
2016,North Carolina,Syracuse,1,10,83,66,1,121.139,93.1009,71.0747,28.0379,28.0381,111.357,95.507,64.9033,15.8501,15.849999999999994,25.63199999999999,18.256100000000004,7.375899999999987,6.1714000000000055,12.187800000000001,12.188100000000006,-9
2016,Villanova,Oklahoma,2,2,95,51,1,118.299,91.552,66.5578,26.7471,26.747,117.285,92.4357,69.8681,24.849,24.8493,25.86330000000001,25.73299999999999,0.13030000000001962,-3.310299999999998,1.8980999999999995,1.8977000000000004,0
2016,Villanova,North Carolina,2,1,77,74,1,118.299,91.552,66.5578,26.7471,26.747,121.139,93.1009,71.0747,28.0379,28.0381,25.19810000000001,29.58699999999999,-4.388899999999978,-4.516900000000007,-1.2908000000000008,-1.2911000000000001,1
2017,Kansas St.,Wake Forest,11,11,95,88,1,112.038,94.4839,66.1487,17.5538,17.55409999999999,120.873,103.6,70.4705,17.2722,17.27300000000001,8.438000000000002,26.3891,-17.951099999999997,-4.321799999999996,0.2815999999999974,0.2810999999999808,0
2017,Mount St. Mary's,New Orleans,16,16,67,66,1,98.9775,103.211,66.8082,-4.23312,-4.233499999999992,100.844,101.362,66.1458,-0.517773,-0.5180000000000007,-2.3844999999999885,-2.3670000000000044,-0.017499999999984084,0.6624000000000052,-3.7153470000000004,-3.7154999999999916,0
2017,UC Davis,North Carolina Central,16,16,67,63,1,97.8508,102.603,68.4821,-4.75235,-4.752199999999988,102.796,101.835,66.3643,0.961015,0.9610000000000128,-3.984199999999987,0.19300000000001205,-4.177199999999999,2.1178000000000026,-5.713365,-5.7132000000000005,0
2017,USC,Providence,11,11,75,71,1,112.508,100.168,68.8968,12.3407,12.33999999999999,108.021,95.1217,66.3485,12.8992,12.899299999999997,17.38629999999999,7.852999999999994,9.533299999999997,2.5482999999999976,-0.5585000000000004,-0.5593000000000075,0
2017,Arizona,North Dakota,2,15,100,82,1,117.585,94.8418,65.6678,22.7427,22.743199999999987,102.854,103.166,71.25,-0.311268,-0.3119999999999976,14.418999999999997,8.012199999999993,6.406800000000004,-5.5822,23.053967999999998,23.055199999999985,-13
2017,Butler,Winthrop,4,13,76,64,1,117.971,97.0613,65.3305,20.9097,20.9097,106.436,101.809,70.9519,4.62694,4.6270000000000095,16.162000000000006,9.374700000000004,6.787300000000002,-5.621399999999994,16.28276,16.28269999999999,-9
2017,Florida,East Tennessee St.,4,13,80,65,1,115.851,89.4618,68.8208,26.3891,26.3892,107.974,96.4902,70.0234,11.4836,11.483800000000002,19.360799999999998,18.512200000000007,0.8485999999999905,-1.2025999999999897,14.9055,14.905399999999997,-9
2017,Florida St.,Florida Gulf Coast,3,14,86,80,1,116.738,93.9951,70.7622,22.7426,22.74290000000001,109.563,104.547,65.2507,5.016,5.016000000000005,12.191000000000003,15.567900000000009,-3.3769000000000062,5.511500000000012,17.726599999999998,17.726900000000004,-11
2017,Gonzaga,South Dakota St.,1,16,66,46,1,120.711,87.6571,70.022,33.0538,33.0539,110.782,112.116,67.0521,-1.33359,-1.3340000000000032,8.594999999999999,23.124899999999997,-14.529899999999998,2.9699000000000098,34.38739,34.3879,-15
2017,Iowa St.,Nevada,5,12,84,73,1,119.541,96.4283,68.1638,23.113,23.112700000000004,114.477,101.135,69.6483,13.3415,13.342,18.40599999999999,18.04870000000001,0.35729999999998086,-1.4845000000000113,9.7715,9.770700000000003,-7
2017,Middle Tennessee,Minnesota,12,5,81,72,1,111.64,96.9823,64.2498,14.6582,14.657700000000006,109.574,92.9833,69.3901,16.5907,16.5907,18.6567,12.591700000000003,6.064999999999998,-5.1403000000000105,-1.9324999999999974,-1.9329999999999927,7
2017,Northwestern,Vanderbilt,8,9,68,66,1,111.189,95.6778,65.1075,15.511,15.511199999999988,112.303,96.065,65.5596,16.2376,16.238,15.123999999999995,16.625199999999992,-1.5011999999999972,-0.4521000000000015,-0.7266000000000012,-0.7268000000000114,-1
2017,Notre Dame,Princeton,5,12,60,58,1,118.891,97.7973,67.0898,21.0939,21.0937,109.396,96.8962,63.1679,12.5002,12.499800000000008,21.994800000000012,11.598699999999994,10.396100000000018,3.9218999999999937,8.593700000000002,8.59389999999999,-7
2017,Purdue,Vermont,4,13,80,70,1,116.912,92.6889,68.8912,24.2236,24.2231,110.832,98.9477,64.3336,11.8847,11.884299999999996,17.96430000000001,18.14309999999999,-0.1787999999999812,4.557599999999994,12.3389,12.338800000000003,-9
2017,St. Mary's,VCU,7,10,85,77,1,118.894,94.2568,59.2901,24.6377,24.637200000000007,110.018,95.716,68.1834,14.3025,14.302000000000008,23.17800000000001,15.761200000000002,7.416800000000009,-8.893300000000004,10.335199999999999,10.335199999999999,-3
2017,Villanova,Mount St. Mary's,1,16,76,56,1,122.753,91.9756,63.9872,30.7772,30.7774,98.9775,103.211,66.8082,-4.23312,-4.233499999999992,19.542,7.001900000000006,12.540099999999995,-2.820999999999998,35.01032,35.01089999999999,-15
2017,Virginia,UNC Wilmington,5,12,76,71,1,113.686,87.0194,58.8864,26.6671,26.666600000000003,117.706,105.319,70.0795,12.3867,12.387,8.367000000000004,30.6866,-22.319599999999994,-11.193099999999994,14.280400000000002,14.279600000000002,-7
2017,West Virginia,Bucknell,4,13,86,80,1,116.472,89.6731,69.8998,26.7991,26.79889999999999,109.074,100.358,69.6888,8.71601,8.715999999999994,16.11399999999999,19.400899999999993,-3.286900000000003,0.21099999999999852,18.08309,18.082899999999995,-9
2017,Wisconsin,Virginia Tech,8,9,84,74,1,113.589,91.2963,63.2884,22.2926,22.2927,117.358,102.419,68.2782,14.9395,14.939000000000007,11.170000000000002,26.061700000000002,-14.8917,-4.989799999999995,7.3530999999999995,7.353699999999993,-1
2017,Xavier,Maryland,11,6,76,65,1,114.744,99.4255,67.1917,15.3189,15.3185,113.565,98.7271,67.0658,14.838,14.837900000000005,16.016900000000007,14.139499999999998,1.8774000000000086,0.12590000000000146,0.4809000000000001,0.4805999999999955,5
2017,Arkansas,Seton Hall,8,9,77,71,1,116.639,101.04,69.4151,15.5987,15.59899999999999,109.8,95.8517,67.2845,13.9487,13.948300000000003,20.787300000000002,8.759999999999991,12.027300000000011,2.130600000000001,1.6499999999999986,1.6506999999999863,-1
2017,Baylor,New Mexico St.,3,14,91,73,1,117.289,92.281,63.0844,25.0078,25.008,110.052,102.738,67.51,7.31463,7.314000000000007,14.551000000000002,17.771,-3.219999999999999,-4.425600000000003,17.69317,17.693999999999992,-11
2017,Cincinnati,Kansas St.,6,11,75,61,1,114.215,91.8982,63.7687,22.3165,22.3168,112.038,94.4839,66.1487,17.5538,17.55409999999999,19.731099999999998,20.139799999999994,-0.40869999999999607,-2.3800000000000026,4.762700000000002,4.7627000000000095,-5
2017,Duke,Troy,2,15,87,65,1,120.988,95.8991,67.9699,25.0887,25.088899999999995,109.892,107.217,68.0509,2.67571,2.674999999999997,13.771,13.992899999999992,-0.22189999999999088,-0.08100000000000307,22.41299,22.413899999999998,-13
2017,Kansas,UC Davis,1,16,100,62,1,120.833,94.8585,70.2533,25.975,25.974499999999992,97.8508,102.603,68.4821,-4.75235,-4.752199999999988,18.230000000000004,2.9923,15.237700000000004,1.7711999999999932,30.72735,30.72669999999998,-15
2017,Kentucky,Northern Kentucky,2,15,79,70,1,119.139,91.8728,72.7658,27.2664,27.2662,106.647,105.311,67.8323,1.33605,1.3359999999999983,13.827999999999989,14.774200000000008,-0.9462000000000188,4.933499999999995,25.93035,25.930200000000003,-13
2017,Louisville,Jacksonville St.,2,15,78,63,1,117.179,90.4602,67.9905,26.7186,26.7188,105.363,104.78,63.5728,0.583245,0.5829999999999984,12.399000000000001,14.9028,-2.5037999999999982,4.417699999999996,26.135354999999997,26.135800000000003,-13
2017,Michigan,Oklahoma St.,7,10,92,91,1,121.592,98.9742,62.8409,22.618,22.617800000000003,124.834,102.73,70.289,22.1043,22.104,18.861999999999995,25.859800000000007,-6.997800000000012,-7.448100000000004,0.5137,0.5138000000000034,-3
2017,Michigan St.,Miami FL,9,8,78,58,1,110.569,95.5936,66.7308,14.9753,14.975400000000008,110.386,93.4254,62.9821,16.9602,16.9606,17.143600000000006,14.7924,2.3512000000000057,3.7486999999999995,-1.9848999999999997,-1.9851999999999919,1
2017,North Carolina,Texas Southern,1,16,103,64,1,122.075,94.0654,70.6955,28.0091,28.00960000000001,103.622,107.286,68.4526,-3.66476,-3.6640000000000015,14.789000000000001,9.556600000000003,5.232399999999998,2.2428999999999917,31.67386,31.67360000000001,-15
2017,Oregon,Iona,3,14,93,77,1,117.728,93.9002,66.7169,23.8276,23.8278,110.197,106.195,70.4839,4.00176,4.0020000000000095,11.533000000000001,16.296800000000005,-4.763800000000003,-3.76700000000001,19.82584,19.82579999999999,-11
2017,Rhode Island,Creighton,11,6,84,72,1,110.668,95.0527,66.1243,15.6156,15.615300000000005,115.639,96.0487,70.8829,19.5902,19.5903,14.61930000000001,20.586299999999994,-5.9669999999999845,-4.758600000000001,-3.974599999999999,-3.9749999999999943,5
2017,South Carolina,Marquette,7,10,93,73,1,105.546,88.5163,68.211,17.0302,17.029700000000005,120.943,103.371,69.9346,17.5711,17.572000000000003,2.1750000000000114,32.4267,-30.251699999999985,-1.7236000000000047,-0.5409000000000006,-0.5422999999999973,-3
2017,USC,SMU,11,6,66,65,1,112.508,100.168,68.8968,12.3407,12.33999999999999,120.073,94.8141,63.5675,25.2591,25.2589,17.6939,19.904999999999987,-2.2110999999999876,5.329299999999996,-12.9184,-12.918900000000011,5
2017,Wichita St.,Dayton,10,7,64,58,1,119.636,93.2236,68.6272,26.4121,26.41239999999999,112.3,96.6262,68.5788,15.6735,15.6738,23.0098,19.076399999999992,3.933400000000006,0.04840000000000089,10.738599999999998,10.738599999999991,3
2017,Arizona,St. Mary's,2,7,69,60,1,117.585,94.8418,65.6678,22.7427,22.743199999999987,118.894,94.2568,59.2901,24.6377,24.637200000000007,23.328199999999995,24.0522,-0.7240000000000038,6.377699999999997,-1.8949999999999996,-1.8940000000000197,-5
2017,Butler,Middle Tennessee,4,12,74,65,1,117.971,97.0613,65.3305,20.9097,20.9097,111.64,96.9823,64.2498,14.6582,14.657700000000006,20.98870000000001,14.578699999999998,6.410000000000011,1.0807000000000073,6.2515,6.251999999999995,-8
2017,Florida,Virginia,4,5,65,39,1,115.851,89.4618,68.8208,26.3891,26.3892,113.686,87.0194,58.8864,26.6671,26.666600000000003,28.831599999999995,24.22420000000001,4.607399999999984,9.934400000000004,-0.27800000000000225,-0.27740000000000364,-1
2017,Gonzaga,Northwestern,1,8,79,73,1,120.711,87.6571,70.022,33.0538,33.0539,111.189,95.6778,65.1075,15.511,15.511199999999988,25.033199999999994,23.531899999999993,1.5013000000000005,4.914500000000004,17.542800000000003,17.54270000000001,-7
2017,Purdue,Iowa St.,4,5,80,76,1,116.912,92.6889,68.8912,24.2236,24.2231,119.541,96.4283,68.1638,23.113,23.112700000000004,20.483700000000013,26.852099999999993,-6.36839999999998,0.7274000000000029,1.1106000000000016,1.110399999999995,-1
2017,West Virginia,Notre Dame,4,5,83,71,1,116.472,89.6731,69.8998,26.7991,26.79889999999999,118.891,97.7973,67.0898,21.0939,21.0937,18.674699999999987,29.2179,-10.543200000000013,2.8100000000000023,5.705199999999998,5.705199999999991,-1
2017,Wisconsin,Villanova,8,1,65,62,1,113.589,91.2963,63.2884,22.2926,22.2927,122.753,91.9756,63.9872,30.7772,30.7774,21.6134,31.456699999999998,-9.8433,-0.6987999999999985,-8.4846,-8.4847,7
2017,Xavier,Florida St.,11,3,91,66,1,114.744,99.4255,67.1917,15.3189,15.3185,116.738,93.9951,70.7622,22.7426,22.74290000000001,20.748900000000006,17.3125,3.436400000000006,-3.5705000000000098,-7.4237,-7.424400000000009,8
2017,Baylor,USC,3,11,82,78,1,117.289,92.281,63.0844,25.0078,25.008,112.508,100.168,68.8968,12.3407,12.33999999999999,17.120999999999995,20.22699999999999,-3.1059999999999945,-5.812399999999997,12.6671,12.66800000000001,-8
2017,Kansas,Michigan St.,1,9,90,70,1,120.833,94.8585,70.2533,25.975,25.974499999999992,110.569,95.5936,66.7308,14.9753,14.975400000000008,25.239400000000003,15.710499999999996,9.528900000000007,3.5224999999999937,10.9997,10.999099999999984,-8
2017,Kentucky,Wichita St.,2,10,65,62,1,119.139,91.8728,72.7658,27.2664,27.2662,119.636,93.2236,68.6272,26.4121,26.41239999999999,25.91539999999999,27.763199999999998,-1.8478000000000065,4.138599999999997,0.8543000000000021,0.8538000000000103,-8
2017,Michigan,Louisville,7,2,73,69,1,121.592,98.9742,62.8409,22.618,22.617800000000003,117.179,90.4602,67.9905,26.7186,26.7188,31.1318,18.204800000000006,12.926999999999992,-5.1495999999999995,-4.1006,-4.100999999999999,5
2017,North Carolina,Arkansas,1,8,72,65,1,122.075,94.0654,70.6955,28.0091,28.00960000000001,116.639,101.04,69.4151,15.5987,15.59899999999999,21.034999999999997,22.5736,-1.5386000000000024,1.2804000000000002,12.410400000000001,12.41060000000002,-7
2017,Oregon,Rhode Island,3,11,75,72,1,117.728,93.9002,66.7169,23.8276,23.8278,110.668,95.0527,66.1243,15.6156,15.615300000000005,22.675299999999993,16.76780000000001,5.907499999999985,0.5925999999999902,8.212,8.212499999999995,-8
2017,South Carolina,Duke,7,2,88,81,1,105.546,88.5163,68.211,17.0302,17.029700000000005,120.988,95.8991,67.9699,25.0887,25.088899999999995,9.646900000000002,32.4717,-22.824799999999996,0.24110000000000298,-8.058499999999999,-8.05919999999999,5
2017,UCLA,Cincinnati,3,6,79,67,1,122.757,99.8057,73.179,22.9515,22.951300000000003,114.215,91.8982,63.7687,22.3165,22.3168,30.858800000000002,14.409300000000002,16.4495,9.4103,0.634999999999998,0.6345000000000027,-3
2017,Gonzaga,West Virginia,1,4,61,58,1,120.711,87.6571,70.022,33.0538,33.0539,116.472,89.6731,69.8998,26.7991,26.79889999999999,31.037899999999993,28.814899999999994,2.222999999999999,0.12220000000000653,6.254700000000003,6.25500000000001,-3
2017,Kansas,Purdue,1,4,98,66,1,120.833,94.8585,70.2533,25.975,25.974499999999992,116.912,92.6889,68.8912,24.2236,24.2231,28.144099999999995,22.0535,6.090599999999995,1.362099999999998,1.7514000000000003,1.7513999999999932,-3
2017,Oregon,Michigan,3,7,69,68,1,117.728,93.9002,66.7169,23.8276,23.8278,121.592,98.9742,62.8409,22.618,22.617800000000003,18.7538,27.6918,-8.938000000000002,3.8759999999999977,1.2096000000000018,1.2099999999999973,-4
2017,Xavier,Arizona,11,2,73,71,1,114.744,99.4255,67.1917,15.3189,15.3185,117.585,94.8418,65.6678,22.7427,22.743199999999987,19.902199999999993,18.159499999999994,1.7426999999999992,1.5238999999999976,-7.4238,-7.424699999999987,9
2017,Florida,Wisconsin,4,8,84,83,1,115.851,89.4618,68.8208,26.3891,26.3892,113.589,91.2963,63.2884,22.2926,22.2927,24.554699999999997,24.127200000000002,0.4274999999999949,5.532400000000003,4.096499999999999,4.096499999999999,-4
2017,Kentucky,UCLA,2,3,86,75,1,119.139,91.8728,72.7658,27.2664,27.2662,122.757,99.8057,73.179,22.9515,22.951300000000003,19.333299999999994,30.884200000000007,-11.550900000000013,-0.41320000000000334,4.3149000000000015,4.314899999999998,-1
2017,North Carolina,Butler,1,4,92,80,1,122.075,94.0654,70.6955,28.0091,28.00960000000001,117.971,97.0613,65.3305,20.9097,20.9097,25.0137,23.905600000000007,1.1080999999999932,5.364999999999995,7.099399999999999,7.099900000000009,-3
2017,South Carolina,Baylor,7,3,70,50,1,105.546,88.5163,68.211,17.0302,17.029700000000005,117.289,92.281,63.0844,25.0078,25.008,13.265,28.7727,-15.5077,5.126599999999996,-7.977599999999999,-7.978299999999994,4
2017,Gonzaga,Xavier,1,11,83,59,1,120.711,87.6571,70.022,33.0538,33.0539,114.744,99.4255,67.1917,15.3189,15.3185,21.2855,27.0869,-5.801400000000001,2.8303000000000083,17.734900000000003,17.7354,-10
2017,Oregon,Kansas,3,1,74,60,1,117.728,93.9002,66.7169,23.8276,23.8278,120.833,94.8585,70.2533,25.975,25.974499999999992,22.869499999999988,26.9328,-4.063300000000012,-3.5364000000000004,-2.147400000000001,-2.146699999999992,2
2017,North Carolina,Kentucky,1,2,75,73,1,122.075,94.0654,70.6955,28.0091,28.00960000000001,119.139,91.8728,72.7658,27.2664,27.2662,30.202200000000005,25.0736,5.128600000000006,-2.070300000000003,0.7426999999999992,0.7434000000000083,-1
2017,South Carolina,Florida,7,4,77,70,1,105.546,88.5163,68.211,17.0302,17.029700000000005,115.851,89.4618,68.8208,26.3891,26.3892,16.08420000000001,27.334699999999998,-11.250499999999988,-0.609800000000007,-9.358899999999998,-9.359499999999993,3
2017,Gonzaga,South Carolina,1,7,77,73,1,120.711,87.6571,70.022,33.0538,33.0539,105.546,88.5163,68.211,17.0302,17.029700000000005,32.1947,17.888900000000007,14.30579999999999,1.811000000000007,16.023600000000002,16.024199999999993,-6
2017,North Carolina,Oregon,1,3,77,76,1,122.075,94.0654,70.6955,28.0091,28.00960000000001,117.728,93.9002,66.7169,23.8276,23.8278,28.174800000000005,23.662599999999998,4.512200000000007,3.9786,4.1815,4.18180000000001,-2
2017,North Carolina,Gonzaga,1,1,71,65,1,122.075,94.0654,70.6955,28.0091,28.00960000000001,120.711,87.6571,70.022,33.0538,33.0539,34.4179,26.6456,7.772300000000001,0.67349999999999,-5.044700000000002,-5.044299999999989,0
2018,Radford,LIU Brooklyn,16,16,71,61,1,103.581,103.629,62.7351,-0.0477779,-0.0480000000000018,103.335,111.135,71.3779,-7.80028,-7.800000000000011,-7.554000000000002,-0.29400000000001114,-7.259999999999991,-8.642799999999994,7.7525021,7.7520000000000095,0
2018,St. Bonaventure,UCLA,11,11,65,58,1,112.288,101.093,69.2408,11.1954,11.194999999999991,116.447,102.063,70.5038,14.3834,14.384,10.224999999999994,15.354,-5.129000000000005,-1.2630000000000052,-3.1880000000000006,-3.189000000000009,0
2018,Syracuse,Arizona St.,11,11,60,56,1,107.705,94.1122,63.3993,13.5929,13.592799999999997,117.651,102.937,71.5605,14.714,14.714,4.768000000000001,23.538799999999995,-18.770799999999994,-8.161200000000008,-1.1211000000000002,-1.1212000000000035,0
2018,Texas Southern,North Carolina Central,16,16,64,46,1,105.281,112.94,71.5742,-7.659,-7.658999999999992,98.1525,110.889,64.9456,-12.7366,-12.736499999999992,-5.60799999999999,-14.787499999999994,9.179500000000004,6.628600000000006,5.0775999999999994,5.077500000000001,0
2018,Alabama,Virginia Tech,9,8,86,83,1,108.459,94.6334,68.7962,13.8252,13.825600000000009,115.016,98.3773,68.6757,16.6388,16.6387,10.081699999999998,20.38260000000001,-10.300900000000013,0.12049999999999272,-2.813599999999999,-2.8130999999999915,1
2018,Buffalo,Arizona,13,4,89,68,1,114.284,103.791,72.8022,10.4931,10.49300000000001,119.012,99.6425,67.313,19.3692,19.3695,14.641500000000008,15.221000000000004,-0.5794999999999959,5.489199999999997,-8.8761,-8.87649999999999,9
2018,Duke,Iona,2,15,89,67,1,122.602,93.467,70.0021,29.1348,29.135000000000005,110.261,107.388,70.6965,2.87263,2.8729999999999905,15.213999999999999,16.793999999999997,-1.5799999999999983,-0.6944000000000017,26.262169999999998,26.262000000000015,-13
2018,Florida,St. Bonaventure,6,11,77,62,1,115.14,96.4262,66.7986,18.7137,18.71380000000001,112.288,101.093,69.2408,11.1954,11.194999999999991,14.046999999999997,15.861800000000002,-1.8148000000000053,-2.4421999999999997,7.5183,7.518800000000018,-5
2018,Gonzaga,UNC Greensboro,4,13,68,64,1,119.824,95.0891,68.9851,24.7352,24.7349,105.672,96.6156,64.9776,9.0562,9.056399999999996,23.208399999999997,10.582899999999995,12.625500000000002,4.007500000000007,15.678999999999998,15.678500000000003,-9
2018,Houston,San Diego St.,6,11,67,65,1,115.787,95.2473,68.2176,20.5396,20.53970000000001,111.286,97.1358,68.6523,14.1504,14.150199999999998,18.651200000000003,16.038700000000006,2.612499999999997,-0.4346999999999923,6.389200000000001,6.389500000000012,-5
2018,Kansas,Penn,1,16,76,60,1,120.933,97.6938,68.4279,23.2388,23.23920000000001,103.553,99.8577,68.8538,3.69539,3.695300000000003,21.075300000000013,5.859200000000001,15.216100000000012,-0.4259000000000128,19.54341,19.543900000000008,-15
2018,Kentucky,Davidson,5,12,78,73,1,116.426,96.019,68.5818,20.4069,20.407,117.399,102.494,64.1645,14.9051,14.905,13.932000000000002,21.379999999999995,-7.447999999999993,4.417299999999997,5.501800000000001,5.502000000000001,-7
2018,Loyola Chicago,Miami FL,11,6,64,62,1,111.331,96.1911,65.3221,15.1402,15.139899999999995,113.309,97.5988,67.0632,15.7103,15.7102,13.732200000000006,17.11789999999999,-3.3856999999999857,-1.7410999999999888,-0.5701,-0.5703000000000049,5
2018,Michigan,Montana,3,14,61,47,1,115.9,92.7095,64.3592,23.1909,23.1905,110.144,99.3132,67.9708,10.8304,10.83080000000001,16.58680000000001,17.4345,-0.847699999999989,-3.6115999999999957,12.3605,12.35969999999999,-11
2018,Ohio St.,South Dakota St.,5,12,81,73,1,116.15,95.0408,66.3996,21.1094,21.1092,114.629,104.038,70.2629,10.5907,10.591000000000008,12.112000000000009,19.5882,-7.4761999999999915,-3.8632999999999953,10.5187,10.518199999999993,-7
2018,Rhode Island,Oklahoma,7,10,83,78,1,111.71,97.328,68.6547,14.3818,14.38199999999999,115.128,100.709,75.8225,14.419,14.418999999999995,11.00099999999999,17.799999999999997,-6.799000000000007,-7.1678,-0.037200000000000344,-0.03700000000000436,-3
2018,Tennessee,Wright St.,3,14,73,47,1,114.839,92.6901,66.1739,22.1486,22.1489,101.068,98.251,68.2124,2.81674,2.816999999999993,16.587999999999994,8.377899999999997,8.210099999999997,-2.038499999999999,19.33186,19.331900000000008,-11
2018,Texas Tech,Stephen F. Austin,3,14,70,60,1,114.03,92.0873,66.5709,21.9424,21.9427,104.983,99.4206,71.1416,5.56289,5.562400000000011,14.609400000000008,12.895700000000005,1.7137000000000029,-4.570700000000002,16.37951,16.380299999999988,-11
2018,Villanova,Radford,1,16,87,61,1,127.384,95.9749,68.277,31.4091,31.409099999999995,103.581,103.629,62.7351,-0.0477779,-0.0480000000000018,23.754999999999995,7.606099999999998,16.148899999999998,5.541899999999998,31.4568779,31.457099999999997,-15
2018,Auburn,College of Charleston,4,13,62,58,1,118.196,97.5614,72.2946,20.6348,20.634599999999992,109.887,105.153,64.6463,4.73418,4.733999999999995,13.042999999999992,12.325599999999994,0.7173999999999978,7.648300000000006,15.900619999999998,15.900599999999997,-9
2018,Butler,Arkansas,10,7,79,62,1,115.758,97.8916,67.8456,17.8667,17.8664,117.32,101.685,69.6899,15.635,15.634999999999993,14.072999999999993,19.428399999999996,-5.355400000000003,-1.8442999999999898,2.231700000000002,2.231400000000006,3
2018,Cincinnati,Georgia St.,2,15,68,53,1,113.155,86.158,64.6798,26.9966,26.997,109.045,101.835,66.8969,7.20921,7.210000000000008,11.320000000000007,22.887,-11.566999999999993,-2.217100000000002,19.787390000000002,19.786999999999992,-13
2018,Clemson,New Mexico St.,5,12,79,68,1,113.774,93.5052,65.6205,20.2693,20.2688,108.457,94.9001,68.2276,13.5573,13.5569,18.873900000000006,14.951799999999992,3.9221000000000146,-2.6070999999999884,6.7120000000000015,6.711899999999998,-7
2018,Florida St.,Missouri,9,8,67,54,1,115.822,99.9984,71.6051,15.8239,15.8236,113.275,97.803,65.6199,15.4717,15.472000000000008,18.019000000000005,13.276600000000002,4.7424000000000035,5.985199999999992,0.35219999999999985,0.35159999999999236,1
2018,Kansas St.,Creighton,9,8,69,59,1,112.178,97.4236,65.5437,14.7543,14.754400000000004,116.454,99.1744,70.8444,17.2792,17.279599999999988,13.003599999999992,19.0304,-6.026800000000009,-5.300699999999992,-2.524899999999999,-2.525199999999984,1
2018,Marshall,Wichita St.,13,4,81,75,1,109.328,103.944,74.8308,5.38402,5.384,121.925,101.857,68.6357,20.068,20.068,7.471000000000004,17.980999999999995,-10.509999999999991,6.1950999999999965,-14.683980000000002,-14.684000000000001,9
2018,Michigan St.,Bucknell,3,14,82,78,1,119.983,93.6364,67.1449,26.3461,26.34660000000001,109.182,102.368,71.4452,6.8137,6.814000000000007,17.61500000000001,15.545600000000007,2.0694000000000017,-4.300299999999993,19.5324,19.532600000000002,-11
2018,Nevada,Texas,7,10,87,83,1,119.901,101.72,69.4886,18.1814,18.181,109.372,93.914,65.2086,15.4577,15.457999999999998,25.986999999999995,7.652000000000001,18.334999999999994,4.280000000000001,2.723699999999999,2.7230000000000025,-3
2018,North Carolina,Lipscomb,2,15,84,66,1,121.959,96.9241,70.9501,25.0348,25.034900000000007,103.793,103.43,74.8966,0.363623,0.3629999999999995,18.528999999999996,6.868900000000011,11.660099999999986,-3.9465000000000003,24.671177,24.671900000000008,-13
2018,Purdue,Cal St. Fullerton,2,15,74,48,1,123.248,96.5818,67.2291,26.6663,26.666200000000003,104.984,103.669,69.5384,1.3154,1.3149999999999975,19.579000000000008,8.402199999999993,11.176800000000014,-2.3092999999999932,25.3509,25.351200000000006,-13
2018,Syracuse,TCU,11,6,57,52,1,107.705,94.1122,63.3993,13.5929,13.592799999999997,120.625,101.705,68.7039,18.9201,18.92,6.0,26.5128,-20.5128,-5.304600000000008,-5.327200000000001,-5.327200000000005,5
2018,Texas A&M,Providence,7,10,73,69,1,111.204,94.2949,69.0256,16.9086,16.909099999999995,108.926,97.0075,67.0963,11.9189,11.918500000000009,14.1965,14.631100000000004,-0.4346000000000032,1.9292999999999978,4.989699999999999,4.990599999999986,-3
2018,UMBC,Virginia,16,1,74,54,1,103.389,105.297,68.1857,-1.9086,-1.9080000000000013,116.528,84.3753,59.1912,32.1527,32.15270000000001,19.0137,11.231000000000009,7.782699999999991,8.994499999999995,-34.0613,-34.06070000000001,15
2018,West Virginia,Murray St.,5,12,85,68,1,119.151,97.3766,69.0413,21.7748,21.7744,113.139,100.444,67.3002,12.6951,12.694999999999991,18.706999999999994,15.7624,2.944599999999994,1.741100000000003,9.079699999999999,9.079400000000009,-7
2018,Xavier,Texas Southern,1,16,102,83,1,120.74,99.0492,70.4307,21.6909,21.6908,105.281,112.94,71.5742,-7.659,-7.658999999999992,7.799999999999997,6.231800000000007,1.5681999999999903,-1.143500000000003,29.349899999999998,29.34979999999999,-15
2018,Duke,Rhode Island,2,7,87,62,1,122.602,93.467,70.0021,29.1348,29.135000000000005,111.71,97.328,68.6547,14.3818,14.38199999999999,25.274,18.242999999999995,7.031000000000006,1.3473999999999933,14.752999999999998,14.753000000000014,-5
2018,Gonzaga,Ohio St.,4,5,90,84,1,119.824,95.0891,68.9851,24.7352,24.7349,116.15,95.0408,66.3996,21.1094,21.1092,24.783199999999994,21.060900000000004,3.72229999999999,2.585499999999996,3.625799999999998,3.6256999999999984,-1
2018,Kansas,Seton Hall,1,8,83,79,1,120.933,97.6938,68.4279,23.2388,23.23920000000001,116.335,98.9994,69.3438,17.3352,17.3356,21.933600000000013,18.641199999999998,3.292400000000015,-0.9159000000000077,5.903600000000001,5.9036000000000115,-7
2018,Kentucky,Buffalo,5,13,95,75,1,116.426,96.019,68.5818,20.4069,20.407,114.284,103.791,72.8022,10.4931,10.49300000000001,12.635000000000005,18.265,-5.6299999999999955,-4.220399999999998,9.9138,9.91399999999999,-8
2018,Loyola Chicago,Tennessee,11,3,63,62,1,111.331,96.1911,65.3221,15.1402,15.139899999999995,114.839,92.6901,66.1739,22.1486,22.1489,18.640900000000002,18.647899999999993,-0.006999999999990791,-0.8517999999999972,-7.008399999999998,-7.009000000000006,8
2018,Michigan,Houston,3,6,64,63,1,115.9,92.7095,64.3592,23.1909,23.1905,115.787,95.2473,68.2176,20.5396,20.53970000000001,20.65270000000001,23.0775,-2.4247999999999905,-3.858400000000003,2.651299999999999,2.6507999999999896,-3
2018,Texas Tech,Florida,3,6,69,66,1,114.03,92.0873,66.5709,21.9424,21.9427,115.14,96.4262,66.7986,18.7137,18.71380000000001,17.603800000000007,23.0527,-5.448899999999995,-0.22769999999999868,3.2287,3.228899999999989,-3
2018,Villanova,Alabama,1,9,81,58,1,127.384,95.9749,68.277,31.4091,31.409099999999995,108.459,94.6334,68.7962,13.8252,13.825600000000009,32.750600000000006,12.484099999999998,20.266500000000008,-0.5191999999999979,17.5839,17.583499999999987,-8
2018,Clemson,Auburn,5,4,84,53,1,113.774,93.5052,65.6205,20.2693,20.2688,118.196,97.5614,72.2946,20.6348,20.634599999999992,16.212599999999995,24.690799999999996,-8.478200000000001,-6.674099999999996,-0.36549999999999727,-0.365799999999993,1
2018,Florida St.,Xavier,9,1,75,70,1,115.822,99.9984,71.6051,15.8239,15.8236,120.74,99.0492,70.4307,21.6909,21.6908,16.772800000000004,20.74159999999999,-3.9687999999999874,1.1743999999999915,-5.866999999999999,-5.867199999999999,8
2018,Kansas St.,UMBC,9,16,50,43,1,112.178,97.4236,65.5437,14.7543,14.754400000000004,103.389,105.297,68.1857,-1.9086,-1.9080000000000013,6.881,5.9654000000000025,0.9155999999999977,-2.641999999999996,16.6629,16.662400000000005,-7
2018,Nevada,Cincinnati,7,2,75,73,1,119.901,101.72,69.4886,18.1814,18.181,113.155,86.158,64.6798,26.9966,26.997,33.742999999999995,11.435000000000002,22.307999999999993,4.808800000000005,-8.8152,-8.815999999999999,5
2018,Purdue,Butler,2,10,76,73,1,123.248,96.5818,67.2291,26.6663,26.666200000000003,115.758,97.8916,67.8456,17.8667,17.8664,25.356400000000008,19.176199999999994,6.1802000000000135,-0.616500000000002,8.799599999999998,8.799800000000005,-8
2018,Syracuse,Michigan St.,11,3,55,53,1,107.705,94.1122,63.3993,13.5929,13.592799999999997,119.983,93.6364,67.1449,26.3461,26.34660000000001,14.068600000000004,25.870800000000003,-11.8022,-3.7456000000000103,-12.7532,-12.753800000000012,8
2018,Texas A&M,North Carolina,7,2,86,65,1,111.204,94.2949,69.0256,16.9086,16.909099999999995,121.959,96.9241,70.9501,25.0348,25.034900000000007,14.279899999999998,27.664100000000005,-13.384200000000007,-1.924500000000009,-8.1262,-8.125800000000012,5
2018,West Virginia,Marshall,5,13,94,71,1,119.151,97.3766,69.0413,21.7748,21.7744,109.328,103.944,74.8308,5.38402,5.384,15.206999999999994,11.951400000000007,3.255599999999987,-5.78949999999999,16.39078,16.3904,-8
2018,Florida St.,Gonzaga,9,4,75,60,1,115.822,99.9984,71.6051,15.8239,15.8236,119.824,95.0891,68.9851,24.7352,24.7349,20.7329,19.825599999999994,0.9073000000000064,2.6199999999999903,-8.911299999999999,-8.911299999999999,5
2018,Kansas St.,Kentucky,9,5,61,58,1,112.178,97.4236,65.5437,14.7543,14.754400000000004,116.426,96.019,68.5818,20.4069,20.407,16.158999999999992,19.00240000000001,-2.843400000000017,-3.0381,-5.6526,-5.652599999999996,4
2018,Loyola Chicago,Nevada,11,7,69,68,1,111.331,96.1911,65.3221,15.1402,15.139899999999995,119.901,101.72,69.4886,18.1814,18.181,9.611000000000004,23.70989999999999,-14.098899999999986,-4.166499999999999,-3.0412,-3.0411000000000055,4
2018,Michigan,Texas A&M,3,7,99,72,1,115.9,92.7095,64.3592,23.1909,23.1905,111.204,94.2949,69.0256,16.9086,16.909099999999995,21.605100000000007,18.494499999999988,3.1106000000000193,-4.666399999999996,6.282299999999999,6.281400000000005,-4
2018,Duke,Syracuse,2,11,69,65,1,122.602,93.467,70.0021,29.1348,29.135000000000005,107.705,94.1122,63.3993,13.5929,13.592799999999997,28.489800000000002,14.238,14.251800000000003,6.602800000000002,15.541899999999998,15.542200000000008,-9
2018,Kansas,Clemson,1,5,80,76,1,120.933,97.6938,68.4279,23.2388,23.23920000000001,113.774,93.5052,65.6205,20.2693,20.2688,27.427800000000005,16.080200000000005,11.3476,2.807399999999987,2.9695,2.970400000000012,-4
2018,Texas Tech,Purdue,3,2,78,65,1,114.03,92.0873,66.5709,21.9424,21.9427,123.248,96.5818,67.2291,26.6663,26.666200000000003,17.4482,31.160700000000006,-13.712500000000006,-0.6582000000000079,-4.7239,-4.723500000000005,1
2018,Villanova,West Virginia,1,5,90,78,1,127.384,95.9749,68.277,31.4091,31.409099999999995,119.151,97.3766,69.0413,21.7748,21.7744,30.007400000000004,23.17609999999999,6.831300000000013,-0.7643000000000058,9.6343,9.634699999999995,-4
2018,Loyola Chicago,Kansas St.,11,9,78,62,1,111.331,96.1911,65.3221,15.1402,15.139899999999995,112.178,97.4236,65.5437,14.7543,14.754400000000004,13.90740000000001,15.986899999999991,-2.0794999999999817,-0.22159999999999513,0.38589999999999947,0.3854999999999915,2
2018,Michigan,Florida St.,3,9,58,54,1,115.9,92.7095,64.3592,23.1909,23.1905,115.822,99.9984,71.6051,15.8239,15.8236,15.901600000000002,23.112499999999997,-7.210899999999995,-7.245899999999992,7.366999999999999,7.366899999999999,-6
2018,Kansas,Duke,1,2,85,81,1,120.933,97.6938,68.4279,23.2388,23.23920000000001,122.602,93.467,70.0021,29.1348,29.135000000000005,27.466000000000008,24.908200000000008,2.5578000000000003,-1.5742000000000047,-5.895999999999997,-5.895799999999994,-1
2018,Villanova,Texas Tech,1,3,71,59,1,127.384,95.9749,68.277,31.4091,31.409099999999995,114.03,92.0873,66.5709,21.9424,21.9427,35.2967,18.055099999999996,17.241600000000005,1.7061000000000064,9.4667,9.466399999999997,-2
2018,Michigan,Loyola Chicago,3,11,69,57,1,115.9,92.7095,64.3592,23.1909,23.1905,111.331,96.1911,65.3221,15.1402,15.139899999999995,19.7089,18.621499999999997,1.0874000000000024,-0.9629000000000048,8.050699999999999,8.050600000000005,-8
2018,Villanova,Kansas,1,1,95,79,1,127.384,95.9749,68.277,31.4091,31.409099999999995,120.933,97.6938,68.4279,23.2388,23.23920000000001,29.690200000000004,24.9581,4.732100000000003,-0.15089999999999293,8.170299999999997,8.169899999999984,0
2018,Villanova,Michigan,1,3,79,62,1,127.384,95.9749,68.277,31.4091,31.409099999999995,115.9,92.7095,64.3592,23.1909,23.1905,34.674499999999995,19.9251,14.749399999999994,3.9177999999999997,8.2182,8.218599999999995,-2
2019,Belmont,Temple,11,11,81,70,1,114.834,101.76,71.1231,13.0739,13.073999999999998,108.851,99.4587,68.7589,9.3923,9.392300000000006,15.37530000000001,7.090999999999994,8.284300000000016,2.3641999999999967,3.6815999999999995,3.681699999999992,0
2019,Fairleigh Dickinson,Prairie View A&M,16,16,82,76,1,106.184,110.432,66.7742,-4.2487,-4.248000000000005,101.53,105.838,70.961,-4.30871,-4.307999999999993,0.34600000000000364,-8.902000000000001,9.248000000000005,-4.186800000000005,0.06000999999999923,0.05999999999998806,0
2019,Arizona St.,St. John's,11,11,74,65,1,109.774,98.5646,70.4917,11.2091,11.209400000000002,109.671,100.92,70.4832,8.75182,8.751000000000005,8.854,11.106400000000008,-2.2524000000000086,0.008499999999997954,2.457279999999999,2.4583999999999975,0
2019,North Dakota St.,North Carolina Central,16,16,78,74,1,106.552,109.751,64.7859,-3.19855,-3.198999999999998,96.6416,108.528,65.2069,-11.8864,-11.886400000000007,-1.975999999999999,-13.109400000000008,11.133400000000009,-0.4210000000000065,8.687850000000001,8.68740000000001,0
2019,Auburn,New Mexico St.,5,12,78,77,1,119.571,96.2397,67.5363,23.3317,23.3313,112.605,99.0173,65.5861,13.588,13.587699999999998,20.553699999999992,16.365300000000005,4.188399999999987,1.9501999999999953,9.743700000000002,9.7436,-7
2019,Baylor,Syracuse,9,8,78,69,1,113.517,98.2238,65.2511,15.2935,15.2932,110.213,93.9133,66.0629,16.3,16.299699999999987,19.60369999999999,11.989199999999997,7.6144999999999925,-0.8118000000000052,-1.0065000000000008,-1.0064999999999866,1
2019,Florida,Nevada,10,7,70,61,1,110.219,91.895,62.6903,18.3239,18.324,114.0,95.0771,69.2146,18.9229,18.9229,15.141899999999993,22.105000000000004,-6.963100000000011,-6.524300000000004,-0.5990000000000002,-0.5988999999999969,3
2019,Florida St.,Vermont,4,13,76,69,1,112.987,90.4293,68.2507,22.5574,22.5577,107.949,99.2286,65.3218,8.72064,8.720399999999998,13.758399999999995,17.5197,-3.7613000000000056,2.9288999999999987,13.836760000000002,13.837300000000003,-9
2019,Gonzaga,Fairleigh Dickinson,1,16,87,49,1,125.125,92.336,69.7687,32.7887,32.789,106.184,110.432,66.7742,-4.2487,-4.248000000000005,14.692999999999998,13.847999999999999,0.8449999999999989,2.994500000000002,37.0374,37.037000000000006,-15
2019,Kansas,Northeastern,4,13,87,53,1,112.746,92.0406,69.9355,20.7051,20.7054,111.465,102.718,66.0293,8.74685,8.747,10.027999999999992,19.424400000000006,-9.396400000000014,3.9061999999999983,11.958250000000001,11.958400000000001,-9
2019,Kentucky,Abilene Christian,2,15,79,44,1,118.223,90.8094,65.8287,27.4133,27.4136,103.625,101.539,66.0042,2.08626,2.0859999999999985,16.683999999999997,12.815600000000003,3.868399999999994,-0.17549999999999955,25.32704,25.3276,-13
2019,LSU,Yale,3,14,79,74,1,118.485,97.5196,69.8753,20.9656,20.9654,111.702,103.115,70.7049,8.58693,8.587000000000003,15.370000000000005,14.182400000000001,1.1876000000000033,-0.8295999999999992,12.378669999999998,12.378399999999996,-11
2019,Maryland,Belmont,6,11,79,77,1,113.82,93.8429,65.6376,19.9776,19.977099999999997,114.834,101.76,71.1231,13.0739,13.073999999999998,12.059999999999988,20.991100000000003,-8.931100000000015,-5.485499999999988,6.903699999999999,6.9030999999999985,-5
2019,Michigan,Montana,2,15,74,55,1,115.516,86.081,64.4257,29.4352,29.435,107.36,103.814,66.5497,3.54691,3.5460000000000065,11.702000000000012,21.278999999999996,-9.576999999999984,-2.1239999999999952,25.888289999999998,25.888999999999992,-13
2019,Michigan St.,Bradley,2,15,76,65,1,121.729,90.3679,67.4035,31.3607,31.361099999999997,100.892,101.25,65.0632,-0.358275,-0.3580000000000041,20.479,10.52409999999999,9.95490000000001,2.340299999999999,31.718975,31.7191,-13
2019,Minnesota,Louisville,10,7,86,76,1,110.671,96.2136,67.4509,14.4575,14.457400000000009,113.376,92.4055,67.1312,20.9708,20.9705,18.265500000000003,17.162400000000005,1.1030999999999977,0.31969999999999743,-6.513300000000001,-6.513099999999993,3
2019,Murray St.,Marquette,12,5,83,64,1,112.038,98.706,69.0116,13.3317,13.331999999999994,114.15,95.7294,68.5839,18.4207,18.420600000000007,16.3086,15.444000000000003,0.8645999999999958,0.4277000000000015,-5.089,-5.088600000000014,7
2019,Purdue,Old Dominion,3,14,61,48,1,121.093,95.0422,65.6263,26.0512,26.05080000000001,101.929,96.3508,64.2892,5.57853,5.578199999999995,24.742199999999997,6.886800000000008,17.85539999999999,1.3371000000000066,20.47267,20.472600000000014,-11
2019,Villanova,St. Mary's,6,11,61,57,1,116.973,98.1987,63.6099,18.7745,18.7743,114.634,96.9231,62.6466,17.7106,17.710899999999995,20.049899999999994,16.435299999999998,3.614599999999996,0.9633000000000038,1.0639000000000003,1.063400000000005,-5
2019,Wofford,Seton Hall,7,10,84,68,1,118.357,97.6422,65.6363,20.7146,20.7148,109.303,96.3961,68.9235,12.9072,12.906899999999991,21.960899999999995,11.660799999999995,10.3001,-3.2871999999999986,7.807400000000001,7.807900000000009,-3
2019,Buffalo,Arizona St.,6,11,91,74,1,114.89,94.5531,73.7602,20.337,20.3369,109.774,98.5646,70.4917,11.2091,11.209400000000002,16.325400000000002,15.2209,1.1045000000000016,3.268500000000003,9.1279,9.127499999999998,-5
2019,Duke,North Dakota St.,1,16,85,62,1,120.084,88.0911,72.2115,31.9925,31.99290000000001,106.552,109.751,64.7859,-3.19855,-3.198999999999998,10.332999999999998,18.46090000000001,-8.127900000000011,7.425600000000003,35.19105,35.191900000000004,-15
2019,Houston,Georgia St.,3,14,84,55,1,114.118,91.6934,66.1482,22.4249,22.4246,107.886,102.289,69.8602,5.59737,5.596999999999994,11.828999999999994,16.1926,-4.363600000000005,-3.7120000000000033,16.827530000000003,16.827600000000007,-11
2019,Iowa,Cincinnati,10,7,79,72,1,117.163,101.207,69.3715,15.9555,15.956000000000005,111.566,94.515,63.1993,17.0509,17.051000000000002,22.647999999999996,10.359000000000009,12.288999999999987,6.172199999999997,-1.095399999999998,-1.094999999999997,3
2019,Liberty,Mississippi St.,12,5,80,76,1,110.565,99.7435,61.7759,10.8215,10.8215,117.395,96.7173,67.4194,20.6776,20.6777,13.847700000000003,17.6515,-3.8037999999999954,-5.643499999999996,-9.856100000000001,-9.856200000000001,7
2019,North Carolina,Iona,1,16,88,73,1,119.872,90.701,74.2921,29.171,29.171000000000006,106.514,109.593,70.5217,-3.07828,-3.079000000000008,10.278999999999996,15.813000000000002,-5.534000000000006,3.7704000000000093,32.24928,32.250000000000014,-15
2019,Ohio St.,Iowa St.,11,6,62,59,1,109.268,94.1896,65.6907,15.0781,15.078400000000002,118.992,97.1452,67.6056,21.8472,21.8468,12.122799999999998,24.802400000000006,-12.679600000000008,-1.9148999999999887,-6.769100000000002,-6.7684,5
2019,Oklahoma,Mississippi,9,8,95,72,1,109.401,93.8663,68.6808,15.5345,15.5347,112.779,97.6963,68.3346,15.0831,15.082700000000004,11.704700000000003,18.9127,-7.207999999999998,0.3462000000000103,0.4513999999999996,0.4519999999999964,1
2019,Oregon,Wisconsin,12,5,72,54,1,107.7,92.5481,64.0656,15.1521,15.151899999999998,110.809,87.134,63.61,23.675,23.675,20.566000000000003,18.260899999999992,2.30510000000001,0.455600000000004,-8.5229,-8.523100000000003,7
2019,Tennessee,Colgate,2,15,77,70,1,122.479,95.4987,67.703,26.98,26.9803,110.038,105.751,66.3489,4.2867,4.286999999999992,16.727999999999994,14.539299999999997,2.188699999999997,1.3541000000000025,22.6933,22.693300000000008,-13
2019,Texas Tech,Northern Kentucky,3,14,72,57,1,112.694,85.9468,66.5403,26.7476,26.747200000000007,109.235,102.676,67.9179,6.55918,6.5589999999999975,10.018,23.288200000000003,-13.270200000000003,-1.377600000000001,20.18842,20.18820000000001,-11
2019,UC Irvine,Kansas St.,13,4,70,64,1,106.606,97.144,65.0838,9.46217,9.461999999999987,107.96,87.7377,63.0414,20.2225,20.22229999999999,18.86829999999999,10.815999999999988,8.052300000000002,2.0423999999999936,-10.76033,-10.760300000000003,9
2019,UCF,VCU,9,8,73,58,1,110.31,95.7335,64.7843,14.5761,14.576499999999996,104.312,88.6222,68.1835,15.6895,15.689799999999993,21.687799999999996,8.578499999999991,13.109300000000005,-3.3991999999999933,-1.1134000000000004,-1.113299999999997,1
2019,Virginia,Gardner Webb,1,16,71,56,1,123.571,87.9163,59.2665,35.6552,35.65469999999999,107.475,108.218,67.0883,-0.743522,-0.7430000000000092,15.352999999999994,19.558699999999988,-4.205699999999993,-7.821800000000003,36.398722,36.3977,-15
2019,Virginia Tech,Saint Louis,4,13,66,52,1,118.433,93.9634,63.2505,24.4696,24.46960000000001,102.575,96.3024,66.0798,6.27254,6.272599999999997,22.1306,8.61160000000001,13.518999999999991,-2.8293000000000035,18.19706,18.197000000000013,-9
2019,Washington,Utah St.,9,8,78,61,1,106.98,93.6134,65.8589,13.3669,13.366600000000004,112.966,96.3467,67.7963,16.6198,16.619299999999996,10.633300000000006,19.352599999999995,-8.71929999999999,-1.9373999999999967,-3.252900000000002,-3.252699999999992,1
2019,Auburn,Kansas,5,4,89,75,1,119.571,96.2397,67.5363,23.3317,23.3313,112.746,92.0406,69.9355,20.7051,20.7054,27.5304,16.506299999999996,11.024100000000004,-2.3992000000000075,2.6266,2.625899999999998,1
2019,Florida St.,Murray St.,4,12,90,62,1,112.987,90.4293,68.2507,22.5574,22.5577,112.038,98.706,69.0116,13.3317,13.331999999999994,14.280999999999992,21.6087,-7.327700000000007,-0.7609000000000066,9.225700000000002,9.225700000000007,-8
2019,Gonzaga,Baylor,1,9,83,71,1,125.125,92.336,69.7687,32.7887,32.789,113.517,98.2238,65.2511,15.2935,15.2932,26.901200000000003,21.180999999999997,5.7202000000000055,4.517600000000002,17.495199999999997,17.495800000000003,-8
2019,Kentucky,Wofford,2,7,62,56,1,118.223,90.8094,65.8287,27.4133,27.4136,118.357,97.6422,65.6363,20.7146,20.7148,20.580799999999996,27.547600000000003,-6.966800000000006,0.19239999999999213,6.698699999999999,6.6987999999999985,-5
2019,LSU,Maryland,3,6,69,67,1,118.485,97.5196,69.8753,20.9656,20.9654,113.82,93.8429,65.6376,19.9776,19.977099999999997,24.6421,16.300399999999996,8.341700000000003,4.23769999999999,0.9879999999999995,0.9883000000000024,-3
2019,Michigan,Florida,2,10,64,49,1,115.516,86.081,64.4257,29.4352,29.435,110.219,91.895,62.6903,18.3239,18.324,23.62100000000001,24.13799999999999,-0.5169999999999817,1.7354000000000056,11.1113,11.110999999999997,-8
2019,Michigan St.,Minnesota,2,10,70,50,1,121.729,90.3679,67.4035,31.3607,31.361099999999997,110.671,96.2136,67.4509,14.4575,14.457400000000009,25.5154,20.3031,5.212299999999999,-0.04740000000001032,16.903200000000002,16.903699999999986,-8
2019,Purdue,Villanova,3,6,87,61,1,121.093,95.0422,65.6263,26.0512,26.05080000000001,116.973,98.1987,63.6099,18.7745,18.7743,22.8943,21.930800000000005,0.9634999999999962,2.0163999999999973,7.276700000000002,7.276500000000009,-3
2019,Duke,UCF,1,9,77,76,1,120.084,88.0911,72.2115,31.9925,31.99290000000001,110.31,95.7335,64.7843,14.5761,14.576499999999996,24.350499999999997,22.218900000000005,2.1315999999999917,7.427199999999999,17.4164,17.416400000000014,-8
2019,Houston,Ohio St.,3,11,74,59,1,114.118,91.6934,66.1482,22.4249,22.4246,109.268,94.1896,65.6907,15.0781,15.078400000000002,19.928399999999996,17.574600000000004,2.3537999999999926,0.457499999999996,7.346800000000002,7.3462,-8
2019,North Carolina,Washington,1,9,81,59,1,119.872,90.701,74.2921,29.171,29.171000000000006,106.98,93.6134,65.8589,13.3669,13.366600000000004,26.2586,16.27900000000001,9.97959999999999,8.4332,15.8041,15.804400000000003,-8
2019,Oregon,UC Irvine,12,13,73,54,1,107.7,92.5481,64.0656,15.1521,15.151899999999998,106.606,97.144,65.0838,9.46217,9.461999999999987,10.555999999999997,14.05789999999999,-3.501899999999992,-1.018199999999993,5.68993,5.68990000000001,-1
2019,Tennessee,Iowa,2,10,83,77,1,122.479,95.4987,67.703,26.98,26.9803,117.163,101.207,69.3715,15.9555,15.956000000000005,21.272000000000006,21.664299999999997,-0.39229999999999166,-1.6684999999999945,11.0245,11.024299999999995,-8
2019,Texas Tech,Buffalo,3,6,78,58,1,112.694,85.9468,66.5403,26.7476,26.747200000000007,114.89,94.5531,73.7602,20.337,20.3369,18.140900000000002,28.943200000000004,-10.802300000000002,-7.2198999999999955,6.410599999999999,6.4103000000000065,-3
2019,Virginia,Oklahoma,1,9,63,51,1,123.571,87.9163,59.2665,35.6552,35.65469999999999,109.401,93.8663,68.6808,15.5345,15.5347,29.704700000000003,21.48469999999999,8.220000000000013,-9.414300000000004,20.1207,20.11999999999999,-8
2019,Virginia Tech,Liberty,4,12,67,58,1,118.433,93.9634,63.2505,24.4696,24.46960000000001,110.565,99.7435,61.7759,10.8215,10.8215,18.68950000000001,16.601600000000005,2.0879000000000048,1.4746000000000024,13.6481,13.64810000000001,-8
2019,Gonzaga,Florida St.,1,4,72,58,1,125.125,92.336,69.7687,32.7887,32.789,112.987,90.4293,68.2507,22.5574,22.5577,34.6957,20.650999999999996,14.044700000000006,1.5180000000000007,10.231299999999997,10.231300000000001,-3
2019,Purdue,Tennessee,3,2,99,94,1,121.093,95.0422,65.6263,26.0512,26.05080000000001,122.479,95.4987,67.703,26.98,26.9803,25.594300000000004,27.436800000000005,-1.8425000000000011,-2.0767000000000024,-0.928799999999999,-0.9294999999999902,1
2019,Texas Tech,Michigan,3,2,63,44,1,112.694,85.9468,66.5403,26.7476,26.747200000000007,115.516,86.081,64.4257,29.4352,29.435,26.613,29.56920000000001,-2.9562000000000097,2.114599999999996,-2.6875999999999998,-2.687799999999992,1
2019,Virginia,Oregon,1,12,53,49,1,123.571,87.9163,59.2665,35.6552,35.65469999999999,107.7,92.5481,64.0656,15.1521,15.151899999999998,31.022899999999993,19.783699999999996,11.239199999999997,-4.799100000000003,20.5031,20.502799999999993,-11
2019,Auburn,North Carolina,5,1,97,80,1,119.571,96.2397,67.5363,23.3317,23.3313,119.872,90.701,74.2921,29.171,29.171000000000006,28.870000000000005,23.6323,5.237700000000004,-6.755800000000008,-5.839299999999998,-5.839700000000008,4
2019,Duke,Virginia Tech,1,4,75,73,1,120.084,88.0911,72.2115,31.9925,31.99290000000001,118.433,93.9634,63.2505,24.4696,24.46960000000001,26.12060000000001,30.34190000000001,-4.221299999999999,8.960999999999999,7.5229,7.523299999999999,-3
2019,Kentucky,Houston,2,3,62,58,1,118.223,90.8094,65.8287,27.4133,27.4136,114.118,91.6934,66.1482,22.4249,22.4246,26.529600000000002,23.3086,3.2210000000000036,-0.319500000000005,4.988399999999999,4.988999999999997,-1
2019,Michigan St.,LSU,2,3,80,63,1,121.729,90.3679,67.4035,31.3607,31.361099999999997,118.485,97.5196,69.8753,20.9656,20.9654,24.209400000000002,28.117099999999994,-3.9076999999999913,-2.4718000000000018,10.395100000000003,10.395699999999998,-1
2019,Texas Tech,Gonzaga,3,1,75,69,1,112.694,85.9468,66.5403,26.7476,26.747200000000007,125.125,92.336,69.7687,32.7887,32.789,20.358000000000004,39.178200000000004,-18.8202,-3.2283999999999935,-6.0411,-6.041799999999995,2
2019,Virginia,Purdue,1,3,80,75,1,123.571,87.9163,59.2665,35.6552,35.65469999999999,121.093,95.0422,65.6263,26.0512,26.05080000000001,28.528800000000004,33.1767,-4.647899999999993,-6.3598,9.604,9.603899999999982,-2
2019,Auburn,Kentucky,5,2,77,71,1,119.571,96.2397,67.5363,23.3317,23.3313,118.223,90.8094,65.8287,27.4133,27.4136,28.7616,21.9833,6.7783000000000015,1.7075999999999993,-4.081599999999998,-4.0823,3
2019,Michigan St.,Duke,2,1,68,67,1,121.729,90.3679,67.4035,31.3607,31.361099999999997,120.084,88.0911,72.2115,31.9925,31.99290000000001,33.6379,29.716099999999997,3.9218000000000046,-4.808000000000007,-0.6317999999999984,-0.6318000000000126,1
2019,Texas Tech,Michigan St.,3,2,61,51,1,112.694,85.9468,66.5403,26.7476,26.747200000000007,121.729,90.3679,67.4035,31.3607,31.361099999999997,22.326099999999997,35.7822,-13.456100000000006,-0.863199999999992,-4.613100000000003,-4.61389999999999,1
2019,Virginia,Auburn,1,5,63,62,1,123.571,87.9163,59.2665,35.6552,35.65469999999999,119.571,96.2397,67.5363,23.3317,23.3313,27.3313,31.65469999999999,-4.323399999999992,-8.269799999999996,12.3235,12.323399999999992,-4
2019,Virginia,Texas Tech,1,3,85,77,1,123.571,87.9163,59.2665,35.6552,35.65469999999999,112.694,85.9468,66.5403,26.7476,26.747200000000007,37.6242,24.777699999999996,12.846500000000006,-7.273800000000001,8.907600000000002,8.907499999999985,-2
2021,Drake,Wichita St.,11,11,53,52,1,113.949,99.3062,66.7599,14.6425,14.642799999999994,109.988,98.4414,67.5992,11.5469,11.546599999999998,15.507599999999996,10.681799999999996,4.825800000000001,-0.8392999999999944,3.0955999999999992,3.096199999999996,0
2021,Norfolk St.,Appalachian St.,16,16,54,53,1,100.613,104.355,67.6936,-3.74215,-3.742000000000005,99.3998,103.738,65.6825,-4.33805,-4.3382000000000005,-3.125,-4.955200000000005,1.830200000000005,2.011099999999999,0.5958999999999999,0.5961999999999956,0
2021,Texas Southern,Mount St. Mary's,16,16,60,52,1,98.9834,105.038,71.9846,-6.05453,-6.0545999999999935,95.4181,100.428,62.172,-5.0102,-5.009900000000002,-1.444599999999994,-9.619900000000001,8.175300000000007,9.812600000000003,-1.0443299999999995,-1.0446999999999917,0
2021,UCLA,Michigan St.,11,11,86,80,1,113.403,97.4859,64.6928,15.9175,15.917100000000003,106.989,92.9745,68.6334,14.0141,14.014499999999998,20.4285,9.503100000000003,10.925399999999996,-3.9405999999999892,1.9034000000000013,1.902600000000005,0
2021,Arkansas,Colgate,3,14,85,68,1,111.502,89.9724,73.1045,21.5292,21.5296,110.89,100.668,72.4472,10.2223,10.221999999999994,10.833999999999989,20.917600000000007,-10.083600000000018,0.6573000000000064,11.306899999999999,11.307600000000004,-11
2021,Baylor,Hartford,1,16,79,55,1,123.265,93.7679,68.3891,29.4969,29.497100000000003,97.4886,100.22,66.7023,-2.73095,-2.7313999999999936,23.045,3.720700000000008,19.324299999999994,1.6868000000000052,32.227850000000004,32.2285,-15
2021,Florida,Virginia Tech,7,10,75,70,1,110.975,93.4227,68.6479,17.5522,17.55229999999999,110.048,94.8276,66.1503,15.2207,15.220399999999998,16.14739999999999,16.625299999999996,-0.4779000000000053,2.4976000000000056,2.3314999999999984,2.3318999999999903,-3
2021,Houston,Cleveland St.,2,15,87,56,1,118.922,90.1017,64.9246,28.8202,28.820300000000003,100.852,99.4794,66.3028,1.37289,1.3726000000000056,19.4426,10.75030000000001,8.692299999999989,-1.3782000000000068,27.44731,27.447699999999998,-13
2021,Illinois,Drexel,1,16,78,49,1,118.957,88.3445,70.7135,30.6122,30.6125,107.143,105.525,64.2271,1.6183,1.617999999999995,13.431999999999988,18.798500000000004,-5.366500000000016,6.486400000000003,28.9939,28.994500000000006,-15
2021,Loyola Chicago,Georgia Tech,8,9,71,60,1,110.416,86.6625,64.1938,23.7539,23.753500000000003,113.332,94.783,67.7637,18.5494,18.548999999999992,15.632999999999996,26.6695,-11.036500000000004,-3.569900000000004,5.204500000000003,5.20450000000001,-1
2021,North Texas,Purdue,13,4,78,69,1,105.362,93.6646,63.0896,11.6975,11.697400000000002,113.612,91.3407,66.4842,22.2716,22.2713,14.021299999999997,19.947400000000002,-5.926100000000005,-3.394600000000004,-10.5741,-10.573899999999998,9
2021,Oklahoma St.,Liberty,4,13,69,60,1,110.059,91.2923,71.9524,18.7671,18.7667,110.143,101.773,63.1252,8.37002,8.370000000000005,8.286000000000001,18.850700000000003,-10.564700000000002,8.827199999999998,10.397079999999999,10.396699999999996,-9
2021,Oral Roberts,Ohio St.,15,2,75,72,1,108.656,107.44,71.7646,1.21622,1.2160000000000082,122.274,96.8491,67.0815,25.4253,25.424899999999997,11.806899999999999,14.834000000000003,-3.0271000000000043,4.683099999999996,-24.20908,-24.20889999999999,13
2021,Oregon St.,Tennessee,12,5,70,56,1,109.326,99.1533,65.3971,10.1728,10.172699999999992,108.804,87.7414,67.3118,21.0624,21.062600000000003,21.584599999999995,9.6507,11.933899999999994,-1.9147000000000105,-10.8896,-10.889900000000011,7
2021,Rutgers,Clemson,10,7,60,56,1,108.651,90.5084,67.7741,18.1428,18.1426,106.87,90.7046,64.2422,16.1652,16.165400000000005,17.946399999999997,16.36160000000001,1.584799999999987,3.5319000000000074,1.9776000000000025,1.9771999999999963,3
2021,Syracuse,San Diego St.,11,6,78,62,1,113.82,97.5937,69.2068,16.2268,16.226299999999995,110.835,89.5391,66.0736,21.296,21.29589999999999,24.28089999999999,13.241299999999995,11.039599999999993,3.133200000000002,-5.069199999999999,-5.069599999999994,5
2021,Texas Tech,Utah St.,6,11,65,53,1,112.362,91.4155,65.3672,20.9465,20.9465,105.729,89.2192,68.8615,16.51,16.5098,23.142799999999994,14.313500000000005,8.82929999999999,-3.4943000000000097,4.436499999999999,4.436700000000002,-5
2021,Villanova,Winthrop,5,12,73,63,1,118.602,95.984,65.0666,22.6184,22.61800000000001,105.093,96.1535,73.6395,8.93908,8.93950000000001,22.44850000000001,9.109000000000009,13.339500000000001,-8.572900000000004,13.67932,13.6785,-7
2021,West Virginia,Morehead St.,3,14,84,67,1,116.128,95.8073,69.6016,20.3206,20.3207,100.165,96.2694,65.5948,3.89559,3.8956000000000017,19.858599999999996,4.357700000000008,15.500899999999987,4.006799999999998,16.42501,16.425099999999997,-11
2021,Wisconsin,North Carolina,9,8,85,62,1,112.522,89.8672,64.9341,22.6545,22.65480000000001,110.111,90.0231,71.8271,20.0876,20.087900000000005,22.498900000000006,20.243800000000007,2.2550999999999988,-6.893000000000001,2.5669000000000004,2.566900000000004,1
2021,Abilene Christian,Texas,14,3,53,52,1,103.047,92.9196,69.9524,10.1273,10.127399999999994,113.848,93.2661,69.2079,20.5822,20.581900000000005,9.780900000000003,20.928399999999996,-11.147499999999994,0.7445000000000022,-10.4549,-10.45450000000001,11
2021,Alabama,Iona,2,15,68,55,1,111.722,86.734,73.9267,24.9876,24.988,100.371,101.407,68.3119,-1.03598,-1.0360000000000014,10.314999999999998,13.637,-3.3220000000000027,5.6148000000000025,26.02358,26.024,-13
2021,Colorado,Georgetown,5,12,96,73,1,114.417,92.7358,66.3585,21.6816,21.681200000000004,107.693,93.636,69.6374,14.0569,14.057000000000002,20.781000000000006,14.9572,5.823800000000006,-3.278899999999993,7.624699999999999,7.624200000000002,-7
2021,Creighton,UC Santa Barbara,5,12,63,62,1,114.87,93.5652,69.0627,21.3051,21.3048,109.242,97.0104,66.1183,12.2317,12.2316,17.8596,15.6768,2.1828000000000003,2.9444000000000017,9.0734,9.0732,-7
2021,Florida St.,UNC Greensboro,4,13,64,54,1,116.442,94.3726,70.5582,22.0698,22.069399999999987,104.118,95.9651,68.4895,8.15332,8.152899999999988,20.476899999999986,9.74539999999999,10.731499999999997,2.0686999999999927,13.91648,13.9165,-9
2021,Gonzaga,Norfolk St.,1,16,98,55,1,126.111,89.4872,74.7701,36.6241,36.6238,100.613,104.355,67.6936,-3.74215,-3.742000000000005,21.756,11.125799999999998,10.630200000000002,7.076499999999996,40.36625,40.36580000000001,-15
2021,Iowa,Grand Canyon,2,15,86,74,1,123.496,94.5925,69.9829,28.9031,28.903499999999998,103.554,96.5771,65.4771,6.97644,6.9769000000000005,26.918899999999994,8.961500000000001,17.957399999999993,4.505800000000008,21.92666,21.926599999999997,-13
2021,Kansas,Eastern Washington,3,14,93,84,1,109.615,88.5839,68.2629,21.0313,21.031099999999995,107.67,101.018,72.3499,6.65145,6.652000000000001,8.596999999999994,19.086100000000002,-10.489100000000008,-4.087000000000003,14.379850000000001,14.379099999999994,-11
2021,LSU,St. Bonaventure,8,9,76,61,1,119.771,100.181,70.7574,19.5899,19.590000000000003,111.309,90.4885,65.1595,20.8204,20.8205,29.2825,11.128,18.1545,5.59790000000001,-1.2304999999999993,-1.2304999999999957,-1
2021,Maryland,Connecticut,10,7,63,54,1,110.916,92.1984,65.3286,18.7175,18.71759999999999,113.581,91.6796,66.0354,21.9011,21.90140000000001,19.236400000000003,21.382599999999996,-2.1461999999999932,-0.7068000000000012,-3.1835999999999984,-3.1838000000000193,3
2021,Michigan,Texas Southern,1,16,82,66,1,119.434,88.6425,66.8217,30.7915,30.7915,98.9834,105.038,71.9846,-6.05453,-6.0545999999999935,14.396,10.340900000000005,4.055099999999996,-5.162899999999993,36.84603,36.84609999999999,-15
2021,Ohio,Virginia,13,4,62,58,1,113.002,101.888,69.3203,11.1142,11.11399999999999,115.637,92.9824,60.0732,22.6542,22.6546,20.019599999999997,13.748999999999995,6.270600000000002,9.247100000000003,-11.54,-11.540600000000008,9
2021,Oklahoma,Missouri,8,9,72,68,1,111.427,94.7836,67.689,16.6439,16.6434,110.248,95.0983,68.7329,15.15,15.14970000000001,16.328700000000012,15.464399999999998,0.8643000000000143,-1.0439000000000078,1.4938999999999982,1.4936999999999898,-1
2021,UCLA,BYU,11,6,73,62,1,113.403,97.4859,64.6928,15.9175,15.917100000000003,113.107,92.1612,67.9796,20.9462,20.94580000000001,21.241800000000012,15.621099999999998,5.620700000000014,-3.2867999999999995,-5.028700000000001,-5.028700000000006,5
2021,USC,Drake,6,11,72,56,1,112.883,90.6583,67.2898,22.2245,22.2247,113.949,99.3062,66.7599,14.6425,14.642799999999994,13.576799999999992,23.2907,-9.71390000000001,0.5298999999999978,7.581999999999999,7.5819000000000045,-5
2021,Arkansas,Texas Tech,3,6,68,66,1,111.502,89.9724,73.1045,21.5292,21.5296,112.362,91.4155,65.3672,20.9465,20.9465,20.0865,22.3896,-2.3031000000000006,7.737300000000005,0.5826999999999991,0.5830999999999982,-3
2021,Baylor,Wisconsin,1,9,76,63,1,123.265,93.7679,68.3891,29.4969,29.497100000000003,112.522,89.8672,64.9341,22.6545,22.65480000000001,33.397800000000004,18.754100000000008,14.643699999999995,3.4549999999999983,6.842400000000001,6.8422999999999945,-8
2021,Houston,Rutgers,2,10,63,60,1,118.922,90.1017,64.9246,28.8202,28.820300000000003,108.651,90.5084,67.7741,18.1428,18.1426,28.413600000000002,18.549300000000002,9.8643,-2.849500000000006,10.677399999999999,10.677700000000002,-8
2021,Loyola Chicago,Illinois,8,1,71,58,1,110.416,86.6625,64.1938,23.7539,23.753500000000003,118.957,88.3445,70.7135,30.6122,30.6125,22.0715,32.2945,-10.222999999999999,-6.5197,-6.8583,-6.858999999999998,7
2021,Oral Roberts,Florida,15,7,81,78,1,108.656,107.44,71.7646,1.21622,1.2160000000000082,110.975,93.4227,68.6479,17.5522,17.55229999999999,15.2333,3.5349999999999966,11.698300000000003,3.1166999999999945,-16.33598,-16.33629999999998,8
2021,Oregon St.,Oklahoma St.,12,4,80,70,1,109.326,99.1533,65.3971,10.1728,10.172699999999992,110.059,91.2923,71.9524,18.7671,18.7667,18.033699999999996,10.905699999999996,7.128,-6.555300000000003,-8.594299999999999,-8.594000000000008,8
2021,Syracuse,West Virginia,11,3,75,72,1,113.82,97.5937,69.2068,16.2268,16.226299999999995,116.128,95.8073,69.6016,20.3206,20.3207,18.012699999999995,18.5343,-0.5216000000000065,-0.3948000000000036,-4.093799999999998,-4.094400000000004,8
2021,Villanova,North Texas,5,13,84,61,1,118.602,95.984,65.0666,22.6184,22.61800000000001,105.362,93.6646,63.0896,11.6975,11.697400000000002,24.93740000000001,9.378,15.55940000000001,1.9769999999999968,10.920900000000001,10.920600000000007,-8
2021,Alabama,Maryland,2,10,96,77,1,111.722,86.734,73.9267,24.9876,24.988,110.916,92.1984,65.3286,18.7175,18.71759999999999,19.523599999999988,24.182000000000002,-4.6584000000000145,8.598100000000002,6.270099999999999,6.270400000000009,-8
2021,Creighton,Ohio,5,13,72,58,1,114.87,93.5652,69.0627,21.3051,21.3048,113.002,101.888,69.3203,11.1142,11.11399999999999,12.982,19.43679999999999,-6.454799999999992,-0.2575999999999965,10.1909,10.19080000000001,-8
2021,Florida St.,Colorado,4,5,71,53,1,116.442,94.3726,70.5582,22.0698,22.069399999999987,114.417,92.7358,66.3585,21.6816,21.681200000000004,23.706199999999995,20.044399999999996,3.6617999999999995,4.199699999999993,0.3882000000000012,0.38819999999998345,-1
2021,Gonzaga,Oklahoma,1,8,87,71,1,126.111,89.4872,74.7701,36.6241,36.6238,111.427,94.7836,67.689,16.6439,16.6434,31.327399999999997,21.939800000000005,9.387599999999992,7.081100000000006,19.9802,19.980400000000003,-7
2021,Michigan,LSU,1,8,86,78,1,119.434,88.6425,66.8217,30.7915,30.7915,119.771,100.181,70.7574,19.5899,19.590000000000003,19.253,31.128500000000003,-11.875500000000002,-3.935699999999997,11.2016,11.201499999999996,-7
2021,Oregon,Iowa,7,2,95,80,1,114.453,96.7728,67.2355,17.6799,17.6802,123.496,94.5925,69.9829,28.9031,28.903499999999998,19.860500000000002,26.72319999999999,-6.86269999999999,-2.747399999999999,-11.223199999999999,-11.223299999999998,5
2021,UCLA,Abilene Christian,11,14,67,47,1,113.403,97.4859,64.6928,15.9175,15.917100000000003,103.047,92.9196,69.9524,10.1273,10.127399999999994,20.483400000000003,5.561099999999996,14.922300000000007,-5.259599999999992,5.7902000000000005,5.789700000000009,-3
2021,USC,Kansas,6,3,85,51,1,112.883,90.6583,67.2898,22.2245,22.2247,109.615,88.5839,68.2629,21.0313,21.031099999999995,24.299099999999996,18.956699999999998,5.342399999999998,-0.9731000000000023,1.1931999999999974,1.1936000000000035,3
2021,Arkansas,Oral Roberts,3,15,72,70,1,111.502,89.9724,73.1045,21.5292,21.5296,108.656,107.44,71.7646,1.21622,1.2160000000000082,4.061999999999998,18.683600000000013,-14.621600000000015,1.3399,20.31298,20.31359999999999,-12
2021,Baylor,Villanova,1,5,62,51,1,123.265,93.7679,68.3891,29.4969,29.497100000000003,118.602,95.984,65.0666,22.6184,22.61800000000001,27.281000000000006,24.834100000000007,2.4468999999999994,3.322500000000005,6.878499999999999,6.879099999999994,-4
2021,Houston,Syracuse,2,11,62,46,1,118.922,90.1017,64.9246,28.8202,28.820300000000003,113.82,97.5937,69.2068,16.2268,16.226299999999995,21.3283,23.7183,-2.3900000000000006,-4.282200000000003,12.593399999999999,12.594000000000008,-9
2021,Oregon St.,Loyola Chicago,12,8,65,58,1,109.326,99.1533,65.3971,10.1728,10.172699999999992,110.416,86.6625,64.1938,23.7539,23.753500000000003,22.6635,11.262699999999995,11.400800000000004,1.2032999999999987,-13.581100000000001,-13.58080000000001,4
2021,Gonzaga,Creighton,1,5,83,65,1,126.111,89.4872,74.7701,36.6241,36.6238,114.87,93.5652,69.0627,21.3051,21.3048,32.5458,25.382800000000003,7.162999999999997,5.707399999999993,15.318999999999999,15.319000000000003,-4
2021,Michigan,Florida St.,1,4,76,58,1,119.434,88.6425,66.8217,30.7915,30.7915,116.442,94.3726,70.5582,22.0698,22.069399999999987,25.061399999999992,27.799499999999995,-2.738100000000003,-3.7364999999999924,8.721699999999998,8.722100000000012,-3
2021,UCLA,Alabama,11,2,88,78,1,113.403,97.4859,64.6928,15.9175,15.917100000000003,111.722,86.734,73.9267,24.9876,24.988,26.66900000000001,14.236099999999993,12.432900000000018,-9.233899999999991,-9.0701,-9.070899999999996,9
2021,USC,Oregon,6,7,82,68,1,112.883,90.6583,67.2898,22.2245,22.2247,114.453,96.7728,67.2355,17.6799,17.6802,16.110199999999992,23.794700000000006,-7.684500000000014,0.054299999999997794,4.544599999999999,4.544499999999999,-1
2021,Baylor,Arkansas,1,3,81,72,1,123.265,93.7679,68.3891,29.4969,29.497100000000003,111.502,89.9724,73.1045,21.5292,21.5296,33.29260000000001,17.734099999999998,15.55850000000001,-4.7154000000000025,7.967700000000001,7.967500000000005,-2
2021,Houston,Oregon St.,2,12,67,61,1,118.922,90.1017,64.9246,28.8202,28.820300000000003,109.326,99.1533,65.3971,10.1728,10.172699999999992,19.768699999999995,19.2243,0.544399999999996,-0.4724999999999966,18.647399999999998,18.64760000000001,-10
2021,Gonzaga,USC,1,6,85,66,1,126.111,89.4872,74.7701,36.6241,36.6238,112.883,90.6583,67.2898,22.2245,22.2247,35.45270000000001,23.395799999999994,12.056900000000013,7.4803,14.3996,14.399100000000004,-5
2021,UCLA,Michigan,11,1,51,49,1,113.403,97.4859,64.6928,15.9175,15.917100000000003,119.434,88.6425,66.8217,30.7915,30.7915,24.760500000000008,21.948099999999997,2.812400000000011,-2.1289000000000016,-14.873999999999999,-14.874399999999996,10
2021,Baylor,Houston,1,2,78,59,1,123.265,93.7679,68.3891,29.4969,29.497100000000003,118.922,90.1017,64.9246,28.8202,28.820300000000003,33.16330000000001,25.1541,8.009200000000007,3.464500000000001,0.6767000000000003,0.6768000000000001,-1
2021,Gonzaga,UCLA,1,11,93,90,1,126.111,89.4872,74.7701,36.6241,36.6238,113.403,97.4859,64.6928,15.9175,15.917100000000003,28.625100000000003,23.915800000000004,4.709299999999999,10.077299999999994,20.706599999999998,20.706699999999998,-10
2021,Baylor,Gonzaga,1,1,86,70,1,123.265,93.7679,68.3891,29.4969,29.497100000000003,126.111,89.4872,74.7701,36.6241,36.6238,33.7778,32.34310000000001,1.4346999999999923,-6.381,-7.127199999999998,-7.1267,0
2022,Indiana,Wyoming,12,12,66,58,1,107.558,92.6213,66.9603,14.9367,14.936700000000002,110.173,97.0777,66.0062,13.0956,13.095300000000009,10.480300000000014,17.551699999999997,-7.071399999999983,0.9540999999999968,1.8411000000000008,1.841399999999993,0
2022,Texas Southern,Texas A&M Corpus Christi,16,16,76,67,1,98.1424,99.4749,67.6207,-1.33245,-1.3325000000000102,96.9771,103.288,68.9287,-6.3107,-6.310900000000004,-5.145600000000002,-2.4978000000000122,-2.6477999999999895,-1.308000000000007,4.97825,4.9783999999999935,0
2022,Notre Dame,Rutgers,11,11,89,87,1,111.997,98.3632,65.7294,13.6336,13.633799999999994,106.375,95.5107,64.9317,10.8648,10.8643,16.4863,8.011799999999994,8.474500000000006,0.7976999999999919,2.768799999999999,2.7694999999999936,0
2022,Wright St.,Bryant,16,16,93,82,1,106.365,107.231,68.4334,-0.866069,-0.8659999999999997,104.211,105.162,72.1799,-0.950484,-0.9510000000000076,1.2029999999999887,-3.019999999999996,4.222999999999985,-3.7464999999999975,0.08441500000000002,0.08500000000000796,0
2022,Arkansas,Vermont,4,13,75,71,1,111.072,92.0511,70.59,19.0214,19.0209,110.775,97.7084,64.9527,13.0669,13.066600000000008,13.363600000000005,18.7239,-5.360299999999995,5.63730000000001,5.9544999999999995,5.954299999999993,-9
2022,Baylor,Norfolk St.,1,16,85,49,1,117.874,91.5538,67.2084,26.3204,26.3202,102.43,102.285,66.9322,0.14543,0.1450000000000102,15.588999999999999,10.876200000000011,4.712799999999987,0.2762000000000029,26.17497,26.17519999999999,-15
2022,Creighton,San Diego St.,9,8,72,69,1,105.588,92.1195,66.8916,13.4685,13.468499999999992,104.106,85.9549,65.2809,18.151,18.1511,19.6331,11.986499999999992,7.6466000000000065,1.6106999999999942,-4.682499999999999,-4.682600000000008,1
2022,Gonzaga,Georgia St.,1,16,93,72,1,121.805,88.836,72.4831,32.9688,32.96900000000001,101.532,99.6875,67.1142,1.84485,1.8444999999999965,22.117500000000007,12.695999999999998,9.421500000000009,5.3688999999999965,31.12395,31.124500000000012,-15
2022,Kansas,Texas Southern,1,16,83,56,1,119.389,93.8965,69.0976,25.492,25.492499999999996,98.1424,99.4749,67.6207,-1.33245,-1.3325000000000102,19.91409999999999,4.245899999999992,15.668199999999999,1.4769000000000005,26.824450000000002,26.825000000000006,-15
2022,Memphis,Boise St.,9,8,64,53,1,110.368,94.1479,70.2976,16.2198,16.220099999999988,108.443,92.0306,64.6171,16.412,16.41239999999999,18.337399999999988,14.29509999999999,4.042299999999997,5.680500000000009,-0.1921999999999997,-0.19230000000000302,1
2022,Michigan,Colorado St.,11,6,75,63,1,114.207,98.5588,66.285,15.6481,15.648199999999989,114.159,98.3029,65.0792,15.8566,15.856100000000012,15.9041,15.600200000000001,0.3038999999999987,1.2057999999999964,-0.2085000000000008,-0.2079000000000235,5
2022,Murray St.,San Francisco,7,10,92,87,1,111.518,95.1287,65.7834,16.389,16.389300000000006,110.756,92.3886,68.6767,18.3679,18.367400000000004,19.129400000000004,15.627300000000005,3.5020999999999987,-2.8932999999999964,-1.9788999999999994,-1.9780999999999977,-3
2022,New Mexico St.,Connecticut,12,5,70,63,1,107.805,97.7021,66.1724,10.1026,10.102900000000004,113.924,94.5963,64.8837,19.3281,19.327700000000007,13.208700000000007,16.221900000000005,-3.0131999999999977,1.2886999999999915,-9.225499999999998,-9.224800000000004,7
2022,North Carolina,Marquette,8,9,95,63,1,113.057,97.0108,70.1492,16.0459,16.0462,109.787,95.785,70.6644,14.0024,14.00200000000001,17.272000000000006,12.776200000000003,4.495800000000003,-0.5152000000000072,2.0435,2.0441999999999894,-1
2022,Providence,South Dakota St.,4,13,66,57,1,111.929,98.0491,65.193,13.8797,13.879900000000006,116.763,105.32,69.4008,11.4429,11.443000000000012,6.609000000000009,18.71390000000001,-12.1049,-4.207800000000006,2.4368,2.4368999999999943,-9
2022,Richmond,Iowa,12,5,67,63,1,109.146,99.3205,66.8627,9.82501,9.825500000000003,121.548,98.0208,69.5965,23.5269,23.527200000000008,11.125200000000007,22.227500000000006,-11.1023,-2.7338000000000022,-13.70189,-13.701700000000004,7
2022,St. Mary's,Indiana,5,12,82,53,1,109.764,89.9554,63.493,19.8082,19.8086,107.558,92.6213,66.9603,14.9367,14.936700000000002,17.14269999999999,17.60260000000001,-0.45990000000001885,-3.4673000000000016,4.871499999999999,4.871899999999997,-7
2022,St. Peter's,Kentucky,15,2,85,79,1,98.7512,94.4758,65.9614,4.27548,4.275399999999991,120.191,93.5959,67.3275,26.5948,26.5951,5.155299999999997,25.715199999999996,-20.5599,-1.366100000000003,-22.319319999999998,-22.319700000000008,13
2022,Tennessee,Longwood,3,14,88,56,1,111.439,86.1987,67.1668,25.2399,25.24029999999999,106.108,103.624,66.0454,2.48399,2.484000000000009,7.814999999999998,19.9093,-12.094300000000004,1.1213999999999942,22.75591,22.75629999999998,-11
2022,UCLA,Akron,4,13,57,53,1,116.076,91.2287,65.5444,24.8472,24.84729999999999,106.151,102.661,62.0745,3.48951,3.489999999999995,13.414999999999992,14.922299999999993,-1.5073000000000008,3.4698999999999955,21.35769,21.357299999999995,-9
2022,Arizona,Wright St.,1,16,87,70,1,119.64,92.431,72.1752,27.2089,27.209000000000003,106.365,107.231,68.4334,-0.866069,-0.8659999999999997,12.409000000000006,13.933999999999997,-1.5249999999999915,3.741799999999998,28.074969,28.075000000000003,-15
2022,Auburn,Jacksonville St.,2,15,80,61,1,113.602,89.1491,70.0205,24.453,24.4529,105.325,103.083,65.1165,2.24147,2.2420000000000044,10.519000000000005,16.1759,-5.656899999999993,4.903999999999996,22.21153,22.210899999999995,-13
2022,Duke,Cal St. Fullerton,2,15,78,61,1,119.363,95.6508,67.3866,23.7124,23.7122,104.656,102.553,65.9926,2.10306,2.1030000000000086,16.810000000000002,9.005200000000002,7.8048,1.3940000000000055,21.60934,21.60919999999999,-13
2022,Houston,UAB,5,12,82,68,1,117.348,90.8508,63.8376,26.4976,26.497199999999992,112.489,98.456,68.7871,14.0333,14.033,18.891999999999996,21.638199999999998,-2.7462000000000018,-4.949499999999993,12.464299999999998,12.464199999999993,-7
2022,Illinois,Chattanooga,4,13,54,53,1,113.725,94.138,67.0758,19.5866,19.58699999999999,110.028,98.756,64.6362,11.2724,11.272000000000006,14.968999999999994,15.89,-0.9210000000000065,2.4395999999999987,8.314200000000001,8.314999999999984,-9
2022,Iowa St.,LSU,11,6,59,54,1,104.382,90.4362,66.0731,13.9459,13.945800000000006,107.64,88.5581,68.6446,19.0816,19.081900000000005,15.823900000000009,17.2038,-1.3798999999999921,-2.5715000000000003,-5.135700000000002,-5.136099999999999,5
2022,Miami FL,USC,10,7,68,66,1,114.756,102.136,67.2783,12.6207,12.620000000000005,110.473,96.0232,66.022,14.4494,14.449799999999996,18.732799999999997,8.337000000000003,10.395799999999994,1.256299999999996,-1.8287000000000013,-1.8297999999999917,3
2022,Michigan St.,Davidson,7,10,74,73,1,111.275,96.4032,67.5067,14.8717,14.871800000000007,116.781,101.978,64.6212,14.8028,14.803000000000011,9.297000000000011,20.377800000000008,-11.080799999999996,2.8854999999999933,0.06890000000000107,0.06879999999999598,-3
2022,Notre Dame,Alabama,11,6,78,64,1,111.997,98.3632,65.7294,13.6336,13.633799999999994,116.098,98.7358,71.7144,17.3625,17.3622,13.261200000000002,17.734799999999993,-4.4735999999999905,-5.984999999999999,-3.728900000000001,-3.7284000000000077,5
2022,Ohio St.,Loyola Chicago,7,10,54,41,1,116.627,100.804,64.9727,15.8224,15.822999999999992,110.891,93.196,64.5889,17.6948,17.695000000000007,23.430999999999997,10.087000000000003,13.343999999999994,0.3838000000000079,-1.8724000000000007,-1.8720000000000159,-3
2022,Purdue,Yale,3,14,78,56,1,121.268,98.9804,65.764,22.2872,22.2876,101.474,99.2392,68.6807,2.23432,2.234800000000007,22.028800000000004,2.4936000000000007,19.535200000000003,-2.916700000000006,20.05288,20.052799999999994,-11
2022,TCU,Seton Hall,9,8,69,42,1,108.261,93.3525,65.834,14.909,14.90849999999999,108.487,93.5199,67.2574,14.967,14.967099999999988,14.741099999999989,15.134499999999989,-0.39339999999999975,-1.4234000000000009,-0.05799999999999983,-0.05859999999999843,1
2022,Texas,Virginia Tech,6,11,81,73,1,111.812,91.4059,63.0969,20.4063,20.406099999999995,114.268,96.4045,62.9067,17.8634,17.863500000000002,15.407499999999999,22.862099999999998,-7.454599999999999,0.19019999999999726,2.542900000000003,2.542599999999993,-5
2022,Texas Tech,Montana St.,3,14,97,62,1,109.701,85.0595,66.455,24.641,24.641499999999997,104.531,100.723,67.294,3.80856,3.808000000000007,8.977999999999994,19.471500000000006,-10.493500000000012,-0.8389999999999986,20.83244,20.83349999999999,-11
2022,Villanova,Delaware,2,15,80,60,1,117.95,93.8397,62.55,24.1107,24.11030000000001,106.849,104.566,66.6342,2.283,2.2830000000000013,13.384,13.00930000000001,0.37469999999999004,-4.08420000000001,21.8277,21.827300000000008,-13
2022,Wisconsin,Colgate,3,14,67,60,1,110.398,94.8142,66.466,15.5839,15.583799999999997,108.276,104.059,67.2561,4.21729,4.216999999999999,6.338999999999999,13.461799999999997,-7.122799999999998,-0.7901000000000096,11.36661,11.366799999999998,-11
2022,Arkansas,New Mexico St.,4,12,53,48,1,111.072,92.0511,70.59,19.0214,19.0209,107.805,97.7021,66.1724,10.1026,10.102900000000004,13.369900000000001,15.753900000000002,-2.3840000000000003,4.417600000000007,8.9188,8.917999999999997,-8
2022,Gonzaga,Memphis,1,9,82,78,1,121.805,88.836,72.4831,32.9688,32.96900000000001,110.368,94.1479,70.2976,16.2198,16.220099999999988,27.6571,21.531999999999996,6.125100000000003,2.1854999999999905,16.749000000000002,16.74890000000002,-8
2022,Kansas,Creighton,1,9,79,72,1,119.389,93.8965,69.0976,25.492,25.492499999999996,105.588,92.1195,66.8916,13.4685,13.468499999999992,27.269499999999994,11.69149999999999,15.578000000000003,2.206000000000003,12.0235,12.024000000000004,-8
2022,Michigan,Tennessee,11,3,76,68,1,114.207,98.5588,66.285,15.6481,15.648199999999989,111.439,86.1987,67.1668,25.2399,25.24029999999999,28.00829999999999,12.880199999999988,15.128100000000003,-0.8817999999999984,-9.5918,-9.592100000000002,8
2022,North Carolina,Baylor,8,1,93,86,1,113.057,97.0108,70.1492,16.0459,16.0462,117.874,91.5538,67.2084,26.3204,26.3202,21.503200000000007,20.863199999999992,0.6400000000000148,2.940799999999996,-10.2745,-10.274000000000001,7
2022,Providence,Richmond,4,12,79,51,1,111.929,98.0491,65.193,13.8797,13.879900000000006,109.146,99.3205,66.8627,9.82501,9.825500000000003,12.608500000000006,11.096900000000005,1.5116000000000014,-1.669700000000006,4.054689999999999,4.054400000000003,-8
2022,St. Peter's,Murray St.,15,7,70,60,1,98.7512,94.4758,65.9614,4.27548,4.275399999999991,111.518,95.1287,65.7834,16.389,16.389300000000006,3.6225000000000023,17.042199999999994,-13.419699999999992,0.17799999999999727,-12.11352,-12.113900000000015,8
2022,UCLA,St. Mary's,4,5,72,56,1,116.076,91.2287,65.5444,24.8472,24.84729999999999,109.764,89.9554,63.493,19.8082,19.8086,26.120599999999996,18.535299999999992,7.585300000000004,2.051399999999994,5.0390000000000015,5.0386999999999915,-1
2022,Arizona,TCU,1,9,85,80,1,119.64,92.431,72.1752,27.2089,27.209000000000003,108.261,93.3525,65.834,14.909,14.90849999999999,26.287499999999994,15.829999999999998,10.457499999999996,6.341200000000001,12.2999,12.300500000000014,-8
2022,Duke,Michigan St.,2,7,85,76,1,119.363,95.6508,67.3866,23.7124,23.7122,111.275,96.4032,67.5067,14.8717,14.871800000000007,22.9598,15.624200000000002,7.3355999999999995,-0.12009999999999366,8.840699999999998,8.840399999999992,-5
2022,Houston,Illinois,5,4,68,53,1,117.348,90.8508,63.8376,26.4976,26.497199999999992,113.725,94.138,67.0758,19.5866,19.58699999999999,23.209999999999994,22.874199999999988,0.3358000000000061,-3.238199999999999,6.910999999999998,6.910200000000003,1
2022,Iowa St.,Wisconsin,11,3,54,49,1,104.382,90.4362,66.0731,13.9459,13.945800000000006,110.398,94.8142,66.466,15.5839,15.583799999999997,9.567800000000005,19.961799999999997,-10.393999999999991,-0.39289999999999736,-1.638,-1.637999999999991,8
2022,Miami FL,Auburn,10,2,79,61,1,114.756,102.136,67.2783,12.6207,12.620000000000005,113.602,89.1491,70.0205,24.453,24.4529,25.606899999999996,11.466000000000008,14.140899999999988,-2.742199999999997,-11.8323,-11.832899999999995,8
2022,Purdue,Texas,3,6,81,71,1,121.268,98.9804,65.764,22.2872,22.2876,111.812,91.4059,63.0969,20.4063,20.406099999999995,29.862099999999998,12.831599999999995,17.030500000000004,2.667099999999998,1.880899999999997,1.8815000000000062,-3
2022,Texas Tech,Notre Dame,3,11,59,53,1,109.701,85.0595,66.455,24.641,24.641499999999997,111.997,98.3632,65.7294,13.6336,13.633799999999994,11.337799999999987,26.9375,-15.599700000000013,0.7256,11.007399999999999,11.007700000000003,-8
2022,Villanova,Ohio St.,2,7,71,61,1,117.95,93.8397,62.55,24.1107,24.11030000000001,116.627,100.804,64.9727,15.8224,15.822999999999992,17.146,22.787300000000002,-5.641300000000001,-2.422700000000006,8.288300000000001,8.287300000000018,-5
2022,Arkansas,Gonzaga,4,1,74,68,1,111.072,92.0511,70.59,19.0214,19.0209,121.805,88.836,72.4831,32.9688,32.96900000000001,22.236000000000004,29.7539,-7.517899999999997,-1.8930999999999898,-13.947400000000002,-13.948100000000007,3
2022,Duke,Texas Tech,2,3,78,73,1,119.363,95.6508,67.3866,23.7124,23.7122,109.701,85.0595,66.455,24.641,24.641499999999997,34.3035,14.05019999999999,20.25330000000001,0.9316000000000031,-0.9285999999999994,-0.9292999999999978,-1
2022,Houston,Arizona,5,1,72,60,1,117.348,90.8508,63.8376,26.4976,26.497199999999992,119.64,92.431,72.1752,27.2089,27.209000000000003,24.917,28.789199999999994,-3.8721999999999923,-8.337600000000002,-0.7113000000000014,-0.7118000000000109,4
2022,Villanova,Michigan,2,11,63,55,1,117.95,93.8397,62.55,24.1107,24.11030000000001,114.207,98.5588,66.285,15.6481,15.648199999999989,19.391199999999998,20.3673,-0.9761000000000024,-3.7349999999999994,8.462600000000002,8.46210000000002,-9
2022,Kansas,Providence,1,4,66,61,1,119.389,93.8965,69.0976,25.492,25.492499999999996,111.929,98.0491,65.193,13.8797,13.879900000000006,21.3399,18.0325,3.3074000000000012,3.904600000000002,11.612300000000001,11.61259999999999,-3
2022,Miami FL,Iowa St.,10,11,70,56,1,114.756,102.136,67.2783,12.6207,12.620000000000005,104.382,90.4362,66.0731,13.9459,13.945800000000006,24.3198,2.2460000000000093,22.07379999999999,1.205200000000005,-1.3252000000000006,-1.325800000000001,-1
2022,North Carolina,UCLA,8,4,73,66,1,113.057,97.0108,70.1492,16.0459,16.0462,116.076,91.2287,65.5444,24.8472,24.84729999999999,21.8283,19.06519999999999,2.7631000000000085,4.604799999999997,-8.801300000000001,-8.801099999999991,4
2022,St. Peter's,Purdue,15,3,67,64,1,98.7512,94.4758,65.9614,4.27548,4.275399999999991,121.268,98.9804,65.764,22.2872,22.2876,-0.22920000000000584,26.792199999999994,-27.0214,0.1974000000000018,-18.011719999999997,-18.01220000000001,12
2022,Duke,Arkansas,2,4,78,69,1,119.363,95.6508,67.3866,23.7124,23.7122,111.072,92.0511,70.59,19.0214,19.0209,27.311899999999994,15.421199999999999,11.890699999999995,-3.203400000000002,4.690999999999999,4.691299999999998,-2
2022,Villanova,Houston,2,5,50,44,1,117.95,93.8397,62.55,24.1107,24.11030000000001,117.348,90.8508,63.8376,26.4976,26.497199999999992,27.099199999999996,23.508300000000006,3.5908999999999907,-1.2876000000000047,-2.386899999999997,-2.386899999999983,-3
2022,Kansas,Miami FL,1,10,76,50,1,119.389,93.8965,69.0976,25.492,25.492499999999996,114.756,102.136,67.2783,12.6207,12.620000000000005,17.253,20.859499999999997,-3.606499999999997,1.8192999999999984,12.871300000000002,12.872499999999992,-9
2022,North Carolina,St. Peter's,8,15,69,49,1,113.057,97.0108,70.1492,16.0459,16.0462,98.7512,94.4758,65.9614,4.27548,4.275399999999991,18.581199999999995,1.740399999999994,16.8408,4.187799999999996,11.77042,11.770800000000008,-7
2022,Kansas,Villanova,1,2,81,65,1,119.389,93.8965,69.0976,25.492,25.492499999999996,117.95,93.8397,62.55,24.1107,24.11030000000001,25.549300000000002,24.0535,1.4958000000000027,6.547600000000003,1.3812999999999995,1.3821999999999868,-1
2022,North Carolina,Duke,8,2,81,77,1,113.057,97.0108,70.1492,16.0459,16.0462,119.363,95.6508,67.3866,23.7124,23.7122,17.4062,22.352199999999996,-4.945999999999998,2.762599999999992,-7.666499999999999,-7.666,6
2022,Kansas,North Carolina,1,8,72,69,1,119.389,93.8965,69.0976,25.492,25.492499999999996,113.057,97.0108,70.1492,16.0459,16.0462,22.378199999999993,19.1605,3.2176999999999936,-1.0515999999999934,9.446100000000001,9.446299999999997,-7
2023,Pittsburgh,Mississippi St.,11,11,60,59,1,115.103,103.837,67.3196,11.2663,11.265999999999991,105.451,91.3344,63.8156,14.1161,14.116599999999991,23.768599999999992,1.61399999999999,22.154600000000002,3.5039999999999907,-2.8498,-2.8506,0
2023,Texas A&M Corpus Christi,Southeast Missouri St.,16,16,75,71,1,107.367,107.592,69.2572,-0.225051,-0.2249999999999943,100.937,108.149,72.5476,-7.21197,-7.212000000000003,-0.7819999999999965,-6.655000000000001,5.873000000000005,-3.2904000000000053,6.986919,6.987000000000009,0
2023,Arizona St.,Nevada,11,11,98,73,1,107.586,95.2101,68.4035,12.3762,12.3759,112.039,97.2466,66.0568,14.7927,14.7924,10.339399999999998,16.828900000000004,-6.489500000000007,2.3466999999999985,-2.416499999999999,-2.416500000000001,0
2023,Fairleigh Dickinson,Texas Southern,16,16,84,61,1,106.175,118.425,68.7636,-12.2499,-12.25,96.5543,106.264,69.324,-9.71,-9.709699999999998,-0.08899999999999864,-21.8707,21.7817,-0.5604000000000013,-2.5398999999999994,-2.540300000000002,0
2023,Alabama,Texas A&M Corpus Christi,1,16,96,75,1,116.097,88.5549,72.7469,27.5425,27.54209999999999,107.367,107.592,69.2572,-0.225051,-0.2249999999999943,8.504999999999995,18.8121,-10.307100000000005,3.489699999999999,27.767551,27.767099999999985,-15
2023,Arkansas,Illinois,8,9,73,63,1,112.596,93.9677,69.6808,18.6287,18.62830000000001,112.167,95.6864,69.3873,16.4805,16.480599999999995,16.909599999999998,18.199300000000008,-1.2897000000000105,0.29350000000000875,2.148199999999999,2.1477000000000146,-1
2023,Auburn,Iowa,9,8,83,75,1,112.689,95.2408,67.6112,17.4484,17.4482,120.475,104.873,69.5377,15.6021,15.60199999999999,7.815999999999988,25.2342,-17.418200000000013,-1.9265000000000043,1.8462999999999994,1.8462000000000103,1
2023,Duke,Oral Roberts,5,12,74,51,1,113.242,94.7531,65.258,18.4885,18.4889,115.289,102.04,70.4986,13.2487,13.248999999999995,11.201999999999998,20.535899999999998,-9.3339,-5.240600000000001,5.239799999999999,5.239900000000006,-7
2023,Furman,Virginia,13,4,68,67,1,114.2,105.775,68.4584,8.42507,8.424999999999997,111.166,94.7544,61.5696,16.4114,16.411599999999993,19.4456,5.390999999999991,14.054600000000008,6.888799999999996,-7.986330000000001,-7.986599999999996,9
2023,Houston,Northern Kentucky,1,16,63,52,1,118.387,89.5678,63.3299,28.8196,28.819199999999995,103.337,102.82,62.0433,0.516867,0.5170000000000101,15.567000000000007,13.769199999999998,1.7978000000000094,1.2866,28.302733,28.302199999999985,-15
2023,Kansas,Howard,1,16,96,68,1,114.61,91.4741,69.2715,23.1356,23.135899999999992,103.701,106.914,68.9681,-3.21361,-3.213000000000008,7.695999999999998,12.226899999999986,-4.530899999999988,0.30339999999999634,26.34921,26.3489,-15
2023,Maryland,West Virginia,8,9,67,65,1,114.136,95.7662,64.6104,18.3703,18.3698,117.144,97.9996,68.8537,19.1445,19.144400000000005,16.136399999999995,21.377800000000008,-5.241400000000013,-4.243300000000005,-0.7742000000000004,-0.7746000000000031,-1
2023,Missouri,Utah St.,7,10,76,65,1,119.289,105.37,69.1078,13.9186,13.918999999999995,117.762,98.8807,68.7801,18.8814,18.8813,20.408299999999997,12.391999999999996,8.016300000000001,0.327699999999993,-4.9628,-4.962300000000004,-3
2023,Northwestern,Boise St.,7,10,75,67,1,108.511,93.6787,64.9195,14.8321,14.83229999999999,110.969,93.8352,66.5002,17.1342,17.133799999999994,14.675799999999995,17.290299999999988,-2.6144999999999925,-1.5807000000000073,-2.3020999999999994,-2.3015000000000043,-3
2023,Penn St.,Texas A&M,10,7,76,59,1,116.826,101.79,64.6096,15.0367,15.035999999999987,114.483,96.1997,66.1613,18.2834,18.2833,20.626299999999986,12.692999999999998,7.9332999999999885,-1.5516999999999967,-3.2467000000000006,-3.2473000000000134,3
2023,Princeton,Arizona,15,2,59,55,1,109.093,103.527,67.4503,5.5658,5.5660000000000025,119.979,97.1195,72.3118,22.8595,22.8595,11.973500000000001,16.451999999999998,-4.478499999999997,-4.861500000000007,-17.2937,-17.293499999999998,13
2023,Tennessee,Louisiana,4,13,58,55,1,112.675,87.97,65.5272,24.7052,24.705,112.243,104.042,68.4083,8.20091,8.200999999999993,8.632999999999996,24.272999999999996,-15.64,-2.8811000000000035,16.50429,16.504000000000005,-9
2023,Texas,Colgate,2,15,81,61,1,116.581,92.0106,69.1219,24.5707,24.570400000000006,112.963,107.67,67.8783,5.29267,5.292999999999992,8.911000000000001,20.952399999999997,-12.041399999999996,1.2436000000000007,19.278029999999998,19.277400000000014,-13
2023,UCLA,UNC Asheville,2,15,86,53,1,114.875,87.2423,66.2741,27.6323,27.6327,104.141,102.635,68.5066,1.50642,1.5060000000000002,12.239999999999995,16.898700000000005,-4.65870000000001,-2.2325000000000017,26.125880000000002,26.1267,-13
2023,Baylor,UC Santa Barbara,3,14,74,56,1,121.852,101.871,66.551,19.9811,19.98100000000001,111.335,104.693,64.9567,6.6422,6.641999999999996,17.159000000000006,9.463999999999999,7.695000000000007,1.594300000000004,13.338900000000002,13.339000000000013,-11
2023,Connecticut,Iona,4,13,87,63,1,119.437,94.0686,66.6901,25.3686,25.368399999999998,110.856,99.1448,68.8987,11.7114,11.711199999999993,20.292199999999994,16.78739999999999,3.504800000000003,-2.208600000000004,13.657200000000001,13.657200000000005,-9
2023,Creighton,NC State,6,11,72,63,1,114.621,93.9665,67.9808,20.6545,20.6545,113.894,100.589,69.1326,13.3052,13.305000000000009,14.031999999999996,19.92750000000001,-5.895500000000013,-1.1517999999999944,7.3492999999999995,7.34949999999999,-5
2023,Fairleigh Dickinson,Purdue,16,1,63,58,1,106.175,118.425,68.7636,-12.2499,-12.25,119.362,94.8154,64.3846,24.5463,24.5466,11.3596,0.9369999999999976,10.422600000000003,4.378999999999991,-36.7962,-36.7966,15
2023,Florida Atlantic,Memphis,9,8,66,65,1,114.275,96.0455,68.4356,18.2298,18.2295,114.701,96.0133,71.7989,18.6881,18.687699999999992,18.261700000000005,18.65549999999999,-0.3937999999999846,-3.3633000000000095,-0.4582999999999977,-0.45819999999999084,1
2023,Gonzaga,Grand Canyon,3,14,82,70,1,124.004,99.6937,70.0663,24.3101,24.3103,112.317,106.325,65.1541,5.99141,5.99199999999999,17.679000000000002,12.623299999999986,5.055700000000016,4.912199999999999,18.318689999999997,18.31830000000001,-11
2023,Kansas St.,Montana St.,3,14,77,65,1,112.516,94.2021,70.2112,18.3143,18.313900000000004,105.36,99.6121,66.4692,5.74793,5.747900000000001,12.903900000000007,11.157899999999998,1.7460000000000093,3.7420000000000044,12.56637,12.566000000000003,-11
2023,Kentucky,Providence,6,11,61,53,1,117.41,99.6115,66.0118,17.7987,17.79849999999999,116.847,102.117,66.9051,14.7305,14.72999999999999,15.292999999999992,17.235499999999988,-1.9424999999999955,-0.8933000000000106,3.068200000000001,3.0685000000000002,-5
2023,Marquette,Vermont,2,15,78,61,1,119.308,97.4789,68.3572,21.8296,21.82910000000001,109.778,104.357,64.6048,5.42124,5.421000000000007,14.951000000000008,12.29910000000001,2.6518999999999977,3.7524000000000086,16.40836,16.408100000000005,-13
2023,Miami FL,Drake,5,12,63,56,1,118.233,103.319,68.8527,14.9148,14.914,109.84,97.3312,66.4238,12.5086,12.508800000000008,20.90180000000001,6.521000000000001,14.380800000000008,2.4288999999999987,2.4062,2.405199999999992,-7
2023,Michigan St.,USC,7,10,72,62,1,113.4,96.6898,64.9304,16.7099,16.7102,113.122,97.4891,68.1465,15.6327,15.632900000000006,15.910900000000012,16.432199999999995,-0.5212999999999823,-3.2160999999999973,1.0772000000000013,1.077299999999994,-3
2023,Pittsburgh,Iowa St.,11,6,59,41,1,115.103,103.837,67.3196,11.2663,11.265999999999991,109.884,91.5493,64.3155,18.3345,18.3347,23.553699999999992,6.046999999999997,17.506699999999995,3.004099999999994,-7.068199999999999,-7.06870000000001,5
2023,St. Mary's,VCU,5,12,63,51,1,113.47,91.5736,61.7454,21.896,21.8964,107.195,94.0449,68.0086,13.1498,13.150099999999997,19.4251,15.621399999999994,3.8037000000000063,-6.263200000000005,8.7462,8.746300000000003,-7
2023,TCU,Arizona St.,6,11,72,70,1,112.366,94.3027,69.8117,18.0633,18.0633,107.586,95.2101,68.4035,12.3762,12.3759,17.155900000000003,13.283299999999997,3.8726000000000056,1.408200000000008,5.687100000000001,5.687400000000002,-5
2023,Xavier,Kennesaw St.,3,14,72,67,1,119.297,99.604,70.3573,19.693,19.693,106.304,102.661,68.5425,3.64263,3.6430000000000007,16.635999999999996,6.700000000000003,9.935999999999993,1.814799999999991,16.05037,16.05,-11
2023,Alabama,Maryland,1,8,73,51,1,116.097,88.5549,72.7469,27.5425,27.54209999999999,114.136,95.7662,64.6104,18.3703,18.3698,20.330799999999996,25.581099999999992,-5.250299999999996,8.136499999999998,9.1722,9.17229999999999,-7
2023,Arkansas,Kansas,8,1,72,71,1,112.596,93.9677,69.6808,18.6287,18.62830000000001,114.61,91.4741,69.2715,23.1356,23.135899999999992,21.121899999999997,20.642300000000006,0.4795999999999907,0.4093000000000018,-4.506900000000002,-4.507599999999982,7
2023,Houston,Auburn,1,9,81,64,1,118.387,89.5678,63.3299,28.8196,28.819199999999995,112.689,95.2408,67.6112,17.4484,17.4482,23.146200000000007,23.121199999999988,0.025000000000019895,-4.2812999999999946,11.371200000000002,11.370999999999995,-8
2023,Princeton,Missouri,15,7,78,63,1,109.093,103.527,67.4503,5.5658,5.5660000000000025,119.289,105.37,69.1078,13.9186,13.918999999999995,3.722999999999999,15.762,-12.039000000000001,-1.6574999999999989,-8.352799999999998,-8.352999999999993,8
2023,San Diego St.,Furman,5,13,75,52,1,111.929,91.6744,66.009,20.2549,20.2546,114.2,105.775,68.4584,8.42507,8.424999999999997,6.153999999999996,22.525599999999997,-16.3716,-2.449399999999997,11.82983,11.829600000000003,-8
2023,Tennessee,Duke,4,5,65,52,1,112.675,87.97,65.5272,24.7052,24.705,113.242,94.7531,65.258,18.4885,18.4889,17.921899999999994,25.272000000000006,-7.350100000000012,0.2691999999999979,6.216700000000003,6.216099999999997,-1
2023,Texas,Penn St.,2,10,71,66,1,116.581,92.0106,69.1219,24.5707,24.570400000000006,116.826,101.79,64.6096,15.0367,15.035999999999987,14.790999999999997,24.815399999999997,-10.0244,4.512299999999996,9.533999999999999,9.53440000000002,-8
2023,UCLA,Northwestern,2,7,68,63,1,114.875,87.2423,66.2741,27.6323,27.6327,108.511,93.6787,64.9195,14.8321,14.83229999999999,21.196299999999994,21.268699999999995,-0.0724000000000018,1.354600000000005,12.8002,12.80040000000001,-5
2023,Connecticut,St. Mary's,4,5,70,55,1,119.437,94.0686,66.6901,25.3686,25.368399999999998,113.47,91.5736,61.7454,21.896,21.8964,27.8634,19.401399999999995,8.462000000000003,4.9447000000000045,3.4726,3.4719999999999978,-1
2023,Creighton,Baylor,6,3,85,76,1,114.621,93.9665,67.9808,20.6545,20.6545,121.852,101.871,66.551,19.9811,19.98100000000001,12.75,27.885500000000008,-15.135500000000008,1.4298000000000002,0.6733999999999973,0.67349999999999,3
2023,Florida Atlantic,Fairleigh Dickinson,9,16,78,70,1,114.275,96.0455,68.4356,18.2298,18.2295,106.175,118.425,68.7636,-12.2499,-12.25,-4.1499999999999915,10.129499999999993,-14.279499999999985,-0.32800000000000296,30.4797,30.4795,-7
2023,Gonzaga,TCU,3,6,84,81,1,124.004,99.6937,70.0663,24.3101,24.3103,112.366,94.3027,69.8117,18.0633,18.0633,29.701300000000003,12.672299999999993,17.02900000000001,0.2545999999999964,6.246799999999997,6.247,-3
2023,Kansas St.,Kentucky,3,6,75,69,1,112.516,94.2021,70.2112,18.3143,18.313900000000004,117.41,99.6115,66.0118,17.7987,17.79849999999999,12.904499999999999,23.207899999999995,-10.303399999999996,4.199400000000011,0.5155999999999992,0.5154000000000138,-3
2023,Miami FL,Indiana,5,4,85,69,1,118.233,103.319,68.8527,14.9148,14.914,114.651,97.2921,68.1266,17.3586,17.35889999999999,20.9409,11.331999999999994,9.608900000000006,0.7261000000000024,-2.4437999999999995,-2.4448999999999916,1
2023,Michigan St.,Marquette,7,2,69,60,1,113.4,96.6898,64.9304,16.7099,16.7102,119.308,97.4789,68.3572,21.8296,21.82910000000001,15.92110000000001,22.6182,-6.697099999999992,-3.4268,-5.119699999999998,-5.118900000000011,5
2023,Xavier,Pittsburgh,3,11,84,73,1,119.297,99.604,70.3573,19.693,19.693,115.103,103.837,67.3196,11.2663,11.265999999999991,15.459999999999994,15.498999999999995,-0.03900000000000148,3.037700000000001,8.426700000000002,8.42700000000001,-8
2023,Connecticut,Arkansas,4,8,88,65,1,119.437,94.0686,66.6901,25.3686,25.368399999999998,112.596,93.9677,69.6808,18.6287,18.62830000000001,25.469300000000004,18.5274,6.941900000000004,-2.990700000000004,6.739900000000002,6.7400999999999875,-4
2023,Florida Atlantic,Tennessee,9,4,62,55,1,114.275,96.0455,68.4356,18.2298,18.2295,112.675,87.97,65.5272,24.7052,24.705,26.305000000000007,16.629499999999993,9.675500000000014,2.9084000000000003,-6.4754000000000005,-6.475499999999997,5
2023,Gonzaga,UCLA,3,2,79,76,1,124.004,99.6937,70.0663,24.3101,24.3103,114.875,87.2423,66.2741,27.6323,27.6327,36.761700000000005,15.181299999999993,21.58040000000001,3.792199999999994,-3.3222000000000023,-3.3223999999999982,1
2023,Kansas St.,Michigan St.,3,7,98,93,1,112.516,94.2021,70.2112,18.3143,18.313900000000004,113.4,96.6898,64.9304,16.7099,16.7102,15.8262,19.197900000000004,-3.371700000000004,5.280799999999999,1.6043999999999983,1.6037000000000035,-4
2023,Creighton,Princeton,6,15,86,75,1,114.621,93.9665,67.9808,20.6545,20.6545,109.093,103.527,67.4503,5.5658,5.5660000000000025,11.093999999999994,15.126500000000007,-4.032500000000013,0.5305000000000035,15.0887,15.088499999999996,-9
2023,Miami FL,Houston,5,1,89,75,1,118.233,103.319,68.8527,14.9148,14.914,118.387,89.5678,63.3299,28.8196,28.819199999999995,28.6652,15.067999999999998,13.5972,5.522799999999997,-13.904800000000002,-13.905199999999995,4
2023,San Diego St.,Alabama,5,1,71,64,1,111.929,91.6744,66.009,20.2549,20.2546,116.097,88.5549,72.7469,27.5425,27.54209999999999,23.3741,24.42259999999999,-1.04849999999999,-6.737899999999996,-7.287600000000001,-7.287499999999991,4
2023,Texas,Xavier,2,3,83,71,1,116.581,92.0106,69.1219,24.5707,24.570400000000006,119.297,99.604,70.3573,19.693,19.693,16.977000000000004,27.2864,-10.309399999999997,-1.2353999999999985,4.877699999999997,4.877400000000005,-1
2023,Connecticut,Gonzaga,4,3,82,54,1,119.437,94.0686,66.6901,25.3686,25.368399999999998,124.004,99.6937,70.0663,24.3101,24.3103,19.74329999999999,29.9354,-10.19210000000001,-3.376199999999997,1.0585000000000022,1.058099999999996,1
2023,Florida Atlantic,Kansas St.,9,3,79,76,1,114.275,96.0455,68.4356,18.2298,18.2295,112.516,94.2021,70.2112,18.3143,18.313900000000004,20.072900000000004,16.4705,3.602400000000003,-1.7756000000000114,-0.08449999999999847,-0.08440000000000225,6
2023,Miami FL,Texas,5,2,88,81,1,118.233,103.319,68.8527,14.9148,14.914,116.581,92.0106,69.1219,24.5707,24.570400000000006,26.222400000000007,13.262,12.960400000000007,-0.2691999999999979,-9.655899999999999,-9.656400000000007,3
2023,San Diego St.,Creighton,5,6,57,56,1,111.929,91.6744,66.009,20.2549,20.2546,114.621,93.9665,67.9808,20.6545,20.6545,17.962500000000006,22.94659999999999,-4.984099999999984,-1.9718000000000018,-0.3995999999999995,-0.3998999999999988,-1
2023,Connecticut,Miami FL,4,5,72,59,1,119.437,94.0686,66.6901,25.3686,25.368399999999998,118.233,103.319,68.8527,14.9148,14.914,16.117999999999995,24.1644,-8.046400000000006,-2.1625999999999976,10.453800000000001,10.454399999999998,-1
2023,San Diego St.,Florida Atlantic,5,9,72,71,1,111.929,91.6744,66.009,20.2549,20.2546,114.275,96.0455,68.4356,18.2298,18.2295,15.883499999999998,22.6006,-6.717100000000002,-2.4265999999999934,2.0250999999999983,2.0250999999999983,-4
2023,Connecticut,San Diego St.,4,5,76,59,1,119.437,94.0686,66.6901,25.3686,25.368399999999998,111.929,91.6744,66.009,20.2549,20.2546,27.762599999999992,17.8604,9.902199999999993,0.6811000000000007,5.1137000000000015,5.113799999999998,-1
2003,Texas Southern,UNC Asheville,16,16,84,92,0,98.706,108.445,68.023,-9.73895,-9.73899999999999,100.943,114.311,67.655,-13.3682,-13.36800000000001,7.501999999999995,15.605000000000004,-8.103000000000009,0.367999999999995,3.629249999999999,3.629000000000019,0
2003,Vermont,Arizona,16,1,51,80,0,101.723,99.8857,64.3012,1.8376,1.837299999999999,115.311,88.8866,73.0165,26.4243,26.42440000000001,-15.425300000000007,-12.836399999999998,-2.5889000000000095,-8.7153,-24.5867,-24.58710000000001,15
2003,Memphis,Arizona St.,7,10,71,84,0,111.304,93.4775,68.3304,17.8261,17.826499999999996,113.116,96.3758,66.8633,16.7407,16.7402,-19.638499999999993,-14.928200000000004,-4.7102999999999895,1.467100000000002,1.0854,1.0862999999999943,-3
2003,Creighton,Central Michigan,6,11,73,79,0,113.03,94.7202,68.4145,18.3096,18.3098,109.867,99.5025,71.9146,10.3641,10.364500000000008,-15.146799999999999,-13.527500000000003,-1.6192999999999955,-3.500099999999989,7.945499999999999,7.945299999999991,-5
2003,BYU,Connecticut,12,5,53,58,0,110.537,92.3283,65.663,18.2088,18.208700000000007,111.73,93.3341,71.1085,18.3956,18.3959,-19.401700000000005,-17.2029,-2.1988000000000056,-5.44550000000001,-0.18680000000000163,-0.1871999999999936,7
2003,Colorado St.,Duke,14,3,57,67,0,111.597,105.323,67.1579,6.27421,6.274000000000001,116.213,93.4116,71.0877,22.8018,22.801399999999987,-10.89,-18.185399999999987,7.295399999999987,-3.9298,-16.52759,-16.527399999999986,11
2003,Cincinnati,Gonzaga,8,9,69,74,0,105.459,90.1252,66.3686,15.3334,15.333799999999997,112.337,97.3823,67.2433,14.9545,14.954700000000004,-22.211799999999997,-8.076700000000002,-14.135099999999994,-0.8747000000000043,0.3788999999999998,0.3790999999999922,-1
2003,Western Kentucky,Illinois,13,4,60,65,0,108.073,96.5019,67.5481,11.5715,11.571099999999989,114.14,89.1932,68.2411,24.9472,24.9468,-17.638099999999994,-18.87979999999999,1.2416999999999945,-0.6929999999999978,-13.375699999999998,-13.37570000000001,9
2003,Utah St.,Kansas,15,2,61,64,0,106.86,100.121,61.232,6.73911,6.739000000000004,114.003,86.9009,72.6511,27.1016,27.102100000000007,-13.882000000000005,-19.959100000000007,6.0771000000000015,-11.4191,-20.36249,-20.363100000000003,13
2003,Holy Cross,Marquette,14,3,68,72,0,105.034,94.8568,65.3578,10.1775,10.1772,118.833,97.6141,65.6828,21.2188,21.218900000000005,-23.97619999999999,-7.419900000000013,-16.55629999999998,-0.32500000000000284,-11.041300000000001,-11.041700000000006,11
2003,Southern Illinois,Missouri,11,6,71,72,0,110.795,98.9527,67.6276,11.8425,11.842300000000009,111.397,93.7637,66.5071,17.6329,17.633300000000006,-12.444300000000013,-17.0313,4.586999999999989,1.120500000000007,-5.7904,-5.790999999999997,5
2003,South Carolina St.,Oklahoma,16,1,54,71,0,96.5201,105.438,71.7419,-8.91754,-8.917900000000003,112.913,89.4266,62.6863,23.4861,23.486400000000003,-7.474999999999994,-7.093500000000006,-0.3814999999999884,9.055599999999998,-32.40364,-32.404300000000006,15
2003,San Diego,Stanford,13,4,69,77,0,104.732,96.3702,70.81,8.36166,8.361800000000002,109.838,94.9404,65.4887,14.8974,14.897599999999995,-13.467799999999997,-9.791600000000003,-3.6761999999999944,5.321300000000008,-6.535739999999999,-6.535799999999993,9
2003,Dayton,Tulsa,4,13,71,84,0,116.878,101.035,64.3077,15.8425,15.843000000000004,107.114,95.67,67.3935,11.4437,11.444000000000004,-6.079000000000008,-21.208,15.12899999999999,-3.085800000000006,4.3988,4.398999999999999,-9
2003,Weber St.,Wisconsin,12,5,74,81,0,111.03,102.287,66.2827,8.7425,8.742999999999995,114.658,92.2715,61.8275,22.3863,22.3865,-12.370999999999995,-18.758499999999998,6.387500000000003,4.455200000000005,-13.643799999999999,-13.643500000000007,7
2003,St. Joseph's,Auburn,7,10,63,65,0,109.41,87.8141,64.4667,21.5962,21.5959,107.32,94.4324,66.7988,12.8881,12.887599999999992,-19.505899999999997,-14.977599999999995,-4.5283000000000015,-2.332099999999997,8.7081,8.708300000000008,-3
2003,Mississippi St.,Butler,5,12,46,47,0,108.501,86.098,65.1241,22.4034,22.40300000000001,115.085,99.7088,58.7876,15.3765,15.376199999999995,-28.986999999999995,-8.792200000000008,-20.194799999999987,6.336500000000001,7.026900000000001,7.026800000000014,-7
2003,Sam Houston St.,Florida,15,2,55,85,0,102.171,100.238,67.1342,1.93338,1.933000000000007,117.327,93.6932,65.2411,23.6341,23.633799999999997,-17.089,-8.477800000000002,-8.611199999999997,1.893100000000004,-21.70072,-21.70079999999999,13
2003,Alabama,Indiana,10,7,62,67,0,110.57,95.1017,65.5541,15.468,15.4683,113.046,98.4831,63.9859,14.5633,14.562900000000012,-17.944300000000013,-12.0869,-5.857400000000013,1.5682000000000045,0.9047000000000001,0.9053999999999878,3
2003,IUPUI,Kentucky,16,1,64,95,0,103.059,102.298,66.9628,0.761365,0.7609999999999957,116.802,87.0347,67.5518,29.7672,29.76730000000001,-14.504000000000005,-16.024299999999997,1.5202999999999918,-0.5889999999999986,-29.005834999999998,-29.006300000000014,15
2003,Austin Peay,Louisville,13,4,64,86,0,101.166,98.0055,64.2385,3.16008,3.160499999999999,116.078,92.4271,72.419,23.6507,23.650900000000007,-18.072500000000005,-8.738900000000001,-9.333600000000004,-8.180499999999995,-20.49062,-20.490400000000008,9
2003,UNC Wilmington,Maryland,11,6,73,75,0,108.916,94.4886,64.3593,14.4278,14.427399999999992,110.916,89.4227,71.7698,21.493,21.49329999999999,-16.42739999999999,-19.49329999999999,3.065899999999999,-7.410499999999999,-7.065199999999999,-7.065899999999999,5
2003,Colorado,Michigan St.,10,7,64,79,0,109.283,93.4129,69.8746,15.8705,15.870100000000008,108.72,90.9288,63.6011,17.7907,17.791200000000003,-15.307100000000005,-18.354200000000006,3.0471000000000004,6.2734999999999985,-1.9202000000000012,-1.9210999999999956,3
2003,Penn,Oklahoma St.,11,6,63,77,0,110.324,96.0575,63.312,14.2661,14.266499999999994,106.039,88.7021,66.5752,17.3367,17.3369,-9.981499999999997,-21.621899999999997,11.6404,-3.2631999999999977,-3.0706000000000007,-3.0704000000000065,5
2003,Wagner,Pittsburgh,15,2,61,87,0,104.796,105.842,67.6016,-1.04621,-1.0459999999999925,113.295,86.1165,64.8023,27.1788,27.1785,-7.453000000000003,-18.679500000000004,11.226500000000001,2.7993000000000023,-28.225009999999997,-28.224499999999992,13
2003,LSU,Purdue,8,9,56,80,0,111.998,91.9602,67.5469,20.0374,20.037800000000004,106.758,90.7963,69.1792,15.962,15.961699999999992,-14.797799999999995,-21.201700000000002,6.403900000000007,-1.6323000000000008,4.075400000000002,4.076100000000013,-1
2003,Manhattan,Syracuse,14,3,65,76,0,105.641,95.6169,68.2203,10.0239,10.024100000000004,113.951,93.9947,70.5221,19.9564,19.9563,-18.334099999999992,-11.64630000000001,-6.6877999999999815,-2.3018,-9.9325,-9.932199999999995,11
2003,UNC Asheville,Texas,16,1,61,82,0,100.943,114.311,67.655,-13.3682,-13.36800000000001,118.524,95.1369,69.0435,23.3866,23.387100000000004,-4.212999999999994,-5.806100000000001,1.5931000000000068,-1.3884999999999934,-36.7548,-36.75510000000001,15
2003,Oregon,Utah,8,9,58,60,0,112.498,98.1497,71.0944,14.3485,14.348300000000007,107.925,93.0806,61.9372,14.8447,14.844399999999991,-9.775300000000001,-19.4174,9.6421,9.157199999999996,-0.4962,-0.4960999999999842,-1
2003,East Tennessee St.,Wake Forest,15,2,73,76,0,101.21,100.466,75.186,0.744035,0.7439999999999998,115.774,94.9376,67.6965,20.8361,20.8364,-15.308000000000007,-6.27239999999999,-9.035600000000017,7.489500000000007,-20.092064999999998,-20.0924,13
2003,Gonzaga,Arizona,9,1,95,96,0,112.337,97.3823,67.2433,14.9545,14.954700000000004,115.311,88.8866,73.0165,26.4243,26.42440000000001,-17.928700000000006,-23.450400000000002,5.521699999999996,-5.773199999999989,-11.4698,-11.469700000000005,8
2003,Stanford,Connecticut,4,5,74,85,0,109.838,94.9404,65.4887,14.8974,14.897599999999995,111.73,93.3341,71.1085,18.3956,18.3959,-16.789600000000007,-16.503899999999987,-0.2857000000000198,-5.619800000000012,-3.4982000000000024,-3.4983000000000057,-1
2003,Central Michigan,Duke,11,3,60,86,0,109.867,99.5025,71.9146,10.3641,10.364500000000008,116.213,93.4116,71.0877,22.8018,22.801399999999987,-16.710499999999996,-16.455399999999997,-0.25509999999999877,0.8268999999999949,-12.4377,-12.436899999999978,8
2003,Arizona St.,Kansas,10,2,76,108,0,113.116,96.3758,66.8633,16.7407,16.7402,114.003,86.9009,72.6511,27.1016,27.102100000000007,-17.627200000000002,-26.215100000000007,8.587900000000005,-5.787800000000004,-10.3609,-10.361900000000006,8
2003,Missouri,Marquette,6,3,92,101,0,111.397,93.7637,66.5071,17.6329,17.633300000000006,118.833,97.6141,65.6828,21.2188,21.218900000000005,-25.0693,-13.782900000000012,-11.286399999999986,0.8242999999999938,-3.5859000000000023,-3.5855999999999995,3
2003,Illinois,Notre Dame,4,5,60,68,0,114.14,89.1932,68.2411,24.9472,24.9468,117.565,97.8837,69.2334,19.6817,19.681299999999997,-28.371799999999993,-16.256299999999996,-12.115499999999997,-0.9923000000000002,5.265499999999999,5.265500000000003,-1
2003,California,Oklahoma,8,1,65,74,0,109.401,95.8149,66.1487,13.5863,13.586100000000002,112.913,89.4266,62.6863,23.4861,23.486400000000003,-17.098100000000002,-19.974400000000003,2.8763000000000005,3.4624000000000024,-9.8998,-9.900300000000001,7
2003,Tulsa,Wisconsin,13,5,60,61,0,107.114,95.67,67.3935,11.4437,11.444000000000004,114.658,92.2715,61.8275,22.3863,22.3865,-18.988,-14.842500000000001,-4.145499999999998,5.5660000000000025,-10.942599999999999,-10.942499999999997,8
2003,Wake Forest,Auburn,2,10,62,68,0,115.774,94.9376,67.6965,20.8361,20.8364,107.32,94.4324,66.7988,12.8881,12.887599999999992,-12.38239999999999,-21.3416,8.95920000000001,0.8977000000000004,7.947999999999999,7.948800000000009,-8
2003,Louisville,Butler,4,12,71,79,0,116.078,92.4271,72.419,23.6507,23.650900000000007,115.085,99.7088,58.7876,15.3765,15.376199999999995,-22.657899999999998,-16.369200000000006,-6.2886999999999915,13.6314,8.2742,8.274700000000012,-8
2003,Utah,Kentucky,9,1,54,74,0,107.925,93.0806,61.9372,14.8447,14.844399999999991,116.802,87.0347,67.5518,29.7672,29.76730000000001,-23.721400000000003,-20.890299999999996,-2.8311000000000064,-5.614600000000003,-14.9225,-14.922900000000018,8
2003,Xavier,Maryland,3,6,64,77,0,114.503,93.665,68.1862,20.8379,20.837999999999997,110.916,89.4227,71.7698,21.493,21.49329999999999,-17.25099999999999,-25.080299999999994,7.8293000000000035,-3.583600000000004,-0.6550999999999974,-0.6552999999999933,-3
2003,Florida,Michigan St.,2,7,46,68,0,117.327,93.6932,65.2411,23.6341,23.633799999999997,108.72,90.9288,63.6011,17.7907,17.791200000000003,-15.026799999999994,-26.398200000000003,11.371400000000008,1.6400000000000006,5.843399999999999,5.842599999999994,-5
2003,Indiana,Pittsburgh,7,2,52,74,0,113.046,98.4831,63.9859,14.5633,14.562900000000012,113.295,86.1165,64.8023,27.1788,27.1785,-14.811900000000009,-26.929500000000004,12.117599999999996,-0.8164000000000016,-12.615499999999999,-12.615599999999988,5
2003,Oklahoma St.,Syracuse,6,3,56,68,0,106.039,88.7021,66.5752,17.3367,17.3369,113.951,93.9947,70.5221,19.9564,19.9563,-25.248899999999992,-12.044300000000007,-13.204599999999985,-3.9468999999999994,-2.619699999999998,-2.619399999999999,3
2003,Purdue,Texas,9,1,67,77,0,106.758,90.7963,69.1792,15.962,15.961699999999992,118.524,95.1369,69.0435,23.3866,23.387100000000004,-27.7277,-11.621099999999998,-16.1066,0.13569999999999993,-7.424600000000002,-7.425400000000012,8
2003,Notre Dame,Arizona,5,1,71,88,0,117.565,97.8837,69.2334,19.6817,19.681299999999997,115.311,88.8866,73.0165,26.4243,26.42440000000001,-17.427300000000002,-28.678399999999996,11.251099999999994,-3.7830999999999904,-6.7425999999999995,-6.7431000000000125,4
2003,Duke,Kansas,3,2,65,69,0,116.213,93.4116,71.0877,22.8018,22.801399999999987,114.003,86.9009,72.6511,27.1016,27.102100000000007,-20.591399999999993,-29.3121,8.720700000000008,-1.5634000000000015,-4.299800000000001,-4.30070000000002,1
2003,Wisconsin,Kentucky,5,1,57,63,0,114.658,92.2715,61.8275,22.3863,22.3865,116.802,87.0347,67.5518,29.7672,29.76730000000001,-24.530500000000004,-27.6233,3.092799999999997,-5.7242999999999995,-7.3809000000000005,-7.380800000000008,4
2003,Pittsburgh,Marquette,2,3,74,77,0,113.295,86.1165,64.8023,27.1788,27.1785,118.833,97.6141,65.6828,21.2188,21.218900000000005,-32.716499999999996,-15.680900000000008,-17.035599999999988,-0.8804999999999978,5.959999999999997,5.959599999999995,-1
2003,Maryland,Michigan St.,6,7,58,60,0,110.916,89.4227,71.7698,21.493,21.49329999999999,108.72,90.9288,63.6011,17.7907,17.791200000000003,-19.297299999999993,-19.9872,0.6899000000000086,8.168700000000001,3.7022999999999975,3.7020999999999873,-1
2003,Butler,Oklahoma,12,1,54,65,0,115.085,99.7088,58.7876,15.3765,15.376199999999995,112.913,89.4266,62.6863,23.4861,23.486400000000003,-13.2042,-25.6584,12.4542,-3.898700000000005,-8.1096,-8.110200000000008,11
2003,Auburn,Syracuse,10,3,78,79,0,107.32,94.4324,66.7988,12.8881,12.887599999999992,113.951,93.9947,70.5221,19.9564,19.9563,-19.518599999999992,-13.325299999999999,-6.193299999999994,-3.7232999999999947,-7.068299999999999,-7.068700000000007,7
2003,Connecticut,Texas,5,1,78,82,0,111.73,93.3341,71.1085,18.3956,18.3959,118.524,95.1369,69.0435,23.3866,23.387100000000004,-25.189899999999994,-16.593100000000007,-8.596799999999988,2.065000000000012,-4.991,-4.991200000000003,4
2003,Arizona,Kansas,1,2,75,78,0,115.311,88.8866,73.0165,26.4243,26.42440000000001,114.003,86.9009,72.6511,27.1016,27.102100000000007,-25.1164,-28.410100000000014,3.2937000000000154,0.36539999999999395,-0.6773000000000025,-0.677699999999998,-1
2003,Kentucky,Marquette,1,3,69,83,0,116.802,87.0347,67.5518,29.7672,29.76730000000001,118.833,97.6141,65.6828,21.2188,21.218900000000005,-31.798299999999998,-19.187900000000013,-12.610399999999984,1.8689999999999998,8.548399999999997,8.548400000000004,-2
2003,Oklahoma,Syracuse,1,3,47,63,0,112.913,89.4266,62.6863,23.4861,23.486400000000003,113.951,93.9947,70.5221,19.9564,19.9563,-24.5244,-18.918300000000002,-5.606099999999998,-7.835799999999992,3.529700000000002,3.5301000000000045,-2
2003,Michigan St.,Texas,7,1,76,85,0,108.72,90.9288,63.6011,17.7907,17.791200000000003,118.524,95.1369,69.0435,23.3866,23.387100000000004,-27.595200000000006,-13.583100000000002,-14.012100000000004,-5.442399999999992,-5.5959,-5.5959,6
2003,Marquette,Kansas,3,2,61,94,0,118.833,97.6141,65.6828,21.2188,21.218900000000005,114.003,86.9009,72.6511,27.1016,27.102100000000007,-16.388900000000007,-31.932100000000005,15.543199999999999,-6.968299999999999,-5.8828,-5.883200000000002,1
2003,Texas,Syracuse,1,3,84,95,0,118.524,95.1369,69.0435,23.3866,23.387100000000004,113.951,93.9947,70.5221,19.9564,19.9563,-18.814099999999996,-24.529300000000006,5.71520000000001,-1.4786000000000001,3.430200000000003,3.430800000000005,-2
2003,Kansas,Syracuse,2,3,78,81,0,114.003,86.9009,72.6511,27.1016,27.102100000000007,113.951,93.9947,70.5221,19.9564,19.9563,-27.0501,-20.008300000000006,-7.041799999999995,2.129000000000005,7.145200000000003,7.145800000000008,-1
2004,Lehigh,Florida A&M,16,16,57,72,0,98.2109,103.992,63.7282,-5.7816,-5.781100000000009,97.7465,108.479,71.1206,-10.7325,-10.732500000000002,6.245500000000007,10.268100000000004,-4.022599999999997,-7.392399999999995,4.9509,4.9513999999999925,0
2004,Southern Illinois,Alabama,9,8,64,65,0,108.685,94.3307,65.7203,14.3539,14.35430000000001,113.39,96.9288,64.999,16.4613,16.461200000000005,-19.059300000000007,-11.756200000000007,-7.303100000000001,0.7212999999999994,-2.107400000000002,-2.106899999999996,1
2004,Vermont,Connecticut,15,2,53,70,0,100.742,102.041,64.3586,-1.29931,-1.2989999999999924,116.176,90.3272,68.4832,25.8489,25.8488,-14.135000000000005,-10.4148,-3.7202000000000055,-4.124600000000001,-27.14821,-27.147799999999993,13
2004,Dayton,DePaul,10,7,69,76,0,108.6,98.8232,62.4162,9.7763,9.776799999999994,113.921,102.109,63.3915,11.8121,11.812000000000012,-15.097800000000007,-6.491,-8.606800000000007,-0.9752999999999972,-2.0357999999999983,-2.0352000000000174,3
2004,Alabama St.,Duke,16,1,61,96,0,93.281,103.971,61.5326,-10.6902,-10.689999999999998,120.027,88.299,67.6352,31.7279,31.727999999999994,-16.055999999999997,-4.981999999999999,-11.073999999999998,-6.102599999999995,-42.4181,-42.41799999999999,15
2004,Valparaiso,Gonzaga,15,2,49,76,0,100.308,99.4266,69.4589,0.881225,0.8814000000000135,121.485,94.7555,66.7071,26.7299,26.7295,-22.058400000000006,-5.552500000000009,-16.505899999999997,2.751800000000003,-25.848675,-25.848099999999988,13
2004,Florida,Manhattan,5,12,60,75,0,117.63,97.7056,66.1367,19.9244,19.92439999999999,107.701,96.0844,65.3023,11.6168,11.616599999999991,-9.99539999999999,-21.545599999999993,11.550200000000004,0.8344000000000023,8.307599999999999,8.3078,-7
2004,UTEP,Maryland,13,4,83,86,0,111.176,96.667,68.6573,14.5091,14.509,110.26,90.0455,71.3662,20.2142,20.2145,-13.593000000000004,-21.130499999999998,7.537499999999994,-2.7089,-5.705100000000002,-5.705500000000001,9
2004,Michigan St.,Nevada,7,10,66,72,0,116.84,101.904,64.2907,14.9366,14.936000000000009,111.833,93.0023,68.5767,18.8308,18.830699999999997,-9.929000000000002,-23.837699999999998,13.908699999999996,-4.286000000000001,-3.8941999999999997,-3.894699999999988,-3
2004,Air Force,North Carolina,11,6,52,63,0,111.859,95.7219,52.0301,16.1376,16.13709999999999,116.966,93.943,71.131,23.0232,23.023,-21.24409999999999,-17.915999999999997,-3.328099999999992,-19.100900000000003,-6.8856,-6.88590000000001,5
2004,Arizona,Seton Hall,9,8,76,80,0,117.959,101.339,73.5393,16.6199,16.620000000000005,111.199,93.5699,66.1769,17.629,17.629099999999994,-9.86,-24.3891,14.5291,7.362399999999994,-1.0091,-1.0090999999999894,1
2004,Liberty,St. Joseph's,16,1,63,82,0,97.9283,100.635,67.5344,-2.70715,-2.706700000000012,118.522,90.716,66.7822,27.8057,27.80600000000001,-17.887,-7.212299999999999,-10.674700000000001,0.752200000000002,-30.51285,-30.512700000000024,15
2004,UTSA,Stanford,16,1,45,71,0,98.0201,105.56,68.8797,-7.53956,-7.539900000000003,112.228,89.1711,64.4998,23.0568,23.0569,-6.667999999999992,-8.849000000000004,2.1810000000000116,4.379900000000006,-30.596359999999997,-30.5968,15
2004,BYU,Syracuse,12,5,75,80,0,111.734,95.3868,66.4998,16.3472,16.3472,111.069,95.3779,66.2186,15.6907,15.691100000000006,-15.682200000000009,-16.356099999999998,0.6738999999999891,0.28119999999999834,0.6565000000000012,0.656099999999995,7
2004,Princeton,Texas,14,3,49,66,0,106.042,100.548,56.7748,5.49455,5.494,113.481,93.1471,65.1866,20.3341,20.3339,-12.932999999999993,-12.894900000000007,-0.03809999999998581,-8.4118,-14.83955,-14.8399,11
2004,Charlotte,Texas Tech,9,8,73,76,0,112.766,98.11,70.0671,14.6558,14.656000000000006,110.153,94.0599,67.144,16.0926,16.093100000000007,-12.043000000000006,-18.706100000000006,6.6631,2.923099999999991,-1.4368000000000016,-1.437100000000001,1
2004,VCU,Wake Forest,13,4,78,79,0,104.824,96.0897,64.642,8.73412,8.734300000000005,120.827,98.4588,70.5763,22.3686,22.3682,-24.737300000000005,-6.3652000000000015,-18.372100000000003,-5.9343000000000075,-13.63448,-13.633899999999997,9
2004,Utah,Boston College,11,6,51,58,0,110.026,95.1873,59.267,14.839,14.838700000000005,110.115,95.5084,63.1579,14.6068,14.6066,-14.927700000000002,-14.517600000000002,-0.4100999999999999,-3.890899999999995,0.23220000000000063,0.23210000000000441,5
2004,East Tennessee St.,Cincinnati,13,4,77,80,0,103.458,95.3316,73.587,8.12644,8.126400000000004,115.74,91.8837,67.1173,23.8562,23.85629999999999,-20.4084,-11.574299999999994,-8.834100000000007,6.469700000000003,-15.72976,-15.729899999999986,9
2004,Northern Iowa,Georgia Tech,14,3,60,65,0,106.972,98.5408,65.2729,8.4316,8.43119999999999,114.16,89.3063,69.8395,24.8537,24.853700000000003,-15.619199999999992,-17.6657,2.046500000000009,-4.566599999999994,-16.4221,-16.422500000000014,11
2004,Murray St.,Illinois,12,5,53,72,0,110.548,98.9077,69.3823,11.6398,11.640299999999996,115.417,96.2329,64.2481,19.1845,19.1841,-16.509299999999996,-14.315100000000001,-2.194199999999995,5.134200000000007,-7.544700000000001,-7.5438000000000045,7
2004,Illinois Chicago,Kansas,13,4,53,78,0,107.751,96.8741,64.6261,10.8768,10.876900000000006,110.65,92.4539,69.4727,18.1966,18.1961,-13.775900000000007,-15.2971,1.5211999999999932,-4.846600000000009,-7.319800000000001,-7.319199999999995,9
2004,Florida A&M,Kentucky,16,1,76,96,0,97.7465,108.479,71.1206,-10.7325,-10.732500000000002,112.747,88.1148,66.439,24.6321,24.6322,-4.268000000000001,-9.631699999999995,5.363699999999994,4.681600000000003,-35.3646,-35.3647,15
2004,South Carolina,Memphis,10,7,43,59,0,110.845,94.2486,66.1339,16.596,16.596400000000003,111.955,95.9555,67.7079,15.9997,15.999499999999998,-17.706400000000002,-14.889499999999998,-2.816900000000004,-1.573999999999998,0.5962999999999994,0.5969000000000051,3
2004,Monmouth,Mississippi St.,15,2,52,85,0,98.0355,101.598,66.2199,-3.56253,-3.5625,114.667,91.9956,67.9987,22.6715,22.67140000000001,-13.069000000000003,-6.039900000000003,-7.0291,-1.778800000000004,-26.23403,-26.23390000000001,13
2004,Eastern Washington,Oklahoma St.,15,2,56,75,0,105.382,101.954,64.715,3.42788,3.4280000000000115,117.359,92.5691,65.9003,24.7896,24.78989999999999,-15.405000000000001,-12.812899999999999,-2.592100000000002,-1.185299999999998,-21.36172,-21.361899999999977,13
2004,Providence,Pacific,5,12,58,66,0,112.317,93.6525,65.2472,18.6645,18.66449999999999,108.144,99.4025,63.9397,8.74172,8.741500000000002,-14.491500000000002,-12.91449999999999,-1.5770000000000124,1.3075000000000045,9.92278,9.922999999999988,-7
2004,UCF,Pittsburgh,14,3,44,53,0,103.633,97.8035,62.721,5.82918,5.829499999999996,115.248,89.1178,59.5043,26.1303,26.1302,-17.444500000000005,-14.515199999999993,-2.929300000000012,3.216699999999996,-20.301119999999997,-20.300700000000003,11
2004,Washington,UAB,8,9,100,102,0,111.976,100.871,73.6356,11.1048,11.105000000000004,106.371,91.9116,70.7046,14.4594,14.459399999999988,-5.5,-20.064399999999992,14.564399999999992,2.9309999999999974,-3.3546000000000014,-3.354399999999984,-1
2004,Western Michigan,Vanderbilt,11,6,58,71,0,114.773,97.3126,65.955,17.4602,17.460399999999993,112.729,93.7684,65.74,18.9602,18.9606,-15.416399999999996,-21.004599999999996,5.5882000000000005,0.2150000000000034,-1.5,-1.5002000000000066,5
2004,Richmond,Wisconsin,11,6,64,76,0,104.896,89.8371,62.8739,15.0585,15.058899999999994,114.662,90.0084,60.4638,24.6539,24.65360000000001,-24.8249,-14.887600000000006,-9.937299999999993,2.4101,-9.5954,-9.594700000000017,5
2004,Louisville,Xavier,10,7,70,80,0,106.419,84.7716,67.6995,21.6473,21.64739999999999,110.761,92.9239,64.1432,17.837,17.837099999999992,-25.98939999999999,-13.495099999999994,-12.494299999999996,3.5563000000000073,3.8103000000000016,3.810299999999998,3
2004,Stanford,Alabama,1,8,67,70,0,112.228,89.1711,64.4998,23.0568,23.0569,113.39,96.9288,64.999,16.4613,16.461200000000005,-24.218900000000005,-15.299199999999999,-8.919700000000006,-0.49920000000000186,6.595499999999998,6.595699999999994,-7
2004,DePaul,Connecticut,7,2,55,72,0,113.921,102.109,63.3915,11.8121,11.812000000000012,116.176,90.3272,68.4832,25.8489,25.8488,-14.067000000000007,-23.5938,9.526799999999994,-5.091699999999996,-14.036800000000001,-14.036799999999989,5
2004,Seton Hall,Duke,8,1,62,90,0,111.199,93.5699,66.1769,17.629,17.629099999999994,120.027,88.299,67.6352,31.7279,31.727999999999994,-26.457099999999997,-22.89999999999999,-3.5571000000000055,-1.4582999999999942,-14.0989,-14.0989,7
2004,Gonzaga,Nevada,2,10,72,91,0,121.485,94.7555,66.7071,26.7299,26.7295,111.833,93.0023,68.5767,18.8308,18.830699999999997,-17.0775,-28.482699999999994,11.405199999999994,-1.8696000000000055,7.899100000000001,7.898800000000005,-8
2004,Texas Tech,St. Joseph's,8,1,65,70,0,110.153,94.0599,67.144,16.0926,16.093100000000007,118.522,90.716,66.7822,27.8057,27.80600000000001,-24.462100000000007,-19.437000000000012,-5.025099999999995,0.36180000000000234,-11.7131,-11.712900000000005,7
2004,Maryland,Syracuse,4,5,70,72,0,110.26,90.0455,71.3662,20.2142,20.2145,111.069,95.3779,66.2186,15.6907,15.691100000000006,-21.0235,-14.882100000000008,-6.14139999999999,5.147600000000011,4.523500000000002,4.523399999999995,-1
2004,North Carolina,Texas,6,3,75,78,0,116.966,93.943,71.131,23.0232,23.023,113.481,93.1471,65.1866,20.3341,20.3339,-19.537999999999997,-23.8189,4.280900000000003,5.944400000000002,2.6891,2.6891,3
2004,Manhattan,Wake Forest,12,4,80,84,0,107.701,96.0844,65.3023,11.6168,11.616599999999991,120.827,98.4588,70.5763,22.3686,22.3682,-24.742599999999996,-9.242199999999997,-15.500399999999999,-5.274000000000001,-10.751800000000001,-10.75160000000001,8
2004,Boston College,Georgia Tech,6,3,54,57,0,110.115,95.5084,63.1579,14.6068,14.6066,114.16,89.3063,69.8395,24.8537,24.853700000000003,-18.651600000000002,-20.8087,2.1571,-6.681600000000003,-10.2469,-10.247100000000003,3
2004,Cincinnati,Illinois,4,5,68,92,0,115.74,91.8837,67.1173,23.8562,23.85629999999999,115.417,96.2329,64.2481,19.1845,19.1841,-23.533299999999997,-19.507099999999994,-4.026200000000003,2.8692000000000064,4.671700000000001,4.6721999999999895,-1
2004,Pacific,Kansas,12,4,63,78,0,108.144,99.4025,63.9397,8.74172,8.741500000000002,110.65,92.4539,69.4727,18.1966,18.1961,-11.247500000000002,-15.690100000000001,4.442599999999999,-5.533000000000001,-9.45488,-9.4546,8
2004,Memphis,Oklahoma St.,7,2,53,70,0,111.955,95.9555,67.7079,15.9997,15.999499999999998,117.359,92.5691,65.9003,24.7896,24.78989999999999,-21.403499999999994,-19.385899999999992,-2.0176000000000016,1.8075999999999937,-8.7899,-8.790399999999991,5
2004,Wisconsin,Pittsburgh,6,3,55,59,0,114.662,90.0084,60.4638,24.6539,24.65360000000001,115.248,89.1178,59.5043,26.1303,26.1302,-25.23960000000001,-25.544200000000004,0.30459999999999354,0.9594999999999985,-1.4763999999999982,-1.476599999999987,3
2004,Kentucky,UAB,1,9,75,76,0,112.747,88.1148,66.439,24.6321,24.6322,106.371,91.9116,70.7046,14.4594,14.459399999999988,-18.256199999999993,-20.835399999999993,2.5792,-4.265600000000006,10.1727,10.172800000000013,-8
2004,Mississippi St.,Xavier,2,7,74,89,0,114.667,91.9956,67.9987,22.6715,22.67140000000001,110.761,92.9239,64.1432,17.837,17.837099999999992,-18.7654,-21.7431,2.9776999999999987,3.8555000000000064,4.834500000000002,4.834300000000017,-5
2004,Syracuse,Alabama,5,8,71,80,0,111.069,95.3779,66.2186,15.6907,15.691100000000006,113.39,96.9288,64.999,16.4613,16.461200000000005,-18.012100000000004,-14.140200000000007,-3.8718999999999966,1.2195999999999998,-0.7706000000000017,-0.7700999999999993,-3
2004,Vanderbilt,Connecticut,6,2,53,73,0,112.729,93.7684,65.74,18.9602,18.9606,116.176,90.3272,68.4832,25.8489,25.8488,-22.407600000000002,-22.401799999999994,-0.005800000000007799,-2.7432000000000016,-6.8887,-6.888200000000001,4
2004,Pittsburgh,Oklahoma St.,3,2,51,63,0,115.248,89.1178,59.5043,26.1303,26.1302,117.359,92.5691,65.9003,24.7896,24.78989999999999,-28.241199999999992,-22.6789,-5.562299999999993,-6.396000000000001,1.3406999999999982,1.3403000000000098,1
2004,Wake Forest,St. Joseph's,4,1,80,84,0,120.827,98.4588,70.5763,22.3686,22.3682,118.522,90.716,66.7822,27.8057,27.80600000000001,-20.06320000000001,-30.111000000000004,10.047799999999995,3.7941000000000003,-5.437100000000001,-5.43780000000001,3
2004,Illinois,Duke,5,1,62,72,0,115.417,96.2329,64.2481,19.1845,19.1841,120.027,88.299,67.6352,31.7279,31.727999999999994,-23.7941,-27.117999999999995,3.3238999999999947,-3.3871000000000038,-12.543400000000002,-12.543899999999994,4
2004,Nevada,Georgia Tech,10,3,67,72,0,111.833,93.0023,68.5767,18.8308,18.830699999999997,114.16,89.3063,69.8395,24.8537,24.853700000000003,-21.15769999999999,-22.526700000000005,1.369000000000014,-1.2627999999999986,-6.0229,-6.023000000000007,7
2004,UAB,Kansas,9,4,74,100,0,106.371,91.9116,70.7046,14.4594,14.459399999999988,110.65,92.4539,69.4727,18.1966,18.1961,-18.7384,-13.91709999999999,-4.821300000000008,1.231899999999996,-3.7371999999999996,-3.7367000000000132,5
2004,Texas,Xavier,3,7,71,79,0,113.481,93.1471,65.1866,20.3341,20.3339,110.761,92.9239,64.1432,17.837,17.837099999999992,-17.6139,-20.55709999999999,2.9431999999999903,1.0434000000000054,2.4970999999999997,2.4968000000000075,-4
2004,Alabama,Connecticut,8,2,71,87,0,113.39,96.9288,64.999,16.4613,16.461200000000005,116.176,90.3272,68.4832,25.8489,25.8488,-19.247200000000007,-23.062799999999996,3.8155999999999892,-3.4842000000000013,-9.387599999999999,-9.387599999999996,6
2004,St. Joseph's,Oklahoma St.,1,2,62,64,0,118.522,90.716,66.7822,27.8057,27.80600000000001,117.359,92.5691,65.9003,24.7896,24.78989999999999,-26.643,-25.9529,-0.690100000000001,0.8819000000000017,3.0161000000000016,3.016100000000023,-1
2004,Xavier,Duke,7,1,63,66,0,110.761,92.9239,64.1432,17.837,17.837099999999992,120.027,88.299,67.6352,31.7279,31.727999999999994,-27.103099999999998,-22.46199999999999,-4.641100000000009,-3.4920000000000044,-13.890900000000002,-13.890900000000002,6
2004,Kansas,Georgia Tech,4,3,71,79,0,110.65,92.4539,69.4727,18.1966,18.1961,114.16,89.3063,69.8395,24.8537,24.853700000000003,-21.706099999999992,-21.343700000000013,-0.3623999999999796,-0.3667999999999978,-6.6571,-6.657600000000002,1
2004,Duke,Connecticut,1,2,78,79,0,120.027,88.299,67.6352,31.7279,31.727999999999994,116.176,90.3272,68.4832,25.8489,25.8488,-27.876999999999995,-29.699799999999996,1.8228000000000009,-0.847999999999999,5.879000000000001,5.879199999999994,-1
2004,Oklahoma St.,Georgia Tech,2,3,65,67,0,117.359,92.5691,65.9003,24.7896,24.78989999999999,114.16,89.3063,69.8395,24.8537,24.853700000000003,-21.59089999999999,-28.0527,6.461800000000011,-3.9391999999999996,-0.06409999999999982,-0.06380000000001473,-1
2004,Georgia Tech,Connecticut,3,2,73,82,0,114.16,89.3063,69.8395,24.8537,24.853700000000003,116.176,90.3272,68.4832,25.8489,25.8488,-26.86970000000001,-23.83279999999999,-3.036900000000017,1.3563000000000045,-0.9952000000000005,-0.9950999999999972,1
2005,Alabama A&M,Oakland,16,16,69,79,0,90.3956,102.684,72.9272,-12.2885,-12.288399999999996,107.721,108.701,65.4975,-0.980674,-0.9799999999999898,-5.037000000000006,18.30539999999999,-23.342399999999998,7.429699999999997,-11.307826,-11.308400000000006,0
2005,Utah St.,Arizona,14,3,53,66,0,116.735,96.4473,61.3897,20.2874,20.2877,115.596,94.9498,68.981,20.6464,20.646200000000007,-19.148700000000005,-21.785200000000003,2.636499999999998,-7.591299999999997,-0.3589999999999982,-0.3585000000000065,11
2005,Penn,Boston College,13,4,65,85,0,102.365,92.16,67.7962,10.2052,10.204999999999998,113.859,95.8068,64.2996,18.0519,18.0522,-21.698999999999998,-6.558199999999999,-15.140799999999999,3.496600000000001,-7.8467,-7.847200000000001,9
2005,Iowa,Cincinnati,10,7,64,76,0,112.204,94.3365,68.2558,17.8671,17.867499999999993,112.199,92.0126,68.4596,20.1864,20.186399999999992,-17.862499999999997,-20.191399999999987,2.32889999999999,-0.2038000000000011,-2.3192999999999984,-2.3188999999999993,3
2005,Winthrop,Gonzaga,14,3,64,74,0,101.652,96.6464,62.9522,5.00565,5.005600000000001,120.006,101.569,67.1057,18.4368,18.437,-23.3596,-0.08299999999999841,-23.276600000000002,-4.153500000000001,-13.431150000000002,-13.4314,11
2005,Fairleigh Dickinson,Illinois,16,1,55,67,0,102.717,105.796,68.6839,-3.07905,-3.079000000000008,122.18,88.8696,64.8528,33.3107,33.3104,-16.384,-13.847399999999993,-2.536600000000007,3.831099999999992,-36.38975,-36.38940000000001,15
2005,Eastern Kentucky,Kentucky,15,2,64,72,0,102.465,101.106,66.0513,1.35916,1.3590000000000089,112.199,88.253,67.1865,23.9456,23.946,-11.093000000000004,-14.212000000000003,3.1189999999999998,-1.1351999999999975,-22.58644,-22.586999999999993,13
2005,Texas,Nevada,8,9,57,61,0,114.706,96.8337,66.8394,17.8724,17.87230000000001,104.061,92.4275,65.796,11.6337,11.633500000000012,-7.227300000000014,-22.278500000000008,15.051199999999994,1.0433999999999912,6.2387,6.238799999999998,-1
2005,Niagara,Oklahoma,14,3,67,84,0,115.968,110.486,69.6709,5.48207,5.481999999999999,115.786,92.1522,64.7668,23.6343,23.633800000000008,-5.299999999999997,-23.81580000000001,18.515800000000013,4.9041,-18.15223,-18.15180000000001,11
2005,Pittsburgh,Pacific,9,8,71,79,0,114.695,95.8229,63.8867,18.8718,18.87209999999999,113.489,99.2906,63.6235,14.1981,14.198400000000008,-17.6661,-15.404399999999995,-2.2617000000000047,0.26319999999999766,4.6737,4.673699999999981,1
2005,UCLA,Texas Tech,11,6,66,78,0,108.287,96.8191,69.3235,11.4675,11.4679,110.917,95.271,69.462,15.6457,15.646,-14.097899999999996,-13.016000000000005,-1.0818999999999903,-0.13850000000000762,-4.1782,-4.178100000000001,5
2005,LSU,UAB,6,11,68,82,0,114.892,100.313,66.3426,14.5794,14.578999999999994,110.113,97.7445,70.5468,12.3689,12.368499999999996,-9.799999999999997,-17.147499999999994,7.347499999999997,-4.2042,2.2104999999999997,2.210499999999998,-5
2005,UTEP,Utah,11,6,54,60,0,113.304,101.548,65.9661,11.7556,11.756,113.641,93.4851,59.0106,20.1555,20.155900000000003,-12.093000000000004,-19.8189,7.725899999999996,6.955500000000001,-8.3999,-8.399900000000002,5
2005,Chattanooga,Wake Forest,15,2,54,70,0,99.1811,99.6517,67.6872,-0.470586,-0.4706000000000045,125.004,99.1181,68.7048,25.8856,25.885900000000007,-25.3523,-0.06300000000000239,-25.289299999999997,-1.0176000000000016,-26.356186,-26.35650000000001,13
2005,Montana,Washington,16,1,77,88,0,99.6469,102.655,68.1769,-3.00797,-3.008099999999999,119.924,97.2424,71.8909,22.6814,22.681600000000003,-17.269000000000005,-2.4044999999999987,-14.864500000000007,-3.7139999999999986,-25.68937,-25.689700000000002,15
2005,Creighton,West Virginia,10,7,61,63,0,114.766,100.33,63.1919,14.4361,14.436000000000009,112.738,98.8811,63.8385,13.8568,13.856899999999996,-12.408000000000001,-15.884900000000002,3.4769000000000005,-0.6466000000000065,0.5792999999999999,0.5791000000000128,3
2005,Kansas,Bucknell,3,14,63,64,0,116.112,92.1767,66.4302,23.935,23.9353,101.077,95.2281,63.3119,5.8484,5.8489,-8.900300000000001,-20.883899999999997,11.983599999999996,3.118299999999998,18.086599999999997,18.0864,-11
2005,UCF,Connecticut,15,2,71,77,0,104.404,107.744,59.9809,-3.33956,-3.3400000000000034,112.503,89.7487,70.6715,22.7543,22.7543,-4.759,-14.655299999999997,9.896299999999997,-10.690599999999996,-26.09386,-26.094300000000004,13
2005,Delaware St.,Duke,16,1,46,57,0,102.377,107.716,59.5674,-5.33826,-5.338999999999999,117.435,88.7397,68.6081,28.6957,28.695300000000003,-9.719000000000008,-13.637299999999996,3.918299999999988,-9.040699999999994,-34.03396,-34.0343,15
2005,Ohio,Florida,13,4,62,67,0,109.952,101.921,65.7035,8.03021,8.030999999999992,117.796,92.9202,64.8327,24.8756,24.87580000000001,-15.875,-17.031800000000004,1.156800000000004,0.8708000000000027,-16.84539,-16.844800000000017,9
2005,George Washington,Georgia Tech,12,5,68,80,0,110.008,95.3032,70.7679,14.7044,14.704799999999992,109.089,88.7409,69.1369,20.3479,20.3481,-13.785799999999995,-21.2671,7.4813000000000045,1.6310000000000002,-5.6434999999999995,-5.643300000000007,7
2005,Minnesota,Iowa St.,8,9,53,64,0,104.448,89.3931,67.5591,15.0549,15.05489999999999,103.174,90.1667,66.7132,13.0077,13.0073,-13.780900000000003,-14.281299999999987,0.5003999999999849,0.8459000000000003,2.0472,2.0475999999999885,-1
2005,Old Dominion,Michigan St.,12,5,81,89,0,104.244,94.2423,65.9978,10.002,10.0017,119.608,93.9891,65.7071,25.6192,25.61890000000001,-25.365700000000004,-10.254900000000006,-15.110799999999998,0.29070000000000107,-15.617199999999999,-15.617200000000011,7
2005,Stanford,Mississippi St.,8,9,70,93,0,106.525,94.6177,67.2084,11.907,11.907300000000006,108.143,93.6936,68.5911,14.4497,14.449399999999995,-13.525300000000001,-12.831400000000002,-0.6938999999999993,-1.3826999999999998,-2.5427,-2.542099999999989,-1
2005,Oakland,North Carolina,16,1,68,96,0,107.721,108.701,65.4975,-0.980674,-0.9799999999999898,121.055,89.0521,73.6909,32.0028,32.00290000000001,-12.354000000000013,-18.668900000000008,6.314899999999994,-8.193399999999997,-32.983474,-32.9829,15
2005,Southeastern Louisiana,Oklahoma St.,15,2,50,63,0,97.2565,94.1034,60.1166,3.15302,3.153100000000009,120.257,94.5142,66.4584,25.7432,25.742800000000003,-26.15360000000001,-2.7423,-23.41130000000001,-6.341799999999999,-22.59018,-22.589699999999993,13
2005,St. Mary's,Southern Illinois,10,7,56,65,0,107.381,97.5636,64.742,9.81777,9.817400000000006,108.872,92.3233,63.1371,16.5489,16.548699999999997,-11.308400000000006,-15.057699999999997,3.749299999999991,1.6049000000000078,-6.73113,-6.73129999999999,3
2005,Syracuse,Vermont,4,13,57,60,0,116.816,95.4331,66.0762,21.3833,21.382900000000006,112.615,98.97,64.9605,13.6451,13.644999999999996,-17.1819,-17.846000000000004,0.6641000000000048,1.115700000000004,7.738199999999999,7.73790000000001,-9
2005,New Mexico,Villanova,12,5,47,55,0,114.069,98.4124,65.5042,15.6566,15.656599999999996,115.814,92.0012,67.2118,23.8126,23.8128,-17.401599999999988,-22.067800000000005,4.666200000000018,-1.7075999999999993,-8.156,-8.156200000000004,7
2005,Northern Iowa,Wisconsin,11,6,52,57,0,112.535,99.1544,64.7766,13.3809,13.3806,111.095,90.7501,62.9376,20.345,20.3449,-11.940600000000003,-21.784899999999993,9.84429999999999,1.8389999999999986,-6.964099999999998,-6.9643,5
2005,UAB,Arizona,11,3,63,85,0,110.113,97.7445,70.5468,12.3689,12.368499999999996,115.596,94.9498,68.981,20.6464,20.646200000000007,-17.8515,-15.163200000000003,-2.688299999999998,1.56580000000001,-8.2775,-8.277700000000012,8
2005,Nevada,Illinois,9,1,59,71,0,104.061,92.4275,65.796,11.6337,11.633500000000012,122.18,88.8696,64.8528,33.3107,33.3104,-29.752500000000012,-15.191400000000002,-14.56110000000001,0.9432000000000045,-21.677,-21.67689999999999,8
2005,Cincinnati,Kentucky,7,2,60,69,0,112.199,92.0126,68.4596,20.1864,20.186399999999992,112.199,88.253,67.1865,23.9456,23.946,-20.186399999999992,-23.945999999999998,3.759600000000006,1.2730999999999995,-3.7592,-3.7596000000000096,5
2005,Gonzaga,Texas Tech,3,6,69,71,0,120.006,101.569,67.1057,18.4368,18.437,110.917,95.271,69.462,15.6457,15.646,-9.347999999999999,-24.735,15.387,-2.3563000000000045,2.791100000000002,2.7910000000000004,-3
2005,Oklahoma,Utah,3,6,58,67,0,115.786,92.1522,64.7668,23.6343,23.633800000000008,113.641,93.4851,59.0106,20.1555,20.155900000000003,-21.488800000000012,-22.3009,0.8120999999999867,5.756200000000007,3.4787999999999997,3.4779000000000053,-3
2005,Pacific,Washington,8,1,79,97,0,113.489,99.2906,63.6235,14.1981,14.198400000000008,119.924,97.2424,71.8909,22.6814,22.681600000000003,-20.63340000000001,-16.2466,-4.386800000000008,-8.267400000000002,-8.4833,-8.483199999999995,7
2005,Wake Forest,West Virginia,2,7,105,111,0,125.004,99.1181,68.7048,25.8856,25.885900000000007,112.738,98.8811,63.8385,13.8568,13.856899999999996,-13.619900000000001,-26.1229,12.503,4.8663000000000025,12.0288,12.02900000000001,-5
2005,Mississippi St.,Duke,9,1,55,63,0,108.143,93.6936,68.5911,14.4497,14.449399999999995,117.435,88.7397,68.6081,28.6957,28.695300000000003,-23.7414,-19.4033,-4.338099999999997,-0.016999999999995907,-14.245999999999999,-14.245900000000008,8
2005,Georgia Tech,Louisville,5,4,54,76,0,109.089,88.7409,69.1369,20.3479,20.3481,116.489,91.7883,67.4861,24.7011,24.7007,-27.748100000000008,-17.300699999999992,-10.447400000000016,1.6508000000000038,-4.353200000000001,-4.3526000000000025,1
2005,Vermont,Michigan St.,13,5,61,72,0,112.615,98.97,64.9605,13.6451,13.644999999999996,119.608,93.9891,65.7071,25.6192,25.61890000000001,-20.638000000000005,-18.6259,-2.0121000000000038,-0.7466000000000008,-11.9741,-11.973900000000015,8
2005,Iowa St.,North Carolina,9,1,65,92,0,103.174,90.1667,66.7132,13.0077,13.0073,121.055,89.0521,73.6909,32.0028,32.00290000000001,-30.8883,-14.12190000000001,-16.76639999999999,-6.977699999999999,-18.9951,-18.99560000000001,8
2005,Southern Illinois,Oklahoma St.,7,2,77,85,0,108.872,92.3233,63.1371,16.5489,16.548699999999997,120.257,94.5142,66.4584,25.7432,25.742800000000003,-27.9337,-14.357799999999997,-13.575900000000004,-3.321300000000001,-9.194300000000002,-9.194100000000006,5
2005,Florida,Villanova,4,5,65,76,0,117.796,92.9202,64.8327,24.8756,24.87580000000001,115.814,92.0012,67.2118,23.8126,23.8128,-22.8938,-25.79480000000001,2.9010000000000105,-2.379099999999994,1.0629999999999988,1.0630000000000095,-1
2005,Bucknell,Wisconsin,14,6,62,71,0,101.077,95.2281,63.3119,5.8484,5.8489,111.095,90.7501,62.9376,20.345,20.3449,-15.866900000000001,-10.326899999999995,-5.540000000000006,0.3742999999999981,-14.496599999999999,-14.495999999999999,8
2005,Oklahoma St.,Arizona,2,3,78,79,0,120.257,94.5142,66.4584,25.7432,25.742800000000003,115.596,94.9498,68.981,20.6464,20.646200000000007,-21.0818,-25.30720000000001,4.225400000000008,-2.522599999999997,5.096800000000002,5.096599999999995,-1
2005,Washington,Louisville,1,4,79,93,0,119.924,97.2424,71.8909,22.6814,22.681600000000003,116.489,91.7883,67.4861,24.7011,24.7007,-19.2466,-28.1357,8.8891,4.404800000000009,-2.0197000000000003,-2.019099999999998,-3
2005,Texas Tech,West Virginia,6,7,60,65,0,110.917,95.271,69.462,15.6457,15.646,112.738,98.8811,63.8385,13.8568,13.856899999999996,-17.467,-12.035899999999998,-5.431100000000001,5.6235,1.7889,1.7891000000000048,-1
2005,Utah,Kentucky,6,2,52,62,0,113.641,93.4851,59.0106,20.1555,20.155900000000003,112.199,88.253,67.1865,23.9456,23.946,-18.713899999999995,-25.388000000000005,6.67410000000001,-8.175899999999999,-3.790099999999999,-3.790099999999999,4
2005,Duke,Michigan St.,1,5,68,78,0,117.435,88.7397,68.6081,28.6957,28.695300000000003,119.608,93.9891,65.7071,25.6192,25.61890000000001,-30.868300000000005,-23.44590000000001,-7.422399999999996,2.9009999999999962,3.0764999999999993,3.0763999999999925,-4
2005,Villanova,North Carolina,5,1,66,67,0,115.814,92.0012,67.2118,23.8126,23.8128,121.055,89.0521,73.6909,32.0028,32.00290000000001,-29.05380000000001,-26.761899999999997,-2.2919000000000125,-6.4791000000000025,-8.1902,-8.190100000000012,4
2005,Arizona,Illinois,3,1,89,90,0,115.596,94.9498,68.981,20.6464,20.646200000000007,122.18,88.8696,64.8528,33.3107,33.3104,-27.23020000000001,-26.726399999999998,-0.5038000000000125,4.1281999999999925,-12.664299999999997,-12.664199999999994,2
2005,West Virginia,Louisville,7,4,85,93,0,112.738,98.8811,63.8385,13.8568,13.856899999999996,116.489,91.7883,67.4861,24.7011,24.7007,-17.6079,-20.949699999999993,3.341799999999992,-3.64759999999999,-10.8443,-10.843800000000005,3
2005,Kentucky,Michigan St.,2,5,88,94,0,112.199,88.253,67.1865,23.9456,23.946,119.608,93.9891,65.7071,25.6192,25.61890000000001,-31.355000000000004,-18.209900000000005,-13.1451,1.4793999999999983,-1.6736000000000004,-1.6729000000000092,-3
2005,Wisconsin,North Carolina,6,1,82,88,0,111.095,90.7501,62.9376,20.345,20.3449,121.055,89.0521,73.6909,32.0028,32.00290000000001,-30.304900000000004,-22.042900000000003,-8.262,-10.753299999999996,-11.657800000000002,-11.658000000000012,5
2005,Louisville,Illinois,4,1,57,72,0,116.489,91.7883,67.4861,24.7011,24.7007,122.18,88.8696,64.8528,33.3107,33.3104,-30.3917,-27.6194,-2.7723000000000013,2.6332999999999913,-8.609599999999997,-8.6097,3
2005,Michigan St.,North Carolina,5,1,71,87,0,119.608,93.9891,65.7071,25.6192,25.61890000000001,121.055,89.0521,73.6909,32.0028,32.00290000000001,-27.065900000000013,-30.55590000000001,3.489999999999995,-7.983800000000002,-6.383600000000001,-6.384,4
2005,Illinois,North Carolina,1,1,70,75,0,122.18,88.8696,64.8528,33.3107,33.3104,121.055,89.0521,73.6909,32.0028,32.00290000000001,-32.1854,-33.12790000000001,0.9425000000000097,-8.838099999999997,1.3078999999999965,1.3074999999999903,0
2006,Hampton,Monmouth,16,16,49,71,0,92.2737,102.047,68.0614,-9.77332,-9.773299999999992,95.639,97.5258,64.2233,-1.88684,-1.886800000000008,6.408000000000001,5.252099999999999,1.1559000000000026,3.8381000000000114,-7.88648,-7.886499999999984,0
2006,Marquette,Alabama,7,10,85,90,0,111.896,96.3234,67.6202,15.573,15.572599999999994,110.562,99.5129,63.0621,11.0491,11.049099999999996,-14.238599999999991,-12.383099999999999,-1.8554999999999922,4.558099999999996,4.523900000000001,4.5234999999999985,-3
2006,Pacific,Boston College,13,4,76,88,0,109.809,98.4624,62.4608,11.3464,11.346599999999995,118.48,100.286,61.3466,18.1943,18.194000000000003,-20.0176,-9.522999999999996,-10.494600000000005,1.1141999999999967,-6.847899999999999,-6.8474000000000075,9
2006,Southern,Duke,16,1,54,70,0,96.2068,99.848,64.5164,-3.64127,-3.6411999999999978,121.189,92.6239,69.6792,28.5656,28.565099999999987,-21.340999999999994,-3.582899999999995,-17.7581,-5.16279999999999,-32.20687,-32.206299999999985,15
2006,South Alabama,Florida,14,3,50,76,0,109.629,99.6493,65.275,9.98002,9.979700000000008,116.023,92.1054,66.9181,23.9172,23.917599999999997,-16.3737,-17.523600000000002,1.1499000000000024,-1.6430999999999898,-13.937180000000001,-13.937899999999988,11
2006,UNC Wilmington,George Washington,9,8,85,88,0,105.965,91.2105,62.4796,14.7547,14.754500000000007,109.578,94.6878,71.3753,14.89,14.890200000000007,-18.367500000000007,-11.277200000000008,-7.090299999999999,-8.895699999999998,-0.13530000000000086,-0.13569999999999993,1
2006,Xavier,Gonzaga,14,3,75,79,0,110.467,97.4771,65.1414,12.9902,12.989900000000006,117.976,103.276,65.6245,14.6999,14.700000000000005,-20.498900000000006,-7.1910000000000025,-13.307900000000004,-0.4830999999999932,-1.7096999999999998,-1.7100999999999988,11
2006,Air Force,Illinois,13,4,69,78,0,112.446,97.1596,53.9138,15.2867,15.2864,114.309,90.5453,61.3569,23.7637,23.7637,-17.1494,-21.9007,4.7513000000000005,-7.443100000000001,-8.477,-8.4773,9
2006,San Diego St.,Indiana,11,6,83,87,0,111.97,98.9596,65.6456,13.0107,13.010400000000004,109.123,92.5182,65.9344,16.6049,16.60480000000001,-10.16340000000001,-19.451800000000006,9.288399999999996,-0.28879999999999484,-3.5942000000000007,-3.5944000000000074,5
2006,Iona,LSU,13,4,64,80,0,109.77,98.2748,69.0528,11.4947,11.495199999999995,111.476,91.2092,67.0837,20.2666,20.266800000000003,-13.2012,-18.5608,5.3596,1.9691000000000116,-8.7719,-8.771600000000008,9
2006,Nevada,Montana,5,12,79,87,0,109.514,93.2299,65.4263,16.2837,16.284099999999995,111.157,102.341,65.7503,8.81599,8.816000000000003,-17.927099999999996,-7.173000000000002,-10.754099999999994,-0.32399999999999807,7.46771,7.468099999999993,-7
2006,Winthrop,Tennessee,15,2,61,63,0,104.292,94.6273,63.8967,9.66427,9.664699999999996,116.081,96.9371,71.1471,19.1437,19.1439,-21.453699999999998,-7.354900000000001,-14.098799999999997,-7.250399999999992,-9.479429999999999,-9.479200000000002,13
2006,Syracuse,Texas A&M,5,12,58,66,0,109.973,96.6599,68.1385,13.3126,13.313100000000006,106.596,90.7951,62.8202,15.8005,15.8009,-9.93610000000001,-19.177899999999994,9.241799999999984,5.318299999999994,-2.4879,-2.4877999999999947,-7
2006,Belmont,UCLA,15,2,44,78,0,107.963,107.635,68.5983,0.328042,0.3279999999999887,113.948,91.7094,61.1732,22.2382,22.23859999999999,-6.312999999999988,-16.25359999999999,9.940600000000003,7.425099999999993,-21.910158,-21.910600000000002,13
2006,Utah St.,Washington,12,5,61,75,0,113.98,102.232,60.7302,11.7478,11.748000000000005,114.83,96.082,70.9977,18.7484,18.748000000000005,-12.597999999999999,-17.89800000000001,5.300000000000011,-10.267499999999991,-7.0006,-7.0,7
2006,Seton Hall,Wichita St.,10,7,66,86,0,106.434,96.6752,65.0036,9.75889,9.758799999999994,111.041,95.5888,61.8931,15.4525,15.45219999999999,-14.365799999999993,-10.845199999999991,-3.5206000000000017,3.110500000000009,-5.693610000000001,-5.693399999999997,3
2006,Wisconsin,Arizona,9,8,75,94,0,111.45,94.9667,64.7149,16.4836,16.4833,109.387,93.6111,67.3457,15.7758,15.775900000000007,-14.420299999999997,-17.83890000000001,3.418600000000012,-2.6307999999999936,0.7077999999999989,0.7073999999999927,1
2006,Kansas,Bradley,4,13,73,77,0,110.301,86.1782,67.4558,24.1225,24.1228,106.52,90.1637,69.0639,16.3566,16.35629999999999,-20.341799999999992,-20.137299999999996,-0.2044999999999959,-1.6081000000000074,7.7658999999999985,7.766500000000011,-9
2006,Arkansas,Bucknell,8,9,55,59,0,111.988,93.8808,65.6813,18.107,18.10720000000001,105.571,92.9644,61.6852,12.6066,12.6066,-11.690200000000004,-19.023600000000002,7.3333999999999975,3.9960999999999913,5.500399999999999,5.500600000000009,-1
2006,Albany,Connecticut,16,1,59,72,0,105.901,103.517,63.6591,2.38435,2.3840000000000003,116.671,90.7579,68.0475,25.9129,25.9131,-13.15400000000001,-15.14309999999999,1.9890999999999792,-4.388399999999997,-23.52855,-23.5291,15
2006,Michigan St.,George Mason,6,11,65,75,0,116.81,99.7762,63.6938,17.0338,17.0338,108.235,91.7303,62.191,16.5044,16.5047,-8.458799999999997,-25.079700000000003,16.620900000000006,1.5028000000000006,0.529399999999999,0.5290999999999997,-5
2006,Northern Iowa,Georgetown,10,7,49,54,0,109.202,92.8333,59.0981,16.3692,16.368700000000004,116.423,96.6387,57.5286,19.7838,19.7843,-23.589700000000008,-12.563299999999998,-11.02640000000001,1.569500000000005,-3.4146,-3.4155999999999977,3
2006,UAB,Kentucky,9,8,64,69,0,108.932,96.3991,68.322,12.5331,12.532899999999998,113.522,97.5788,63.6485,15.943,15.943200000000004,-17.1229,-11.353200000000001,-5.7697,4.673500000000004,-3.4099000000000004,-3.4103000000000065,1
2006,Oral Roberts,Memphis,16,1,78,94,0,106.189,100.139,66.538,6.0496,6.049999999999997,112.334,90.0369,71.0562,22.2972,22.2971,-12.195000000000007,-16.15209999999999,3.9570999999999827,-4.518200000000007,-16.2476,-16.247100000000003,15
2006,Murray St.,North Carolina,14,3,65,69,0,104.196,95.9061,62.8848,8.28998,8.289900000000003,116.376,93.1032,69.944,23.2731,23.272800000000004,-20.46990000000001,-11.092799999999997,-9.377100000000013,-7.059200000000004,-14.98312,-14.9829,11
2006,Iowa,Northwestern St.,3,14,63,64,0,104.054,84.7443,64.5806,19.3097,19.309700000000007,106.895,99.6838,67.2275,7.21097,7.211199999999991,-22.1507,-4.370199999999997,-17.780500000000004,-2.6469000000000023,12.09873,12.098500000000016,-11
2006,Davidson,Ohio St.,15,2,62,70,0,110.122,105.288,65.5271,4.83337,4.834000000000003,114.312,91.568,64.7814,22.7439,22.744,-9.024000000000001,-18.554000000000002,9.530000000000001,0.7456999999999994,-17.91053,-17.909999999999997,13
2006,Penn,Texas,15,2,52,60,0,101.536,94.3154,64.1402,7.22088,7.220600000000005,118.329,91.9877,63.5205,26.3414,26.34129999999999,-24.013599999999997,-9.548299999999998,-14.4653,0.6196999999999946,-19.12052,-19.120699999999985,13
2006,Monmouth,Villanova,16,1,45,58,0,95.639,97.5258,64.2233,-1.88684,-1.886800000000008,117.412,91.5788,65.8533,25.8328,25.833200000000005,-19.886200000000002,-4.060199999999995,-15.826000000000008,-1.6300000000000097,-27.71964,-27.720000000000013,15
2006,Southern Illinois,West Virginia,11,6,46,64,0,103.568,88.8149,60.1962,14.7533,14.753100000000003,115.841,97.8497,61.7855,17.9911,17.991299999999995,-27.0261,-5.718299999999999,-21.3078,-1.5893000000000015,-3.2378,-3.238199999999992,5
2006,Montana,Boston College,12,4,56,69,0,111.157,102.341,65.7503,8.81599,8.816000000000003,118.48,100.286,61.3466,18.1943,18.194000000000003,-16.13900000000001,-10.870999999999995,-5.268000000000015,4.4036999999999935,-9.378309999999999,-9.378,8
2006,George Washington,Duke,8,1,61,74,0,109.578,94.6878,71.3753,14.89,14.890200000000007,121.189,92.6239,69.6792,28.5656,28.565099999999987,-26.501199999999997,-16.954099999999997,-9.5471,1.6961000000000013,-13.6756,-13.67489999999998,7
2006,Indiana,Gonzaga,6,3,80,90,0,109.123,92.5182,65.9344,16.6049,16.60480000000001,117.976,103.276,65.6245,14.6999,14.700000000000005,-25.457800000000006,-5.847000000000008,-19.610799999999998,0.30989999999999895,1.9050000000000011,1.904800000000007,3
2006,Texas A&M,LSU,12,4,57,58,0,106.596,90.7951,62.8202,15.8005,15.8009,111.476,91.2092,67.0837,20.2666,20.266800000000003,-20.680899999999994,-15.386800000000008,-5.294099999999986,-4.263499999999993,-4.466100000000001,-4.465900000000003,8
2006,Alabama,UCLA,10,2,59,62,0,110.562,99.5129,63.0621,11.0491,11.049099999999996,113.948,91.7094,61.1732,22.2382,22.23859999999999,-14.435099999999991,-18.852599999999995,4.417500000000004,1.8888999999999996,-11.1891,-11.189499999999995,8
2006,Illinois,Washington,4,5,64,67,0,114.309,90.5453,61.3569,23.7637,23.7637,114.83,96.082,70.9977,18.7484,18.748000000000005,-24.2847,-18.227000000000004,-6.057699999999997,-9.640799999999992,5.0153,5.015699999999995,-1
2006,Tennessee,Wichita St.,2,7,73,80,0,116.081,96.9371,71.1471,19.1437,19.1439,111.041,95.5888,61.8931,15.4525,15.45219999999999,-14.103899999999996,-20.492199999999997,6.388300000000001,9.253999999999998,3.6911999999999985,3.691700000000008,-5
2006,Pittsburgh,Bradley,5,13,66,72,0,111.569,90.0027,64.3893,21.5662,21.5663,106.52,90.1637,69.0639,16.3566,16.35629999999999,-16.51729999999999,-21.405299999999997,4.888000000000005,-4.674599999999998,5.209599999999998,5.210000000000008,-8
2006,Kentucky,Connecticut,8,1,83,87,0,113.522,97.5788,63.6485,15.943,15.943200000000004,116.671,90.7579,68.0475,25.9129,25.9131,-19.092200000000005,-22.7641,3.6718999999999937,-4.399000000000001,-9.9699,-9.969899999999996,7
2006,North Carolina,George Mason,3,11,60,65,0,116.376,93.1032,69.944,23.2731,23.272800000000004,108.235,91.7303,62.191,16.5044,16.5047,-15.131799999999998,-24.645700000000005,9.513900000000007,7.753,6.768699999999999,6.768100000000004,-8
2006,Ohio St.,Georgetown,2,7,52,70,0,114.312,91.568,64.7814,22.7439,22.744,116.423,96.6387,57.5286,19.7838,19.7843,-24.855000000000004,-17.673299999999998,-7.181700000000006,7.252800000000008,2.9601000000000006,2.959699999999998,-5
2006,Bucknell,Memphis,9,1,56,72,0,105.571,92.9644,61.6852,12.6066,12.6066,112.334,90.0369,71.0562,22.2972,22.2971,-19.369600000000005,-15.534099999999995,-3.8355000000000103,-9.371000000000002,-9.6906,-9.6905,8
2006,Arizona,Villanova,8,1,78,82,0,109.387,93.6111,67.3457,15.7758,15.775900000000007,117.412,91.5788,65.8533,25.8328,25.833200000000005,-23.800900000000013,-17.8082,-5.9927000000000135,1.4923999999999893,-10.056999999999999,-10.057299999999998,7
2006,Northwestern St.,West Virginia,14,6,54,67,0,106.895,99.6838,67.2275,7.21097,7.211199999999991,115.841,97.8497,61.7855,17.9911,17.991299999999995,-16.15719999999999,-9.045299999999997,-7.1118999999999915,5.442000000000007,-10.78013,-10.780100000000004,8
2006,Duke,LSU,1,4,54,62,0,121.189,92.6239,69.6792,28.5656,28.565099999999987,111.476,91.2092,67.0837,20.2666,20.266800000000003,-18.852099999999993,-29.979799999999997,11.127700000000004,2.5955000000000013,8.299,8.298299999999983,-3
2006,Bradley,Memphis,13,1,64,80,0,106.52,90.1637,69.0639,16.3566,16.35629999999999,112.334,90.0369,71.0562,22.2972,22.2971,-22.170299999999997,-16.483099999999993,-5.687200000000004,-1.9923000000000002,-5.9406,-5.94080000000001,12
2006,West Virginia,Texas,6,2,71,74,0,115.841,97.8497,61.7855,17.9911,17.991299999999995,118.329,91.9877,63.5205,26.3414,26.34129999999999,-20.479299999999995,-23.85329999999999,3.3739999999999952,-1.7349999999999994,-8.3503,-8.349999999999994,4
2006,Gonzaga,UCLA,3,2,71,73,0,117.976,103.276,65.6245,14.6999,14.700000000000005,113.948,91.7094,61.1732,22.2382,22.23859999999999,-10.671999999999997,-26.266599999999997,15.5946,4.451299999999996,-7.5383,-7.538599999999986,1
2006,Washington,Connecticut,5,1,92,98,0,114.83,96.082,70.9977,18.7484,18.748000000000005,116.671,90.7579,68.0475,25.9129,25.9131,-20.589000000000013,-24.072099999999992,3.483099999999979,2.9501999999999953,-7.1645,-7.165099999999995,4
2006,Georgetown,Florida,7,3,53,57,0,116.423,96.6387,57.5286,19.7838,19.7843,116.023,92.1054,66.9181,23.9172,23.917599999999997,-19.384299999999996,-24.3176,4.933300000000003,-9.389499999999998,-4.133400000000002,-4.133299999999995,4
2006,Wichita St.,George Mason,7,11,55,63,0,111.041,95.5888,61.8931,15.4525,15.45219999999999,108.235,91.7303,62.191,16.5044,16.5047,-12.646199999999993,-19.310699999999997,6.664500000000004,-0.2979000000000056,-1.0518999999999998,-1.052500000000009,-4
2006,Boston College,Villanova,4,1,59,60,0,118.48,100.286,61.3466,18.1943,18.194000000000003,117.412,91.5788,65.8533,25.8328,25.833200000000005,-17.126000000000005,-26.901200000000003,9.775199999999998,-4.506700000000002,-7.6385000000000005,-7.639200000000002,3
2006,Texas,LSU,2,4,60,70,0,118.329,91.9877,63.5205,26.3414,26.34129999999999,111.476,91.2092,67.0837,20.2666,20.266800000000003,-19.488299999999995,-27.119799999999998,7.631500000000003,-3.563199999999995,6.0748,6.074499999999986,-2
2006,Memphis,UCLA,1,2,45,50,0,112.334,90.0369,71.0562,22.2972,22.2971,113.948,91.7094,61.1732,22.2382,22.23859999999999,-23.91109999999999,-20.6246,-3.2864999999999895,9.883000000000003,0.05900000000000105,0.05850000000000932,-1
2006,Villanova,Florida,1,3,62,75,0,117.412,91.5788,65.8533,25.8328,25.833200000000005,116.023,92.1054,66.9181,23.9172,23.917599999999997,-24.444199999999995,-25.306600000000003,0.862400000000008,-1.064799999999991,1.9155999999999977,1.9156000000000084,-2
2006,Connecticut,George Mason,1,11,84,86,0,116.671,90.7579,68.0475,25.9129,25.9131,108.235,91.7303,62.191,16.5044,16.5047,-17.477099999999993,-24.940700000000007,7.463600000000014,5.856499999999997,9.4085,9.4084,-10
2006,George Mason,Florida,11,3,58,73,0,108.235,91.7303,62.191,16.5044,16.5047,116.023,92.1054,66.9181,23.9172,23.917599999999997,-24.292699999999996,-16.129599999999996,-8.1631,-4.727099999999993,-7.412800000000001,-7.412899999999997,8
2006,LSU,UCLA,4,2,45,59,0,111.476,91.2092,67.0837,20.2666,20.266800000000003,113.948,91.7094,61.1732,22.2382,22.23859999999999,-22.738799999999998,-19.766599999999997,-2.972200000000001,5.910499999999992,-1.9715999999999987,-1.9717999999999876,2
2006,UCLA,Florida,2,3,57,73,0,113.948,91.7094,61.1732,22.2382,22.23859999999999,116.023,92.1054,66.9181,23.9172,23.917599999999997,-24.313599999999994,-21.84259999999999,-2.4710000000000036,-5.744899999999994,-1.679000000000002,-1.6790000000000056,-1
2007,Florida A&M,Niagara,16,16,69,77,0,100.826,110.11,67.1306,-9.28363,-9.284000000000006,107.414,110.105,67.5343,-2.69168,-2.6910000000000025,2.695999999999998,9.27900000000001,-6.583000000000013,-0.4037000000000006,-6.591950000000001,-6.5930000000000035,0
2007,Texas Tech,Boston College,10,7,75,84,0,111.978,100.346,64.2774,11.6325,11.63199999999999,117.0,101.094,63.8331,15.9057,15.906000000000006,-16.653999999999996,-10.884,-5.769999999999996,0.44429999999999836,-4.273199999999999,-4.274000000000015,3
2007,Old Dominion,Butler,12,5,46,57,0,109.203,95.9276,65.4798,13.2754,13.275400000000005,118.052,97.0797,58.1217,20.9727,20.972300000000004,-22.12440000000001,-12.1233,-10.001100000000008,7.3581,-7.6973,-7.696899999999999,7
2007,Belmont,Georgetown,15,2,55,80,0,106.429,101.758,65.4936,4.67153,4.671000000000007,121.238,93.1473,59.1413,28.0911,28.0907,-19.480000000000004,-13.2817,-6.198300000000003,6.3523,-23.41957,-23.41969999999999,13
2007,Gonzaga,Indiana,10,7,57,70,0,116.012,100.227,66.5965,15.7845,15.784999999999997,116.372,95.3063,64.4417,21.0657,21.065700000000007,-16.144999999999996,-20.705700000000007,4.560700000000011,2.1548000000000087,-5.2812,-5.28070000000001,3
2007,Stanford,Louisville,11,6,58,78,0,109.515,97.1603,65.2687,12.3543,12.354699999999994,112.8,93.3409,63.5029,19.4594,19.459099999999992,-15.63969999999999,-16.174099999999996,0.5344000000000051,1.7657999999999987,-7.105099999999998,-7.104399999999998,5
2007,Davidson,Maryland,13,4,70,82,0,112.107,98.4988,71.316,13.6084,13.608199999999997,112.483,90.1675,71.105,22.3158,22.3155,-13.984200000000001,-21.939499999999995,7.955299999999994,0.21099999999999852,-8.7074,-8.707300000000004,9
2007,Marquette,Michigan St.,8,9,49,61,0,112.208,94.3579,67.4391,17.8501,17.850099999999998,112.195,91.4261,60.1869,20.769,20.768899999999988,-17.837099999999992,-20.781899999999993,2.9448000000000008,7.252199999999995,-2.918899999999997,-2.9187999999999903,-1
2007,Eastern Kentucky,North Carolina,16,1,65,86,0,102.437,105.239,60.6506,-2.80238,-2.8020000000000067,120.45,88.7132,71.8899,31.7371,31.7368,-15.210999999999999,-13.723799999999997,-1.4872000000000014,-11.2393,-34.539480000000005,-34.53880000000001,15
2007,Central Connecticut,Ohio St.,16,1,57,78,0,104.052,106.074,62.8352,-2.02233,-2.021999999999992,119.341,90.4737,64.2281,28.8677,28.8673,-13.266999999999996,-13.578300000000013,0.311300000000017,-1.3928999999999974,-30.89003,-30.88929999999999,15
2007,Wright St.,Pittsburgh,14,3,58,79,0,104.652,97.6213,62.093,7.03058,7.030699999999996,118.425,95.5748,61.3083,22.8504,22.8502,-20.803699999999992,-9.077200000000005,-11.726499999999987,0.7847000000000008,-15.81982,-15.819500000000005,11
2007,Penn,Texas A&M,14,3,52,68,0,110.281,102.103,67.5944,8.17781,8.178000000000011,119.182,91.8518,63.6458,27.3305,27.330200000000005,-17.079000000000008,-18.42920000000001,1.350200000000001,3.948599999999992,-19.15269,-19.152199999999993,11
2007,Weber St.,UCLA,15,2,42,70,0,102.37,104.672,64.785,-2.30205,-2.3019999999999925,116.164,90.9188,63.0382,25.2454,25.2452,-11.492000000000004,-11.4512,-0.04080000000000439,1.7467999999999932,-27.54745,-27.547199999999993,13
2007,Duke,VCU,6,11,77,79,0,112.973,89.3301,63.6919,23.6432,23.6429,116.022,101.653,64.6616,14.3693,14.369,-26.691900000000004,-11.319999999999993,-15.37190000000001,-0.9697000000000102,9.2739,9.273900000000001,-5
2007,George Washington,Vanderbilt,11,6,44,77,0,106.11,97.4405,66.4415,8.66941,8.6695,114.982,101.303,66.2076,13.6783,13.679000000000002,-17.5415,-4.807000000000002,-12.734499999999997,0.23390000000000555,-5.008890000000001,-5.009500000000003,5
2007,Oral Roberts,Washington St.,14,3,54,70,0,107.181,98.146,66.0598,9.03458,9.034999999999997,111.012,93.1182,59.623,17.8933,17.8938,-12.866,-14.062799999999996,1.196799999999996,6.436799999999998,-8.85872,-8.858800000000002,11
2007,BYU,Xavier,8,9,77,79,0,116.124,100.375,67.1913,15.7494,15.748999999999995,117.35,99.0491,65.7488,18.3007,18.3009,-16.974999999999994,-17.0749,0.0999000000000052,1.4424999999999955,-2.5512999999999995,-2.5519000000000034,-1
2007,Jackson St.,Florida,16,1,69,112,0,100.077,109.396,69.1948,-9.31953,-9.319000000000004,120.927,92.0656,64.9276,28.8619,28.861400000000003,-11.531000000000006,-8.011399999999995,-3.519600000000011,4.2672000000000025,-38.18143,-38.180400000000006,15
2007,Niagara,Kansas,16,1,67,107,0,107.414,110.105,67.5343,-2.69168,-2.6910000000000025,115.098,86.837,68.0793,28.2605,28.261,-4.992999999999995,-20.576999999999998,15.584000000000003,-0.5450000000000017,-30.95218,-30.952,15
2007,Villanova,Kentucky,9,8,58,67,0,113.578,92.8864,65.5366,20.6914,20.691600000000008,115.724,94.7893,65.7553,20.9347,20.934700000000007,-22.83760000000001,-18.788700000000006,-4.048900000000003,-0.21869999999999834,-0.24329999999999785,-0.24309999999999832,1
2007,North Texas,Memphis,15,2,58,73,0,102.971,104.218,68.6774,-1.24693,-1.247,115.184,90.3103,68.0416,24.8739,24.8737,-10.965999999999994,-12.660700000000006,1.6947000000000116,0.6358000000000033,-26.120829999999998,-26.1207,13
2007,Creighton,Nevada,10,7,71,77,0,114.267,95.1571,62.2034,19.1102,19.1099,117.804,101.581,65.7055,16.2229,16.223,-22.646900000000002,-12.685999999999993,-9.96090000000001,-3.5020999999999987,2.8872999999999998,2.8869000000000007,3
2007,Miami OH,Oregon,14,3,56,58,0,105.408,97.2962,57.8835,8.11199,8.111800000000002,117.207,97.4793,65.5537,19.7274,19.7277,-19.910799999999995,-7.928700000000006,-11.982099999999988,-7.670200000000008,-11.615409999999999,-11.615899999999996,11
2007,Arizona,Purdue,8,9,63,72,0,119.512,100.303,67.8259,19.2093,19.209000000000003,110.368,92.7698,66.1644,17.5977,17.59819999999999,-10.064999999999998,-26.742199999999997,16.6772,1.6615000000000038,1.6115999999999993,1.6108000000000118,-1
2007,Holy Cross,Southern Illinois,13,4,51,61,0,103.31,95.6542,61.7425,7.65535,7.655799999999999,109.583,89.2996,60.412,20.283,20.2834,-13.928799999999995,-14.010400000000004,0.08160000000000878,1.3305000000000007,-12.627650000000001,-12.627600000000001,9
2007,Long Beach St.,Tennessee,12,5,86,121,0,111.687,105.309,70.5918,6.37727,6.378,113.576,97.1313,71.0474,16.4443,16.444699999999997,-8.266999999999996,-14.555700000000002,6.288700000000006,-0.4555999999999898,-10.067029999999999,-10.066699999999997,7
2007,New Mexico St.,Texas,13,4,67,79,0,108.471,100.934,69.3769,7.5367,7.537000000000006,120.376,99.8398,66.9647,20.5363,20.536200000000008,-19.442000000000007,-8.631200000000007,-10.8108,2.412200000000013,-12.999600000000001,-12.999200000000002,9
2007,Georgia Tech,UNLV,10,7,63,67,0,116.887,97.1408,67.0238,19.7464,19.7462,111.624,95.9746,64.7378,15.6493,15.6494,-14.483199999999997,-20.912400000000005,6.429200000000009,2.2860000000000014,4.097100000000001,4.096800000000002,3
2007,Arkansas,USC,12,5,60,77,0,110.253,93.3649,65.8864,16.8885,16.888099999999994,109.896,95.4932,66.6094,14.4031,14.4028,-16.531099999999995,-14.759799999999998,-1.7712999999999965,-0.722999999999999,2.4854000000000003,2.485299999999995,7
2007,Albany,Virginia,13,4,57,84,0,107.402,103.976,63.5137,3.42522,3.426000000000002,112.895,98.6492,67.7343,14.2454,14.245800000000004,-8.918999999999997,-8.752800000000008,-0.16619999999998925,-4.220600000000005,-10.82018,-10.819800000000003,9
2007,Illinois,Virginia Tech,12,5,52,54,0,107.542,89.9416,61.5558,17.6003,17.600400000000008,113.073,95.159,63.1958,17.9139,17.913999999999987,-23.1314,-12.382999999999996,-10.748400000000004,-1.6400000000000006,-0.313600000000001,-0.3135999999999797,7
2007,Notre Dame,Winthrop,6,11,64,74,0,119.18,98.4445,69.886,20.7354,20.7355,113.314,98.6066,61.0453,14.7077,14.707399999999993,-14.869499999999988,-20.573400000000007,5.703900000000019,8.840699999999998,6.027699999999998,6.028100000000006,-5
2007,Texas A&M Corpus Christi,Wisconsin,15,2,63,76,0,114.201,106.477,67.5189,7.72391,7.723999999999989,115.733,89.6933,63.2879,26.0394,26.03970000000001,-9.256,-24.5077,15.2517,4.231000000000002,-18.31549,-18.31570000000002,13
2007,Maryland,Butler,4,5,59,62,0,112.483,90.1675,71.105,22.3158,22.3155,118.052,97.0797,58.1217,20.9727,20.972300000000004,-27.884500000000003,-15.403300000000002,-12.481200000000001,12.983300000000007,1.3430999999999997,1.343199999999996,-1
2007,Boston College,Georgetown,7,2,55,62,0,117.0,101.094,63.8331,15.9057,15.906000000000006,121.238,93.1473,59.1413,28.0911,28.0907,-20.144000000000005,-23.8527,3.7086999999999932,4.691800000000001,-12.185400000000001,-12.184699999999992,5
2007,Michigan St.,North Carolina,9,1,67,81,0,112.195,91.4261,60.1869,20.769,20.768899999999988,120.45,88.7132,71.8899,31.7371,31.7368,-29.023899999999998,-23.481799999999993,-5.542100000000005,-11.702999999999996,-10.968100000000003,-10.96790000000001,8
2007,Xavier,Ohio St.,9,1,71,78,0,117.35,99.0491,65.7488,18.3007,18.3009,119.341,90.4737,64.2281,28.8677,28.8673,-20.2919,-26.8763,6.584400000000002,1.520700000000005,-10.567,-10.566400000000002,8
2007,VCU,Pittsburgh,11,3,79,84,0,116.022,101.653,64.6616,14.3693,14.369,118.425,95.5748,61.3083,22.8504,22.8502,-16.77199999999999,-20.44720000000001,3.675200000000018,3.3533000000000044,-8.4811,-8.481200000000001,8
2007,Louisville,Texas A&M,6,3,69,72,0,112.8,93.3409,63.5029,19.4594,19.459099999999992,119.182,91.8518,63.6458,27.3305,27.330200000000005,-25.841099999999997,-20.9482,-4.892899999999997,-0.14290000000000447,-7.871100000000002,-7.871100000000013,3
2007,Indiana,UCLA,7,2,49,54,0,116.372,95.3063,64.4417,21.0657,21.065700000000007,116.164,90.9188,63.0382,25.2454,25.2452,-20.85770000000001,-25.453199999999995,4.595499999999987,1.403499999999994,-4.1797,-4.179499999999994,5
2007,Washington St.,Vanderbilt,3,6,74,78,0,111.012,93.1182,59.623,17.8933,17.8938,114.982,101.303,66.2076,13.6783,13.679000000000002,-21.863799999999998,-9.709000000000003,-12.154799999999994,-6.584600000000002,4.215,4.214799999999997,-3
2007,Purdue,Florida,9,1,67,74,0,110.368,92.7698,66.1644,17.5977,17.59819999999999,120.927,92.0656,64.9276,28.8619,28.861400000000003,-28.157200000000003,-18.30239999999999,-9.854800000000012,1.2368000000000023,-11.264199999999999,-11.263200000000012,8
2007,Kentucky,Kansas,8,1,76,88,0,115.724,94.7893,65.7553,20.9347,20.934700000000007,115.098,86.837,68.0793,28.2605,28.261,-20.3087,-28.887,8.578299999999999,-2.323999999999998,-7.325800000000001,-7.326299999999993,7
2007,Nevada,Memphis,7,2,62,78,0,117.804,101.581,65.7055,16.2229,16.223,115.184,90.3103,68.0416,24.8739,24.8737,-13.602999999999994,-27.493700000000004,13.89070000000001,-2.336100000000002,-8.651,-8.6507,5
2007,Winthrop,Oregon,11,3,61,75,0,113.314,98.6066,61.0453,14.7077,14.707399999999993,117.207,97.4793,65.5537,19.7274,19.7277,-18.600399999999993,-15.834699999999998,-2.7656999999999954,-4.508400000000009,-5.0196999999999985,-5.020300000000006,8
2007,Virginia Tech,Southern Illinois,5,4,48,63,0,113.073,95.159,63.1958,17.9139,17.913999999999987,109.583,89.2996,60.412,20.283,20.2834,-14.423999999999992,-23.773399999999995,9.349400000000003,2.7837999999999994,-2.3690999999999995,-2.369400000000013,1
2007,Virginia,Tennessee,4,5,74,77,0,112.895,98.6492,67.7343,14.2454,14.245800000000004,113.576,97.1313,71.0474,16.4443,16.444699999999997,-14.9268,-15.7637,0.8369,-3.3130999999999915,-2.1988999999999983,-2.198899999999993,-1
2007,Wisconsin,UNLV,2,7,68,74,0,115.733,89.6933,63.2879,26.0394,26.03970000000001,111.624,95.9746,64.7378,15.6493,15.6494,-21.9307,-19.75840000000001,-2.172299999999993,-1.4498999999999924,10.3901,10.39030000000001,-5
2007,Texas,USC,4,5,68,87,0,120.376,99.8398,66.9647,20.5363,20.536200000000008,109.896,95.4932,66.6094,14.4031,14.4028,-10.056200000000004,-24.882800000000003,14.8266,0.3552999999999997,6.1332,6.133400000000009,-1
2007,Southern Illinois,Kansas,4,1,58,61,0,109.583,89.2996,60.412,20.283,20.2834,115.098,86.837,68.0793,28.2605,28.261,-25.7984,-22.745999999999995,-3.0524000000000058,-7.6673000000000044,-7.977499999999999,-7.977599999999999,3
2007,Texas A&M,Memphis,3,2,64,65,0,119.182,91.8518,63.6458,27.3305,27.330200000000005,115.184,90.3103,68.0416,24.8739,24.8737,-23.3322,-28.871700000000004,5.539500000000004,-4.395800000000001,2.4566000000000017,2.4565000000000055,1
2007,Tennessee,Ohio St.,5,1,84,85,0,113.576,97.1313,71.0474,16.4443,16.444699999999997,119.341,90.4737,64.2281,28.8677,28.8673,-22.209699999999998,-23.1023,0.8926000000000016,6.819299999999998,-12.4234,-12.422600000000003,4
2007,Pittsburgh,UCLA,3,2,55,64,0,118.425,95.5748,61.3083,22.8504,22.8502,116.164,90.9188,63.0382,25.2454,25.2452,-20.589200000000005,-27.506199999999993,6.916999999999987,-1.7299000000000007,-2.3949999999999996,-2.3949999999999996,1
2007,Butler,Florida,5,1,57,65,0,118.052,97.0797,58.1217,20.9727,20.972300000000004,120.927,92.0656,64.9276,28.8619,28.861400000000003,-23.847300000000004,-25.986400000000003,2.139099999999999,-6.805900000000001,-7.889199999999999,-7.889099999999999,4
2007,Vanderbilt,Georgetown,6,2,65,66,0,114.982,101.303,66.2076,13.6783,13.679000000000002,121.238,93.1473,59.1413,28.0911,28.0907,-19.935000000000002,-21.834699999999998,1.8996999999999957,7.066299999999998,-14.4128,-14.411699999999996,4
2007,USC,North Carolina,5,1,64,74,0,109.896,95.4932,66.6094,14.4031,14.4028,120.45,88.7132,71.8899,31.7371,31.7368,-24.9568,-21.1828,-3.774000000000001,-5.2805000000000035,-17.334000000000003,-17.334,4
2007,UNLV,Oregon,7,3,72,76,0,111.624,95.9746,64.7378,15.6493,15.6494,117.207,97.4793,65.5537,19.7274,19.7277,-21.2324,-14.1447,-7.087699999999998,-0.8159000000000134,-4.078099999999999,-4.078299999999999,4
2007,Memphis,Ohio St.,2,1,76,92,0,115.184,90.3103,68.0416,24.8739,24.8737,119.341,90.4737,64.2281,28.8677,28.8673,-29.030699999999996,-24.710300000000004,-4.320399999999992,3.8135000000000048,-3.9938000000000002,-3.9936000000000007,1
2007,Kansas,UCLA,1,2,55,68,0,115.098,86.837,68.0793,28.2605,28.261,116.164,90.9188,63.0382,25.2454,25.2452,-29.326999999999998,-24.179199999999994,-5.147800000000004,5.0411,3.0151000000000003,3.0157999999999987,-1
2007,Oregon,Florida,3,1,77,85,0,117.207,97.4793,65.5537,19.7274,19.7277,120.927,92.0656,64.9276,28.8619,28.861400000000003,-23.44770000000001,-25.14139999999999,1.6936999999999784,0.6261000000000081,-9.1345,-9.133700000000005,2
2007,North Carolina,Georgetown,1,2,84,96,0,120.45,88.7132,71.8899,31.7371,31.7368,121.238,93.1473,59.1413,28.0911,28.0907,-32.5248,-27.3027,-5.2220999999999975,12.748599999999996,3.646000000000001,3.6461000000000006,-1
2007,UCLA,Florida,2,1,66,76,0,116.164,90.9188,63.0382,25.2454,25.2452,120.927,92.0656,64.9276,28.8619,28.861400000000003,-30.008200000000002,-24.098399999999998,-5.909800000000004,-1.8893999999999949,-3.6164999999999985,-3.6162000000000027,1
2007,Georgetown,Ohio St.,2,1,60,67,0,121.238,93.1473,59.1413,28.0911,28.0907,119.341,90.4737,64.2281,28.8677,28.8673,-26.193699999999993,-30.764300000000006,4.570600000000013,-5.086799999999997,-0.7765999999999984,-0.776600000000002,1
2007,Ohio St.,Florida,1,1,75,84,0,119.341,90.4737,64.2281,28.8677,28.8673,120.927,92.0656,64.9276,28.8619,28.861400000000003,-30.453300000000013,-27.27539999999999,-3.1779000000000224,-0.6995000000000005,0.0058000000000006935,0.005899999999996908,0
2008,Coppin St.,Mount St. Mary's,16,16,60,69,0,92.4179,106.658,62.2413,-14.2405,-14.240099999999998,99.0167,100.058,65.2309,-1.04085,-1.0413000000000068,7.641300000000001,7.640100000000004,0.0011999999999972033,-2.989600000000003,-13.19965,-13.198799999999991,0
2008,Belmont,Duke,15,2,70,71,0,109.436,106.857,68.1091,2.57916,2.579000000000008,117.443,89.8149,70.9709,27.6285,27.628100000000003,-10.585999999999999,-19.621100000000013,9.035100000000014,-2.8618000000000023,-25.04934,-25.049099999999996,13
2008,Portland St.,Kansas,16,1,61,85,0,108.411,102.574,65.7791,5.83665,5.837000000000003,121.433,87.4681,66.8546,33.9647,33.9649,-18.85900000000001,-20.942899999999995,2.0838999999999857,-1.0755000000000052,-28.12805,-28.127899999999997,15
2008,USC,Kansas St.,6,11,67,80,0,110.663,90.6973,64.6004,19.9654,19.9657,113.383,94.4917,69.2125,18.8909,18.8913,-22.685699999999997,-16.171300000000002,-6.514399999999995,-4.612100000000012,1.0745000000000005,1.0743999999999971,-5
2008,Kentucky,Marquette,11,6,66,74,0,106.849,97.1469,61.9035,9.70175,9.702100000000002,113.463,91.6188,66.3008,21.8442,21.8442,-16.31609999999999,-15.23020000000001,-1.085899999999981,-4.397299999999994,-12.14245,-12.1421,5
2008,Temple,Michigan St.,12,5,61,72,0,112.696,100.26,62.9596,12.4365,12.435999999999993,115.444,94.5625,62.7366,20.8814,20.881500000000003,-15.183999999999997,-18.133499999999998,2.9495000000000005,0.22299999999999898,-8.444899999999999,-8.44550000000001,7
2008,George Mason,Notre Dame,12,5,50,68,0,111.486,101.207,60.9624,10.2781,10.27900000000001,116.335,97.1396,68.9559,19.1955,19.195399999999992,-15.128,-14.346400000000003,-0.7815999999999974,-7.993499999999997,-8.917399999999999,-8.916399999999982,7
2008,Oral Roberts,Pittsburgh,13,4,63,82,0,104.822,93.6893,62.6931,11.1323,11.1327,116.407,96.8952,63.1376,19.5116,19.511799999999997,-22.717699999999994,-7.9268,-14.790899999999993,-0.4444999999999979,-8.3793,-8.379099999999998,9
2008,Baylor,Purdue,11,6,79,90,0,115.389,100.017,69.34,15.3717,15.372,109.692,91.6027,65.7787,18.089,18.089299999999994,-9.674999999999997,-23.786299999999997,14.1113,3.561300000000003,-2.717299999999998,-2.7172999999999945,5
2008,Cornell,Stanford,14,3,53,77,0,110.651,105.607,67.2439,5.04434,5.043999999999997,113.328,89.3924,62.7524,23.9361,23.935600000000008,-7.721000000000004,-21.2586,13.537599999999998,4.491499999999995,-18.891759999999998,-18.89160000000001,11
2008,BYU,Texas A&M,8,9,62,67,0,106.852,90.7846,67.4202,16.0675,16.067400000000006,112.029,92.4268,61.5639,19.6026,19.6022,-21.2444,-14.425200000000004,-6.819199999999995,5.856299999999997,-3.5351,-3.5347999999999935,-1
2008,Mississippi Valley St.,UCLA,16,1,29,70,0,92.1127,107.08,62.3905,-14.9674,-14.967299999999994,118.735,88.16,63.1761,30.5753,30.575000000000003,-11.655000000000001,-3.952700000000007,-7.702299999999994,-0.7855999999999952,-45.542699999999996,-45.5423,15
2008,Winthrop,Washington St.,13,4,40,71,0,99.6932,92.3864,60.9746,7.30673,7.30680000000001,116.272,92.3676,57.7887,23.9044,23.90440000000001,-23.88560000000001,-7.3256000000000085,-16.560000000000002,3.1859000000000037,-16.59767,-16.5976,9
2008,Arizona,West Virginia,10,7,65,75,0,116.577,96.3494,62.8325,20.2271,20.227599999999995,113.57,93.4302,63.0942,20.14,20.139799999999997,-17.22059999999999,-23.1468,5.926200000000009,-0.2616999999999976,0.08709999999999951,0.08779999999999788,3
2008,Cal St. Fullerton,Wisconsin,14,3,56,71,0,112.978,104.103,70.926,8.87459,8.875,113.619,86.2081,60.8809,27.4107,27.4109,-9.516000000000005,-26.769899999999993,17.253899999999987,10.045100000000005,-18.53611,-18.5359,11
2008,Georgia,Xavier,14,3,61,73,0,104.018,96.1227,64.1104,7.89531,7.895300000000006,116.413,94.068,62.8978,22.3453,22.345,-20.290300000000002,-9.950000000000003,-10.3403,1.212600000000002,-14.449990000000001,-14.449699999999993,11
2008,Indiana,Arkansas,8,9,72,86,0,114.362,94.8557,65.6213,19.5064,19.5063,109.701,94.8336,66.2236,14.8678,14.86739999999999,-14.845299999999995,-19.52839999999999,4.683099999999996,-0.6022999999999996,4.6385999999999985,4.63890000000001,-1
2008,South Alabama,Butler,10,7,61,81,0,112.779,100.155,64.0943,12.6239,12.623999999999995,116.138,96.8401,58.5955,19.2975,19.2979,-15.983000000000004,-15.93889999999999,-0.04410000000001446,5.498800000000003,-6.673599999999999,-6.673900000000003,3
2008,Gonzaga,Davidson,7,10,76,82,0,114.221,94.8911,65.1856,19.3301,19.32990000000001,114.056,93.5027,66.0806,20.5532,20.553299999999997,-19.164900000000003,-20.7183,1.5533999999999963,-0.8950000000000102,-1.2230999999999987,-1.2233999999999874,-3
2008,UMBC,Georgetown,15,2,47,66,0,113.762,109.662,63.0741,4.10027,4.099999999999994,114.989,90.0051,59.8577,24.9836,24.98390000000001,-5.326999999999998,-23.7569,18.429900000000004,3.2164,-20.88333,-20.883900000000015,13
2008,Boise St.,Louisville,14,3,61,79,0,108.605,104.484,70.2142,4.12039,4.121000000000009,111.828,88.6299,64.6887,23.198,23.1981,-7.344000000000008,-19.975099999999998,12.63109999999999,5.525500000000008,-19.07761,-19.07709999999999,11
2008,UT Arlington,Memphis,16,1,63,87,0,101.14,103.138,68.0296,-1.99751,-1.9980000000000049,114.695,85.3169,67.7113,29.3779,29.37809999999999,-11.556999999999988,-15.823099999999997,4.266100000000009,0.3183000000000078,-31.37541,-31.376099999999994,15
2008,St. Mary's,Miami FL,10,7,64,78,0,110.005,94.2943,65.4301,15.7105,15.710699999999989,112.167,97.7713,64.7318,14.3957,14.395700000000003,-17.872699999999995,-12.233699999999999,-5.638999999999996,0.698299999999989,1.3148,1.3149999999999853,3
2008,Oregon,Mississippi St.,9,8,69,76,0,119.29,102.634,64.9184,16.6554,16.656000000000006,107.347,91.5296,65.8268,15.8174,15.817399999999992,-4.712999999999994,-27.760400000000004,23.04740000000001,-0.9084000000000003,0.838000000000001,0.8386000000000138,1
2008,Mount St. Mary's,North Carolina,16,1,74,113,0,99.0167,100.058,65.2309,-1.04085,-1.0413000000000068,120.686,92.5415,71.9191,28.1446,28.144500000000008,-20.628,-6.475200000000001,-14.1528,-6.688199999999995,-29.18545,-29.185800000000015,15
2008,St. Joseph's,Oklahoma,11,6,64,72,0,114.718,100.152,63.5629,14.5658,14.566000000000004,109.474,94.3986,62.5674,15.0751,15.075400000000002,-9.322000000000003,-20.3194,10.997399999999999,0.9954999999999998,-0.5093000000000014,-0.5093999999999976,5
2008,Connecticut,San Diego,4,13,69,70,0,115.173,96.0511,66.6029,19.1215,19.1219,101.501,96.9684,62.4343,4.53284,4.532600000000002,-5.4498999999999995,-18.2046,12.7547,4.168600000000005,14.58866,14.589299999999998,-9
2008,Vanderbilt,Siena,4,13,62,83,0,112.598,99.0821,67.6816,13.5159,13.515900000000002,108.144,101.391,66.6906,6.75339,6.753,-9.061900000000009,-11.206999999999994,2.145099999999985,0.9909999999999997,6.762510000000001,6.762900000000002,-9
2008,American,Tennessee,15,2,57,72,0,108.308,106.622,59.5974,1.686,1.686000000000007,117.787,95.4494,69.5841,22.3372,22.33760000000001,-11.165000000000006,-12.85860000000001,1.6936000000000035,-9.986700000000006,-20.6512,-20.651600000000002,13
2008,Austin Peay,Texas,15,2,54,74,0,104.504,104.677,64.9848,-0.173098,-0.1730000000000018,119.757,94.9061,63.0818,24.8513,24.85090000000001,-15.079999999999998,-9.59790000000001,-5.482099999999988,1.9030000000000058,-25.024397999999998,-25.023900000000012,13
2008,Clemson,Villanova,5,12,69,75,0,114.102,91.7372,67.3837,22.3653,22.3648,108.903,95.9216,67.2121,12.9811,12.981400000000008,-17.165800000000004,-18.180400000000006,1.0146000000000015,0.17159999999999798,9.384200000000002,9.383399999999991,-7
2008,Drake,Western Kentucky,5,12,99,101,0,119.786,97.4463,61.8906,22.3393,22.339700000000008,111.076,97.011,66.5432,14.0646,14.064999999999998,-13.6297,-22.775000000000006,9.145300000000006,-4.6526,8.274700000000001,8.27470000000001,-7
2008,UNLV,Kansas,8,1,56,75,0,110.183,96.5636,63.0988,13.6193,13.619400000000011,121.433,87.4681,66.8546,33.9647,33.9649,-24.869400000000013,-22.7149,-2.154500000000013,-3.755800000000008,-20.345399999999998,-20.345499999999987,7
2008,Pittsburgh,Michigan St.,4,5,54,65,0,116.407,96.8952,63.1376,19.5116,19.511799999999997,115.444,94.5625,62.7366,20.8814,20.881500000000003,-18.5488,-21.844499999999996,3.2956999999999965,0.40099999999999625,-1.369799999999998,-1.3697000000000052,-1
2008,Marquette,Stanford,6,3,81,82,0,113.463,91.6188,66.3008,21.8442,21.8442,113.328,89.3924,62.7524,23.9361,23.935600000000008,-21.70920000000001,-24.0706,2.361399999999989,3.548399999999994,-2.091899999999999,-2.0914000000000073,3
2008,Texas A&M,UCLA,9,1,49,51,0,112.029,92.4268,61.5639,19.6026,19.6022,118.735,88.16,63.1761,30.5753,30.575000000000003,-26.3082,-23.869,-2.4391999999999996,-1.6122000000000014,-10.9727,-10.972800000000003,8
2008,Notre Dame,Washington St.,5,4,41,61,0,116.335,97.1396,68.9559,19.1955,19.195399999999992,116.272,92.3676,57.7887,23.9044,23.90440000000001,-19.132400000000004,-23.967399999999998,4.834999999999994,11.167200000000001,-4.7089,-4.709000000000017,1
2008,Duke,West Virginia,2,7,67,73,0,117.443,89.8149,70.9709,27.6285,27.628100000000003,113.57,93.4302,63.0942,20.14,20.139799999999997,-23.7551,-24.0128,0.2576999999999998,7.8767,7.488499999999998,7.488300000000006,-5
2008,Kansas St.,Wisconsin,11,3,55,72,0,113.383,94.4917,69.2125,18.8909,18.8913,113.619,86.2081,60.8809,27.4107,27.4109,-19.127300000000005,-27.174899999999994,8.047599999999989,8.331600000000009,-8.5198,-8.5196,8
2008,Purdue,Xavier,6,3,78,85,0,109.692,91.6027,65.7787,18.089,18.089299999999994,116.413,94.068,62.8978,22.3453,22.345,-24.810299999999998,-15.623999999999995,-9.186300000000003,2.880900000000004,-4.256300000000003,-4.2557000000000045,3
2008,Georgetown,Davidson,2,10,70,74,0,114.989,90.0051,59.8577,24.9836,24.98390000000001,114.056,93.5027,66.0806,20.5532,20.553299999999997,-24.0509,-21.4863,-2.5645999999999987,-6.222900000000003,4.430399999999999,4.4306000000000125,-8
2008,Oklahoma,Louisville,6,3,48,78,0,109.474,94.3986,62.5674,15.0751,15.075400000000002,111.828,88.6299,64.6887,23.198,23.1981,-17.4294,-20.844099999999997,3.4146999999999963,-2.121299999999998,-8.1229,-8.122699999999998,3
2008,Mississippi St.,Memphis,8,1,74,77,0,107.347,91.5296,65.8268,15.8174,15.817399999999992,114.695,85.3169,67.7113,29.3779,29.37809999999999,-23.16539999999999,-22.03009999999999,-1.1353000000000009,-1.8844999999999885,-13.560500000000001,-13.560699999999997,7
2008,Arkansas,North Carolina,9,1,77,108,0,109.701,94.8336,66.2236,14.8678,14.86739999999999,120.686,92.5415,71.9191,28.1446,28.144500000000008,-25.852400000000003,-17.159499999999994,-8.692900000000009,-5.695499999999996,-13.2768,-13.277100000000019,8
2008,Butler,Tennessee,7,2,71,76,0,116.138,96.8401,58.5955,19.2975,19.2979,117.787,95.4494,69.5841,22.3372,22.33760000000001,-20.9469,-20.688600000000008,-0.2582999999999913,-10.988600000000005,-3.0397,-3.0397000000000105,5
2008,Miami FL,Texas,7,2,72,75,0,112.167,97.7713,64.7318,14.3957,14.395700000000003,119.757,94.9061,63.0818,24.8513,24.85090000000001,-21.98570000000001,-17.260900000000007,-4.724800000000002,1.6500000000000057,-10.455599999999999,-10.455200000000007,5
2008,Siena,Villanova,13,12,72,84,0,108.144,101.391,66.6906,6.75339,6.753,108.903,95.9216,67.2121,12.9811,12.981400000000008,-7.5120000000000005,-12.222400000000007,4.710400000000007,-0.5215000000000032,-6.22771,-6.228400000000008,1
2008,San Diego,Western Kentucky,13,12,63,72,0,101.501,96.9684,62.4343,4.53284,4.532600000000002,111.076,97.011,66.5432,14.0646,14.064999999999998,-14.10759999999999,-4.490000000000009,-9.617599999999982,-4.108899999999998,-9.53176,-9.532399999999996,1
2008,Tennessee,Louisville,2,3,60,79,0,117.787,95.4494,69.5841,22.3372,22.33760000000001,111.828,88.6299,64.6887,23.198,23.1981,-16.378600000000006,-29.1571,12.778499999999994,4.895400000000009,-0.8608000000000011,-0.8604999999999912,-1
2008,Washington St.,North Carolina,4,1,47,68,0,116.272,92.3676,57.7887,23.9044,23.90440000000001,120.686,92.5415,71.9191,28.1446,28.144500000000008,-28.31840000000001,-23.730500000000006,-4.587900000000005,-14.130400000000002,-4.2402000000000015,-4.240099999999998,3
2008,Western Kentucky,UCLA,12,1,78,88,0,111.076,97.011,66.5432,14.0646,14.064999999999998,118.735,88.16,63.1761,30.5753,30.575000000000003,-21.724000000000004,-22.915999999999997,1.191999999999993,3.3671000000000006,-16.5107,-16.510000000000005,11
2008,West Virginia,Xavier,7,3,75,79,0,113.57,93.4302,63.0942,20.14,20.139799999999997,116.413,94.068,62.8978,22.3453,22.345,-22.982799999999997,-19.501999999999995,-3.480800000000002,0.19640000000000413,-2.205300000000001,-2.2052000000000014,4
2008,Wisconsin,Davidson,3,10,56,73,0,113.619,86.2081,60.8809,27.4107,27.4109,114.056,93.5027,66.0806,20.5532,20.553299999999997,-27.847899999999996,-20.116299999999995,-7.7316,-5.199700000000007,6.857499999999998,6.857600000000005,-7
2008,Villanova,Kansas,12,1,57,72,0,108.903,95.9216,67.2121,12.9811,12.981400000000008,121.433,87.4681,66.8546,33.9647,33.9649,-25.51140000000001,-21.4349,-4.07650000000001,0.3575000000000017,-20.983600000000003,-20.983499999999992,11
2008,Michigan St.,Memphis,5,1,74,92,0,115.444,94.5625,62.7366,20.8814,20.881500000000003,114.695,85.3169,67.7113,29.3779,29.37809999999999,-20.132499999999993,-30.1271,9.994600000000005,-4.9746999999999915,-8.496500000000001,-8.496599999999987,4
2008,Stanford,Texas,3,2,62,82,0,113.328,89.3924,62.7524,23.9361,23.935600000000008,119.757,94.9061,63.0818,24.8513,24.85090000000001,-30.36460000000001,-18.421900000000008,-11.942700000000002,-0.3293999999999997,-0.9151999999999987,-0.915300000000002,1
2008,Louisville,North Carolina,3,1,73,83,0,111.828,88.6299,64.6887,23.198,23.1981,120.686,92.5415,71.9191,28.1446,28.144500000000008,-32.0561,-19.286500000000004,-12.769599999999997,-7.230400000000003,-4.9466,-4.946400000000008,2
2008,Xavier,UCLA,3,1,57,76,0,116.413,94.068,62.8978,22.3453,22.345,118.735,88.16,63.1761,30.5753,30.575000000000003,-24.667,-28.253,3.5859999999999985,-0.27830000000000155,-8.229999999999997,-8.230000000000004,2
2008,Davidson,Kansas,10,1,57,59,0,114.056,93.5027,66.0806,20.5532,20.553299999999997,121.433,87.4681,66.8546,33.9647,33.9649,-27.930300000000003,-26.58789999999999,-1.342400000000012,-0.7740000000000009,-13.4115,-13.411600000000004,9
2008,Texas,Memphis,2,1,67,85,0,119.757,94.9061,63.0818,24.8513,24.85090000000001,114.695,85.3169,67.7113,29.3779,29.37809999999999,-19.788899999999998,-34.4401,14.651200000000003,-4.629499999999993,-4.526600000000002,-4.527199999999979,1
2008,North Carolina,Kansas,1,1,66,84,0,120.686,92.5415,71.9191,28.1446,28.144500000000008,121.433,87.4681,66.8546,33.9647,33.9649,-28.891500000000008,-33.2179,4.3263999999999925,5.064499999999995,-5.8201,-5.820399999999992,0
2008,UCLA,Memphis,1,1,63,78,0,118.735,88.16,63.1761,30.5753,30.575000000000003,114.695,85.3169,67.7113,29.3779,29.37809999999999,-26.534999999999997,-33.418099999999995,6.883099999999999,-4.535199999999996,1.1973999999999982,1.1969000000000136,0
2008,Memphis,Kansas,1,1,68,75,0,114.695,85.3169,67.7113,29.3779,29.37809999999999,121.433,87.4681,66.8546,33.9647,33.9649,-36.1161,-27.226899999999986,-8.889200000000017,0.8566999999999894,-4.5868,-4.586800000000011,0
2009,Alabama St.,Morehead St.,16,16,43,58,0,101.941,103.957,62.7485,-2.01623,-2.015999999999991,102.308,102.325,64.5465,-0.017075,-0.0169999999999959,1.6489999999999867,0.38400000000000034,1.2649999999999864,-1.7979999999999947,-1.9991550000000002,-1.9989999999999952,0
2009,Chattanooga,Connecticut,16,1,47,103,0,104.271,108.116,68.6926,-3.84568,-3.844999999999999,114.597,86.5571,65.5863,28.0401,28.03989999999999,-6.4809999999999945,-17.713899999999995,11.2329,3.1063000000000045,-31.88578,-31.884899999999988,15
2009,Binghamton,Duke,15,2,62,86,0,101.747,102.618,66.5996,-0.871417,-0.8709999999999951,117.869,92.541,65.5211,25.3284,25.328000000000003,-15.251000000000005,-9.206000000000003,-6.045000000000002,1.0784999999999911,-26.199817,-26.198999999999998,13
2009,Akron,Gonzaga,13,4,64,77,0,102.057,95.0743,64.5005,6.9826,6.982700000000008,116.862,90.9086,66.4288,25.9534,25.953399999999988,-21.7877,-11.148399999999995,-10.639300000000006,-1.928299999999993,-18.970799999999997,-18.97069999999998,9
2009,Butler,LSU,9,8,71,75,0,109.777,93.6264,61.9683,16.1506,16.150599999999997,110.576,95.8662,65.4797,14.7097,14.709799999999989,-16.94959999999999,-13.910799999999995,-3.038799999999995,-3.5113999999999947,1.440900000000001,1.4408000000000083,1
2009,California,Maryland,7,10,71,84,0,116.839,98.6172,65.2261,18.2213,18.2218,108.705,95.4167,65.5865,13.2883,13.288299999999992,-10.087800000000001,-21.422299999999993,11.334499999999991,-0.3603999999999985,4.933,4.933500000000009,-3
2009,Cal St. Northridge,Memphis,15,2,70,81,0,101.374,96.2591,71.325,5.11477,5.114899999999992,110.759,81.3187,64.5834,29.4398,29.440299999999997,-14.499899999999997,-20.05529999999999,5.555399999999992,6.741600000000005,-24.32503,-24.325400000000005,13
2009,Clemson,Michigan,7,10,59,62,0,116.758,96.4646,67.3639,20.2938,20.29339999999999,112.016,97.5173,62.0992,14.4984,14.4987,-15.551400000000001,-19.24069999999999,3.6892999999999887,5.264699999999998,5.795400000000001,5.794699999999992,-3
2009,Radford,North Carolina,16,1,58,101,0,101.326,101.791,68.3948,-0.465293,-0.4650000000000034,122.645,94.0872,72.454,28.5574,28.5578,-20.854,-7.238799999999998,-13.615200000000002,-4.05919999999999,-29.022693,-29.022800000000004,15
2009,Morgan St.,Oklahoma,15,2,54,82,0,99.986,98.5712,64.8231,1.41474,1.4147999999999996,117.928,94.6403,66.283,23.2882,23.2877,-19.356799999999993,-5.345700000000008,-14.011099999999985,-1.4599000000000046,-21.87346,-21.8729,13
2009,Northern Iowa,Purdue,12,5,56,61,0,110.659,100.806,60.1385,9.85203,9.853000000000009,110.175,88.2115,65.2998,21.9637,21.9635,-9.369,-22.447500000000005,13.078500000000005,-5.161300000000004,-12.11167,-12.110499999999991,7
2009,Minnesota,Texas,10,7,62,76,0,107.586,91.8263,63.7652,15.7592,15.759699999999995,110.7,92.1925,64.8728,18.5075,18.507500000000007,-18.8737,-15.393500000000003,-3.4801999999999964,-1.107599999999998,-2.7483000000000004,-2.7478000000000122,3
2009,BYU,Texas A&M,8,9,66,79,0,114.296,92.6399,68.4554,21.6562,21.65610000000001,112.024,97.6525,63.1826,14.3716,14.371499999999996,-19.384100000000004,-16.643500000000003,-2.7406000000000006,5.272799999999997,7.2845999999999975,7.2846000000000135,-1
2009,VCU,UCLA,11,6,64,65,0,109.286,96.5255,65.3295,12.7601,12.760500000000008,119.973,94.8599,64.4791,25.1136,25.113100000000003,-23.447500000000005,-14.426100000000005,-9.0214,0.8503999999999934,-12.353500000000002,-12.352599999999995,5
2009,American,Villanova,14,3,67,80,0,104.705,100.204,59.7892,4.50143,4.501000000000005,113.638,91.9303,66.8453,21.7081,21.707700000000003,-13.434000000000012,-12.774699999999996,-0.659300000000016,-7.056099999999994,-17.206670000000003,-17.206699999999998,11
2009,Illinois,Western Kentucky,5,12,72,76,0,106.425,87.3285,61.8419,19.0963,19.096499999999992,109.869,102.838,64.2906,7.03093,7.031000000000006,-22.540499999999994,-3.5870000000000033,-18.95349999999999,-2.448699999999995,12.06537,12.065499999999986,-7
2009,Mississippi St.,Washington,13,4,58,71,0,107.733,95.9223,66.7566,11.8111,11.810699999999995,112.741,90.8054,71.7787,21.9358,21.935599999999997,-16.818699999999993,-16.927599999999998,0.10890000000000555,-5.022099999999995,-10.1247,-10.124900000000002,9
2009,Utah,Arizona,5,12,71,84,0,110.948,91.91,64.0174,19.0381,19.038,117.23,101.217,63.6396,16.0133,16.013000000000005,-25.320000000000007,-9.730999999999995,-15.589000000000013,0.3777999999999935,3.024799999999999,3.024999999999995,-7
2009,Temple,Arizona St.,11,6,57,66,0,109.311,94.9885,62.8987,14.3226,14.322500000000003,117.682,94.244,58.5891,23.4381,23.438,-22.6935,-15.067000000000007,-7.626499999999993,4.309599999999996,-9.115499999999999,-9.115499999999995,5
2009,Wake Forest,Cleveland St.,4,13,69,84,0,111.358,91.0587,72.3248,20.299,20.2993,104.438,92.7341,63.1428,11.7042,11.703900000000004,-13.3793,-18.623900000000006,5.2446000000000055,9.181999999999995,8.5948,8.595399999999994,-9
2009,West Virginia,Dayton,6,11,60,68,0,114.693,89.6619,63.2031,25.031,25.031099999999995,103.115,93.6967,63.8365,9.41849,9.418299999999988,-13.453099999999992,-20.99629999999999,7.543199999999999,-0.6334000000000017,15.612509999999999,15.612800000000007,-5
2009,North Dakota St.,Kansas,14,3,74,84,0,113.637,101.211,66.9142,12.4256,12.426000000000002,114.807,91.6765,66.4233,23.1309,23.1305,-13.596000000000004,-21.960499999999996,8.364499999999992,0.49089999999999634,-10.705300000000001,-10.7045,11
2009,Morehead St.,Louisville,16,1,54,74,0,102.308,102.325,64.5465,-0.017075,-0.0169999999999959,109.217,83.849,66.967,25.3676,25.367999999999995,-6.891999999999996,-18.459000000000003,11.567000000000007,-2.420500000000004,-25.384674999999998,-25.38499999999999,15
2009,Utah St.,Marquette,11,6,57,58,0,117.04,101.747,59.522,15.293,15.293000000000006,117.058,96.076,67.198,20.9824,20.982000000000014,-15.311000000000007,-20.964000000000013,5.653000000000006,-7.675999999999995,-5.689399999999999,-5.689000000000007,5
2009,Robert Morris,Michigan St.,15,2,62,77,0,101.428,99.9183,65.4018,1.5095,1.5096999999999952,112.732,89.9494,65.9592,22.7829,22.7826,-12.813699999999997,-11.4786,-1.335099999999997,-0.5574000000000012,-21.273400000000002,-21.272900000000003,13
2009,Cornell,Missouri,14,3,59,78,0,108.108,102.611,65.0003,5.49712,5.497,114.53,91.046,69.8579,23.484,23.483999999999995,-11.918999999999997,-17.061999999999998,5.143000000000001,-4.857600000000005,-17.986880000000003,-17.986999999999995,11
2009,Tennessee,Oklahoma St.,9,8,75,77,0,114.801,98.2193,67.356,16.5817,16.581699999999998,115.065,97.2997,69.1545,17.7655,17.765299999999996,-16.845699999999994,-17.5013,0.6556000000000068,-1.7985000000000042,-1.183799999999998,-1.1835999999999984,1
2009,East Tennessee St.,Pittsburgh,16,1,62,72,0,106.255,101.161,68.8103,5.09407,5.093999999999994,121.48,92.002,64.7792,29.4777,29.47800000000001,-20.319000000000003,-14.253,-6.0660000000000025,4.031099999999995,-24.383629999999997,-24.384000000000015,15
2009,Ohio St.,Siena,8,9,72,74,0,113.731,97.2667,61.9585,16.4647,16.464299999999994,110.158,98.4844,70.1991,11.6737,11.673600000000008,-12.891300000000001,-15.2466,2.3552999999999997,-8.2406,4.791,4.790699999999987,-1
2009,Stephen F. Austin,Syracuse,14,3,44,59,0,97.6543,90.9171,61.6881,6.73718,6.737200000000001,116.963,95.2698,69.2046,21.693,21.69319999999999,-26.04589999999999,-2.3845000000000027,-23.661399999999986,-7.516500000000001,-14.955820000000001,-14.955999999999989,11
2009,Boston College,USC,7,10,55,72,0,113.378,101.263,64.7471,12.1159,12.114999999999997,109.428,91.7696,62.8813,17.6587,17.6584,-8.164999999999992,-21.608400000000003,13.443400000000011,1.8658000000000001,-5.5428,-5.543400000000004,-3
2009,Florida St.,Wisconsin,5,12,59,61,0,105.685,89.7283,65.4367,15.9569,15.956699999999998,113.854,95.8886,58.4386,17.9651,17.965400000000002,-24.125699999999995,-9.796400000000006,-14.32929999999999,6.998100000000001,-2.0082000000000004,-2.0087000000000046,-7
2009,Portland St.,Xavier,13,4,59,77,0,108.934,104.084,64.4177,4.85027,4.849999999999994,111.158,92.0625,65.3071,19.0951,19.0955,-7.073999999999998,-16.871499999999997,9.7975,-0.8894000000000091,-14.244829999999999,-14.245500000000007,9
2009,Texas A&M,Connecticut,9,1,66,92,0,112.024,97.6525,63.1826,14.3716,14.371499999999996,114.597,86.5571,65.5863,28.0401,28.03989999999999,-16.94449999999999,-25.466899999999995,8.522400000000005,-2.4036999999999935,-13.668499999999998,-13.668399999999993,8
2009,Texas,Duke,7,2,69,74,0,110.7,92.1925,64.8728,18.5075,18.507500000000007,117.869,92.541,65.5211,25.3284,25.328000000000003,-25.676500000000004,-18.159000000000006,-7.517499999999998,-0.6483000000000061,-6.820899999999998,-6.820499999999996,5
2009,Western Kentucky,Gonzaga,12,4,81,83,0,109.869,102.838,64.2906,7.03093,7.031000000000006,116.862,90.9086,66.4288,25.9534,25.953399999999988,-14.024000000000001,-18.960399999999993,4.936399999999992,-2.1381999999999977,-18.922469999999997,-18.922399999999982,8
2009,Maryland,Memphis,10,2,70,89,0,108.705,95.4167,65.5865,13.2883,13.288299999999992,110.759,81.3187,64.5834,29.4398,29.440299999999997,-15.342299999999994,-27.38629999999999,12.043999999999997,1.0031000000000034,-16.151500000000002,-16.152000000000005,8
2009,LSU,North Carolina,8,1,70,84,0,110.576,95.8662,65.4797,14.7097,14.709799999999989,122.645,94.0872,72.454,28.5574,28.5578,-26.77879999999999,-16.488799999999998,-10.289999999999992,-6.9742999999999995,-13.847700000000001,-13.848000000000011,7
2009,Michigan,Oklahoma,10,2,63,73,0,112.016,97.5173,62.0992,14.4984,14.4987,117.928,94.6403,66.283,23.2882,23.2877,-20.41069999999999,-17.37570000000001,-3.0349999999999824,-4.183799999999998,-8.7898,-8.789000000000001,8
2009,Washington,Purdue,4,5,74,76,0,112.741,90.8054,71.7787,21.9358,21.935599999999997,110.175,88.2115,65.2998,21.9637,21.9635,-19.36959999999999,-24.5295,5.1599000000000075,6.478899999999996,-0.027899999999998926,-0.02790000000000248,-1
2009,UCLA,Villanova,6,3,69,89,0,119.973,94.8599,64.4791,25.1136,25.113100000000003,113.638,91.9303,66.8453,21.7081,21.707700000000003,-18.77810000000001,-28.042699999999996,9.264599999999987,-2.366199999999992,3.4055,3.4054,3
2009,Cleveland St.,Arizona,13,12,57,71,0,104.438,92.7341,63.1428,11.7042,11.703900000000004,117.23,101.217,63.6396,16.0133,16.013000000000005,-24.495900000000006,-3.2210000000000036,-21.274900000000002,-0.49680000000000035,-4.309100000000001,-4.309100000000001,1
2009,Dayton,Kansas,11,3,43,60,0,103.115,93.6967,63.8365,9.41849,9.418299999999988,114.807,91.6765,66.4233,23.1309,23.1305,-21.110299999999995,-11.43849999999999,-9.671800000000005,-2.5867999999999967,-13.71241,-13.712200000000013,8
2009,Siena,Louisville,9,1,72,79,0,110.158,98.4844,70.1991,11.6737,11.673600000000008,109.217,83.849,66.967,25.3676,25.367999999999995,-10.732600000000005,-26.308999999999997,15.576399999999992,3.2321000000000026,-13.6939,-13.694399999999987,8
2009,USC,Michigan St.,10,2,69,74,0,109.428,91.7696,62.8813,17.6587,17.6584,112.732,89.9494,65.9592,22.7829,22.7826,-20.962400000000002,-19.4786,-1.4838000000000022,-3.0778999999999925,-5.124200000000002,-5.124199999999998,8
2009,Marquette,Missouri,6,3,79,83,0,117.058,96.076,67.198,20.9824,20.982000000000014,114.53,91.046,69.8579,23.484,23.483999999999995,-18.454000000000008,-26.012,7.557999999999993,-2.6599000000000075,-2.5016000000000034,-2.501999999999981,3
2009,Oklahoma St.,Pittsburgh,8,1,76,84,0,115.065,97.2997,69.1545,17.7655,17.765299999999996,121.48,92.002,64.7792,29.4777,29.47800000000001,-24.180300000000003,-23.063000000000002,-1.1173000000000002,4.375299999999996,-11.7122,-11.712700000000012,7
2009,Arizona St.,Syracuse,6,3,67,78,0,117.682,94.244,58.5891,23.4381,23.438,116.963,95.2698,69.2046,21.693,21.69319999999999,-22.718999999999994,-22.4122,-0.3067999999999955,-10.615499999999997,1.7450999999999972,1.7448000000000086,3
2009,Wisconsin,Xavier,12,4,49,60,0,113.854,95.8886,58.4386,17.9651,17.965400000000002,111.158,92.0625,65.3071,19.0951,19.0955,-15.269400000000005,-21.7915,6.522099999999995,-6.8685000000000045,-1.129999999999999,-1.1300999999999988,8
2009,Purdue,Connecticut,5,1,60,72,0,110.175,88.2115,65.2998,21.9637,21.9635,114.597,86.5571,65.5863,28.0401,28.03989999999999,-26.385499999999993,-23.61789999999999,-2.7676000000000016,-0.28649999999998954,-6.0764,-6.076399999999989,4
2009,Memphis,Missouri,2,3,91,102,0,110.759,81.3187,64.5834,29.4398,29.440299999999997,114.53,91.046,69.8579,23.484,23.483999999999995,-33.211299999999994,-19.712999999999994,-13.4983,-5.274500000000003,5.9558,5.956300000000002,-1
2009,Xavier,Pittsburgh,4,1,55,60,0,111.158,92.0625,65.3071,19.0951,19.0955,121.48,92.002,64.7792,29.4777,29.47800000000001,-29.417500000000004,-19.156000000000006,-10.261499999999998,0.5279000000000025,-10.3826,-10.382500000000007,3
2009,Duke,Villanova,2,3,54,77,0,117.869,92.541,65.5211,25.3284,25.328000000000003,113.638,91.9303,66.8453,21.7081,21.707700000000003,-21.09700000000001,-25.938699999999997,4.841699999999989,-1.3241999999999905,3.6202999999999967,3.6203000000000003,-1
2009,Arizona,Louisville,12,1,64,103,0,117.23,101.217,63.6396,16.0133,16.013000000000005,109.217,83.849,66.967,25.3676,25.367999999999995,-8.0,-33.381,25.381,-3.3273999999999972,-9.354299999999999,-9.35499999999999,11
2009,Kansas,Michigan St.,3,2,62,67,0,114.807,91.6765,66.4233,23.1309,23.1305,112.732,89.9494,65.9592,22.7829,22.7826,-21.055499999999995,-24.857600000000005,3.80210000000001,0.46410000000000196,0.347999999999999,0.34790000000000276,1
2009,Gonzaga,North Carolina,4,1,77,98,0,116.862,90.9086,66.4288,25.9534,25.953399999999988,122.645,94.0872,72.454,28.5574,28.5578,-31.73639999999999,-22.7748,-8.96159999999999,-6.025199999999998,-2.6040000000000028,-2.6044000000000125,3
2009,Syracuse,Oklahoma,3,2,71,84,0,116.963,95.2698,69.2046,21.693,21.69319999999999,117.928,94.6403,66.283,23.2882,23.2877,-22.658199999999994,-22.322699999999998,-0.33549999999999613,2.921599999999998,-1.5951999999999984,-1.5945000000000107,1
2009,Missouri,Connecticut,3,1,75,82,0,114.53,91.046,69.8579,23.484,23.483999999999995,114.597,86.5571,65.5863,28.0401,28.03989999999999,-23.550999999999988,-27.972899999999996,4.421900000000008,4.2716000000000065,-4.556099999999997,-4.555899999999994,2
2009,Pittsburgh,Villanova,1,3,76,78,0,121.48,92.002,64.7792,29.4777,29.47800000000001,113.638,91.9303,66.8453,21.7081,21.707700000000003,-21.63600000000001,-29.5497,7.9136999999999915,-2.0660999999999916,7.769599999999997,7.770300000000006,-2
2009,Louisville,Michigan St.,1,2,52,64,0,109.217,83.849,66.967,25.3676,25.367999999999995,112.732,89.9494,65.9592,22.7829,22.7826,-28.882999999999996,-19.2676,-9.615399999999994,1.0078000000000031,2.584699999999998,2.5853999999999964,-1
2009,Oklahoma,North Carolina,2,1,60,72,0,117.928,94.6403,66.283,23.2882,23.2877,122.645,94.0872,72.454,28.5574,28.5578,-28.0047,-23.8408,-4.163899999999998,-6.170999999999992,-5.269200000000001,-5.270099999999999,1
2009,Connecticut,Michigan St.,1,2,73,82,0,114.597,86.5571,65.5863,28.0401,28.03989999999999,112.732,89.9494,65.9592,22.7829,22.7826,-26.174899999999994,-24.647599999999997,-1.5272999999999968,-0.37290000000000134,5.257199999999997,5.25729999999999,-1
2009,Villanova,North Carolina,3,1,69,83,0,113.638,91.9303,66.8453,21.7081,21.707700000000003,122.645,94.0872,72.454,28.5574,28.5578,-30.714699999999993,-19.55080000000001,-11.163899999999984,-5.608699999999999,-6.8492999999999995,-6.850099999999998,2
2009,Michigan St.,North Carolina,2,1,72,89,0,112.732,89.9494,65.9592,22.7829,22.7826,122.645,94.0872,72.454,28.5574,28.5578,-32.6956,-18.644800000000004,-14.050799999999995,-6.494799999999998,-5.7745,-5.775200000000002,1
2010,Winthrop,Arkansas Pine Bluff,16,16,44,61,0,90.8904,95.0021,63.9135,-4.11173,-4.111699999999999,91.8221,99.7369,64.9785,-7.91476,-7.9148,3.1799999999999926,8.846500000000006,-5.666500000000013,-1.0649999999999977,3.8030300000000006,3.8031000000000006,0
2010,Sam Houston St.,Baylor,14,3,59,68,0,110.763,103.694,68.6965,7.06873,7.069000000000003,118.384,94.9837,64.0252,23.4007,23.4003,-14.689999999999998,-15.779300000000006,1.0893000000000086,4.671300000000002,-16.33197,-16.3313,11
2010,UTEP,Butler,12,5,59,77,0,107.504,89.9248,67.4737,17.5793,17.5792,110.745,90.7154,63.243,20.0295,20.0296,-20.8202,-16.788600000000002,-4.031599999999997,4.230699999999992,-2.450199999999999,-2.4503999999999984,7
2010,Florida,BYU,10,7,92,99,0,112.433,97.4388,63.5599,14.9939,14.994200000000006,117.315,92.8309,70.9239,24.4842,24.4841,-19.876199999999997,-19.602100000000007,-0.27409999999999,-7.364000000000004,-9.490300000000001,-9.489899999999995,3
2010,Lehigh,Kansas,16,1,74,90,0,104.907,106.362,68.4313,-1.45422,-1.4549999999999983,119.854,87.3419,66.6569,32.5121,32.512100000000004,-13.492000000000004,-17.5651,4.073099999999997,1.7744,-33.966319999999996,-33.9671,15
2010,North Texas,Kansas St.,15,2,62,82,0,102.939,103.298,67.1128,-0.358811,-0.3590000000000088,115.425,90.4885,69.501,24.9367,24.936499999999995,-12.126999999999995,-12.450499999999991,0.3234999999999957,-2.388200000000012,-25.295510999999998,-25.295500000000004,13
2010,East Tennessee St.,Kentucky,16,1,71,100,0,100.3,97.8928,66.1025,2.40771,2.407200000000003,114.384,89.4743,67.5908,24.9097,24.9097,-16.491200000000006,-10.825699999999998,-5.665500000000009,-1.4882999999999953,-22.50199,-22.502499999999998,15
2010,Vanderbilt,Murray St.,4,13,65,66,0,113.609,96.0838,68.4945,17.5253,17.525199999999998,108.952,94.3666,65.5723,14.5856,14.585399999999993,-12.868200000000002,-19.24239999999999,6.374199999999988,2.9222000000000037,2.939700000000002,2.9398000000000053,-9
2010,Montana,New Mexico,14,3,57,62,0,106.707,98.1992,61.6822,8.50753,8.507799999999989,114.142,96.7568,67.1887,17.3849,17.385199999999998,-15.942799999999991,-9.950199999999995,-5.992599999999996,-5.5064999999999955,-8.877369999999999,-8.877400000000009,11
2010,UNLV,Northern Iowa,8,9,66,69,0,109.859,92.6156,65.9121,17.2431,17.243399999999994,108.029,89.7638,58.576,18.2648,18.265199999999997,-15.413399999999996,-20.09519999999999,4.6817999999999955,7.336099999999995,-1.0217000000000027,-1.0218000000000025,-1
2010,Georgetown,Ohio,3,14,83,97,0,116.551,92.2687,65.0947,24.2828,24.282300000000006,105.808,98.4546,68.1933,7.35379,7.353400000000008,-13.539300000000011,-18.096400000000003,4.557099999999991,-3.0985999999999905,16.92901,16.9289,-11
2010,Notre Dame,Old Dominion,6,11,50,51,0,119.809,101.439,62.3372,18.3693,18.370000000000005,107.842,90.1999,62.4677,17.6423,17.6421,-6.403000000000006,-29.609099999999998,23.206099999999992,-0.13049999999999784,0.7270000000000003,0.7279000000000053,-5
2010,Richmond,St. Mary's,7,10,71,80,0,108.108,92.8809,62.1031,15.2274,15.227100000000007,116.442,97.0364,66.3664,19.4058,19.405599999999996,-23.561099999999996,-11.071600000000004,-12.489499999999992,-4.263300000000001,-4.1784,-4.178499999999989,-3
2010,San Diego St.,Tennessee,11,6,59,62,0,111.49,94.1721,62.9348,17.3175,17.317899999999995,106.604,89.2115,67.6684,17.3928,17.3925,-12.431899999999999,-22.278499999999994,9.846599999999995,-4.733600000000003,-0.07530000000000214,-0.07460000000000377,5
2010,Robert Morris,Villanova,15,2,70,73,0,99.6218,101.452,65.7182,-1.83054,-1.830200000000005,118.572,95.5965,71.172,22.9755,22.9755,-17.120000000000005,-4.025299999999987,-13.094700000000017,-5.453800000000001,-24.80604,-24.805700000000005,13
2010,Texas,Wake Forest,8,9,80,81,0,113.444,92.8117,71.1683,20.6323,20.6323,106.69,91.7943,68.4678,14.8954,14.89569999999999,-13.878299999999996,-21.649699999999996,7.7714,2.7005000000000052,5.7369,5.73660000000001,-1
2010,Marquette,Washington,6,11,78,80,0,114.599,94.1043,61.8892,20.4947,20.49470000000001,111.513,93.6021,71.3389,17.9107,17.910900000000012,-17.40870000000001,-20.99690000000001,3.5882000000000005,-9.449699999999993,2.584000000000003,2.5837999999999965,-5
2010,Louisville,California,9,8,62,77,0,115.013,97.1787,65.9182,17.834,17.8343,119.968,97.7354,67.121,22.2322,22.232600000000005,-22.789299999999997,-17.277600000000007,-5.5116999999999905,-1.2027999999999963,-4.398199999999999,-4.398300000000006,1
2010,Temple,Cornell,5,12,65,78,0,107.306,86.2797,59.9751,21.0266,21.026299999999992,115.443,101.891,63.4422,13.552,13.551999999999992,-29.163299999999992,-5.414999999999992,-23.7483,-3.467100000000002,7.474599999999999,7.4742999999999995,-7
2010,Arkansas Pine Bluff,Duke,16,1,44,73,0,91.8221,99.7369,64.9785,-7.91476,-7.9148,119.296,87.7467,64.9637,31.5489,31.5493,-19.5591,-4.075400000000002,-15.483699999999999,0.014799999999993929,-39.46366,-39.4641,15
2010,Oklahoma St.,Georgia Tech,7,10,59,64,0,111.497,94.9637,66.2045,16.5333,16.533299999999997,108.997,90.9613,67.9549,18.0357,18.03570000000001,-14.033299999999997,-20.535700000000006,6.502400000000009,-1.750399999999999,-1.502399999999998,-1.5024000000000122,-3
2010,Florida St.,Gonzaga,9,8,60,67,0,104.941,86.3361,64.8904,18.605,18.6049,112.378,95.585,67.0743,16.7934,16.793000000000006,-26.0419,-9.356000000000009,-16.68589999999999,-2.183899999999994,1.811600000000002,1.8118999999999943,1
2010,Houston,Maryland,13,4,77,89,0,111.84,102.537,70.8516,9.30246,9.302999999999995,117.599,94.8962,68.1243,22.7026,22.70280000000001,-15.061999999999998,-16.94380000000001,1.8818000000000126,2.7272999999999996,-13.40014,-13.399800000000015,9
2010,New Mexico St.,Michigan St.,12,5,67,70,0,111.342,105.22,70.1148,6.12172,6.122,112.268,91.9702,65.5206,20.2975,20.297799999999995,-7.048000000000002,-19.371799999999993,12.323799999999991,4.594200000000001,-14.17578,-14.175799999999995,7
2010,Clemson,Missouri,7,10,78,86,0,109.94,90.3071,67.2015,19.633,19.632899999999992,110.105,90.4261,68.6097,19.6787,19.6789,-19.7979,-19.513899999999992,-0.284000000000006,-1.408200000000008,-0.045700000000000074,-0.04600000000000648,-3
2010,UC Santa Barbara,Ohio St.,15,2,51,68,0,100.038,97.6604,66.0756,2.37748,2.377600000000001,117.429,91.9581,64.023,25.4713,25.4709,-19.768600000000006,-8.079899999999995,-11.688700000000011,2.052599999999998,-23.09382,-23.0933,13
2010,Oakland,Pittsburgh,14,3,66,89,0,107.635,103.917,68.5659,3.71824,3.718000000000004,111.307,92.5315,60.3262,18.7753,18.775500000000008,-7.390000000000001,-15.103500000000011,7.7135000000000105,8.2397,-15.057060000000002,-15.057500000000005,11
2010,Siena,Purdue,13,4,64,72,0,109.569,95.6534,68.3596,13.9156,13.915599999999998,110.762,88.1665,65.4793,22.5959,22.5955,-15.108599999999996,-21.402500000000003,6.293900000000008,2.8803000000000054,-8.6803,-8.679900000000004,9
2010,Vermont,Syracuse,16,1,56,79,0,103.697,100.573,65.8979,3.12414,3.124000000000009,118.167,90.5783,68.6909,27.5886,27.588700000000003,-17.59400000000001,-13.118700000000004,-4.475300000000004,-2.792999999999992,-24.46446,-24.464699999999993,15
2010,Utah St.,Texas A&M,12,5,53,69,0,116.361,95.0722,59.4224,21.2893,21.28880000000001,112.093,91.9447,64.0152,20.1487,20.14830000000001,-17.02080000000001,-24.416300000000007,7.395499999999998,-4.59279999999999,1.1405999999999992,1.1404999999999994,7
2010,Morgan St.,West Virginia,15,2,50,77,0,105.657,103.75,68.151,1.90682,1.9069999999999965,117.329,91.5966,62.3139,25.7322,25.7324,-13.578999999999994,-14.060400000000001,0.4814000000000078,5.8370999999999995,-23.82538,-23.825400000000002,13
2010,Wofford,Wisconsin,13,4,49,53,0,104.267,94.8414,63.1377,9.42513,9.425600000000005,115.399,89.8348,58.6587,25.564,25.5642,-20.557600000000008,-14.432199999999995,-6.125400000000013,4.478999999999999,-16.13887,-16.138599999999997,9
2010,Minnesota,Xavier,11,6,54,65,0,112.547,93.7989,65.3869,18.7481,18.748099999999997,114.769,94.9437,68.8639,19.8256,19.8253,-20.970100000000002,-17.60329999999999,-3.366800000000012,-3.477000000000004,-1.0775000000000006,-1.0772000000000013,5
2010,Old Dominion,Baylor,11,3,68,76,0,107.842,90.1999,62.4677,17.6423,17.6421,118.384,94.9837,64.0252,23.4007,23.4003,-28.1841,-12.8583,-15.325800000000001,-1.5574999999999974,-5.758400000000002,-5.758200000000002,8
2010,Murray St.,Butler,13,5,52,54,0,108.952,94.3666,65.5723,14.5856,14.585399999999993,110.745,90.7154,63.243,20.0295,20.0296,-16.3784,-18.236599999999996,1.8581999999999965,2.3292999999999964,-5.443899999999999,-5.444200000000006,8
2010,BYU,Kansas St.,7,2,72,84,0,117.315,92.8309,70.9239,24.4842,24.4841,115.425,90.4885,69.501,24.9367,24.936499999999995,-22.594099999999997,-26.826499999999996,4.232399999999998,1.4228999999999985,-0.452499999999997,-0.4523999999999937,5
2010,Wake Forest,Kentucky,9,1,60,90,0,106.69,91.7943,68.4678,14.8954,14.89569999999999,114.384,89.4743,67.5908,24.9097,24.9097,-22.589699999999993,-17.2157,-5.373999999999995,0.8769999999999953,-10.0143,-10.01400000000001,8
2010,Kansas,Northern Iowa,1,9,67,69,0,119.854,87.3419,66.6569,32.5121,32.512100000000004,108.029,89.7638,58.576,18.2648,18.265199999999997,-20.6871,-30.090199999999996,9.403099999999995,8.080899999999993,14.247299999999996,14.246900000000007,-8
2010,Villanova,St. Mary's,2,10,68,75,0,118.572,95.5965,71.172,22.9755,22.9755,116.442,97.0364,66.3664,19.4058,19.405599999999996,-20.845499999999987,-21.535600000000002,0.6901000000000153,4.805599999999998,3.569700000000001,3.569900000000004,-8
2010,Ohio,Tennessee,14,6,68,83,0,105.808,98.4546,68.1933,7.35379,7.353400000000008,106.604,89.2115,67.6684,17.3928,17.3925,-8.1494,-16.596500000000006,8.447100000000006,0.5248999999999882,-10.039010000000001,-10.03909999999999,8
2010,New Mexico,Washington,3,11,64,82,0,114.142,96.7568,67.1887,17.3849,17.385199999999998,111.513,93.6021,71.3389,17.9107,17.910900000000012,-14.756200000000007,-20.539900000000003,5.783699999999996,-4.150199999999998,-0.5258000000000003,-0.5257000000000147,-8
2010,Wisconsin,Cornell,4,12,69,87,0,115.399,89.8348,58.6587,25.564,25.5642,115.443,101.891,63.4422,13.552,13.551999999999992,-25.608199999999997,-13.507999999999996,-12.100200000000001,-4.7834999999999965,12.012,12.012200000000007,-8
2010,California,Duke,8,1,53,68,0,119.968,97.7354,67.121,22.2322,22.232600000000005,119.296,87.7467,64.9637,31.5489,31.5493,-21.560600000000008,-32.2213,10.660699999999991,2.1572999999999922,-9.3167,-9.316699999999994,7
2010,Maryland,Michigan St.,4,5,83,85,0,117.599,94.8962,68.1243,22.7026,22.70280000000001,112.268,91.9702,65.5206,20.2975,20.297799999999995,-17.371800000000007,-25.6288,8.25699999999999,2.6037000000000035,2.405100000000001,2.4050000000000153,-1
2010,Georgia Tech,Ohio St.,10,2,66,75,0,108.997,90.9613,67.9549,18.0357,18.03570000000001,117.429,91.9581,64.023,25.4713,25.4709,-26.467700000000008,-17.038899999999998,-9.42880000000001,3.931899999999999,-7.435600000000001,-7.435199999999991,8
2010,Texas A&M,Purdue,5,4,61,63,0,112.093,91.9447,64.0152,20.1487,20.14830000000001,110.762,88.1665,65.4793,22.5959,22.5955,-18.817300000000003,-23.926500000000004,5.109200000000001,-1.464100000000002,-2.4471999999999987,-2.4471999999999916,1
2010,Gonzaga,Syracuse,8,1,65,87,0,112.378,95.585,67.0743,16.7934,16.793000000000006,118.167,90.5783,68.6909,27.5886,27.588700000000003,-22.582000000000008,-21.7997,-0.7823000000000064,-1.6166000000000054,-10.795200000000001,-10.795699999999997,7
2010,Missouri,West Virginia,10,2,59,68,0,110.105,90.4261,68.6097,19.6787,19.6789,117.329,91.5966,62.3139,25.7322,25.7324,-26.90289999999999,-18.50840000000001,-8.39449999999998,6.295800000000007,-6.0535,-6.0535,8
2010,Pittsburgh,Xavier,3,6,68,71,0,111.307,92.5315,60.3262,18.7753,18.775500000000008,114.769,94.9437,68.8639,19.8256,19.8253,-22.23750000000001,-16.363299999999995,-5.874200000000016,-8.537700000000001,-1.0503,-1.0497999999999905,-3
2010,Syracuse,Butler,1,5,59,63,0,118.167,90.5783,68.6909,27.5886,27.588700000000003,110.745,90.7154,63.243,20.0295,20.0296,-20.166700000000006,-27.4516,7.284899999999993,5.447899999999997,7.559100000000001,7.559100000000004,-4
2010,Xavier,Kansas St.,6,2,96,101,0,114.769,94.9437,68.8639,19.8256,19.8253,115.425,90.4885,69.501,24.9367,24.936499999999995,-20.48129999999999,-24.280500000000004,3.7992000000000132,-0.6371000000000038,-5.111099999999997,-5.111199999999997,4
2010,Cornell,Kentucky,12,1,45,62,0,115.443,101.891,63.4422,13.552,13.551999999999992,114.384,89.4743,67.5908,24.9097,24.9097,-12.492999999999995,-25.9687,13.475700000000003,-4.148600000000002,-11.357700000000001,-11.357700000000008,11
2010,Washington,West Virginia,11,2,56,69,0,111.513,93.6021,71.3389,17.9107,17.910900000000012,117.329,91.5966,62.3139,25.7322,25.7324,-23.7269,-19.91640000000001,-3.8104999999999905,9.024999999999999,-7.8215,-7.821499999999986,9
2010,St. Mary's,Baylor,10,3,49,72,0,116.442,97.0364,66.3664,19.4058,19.405599999999996,118.384,94.9837,64.0252,23.4007,23.4003,-21.3476,-21.458299999999994,0.11069999999999425,2.3412000000000006,-3.9949000000000012,-3.9947000000000052,7
2010,Purdue,Duke,4,1,57,70,0,110.762,88.1665,65.4793,22.5959,22.5955,119.296,87.7467,64.9637,31.5489,31.5493,-31.129500000000007,-23.015299999999996,-8.114200000000011,0.5155999999999921,-8.953,-8.953799999999998,3
2010,Northern Iowa,Michigan St.,9,5,52,59,0,108.029,89.7638,58.576,18.2648,18.265199999999997,112.268,91.9702,65.5206,20.2975,20.297799999999995,-22.504199999999997,-16.05879999999999,-6.4454000000000065,-6.944600000000001,-2.0326999999999984,-2.0325999999999986,4
2010,Ohio St.,Tennessee,2,6,73,76,0,117.429,91.9581,64.023,25.4713,25.4709,106.604,89.2115,67.6684,17.3928,17.3925,-14.645899999999997,-28.2175,13.571600000000004,-3.6454000000000093,8.078499999999998,8.078400000000002,-4
2010,Kansas St.,Butler,2,5,56,63,0,115.425,90.4885,69.501,24.9367,24.936499999999995,110.745,90.7154,63.243,20.0295,20.0296,-20.256500000000003,-24.709599999999995,4.453099999999992,6.258000000000003,4.9072,4.906899999999997,-3
2010,Kentucky,West Virginia,1,2,66,73,0,114.384,89.4743,67.5908,24.9097,24.9097,117.329,91.5966,62.3139,25.7322,25.7324,-27.854699999999994,-22.787400000000005,-5.067299999999989,5.276900000000005,-0.822499999999998,-0.8226999999999975,-1
2010,Baylor,Duke,3,1,71,78,0,118.384,94.9837,64.0252,23.4007,23.4003,119.296,87.7467,64.9637,31.5489,31.5493,-24.312300000000008,-30.637299999999996,6.324999999999989,-0.9385000000000048,-8.1482,-8.148999999999997,2
2010,Tennessee,Michigan St.,6,5,69,70,0,106.604,89.2115,67.6684,17.3928,17.3925,112.268,91.9702,65.5206,20.2975,20.297799999999995,-23.0565,-14.633799999999994,-8.422700000000006,2.1478000000000037,-2.9046999999999983,-2.905299999999997,1
2010,Michigan St.,Butler,5,5,50,52,0,112.268,91.9702,65.5206,20.2975,20.297799999999995,110.745,90.7154,63.243,20.0295,20.0296,-18.7748,-21.552599999999998,2.777799999999999,2.2775999999999996,0.2680000000000007,0.26819999999999666,0
2010,West Virginia,Duke,2,1,57,78,0,117.329,91.5966,62.3139,25.7322,25.7324,119.296,87.7467,64.9637,31.5489,31.5493,-27.69940000000001,-29.58229999999999,1.882899999999978,-2.649800000000006,-5.816700000000001,-5.8169,1
2010,Butler,Duke,5,1,59,61,0,110.745,90.7154,63.243,20.0295,20.0296,119.296,87.7467,64.9637,31.5489,31.5493,-28.580600000000004,-22.9983,-5.582300000000004,-1.7207000000000008,-11.519400000000001,-11.5197,4
2011,UAB,Clemson,12,12,52,70,0,108.63,96.1119,62.1202,12.5184,12.51809999999999,107.856,90.4152,64.0185,17.4409,17.440799999999996,-11.744099999999989,-18.214799999999997,6.470700000000008,-1.898300000000006,-4.922499999999999,-4.922700000000006,0
2011,Arkansas Little Rock,UNC Asheville,16,16,77,81,0,100.167,104.657,64.4828,-4.48952,-4.489999999999995,101.432,99.0391,67.7991,2.393,2.3928999999999974,3.2249999999999943,-1.1278999999999968,4.352899999999991,-3.3162999999999982,-6.8825199999999995,-6.882899999999992,0
2011,Alabama St.,UTSA,16,16,61,70,0,92.3675,105.437,63.859,-13.0699,-13.06949999999999,101.474,106.668,67.0401,-5.19344,-5.194000000000003,3.962999999999994,14.3005,-10.337500000000006,-3.1810999999999936,-7.876460000000001,-7.875499999999988,0
2011,USC,VCU,11,11,46,59,0,108.303,93.9363,62.1879,14.3669,14.366699999999994,109.563,100.813,65.9737,8.74997,8.75,-15.6267,-7.489999999999995,-8.136700000000005,-3.7857999999999947,5.61693,5.6166999999999945,0
2011,Old Dominion,Butler,9,8,58,60,0,109.126,94.8747,60.8228,14.251,14.2513,112.272,97.278,63.7754,14.9935,14.994,-17.3973,-11.847999999999999,-5.549300000000002,-2.952599999999997,-0.7424999999999997,-0.7426999999999992,1
2011,Wofford,BYU,14,3,66,74,0,111.911,104.341,63.4771,7.57016,7.570000000000007,117.73,94.2638,70.3423,23.4657,23.4662,-13.38900000000001,-17.647199999999998,4.258199999999988,-6.865199999999994,-15.895539999999999,-15.896199999999993,11
2011,Missouri,Cincinnati,11,6,63,78,0,112.932,96.3729,71.2086,16.559,16.5591,109.822,90.218,63.2667,19.6039,19.604,-13.449100000000001,-22.714,9.264899999999997,7.941900000000004,-3.0448999999999984,-3.0448999999999984,5
2011,Bucknell,Connecticut,14,3,52,81,0,105.356,97.7759,65.0026,7.57974,7.580100000000002,114.804,93.1006,65.3986,21.703,21.7034,-17.02810000000001,-12.255399999999995,-4.772700000000015,-0.3960000000000008,-14.123259999999998,-14.123299999999997,11
2011,UC Santa Barbara,Florida,15,2,51,79,0,103.503,99.4018,64.4276,4.10161,4.101200000000006,114.555,95.0304,62.5758,19.5245,19.524600000000007,-15.153200000000012,-8.4726,-6.6806000000000125,1.8517999999999972,-15.422889999999999,-15.4234,13
2011,St. John's,Gonzaga,6,11,71,86,0,110.496,93.6698,66.3588,16.8263,16.8262,110.61,94.1013,66.6571,16.5087,16.508700000000005,-16.940200000000004,-16.3947,-0.5455000000000041,-0.29829999999999757,0.31759999999999877,0.31749999999999545,-5
2011,Utah St.,Kansas St.,12,5,68,73,0,110.413,90.2135,62.8424,20.1997,20.1995,109.524,92.0845,66.786,17.4393,17.439499999999995,-19.310500000000005,-18.32849999999999,-0.9820000000000135,-3.9436000000000035,2.7604000000000006,2.760000000000005,7
2011,Princeton,Kentucky,13,4,57,59,0,106.219,97.4016,63.3505,8.81724,8.817399999999992,117.76,92.4889,65.932,25.2715,25.271100000000004,-20.358400000000003,-13.730099999999993,-6.62830000000001,-2.5815000000000055,-16.454259999999998,-16.453700000000012,9
2011,Louisville,Morehead St.,4,13,61,62,0,111.247,88.3769,66.988,22.87,22.870099999999997,105.208,98.4152,63.8399,6.79253,6.7928,-16.831099999999992,-12.831800000000001,-3.999299999999991,3.1480999999999995,16.07747,16.077299999999997,-9
2011,UNC Asheville,Pittsburgh,16,1,51,74,0,101.432,99.0391,67.7991,2.393,2.3928999999999974,119.627,92.2012,62.2651,27.4261,27.425799999999995,-20.58789999999999,-9.230800000000002,-11.357099999999988,5.533999999999999,-25.0331,-25.032899999999998,15
2011,Vanderbilt,Richmond,5,12,66,69,0,115.206,97.7687,66.882,17.437,17.437300000000008,111.003,95.4298,63.1619,15.5729,15.5732,-13.234300000000005,-19.776200000000003,6.541899999999998,3.720100000000002,1.8641000000000005,1.8641000000000076,-7
2011,Northern Colorado,San Diego St.,15,2,50,68,0,106.011,101.426,67.118,4.58447,4.584999999999994,113.834,88.2242,62.8786,25.6096,25.609800000000007,-12.408000000000001,-17.7868,5.378799999999998,4.239399999999996,-21.02513,-21.024800000000013,13
2011,Penn St.,Temple,10,7,64,66,0,111.847,97.4264,59.8734,14.4209,14.420599999999991,109.724,92.7362,64.7767,16.988,16.987800000000007,-12.297600000000003,-19.110799999999998,6.813199999999995,-4.903300000000009,-2.5671,-2.5672000000000157,3
2011,Michigan St.,UCLA,10,7,76,78,0,108.503,93.7079,65.0151,14.7956,14.795100000000003,107.561,93.8189,65.5545,13.7419,13.742100000000008,-13.853100000000012,-14.6841,0.8309999999999889,-0.5394000000000005,1.053700000000001,1.0529999999999955,3
2011,Clemson,West Virginia,12,5,76,84,0,107.856,90.4152,64.0185,17.4409,17.440799999999996,113.313,93.145,62.7344,20.1684,20.168000000000006,-22.897800000000004,-14.710999999999999,-8.186800000000005,1.2841000000000022,-2.727499999999999,-2.7272000000000105,7
2011,Belmont,Wisconsin,13,4,58,72,0,112.236,93.268,68.7655,18.9677,18.968000000000004,121.946,96.348,56.891,25.5977,25.598,-28.677999999999997,-15.888000000000005,-12.789999999999992,11.874500000000005,-6.629999999999999,-6.6299999999999955,9
2011,Memphis,Arizona,12,5,75,77,0,103.673,96.7112,67.8874,6.96184,6.961799999999997,115.936,97.0522,65.5658,18.8834,18.883800000000008,-19.224800000000002,-6.620800000000003,-12.604,2.3216000000000037,-11.921560000000003,-11.922000000000011,7
2011,Hampton,Duke,16,1,45,87,0,93.9345,97.7279,66.566,-3.79341,-3.793400000000005,118.637,89.0891,69.1256,29.5475,29.5479,-20.909099999999995,-4.845399999999998,-16.063699999999997,-2.559600000000003,-33.34091,-33.341300000000004,15
2011,Texas A&M,Florida St.,7,10,50,57,0,109.943,94.5593,61.4192,15.3838,15.383700000000005,103.157,88.1874,67.5152,14.9701,14.9696,-8.597700000000003,-21.7556,13.157899999999998,-6.0959999999999965,0.4137000000000004,0.4141000000000048,-3
2011,Villanova,George Mason,9,8,57,61,0,114.746,96.4465,65.5804,18.299,18.299499999999995,113.269,94.9599,65.0301,18.3096,18.3091,-16.822500000000005,-19.78609999999999,2.9635999999999854,0.5502999999999929,-0.010600000000000165,-0.009600000000006048,1
2011,UNLV,Illinois,8,9,62,73,0,110.321,91.5518,66.9325,18.7696,18.7692,112.305,92.727,65.2946,19.5782,19.578000000000003,-20.753200000000007,-17.593999999999994,-3.1592000000000127,1.637900000000002,-0.8085999999999984,-0.8088000000000015,-1
2011,Boston University,Kansas,16,1,53,72,0,102.907,103.292,63.0646,-0.385171,-0.3850000000000051,119.505,90.8029,68.9821,28.7018,28.7021,-16.212999999999994,-12.104100000000003,-4.108899999999991,-5.917500000000004,-29.086971,-29.087100000000007,15
2011,Xavier,Marquette,6,11,55,66,0,112.808,96.2683,64.8622,16.5395,16.53970000000001,115.623,97.4927,66.7571,18.1301,18.130300000000005,-19.35470000000001,-15.315300000000008,-4.0394000000000005,-1.8948999999999927,-1.5905999999999985,-1.590599999999995,-5
2011,Tennessee,Michigan,9,8,45,75,0,107.96,94.5968,66.3754,13.3636,13.363199999999992,110.77,95.3533,61.959,15.4164,15.416699999999992,-16.173199999999994,-12.60669999999999,-3.566500000000005,4.416399999999996,-2.0527999999999995,-2.0534999999999997,1
2011,LIU Brooklyn,North Carolina,15,2,87,102,0,108.912,103.533,73.2043,5.37973,5.379000000000005,110.652,89.1087,70.5943,21.5431,21.5433,-7.119,-19.803300000000007,12.684300000000007,2.6099999999999994,-16.16337,-16.164299999999994,13
2011,Akron,Notre Dame,15,2,56,69,0,103.29,99.533,66.2222,3.75741,3.757000000000005,121.279,96.6246,63.3777,24.6542,24.654399999999995,-21.745999999999995,-6.665400000000005,-15.08059999999999,2.8445000000000036,-20.89679,-20.89739999999999,13
2011,UTSA,Ohio St.,16,1,46,75,0,101.474,106.668,67.0401,-5.19344,-5.194000000000003,123.643,91.4115,64.4098,32.232,32.2315,-16.974999999999994,-10.0625,-6.912499999999994,2.630299999999991,-37.42544,-37.4255,15
2011,St. Peter's,Purdue,14,3,43,65,0,95.0018,91.7599,64.6119,3.24183,3.241900000000001,115.013,89.4016,66.3974,25.6115,25.611400000000003,-23.253100000000003,-5.600200000000001,-17.652900000000002,-1.785499999999999,-22.36967,-22.369500000000002,11
2011,Indiana St.,Syracuse,14,3,60,77,0,101.49,96.8677,65.4175,4.62225,4.622299999999996,114.248,91.6187,65.0381,22.6298,22.6293,-17.380300000000005,-9.87129999999999,-7.5090000000000146,0.37940000000000396,-18.00755,-18.007000000000005,11
2011,Oakland,Texas,13,4,81,85,0,117.282,104.345,71.6088,12.9371,12.936999999999998,114.882,88.1564,65.8605,26.7252,26.7256,-10.537000000000006,-29.12559999999999,18.588599999999985,5.7483,-13.788100000000002,-13.788600000000002,9
2011,Georgetown,VCU,6,11,56,74,0,114.287,95.2916,63.7784,18.9952,18.995400000000004,109.563,100.813,65.9737,8.74997,8.75,-14.2714,-13.474000000000004,-0.7973999999999961,-2.195299999999996,10.245230000000001,10.245400000000004,-5
2011,Georgia,Washington,10,7,65,68,0,107.153,95.1889,64.1695,11.9637,11.964100000000002,116.488,94.2736,70.7555,22.2141,22.2144,-21.299099999999996,-12.879400000000004,-8.419699999999992,-6.5859999999999985,-10.250399999999999,-10.2503,3
2011,Pittsburgh,Butler,1,8,70,71,0,119.627,92.2012,62.2651,27.4261,27.425799999999995,112.272,97.278,63.7754,14.9935,14.994,-20.070800000000006,-22.34899999999999,2.278199999999984,-1.5103000000000009,12.432600000000003,12.431799999999996,-7
2011,Gonzaga,BYU,11,3,67,89,0,110.61,94.1013,66.6571,16.5087,16.508700000000005,117.73,94.2638,70.3423,23.4657,23.4662,-23.62870000000001,-16.346199999999996,-7.282500000000013,-3.6851999999999947,-6.956999999999997,-6.957499999999996,8
2011,Cincinnati,Connecticut,6,3,58,69,0,109.822,90.218,63.2667,19.6039,19.604,114.804,93.1006,65.3986,21.703,21.7034,-24.586,-16.721400000000003,-7.864599999999996,-2.1319000000000017,-2.0991,-2.0993999999999993,3
2011,UCLA,Florida,7,2,65,73,0,107.561,93.8189,65.5545,13.7419,13.742100000000008,114.555,95.0304,62.5758,19.5245,19.524600000000007,-20.736100000000008,-12.530600000000007,-8.2055,2.9787000000000035,-5.7826,-5.782499999999999,5
2011,West Virginia,Kentucky,5,4,63,71,0,113.313,93.145,62.7344,20.1684,20.168000000000006,117.76,92.4889,65.932,25.2715,25.271100000000004,-24.61500000000001,-20.8241,-3.7909000000000077,-3.1976000000000013,-5.103100000000001,-5.103099999999998,1
2011,Morehead St.,Richmond,13,12,48,65,0,105.208,98.4152,63.8399,6.79253,6.7928,111.003,95.4298,63.1619,15.5729,15.5732,-12.587800000000001,-9.778199999999998,-2.809600000000003,0.6779999999999973,-8.780370000000001,-8.7804,1
2011,Temple,San Diego St.,7,2,64,71,0,109.724,92.7362,64.7767,16.988,16.987800000000007,113.834,88.2242,62.8786,25.6096,25.609800000000007,-21.097800000000007,-21.499800000000008,0.402000000000001,1.8981000000000066,-8.6216,-8.622,5
2011,Kansas St.,Wisconsin,5,4,65,70,0,109.524,92.0845,66.786,17.4393,17.439499999999995,121.946,96.348,56.891,25.5977,25.598,-29.861499999999992,-13.176000000000002,-16.68549999999999,9.895000000000003,-8.1584,-8.158500000000004,1
2011,Texas,Arizona,4,5,69,70,0,114.882,88.1564,65.8605,26.7252,26.7256,115.936,97.0522,65.5658,18.8834,18.883800000000008,-27.779600000000002,-17.829800000000006,-9.949799999999996,0.29470000000000596,7.841799999999999,7.841799999999992,-1
2011,Michigan,Duke,8,1,71,73,0,110.77,95.3533,61.959,15.4164,15.416699999999992,118.637,89.0891,69.1256,29.5475,29.5479,-23.283699999999996,-21.680899999999994,-1.602800000000002,-7.1666000000000025,-14.1311,-14.131200000000007,7
2011,Notre Dame,Florida St.,2,10,57,71,0,121.279,96.6246,63.3777,24.6542,24.654399999999995,103.157,88.1874,67.5152,14.9701,14.9696,-6.5323999999999955,-33.0916,26.559200000000004,-4.137499999999996,9.684099999999999,9.684799999999996,-8
2011,Illinois,Kansas,9,1,59,73,0,112.305,92.727,65.2946,19.5782,19.578000000000003,119.505,90.8029,68.9821,28.7018,28.7021,-26.77799999999999,-21.502100000000013,-5.275899999999979,-3.6875,-9.1236,-9.124099999999999,8
2011,Syracuse,Marquette,3,11,62,66,0,114.248,91.6187,65.0381,22.6298,22.6293,115.623,97.4927,66.7571,18.1301,18.130300000000005,-24.0043,-16.755300000000005,-7.248999999999995,-1.718999999999994,4.499700000000001,4.498999999999995,-8
2011,Washington,North Carolina,7,2,83,86,0,116.488,94.2736,70.7555,22.2141,22.2144,110.652,89.1087,70.5943,21.5431,21.5433,-16.3784,-27.3793,11.000900000000001,0.1611999999999938,0.6709999999999994,0.6711000000000027,5
2011,George Mason,Ohio St.,8,1,66,98,0,113.269,94.9599,65.0301,18.3096,18.3091,123.643,91.4115,64.4098,32.232,32.2315,-28.683099999999996,-21.8575,-6.825599999999994,0.6203000000000003,-13.9224,-13.922399999999996,7
2011,Purdue,VCU,3,11,76,94,0,115.013,89.4016,66.3974,25.6115,25.611400000000003,109.563,100.813,65.9737,8.74997,8.75,-20.1614,-14.200000000000003,-5.961399999999998,0.42370000000001085,16.861530000000002,16.861400000000003,-8
2011,Duke,Arizona,1,5,77,93,0,118.637,89.0891,69.1256,29.5475,29.5479,115.936,97.0522,65.5658,18.8834,18.883800000000008,-26.846900000000005,-21.5848,-5.262100000000004,3.55980000000001,10.664099999999998,10.66409999999999,-4
2011,Wisconsin,Butler,4,8,54,61,0,121.946,96.348,56.891,25.5977,25.598,112.272,97.278,63.7754,14.9935,14.994,-15.924000000000007,-24.667999999999992,8.743999999999986,-6.884399999999999,10.6042,10.604,-4
2011,San Diego St.,Connecticut,2,3,67,74,0,113.834,88.2242,62.8786,25.6096,25.609800000000007,114.804,93.1006,65.3986,21.703,21.7034,-26.579800000000006,-20.733400000000003,-5.846400000000003,-2.520000000000003,3.906600000000001,3.9064000000000085,-1
2011,BYU,Florida,3,2,74,83,0,117.73,94.2638,70.3423,23.4657,23.4662,114.555,95.0304,62.5758,19.5245,19.524600000000007,-20.291200000000003,-22.699600000000004,2.4084000000000003,7.7664999999999935,3.9411999999999985,3.941599999999994,1
2011,Richmond,Kansas,12,1,57,77,0,111.003,95.4298,63.1619,15.5729,15.5732,119.505,90.8029,68.9821,28.7018,28.7021,-24.075199999999995,-20.200100000000006,-3.875099999999989,-5.8202,-13.128899999999998,-13.128900000000002,11
2011,Ohio St.,Kentucky,1,4,60,62,0,123.643,91.4115,64.4098,32.232,32.2315,117.76,92.4889,65.932,25.2715,25.271100000000004,-26.3485,-31.1541,4.805599999999998,-1.522199999999998,6.9605,6.960399999999993,-3
2011,Marquette,North Carolina,11,2,63,81,0,115.623,97.4927,66.7571,18.1301,18.130300000000005,110.652,89.1087,70.5943,21.5431,21.5433,-13.159300000000002,-26.514300000000006,13.355000000000004,-3.83720000000001,-3.4130000000000003,-3.412999999999993,9
2011,Florida St.,VCU,10,11,71,72,0,103.157,88.1874,67.5152,14.9701,14.9696,109.563,100.813,65.9737,8.74997,8.75,-21.375600000000006,-2.343999999999994,-19.03160000000001,1.5414999999999992,6.220130000000001,6.2196,-1
2011,Florida,Butler,2,8,71,74,0,114.555,95.0304,62.5758,19.5245,19.524600000000007,112.272,97.278,63.7754,14.9935,14.994,-17.241600000000005,-17.277,0.03539999999999566,-1.1995999999999967,4.531000000000001,4.530600000000007,-6
2011,Arizona,Connecticut,5,3,63,65,0,115.936,97.0522,65.5658,18.8834,18.883800000000008,114.804,93.1006,65.3986,21.703,21.7034,-17.751800000000003,-22.835400000000007,5.083600000000004,0.16719999999999402,-2.8195999999999977,-2.8195999999999906,2
2011,North Carolina,Kentucky,2,4,69,76,0,110.652,89.1087,70.5943,21.5431,21.5433,117.76,92.4889,65.932,25.2715,25.271100000000004,-28.651300000000006,-18.1631,-10.488200000000006,4.662300000000002,-3.7284000000000006,-3.7278000000000056,-2
2011,Kansas,VCU,1,11,61,71,0,119.505,90.8029,68.9821,28.7018,28.7021,109.563,100.813,65.9737,8.74997,8.75,-18.76010000000001,-18.691999999999993,-0.06810000000001537,3.008400000000009,19.95183,19.9521,-10
2011,VCU,Butler,11,8,62,70,0,109.563,100.813,65.9737,8.74997,8.75,112.272,97.278,63.7754,14.9935,14.994,-11.459000000000003,-12.284999999999997,0.8259999999999934,2.198299999999996,-6.24353,-6.244,3
2011,Kentucky,Connecticut,4,3,55,56,0,117.76,92.4889,65.932,25.2715,25.271100000000004,114.804,93.1006,65.3986,21.703,21.7034,-22.3151,-24.659400000000005,2.344300000000004,0.5334000000000003,3.5685000000000002,3.5677000000000056,1
2011,Butler,Connecticut,8,3,41,53,0,112.272,97.278,63.7754,14.9935,14.994,114.804,93.1006,65.3986,21.703,21.7034,-17.525999999999996,-19.171400000000006,1.6454000000000093,-1.6232000000000042,-6.7095,-6.709399999999999,5
2012,Iona,BYU,14,14,72,78,0,115.979,103.63,69.0723,12.3492,12.349000000000004,106.894,93.9601,71.6581,12.9336,12.933900000000008,-3.26400000000001,-22.018900000000002,18.754899999999992,-2.585800000000006,-0.5844000000000005,-0.5849000000000046,0
2012,Mississippi Valley St.,Western Kentucky,16,16,58,59,0,98.6794,105.054,67.9152,-6.3745,-6.374600000000001,98.1875,101.022,66.9018,-2.83435,-2.8345000000000056,6.866500000000002,2.3426000000000045,4.523899999999998,1.0134000000000043,-3.54015,-3.5400999999999954,0
2012,California,South Florida,12,12,54,65,0,111.11,94.5611,65.1101,16.549,16.548900000000003,102.792,91.3144,57.9277,11.4773,11.477599999999995,-8.230900000000005,-19.795599999999993,11.564699999999988,7.182400000000001,5.0717,5.071300000000008,0
2012,Lamar,Vermont,16,16,59,71,0,107.54,100.064,65.5439,7.476,7.476000000000013,104.447,100.224,61.3192,4.2234,4.222999999999999,-4.38300000000001,-7.3160000000000025,2.9329999999999927,4.2246999999999915,3.2526,3.2530000000000143,0
2012,South Dakota St.,Baylor,14,3,60,68,0,113.756,102.043,64.332,11.7129,11.712999999999994,115.656,94.2364,64.8088,21.4193,21.419600000000003,-13.613,-19.519599999999997,5.906599999999997,-0.47680000000001144,-9.7064,-9.706600000000009,11
2012,UNLV,Colorado,6,11,64,68,0,109.975,93.9097,67.7911,16.0655,16.065299999999993,104.614,96.2689,64.2147,8.34556,8.345100000000002,-10.704300000000003,-13.706099999999992,3.0017999999999887,3.5764000000000067,7.719939999999999,7.720199999999991,-5
2012,West Virginia,Gonzaga,10,7,54,77,0,111.599,97.0738,63.2691,14.5249,14.525199999999998,111.604,94.5893,64.3904,17.0149,17.014700000000005,-14.530199999999994,-17.00970000000001,2.479500000000016,-1.121299999999998,-2.49,-2.4895000000000067,3
2012,New Mexico St.,Indiana,13,4,66,79,0,109.141,97.4887,69.1013,11.6518,11.652300000000013,119.547,97.0081,66.0427,22.5388,22.5389,-22.058300000000003,-12.132900000000006,-9.925399999999996,3.0585999999999984,-10.886999999999999,-10.886599999999989,9
2012,Connecticut,Iowa St.,9,8,64,77,0,111.126,96.1075,62.2672,15.0185,15.018500000000005,112.844,96.3879,65.1229,16.4561,16.456099999999992,-16.736499999999992,-14.738100000000003,-1.9983999999999895,-2.855699999999999,-1.4375999999999998,-1.4375999999999873,1
2012,Southern Miss,Kansas St.,9,8,64,70,0,111.225,99.9599,63.0961,11.2651,11.26509999999999,109.953,91.6575,65.8239,18.2953,18.295500000000004,-9.993099999999998,-19.567499999999995,9.574399999999997,-2.727799999999995,-7.030200000000001,-7.030400000000014,1
2012,Western Kentucky,Kentucky,16,1,66,81,0,98.1875,101.022,66.9018,-2.83435,-2.8345000000000056,120.566,88.8382,64.0843,31.7277,31.7278,-19.543999999999997,-9.3493,-10.194699999999997,2.8174999999999955,-34.56205,-34.56230000000001,15
2012,Davidson,Louisville,13,4,62,69,0,111.768,101.075,66.7002,10.6934,10.692999999999998,105.207,86.3916,65.9921,18.8157,18.8154,-4.131999999999991,-25.376400000000004,21.244400000000013,0.7081000000000017,-8.1223,-8.122400000000003,9
2012,BYU,Marquette,14,3,68,88,0,106.894,93.9601,71.6581,12.9336,12.933900000000008,112.422,93.0852,69.187,19.3365,19.3368,-18.4619,-13.808800000000005,-4.653099999999995,2.471100000000007,-6.402900000000001,-6.402899999999992,11
2012,Colorado St.,Murray St.,11,6,41,58,0,113.273,103.767,63.0838,9.50647,9.506,110.21,95.1414,64.2846,15.069,15.06859999999999,-6.442999999999998,-18.13159999999999,11.688599999999994,-1.200800000000001,-5.562530000000001,-5.562599999999989,5
2012,Long Beach St.,New Mexico,12,5,68,75,0,111.581,95.9447,65.5618,15.6363,15.636300000000006,110.405,90.4523,65.0743,19.9522,19.952700000000007,-14.460300000000004,-21.12870000000001,6.668400000000005,0.48750000000001137,-4.315900000000001,-4.316400000000002,7
2012,Loyola MD,Ohio St.,15,2,59,78,0,103.745,100.068,62.6291,3.6774,3.677000000000007,117.705,87.8032,65.7505,29.9016,29.901799999999994,-17.637,-15.9418,-1.6951999999999998,-3.1214000000000013,-26.2242,-26.224799999999988,13
2012,UNC Asheville,Syracuse,16,1,65,72,0,109.605,104.64,67.7396,4.96548,4.965000000000003,116.026,90.5173,64.1527,25.5085,25.50869999999999,-11.385999999999996,-19.087699999999998,7.701700000000002,3.5869,-20.543020000000002,-20.543699999999987,15
2012,Wichita St.,VCU,5,12,59,62,0,116.963,93.7271,65.0878,23.2362,23.2359,107.166,94.5327,64.298,12.6331,12.633299999999991,-13.438900000000004,-22.43029999999999,8.991399999999985,0.7897999999999996,10.6031,10.60260000000001,-7
2012,Harvard,Vanderbilt,12,5,70,79,0,108.398,93.6424,59.748,14.756,14.7556,114.775,94.4476,63.9958,20.3275,20.32740000000001,-21.13260000000001,-13.950400000000002,-7.182200000000009,-4.247800000000005,-5.5715,-5.571800000000012,7
2012,Montana,Wisconsin,13,4,49,73,0,103.543,95.6693,63.555,7.87347,7.873699999999999,111.961,88.662,57.0497,23.2991,23.298999999999992,-16.29169999999999,-14.881,-1.4106999999999914,6.505299999999998,-15.425629999999998,-15.425299999999993,9
2012,Texas,Cincinnati,11,6,59,65,0,113.26,96.748,64.1535,16.5122,16.512,109.258,94.1152,61.9205,15.1423,15.142799999999994,-12.509999999999991,-19.144800000000004,6.634800000000013,2.232999999999997,1.3698999999999995,1.3692000000000064,5
2012,Alabama,Creighton,9,8,57,58,0,106.031,89.3714,61.5091,16.6596,16.65960000000001,119.641,102.559,65.4893,17.0818,17.082000000000008,-30.26960000000001,-3.4720000000000084,-26.797600000000003,-3.9802000000000035,-0.42220000000000013,-0.4223999999999961,1
2012,Virginia,Florida,10,7,45,71,0,106.186,88.8224,58.3843,17.3633,17.363600000000005,120.271,99.98,63.4917,20.2909,20.291,-31.4486,-6.206000000000003,-25.242599999999996,-5.107399999999998,-2.9276000000000018,-2.927399999999995,3
2012,St. Bonaventure,Florida St.,14,3,63,66,0,110.138,98.5497,62.409,11.5887,11.588300000000004,107.767,89.7815,66.0495,17.9858,17.985500000000002,-9.217299999999994,-20.35650000000001,11.139200000000017,-3.640499999999996,-6.397100000000002,-6.397199999999998,11
2012,Belmont,Georgetown,14,3,59,74,0,117.088,99.4192,66.7473,17.6692,17.66879999999999,109.993,89.6577,61.6397,20.3352,20.33529999999999,-10.573799999999991,-27.43029999999999,16.856499999999997,5.107599999999998,-2.6660000000000004,-2.666499999999999,11
2012,Detroit,Kansas,15,2,50,65,0,108.41,102.907,66.4169,5.50243,5.503,116.066,89.1479,65.9779,26.918,26.918099999999995,-13.159000000000006,-19.26209999999999,6.1030999999999835,0.43899999999999295,-21.41557,-21.415099999999995,13
2012,Duke,Lehigh,2,15,70,75,0,117.909,97.043,65.6315,20.8659,20.866,108.606,99.6982,67.0402,8.90823,8.907799999999995,-11.562999999999988,-18.210800000000006,6.647800000000018,-1.408699999999996,11.95767,11.958200000000005,-13
2012,LIU Brooklyn,Michigan St.,16,1,67,89,0,108.1,107.557,72.7955,0.542871,0.5429999999999922,115.088,86.2697,63.9032,28.8179,28.818299999999997,-7.530999999999992,-21.830299999999994,14.299300000000002,8.892300000000006,-28.275029,-28.275300000000005,15
2012,Missouri,Norfolk St.,2,15,84,86,0,124.486,97.8055,64.7708,26.6802,26.68050000000001,99.5279,101.974,66.0683,-2.44646,-2.4461000000000013,-1.7224000000000075,-22.512,20.789599999999993,-1.2974999999999994,29.12666,29.12660000000001,-13
2012,Vermont,North Carolina,16,1,58,77,0,104.447,100.224,61.3192,4.2234,4.222999999999999,117.11,90.8369,70.0151,26.2727,26.2731,-16.885999999999996,-13.610100000000003,-3.275899999999993,-8.695900000000002,-22.049300000000002,-22.0501,15
2012,Michigan,Ohio,4,13,60,65,0,113.975,95.8679,59.5682,18.1066,18.10709999999999,105.736,94.9527,65.5881,10.7829,10.783300000000011,-9.868099999999998,-19.0223,9.154200000000003,-6.0199,7.3237000000000005,7.323799999999977,-9
2012,St. Mary's,Purdue,7,10,69,72,0,114.424,98.8981,62.3728,15.5262,15.525900000000007,116.142,100.148,63.7048,15.9933,15.994,-17.243899999999996,-14.27600000000001,-2.967899999999986,-1.3320000000000007,-0.4671000000000003,-0.46809999999999263,-3
2012,Temple,South Florida,5,12,44,58,0,114.086,98.5508,65.2739,15.5352,15.535200000000003,102.792,91.3144,57.9277,11.4773,11.477599999999995,-4.241200000000006,-22.771599999999992,18.530399999999986,7.346199999999996,4.0579,4.057600000000008,-7
2012,Memphis,Saint Louis,8,9,54,61,0,114.7,92.1444,66.8618,22.5554,22.5556,111.629,91.0501,61.301,20.5785,20.578900000000004,-19.4846,-23.649900000000002,4.165300000000002,5.5608,1.9769000000000005,1.976699999999994,-1
2012,Notre Dame,Xavier,7,10,63,67,0,110.251,96.0393,59.5561,14.2112,14.211700000000008,107.588,95.9824,65.9384,11.6059,11.605599999999995,-11.548699999999997,-14.268600000000006,2.7199000000000098,-6.382300000000001,2.6052999999999997,2.606100000000012,-3
2012,Colorado,Baylor,11,3,63,80,0,104.614,96.2689,64.2147,8.34556,8.345100000000002,115.656,94.2364,64.8088,21.4193,21.419600000000003,-19.387100000000004,-10.377600000000001,-9.009500000000003,-0.5941000000000116,-13.073739999999999,-13.0745,8
2012,VCU,Indiana,12,4,61,63,0,107.166,94.5327,64.298,12.6331,12.633299999999991,119.547,97.0081,66.0427,22.5388,22.5389,-25.01429999999999,-10.157899999999998,-14.856399999999994,-1.7446999999999946,-9.905699999999998,-9.90560000000001,8
2012,Iowa St.,Kentucky,8,1,71,87,0,112.844,96.3879,65.1229,16.4561,16.456099999999992,120.566,88.8382,64.0843,31.7277,31.7278,-24.1781,-24.005799999999994,-0.172300000000007,1.0386000000000024,-15.2716,-15.271700000000006,7
2012,New Mexico,Louisville,5,4,56,59,0,110.405,90.4523,65.0743,19.9522,19.952700000000007,105.207,86.3916,65.9921,18.8157,18.8154,-14.7547,-24.013400000000004,9.258700000000005,-0.9177999999999997,1.1365000000000016,1.1373000000000069,1
2012,Murray St.,Marquette,6,3,53,62,0,110.21,95.1414,64.2846,15.069,15.06859999999999,112.422,93.0852,69.187,19.3365,19.3368,-17.280599999999993,-17.124799999999993,-0.15579999999999927,-4.9024,-4.2675,-4.268200000000011,3
2012,Gonzaga,Ohio St.,7,2,66,73,0,111.604,94.5893,64.3904,17.0149,17.014700000000005,117.705,87.8032,65.7505,29.9016,29.901799999999994,-23.115700000000004,-23.800799999999995,0.6850999999999914,-1.3601000000000028,-12.886699999999998,-12.88709999999999,5
2012,Kansas St.,Syracuse,8,1,59,75,0,109.953,91.6575,65.8239,18.2953,18.295500000000004,116.026,90.5173,64.1527,25.5085,25.50869999999999,-24.368499999999997,-19.435699999999997,-4.9328,1.671199999999999,-7.2132000000000005,-7.213199999999986,7
2012,Vanderbilt,Wisconsin,5,4,57,60,0,114.775,94.4476,63.9958,20.3275,20.32740000000001,111.961,88.662,57.0497,23.2991,23.298999999999992,-17.513400000000004,-26.113,8.599599999999995,6.946100000000001,-2.9715999999999987,-2.971599999999981,1
2012,Florida St.,Cincinnati,3,6,56,62,0,107.767,89.7815,66.0495,17.9858,17.985500000000002,109.258,94.1152,61.9205,15.1423,15.142799999999994,-19.4765,-13.651799999999994,-5.824700000000007,4.128999999999998,2.8435000000000006,2.8427000000000078,-3
2012,Norfolk St.,Florida,15,7,50,84,0,99.5279,101.974,66.0683,-2.44646,-2.4461000000000013,120.271,99.98,63.4917,20.2909,20.291,-18.296999999999997,0.4521000000000015,-18.7491,2.576599999999992,-22.737360000000002,-22.7371,8
2012,Purdue,Kansas,10,2,60,63,0,116.142,100.148,63.7048,15.9933,15.994,116.066,89.1479,65.9779,26.918,26.918099999999995,-15.918000000000006,-26.99409999999999,11.076099999999983,-2.2731000000000066,-10.9247,-10.924099999999996,8
2012,Saint Louis,Michigan St.,9,1,61,65,0,111.629,91.0501,61.301,20.5785,20.578900000000004,115.088,86.2697,63.9032,28.8179,28.818299999999997,-24.037899999999993,-25.359300000000005,1.3214000000000112,-2.6021999999999963,-8.239400000000003,-8.239399999999993,8
2012,Creighton,North Carolina,8,1,73,87,0,119.641,102.559,65.4893,17.0818,17.082000000000008,117.11,90.8369,70.0151,26.2727,26.2731,-14.551000000000002,-28.804100000000005,14.253100000000003,-4.525800000000004,-9.1909,-9.191099999999992,7
2012,South Florida,Ohio,12,13,56,62,0,102.792,91.3144,57.9277,11.4773,11.477599999999995,105.736,94.9527,65.5881,10.7829,10.783300000000011,-14.421599999999998,-7.839300000000009,-6.582299999999989,-7.660399999999996,0.6943999999999999,0.6942999999999842,-1
2012,Lehigh,Xavier,15,10,58,70,0,108.606,99.6982,67.0402,8.90823,8.907799999999995,107.588,95.9824,65.9384,11.6059,11.605599999999995,-7.889799999999994,-12.623599999999996,4.733800000000002,1.1017999999999972,-2.6976700000000005,-2.697800000000001,5
2012,Marquette,Florida,3,7,58,68,0,112.422,93.0852,69.187,19.3365,19.3368,120.271,99.98,63.4917,20.2909,20.291,-27.1858,-12.441999999999993,-14.743800000000007,5.695299999999996,-0.9543999999999997,-0.9542000000000002,-4
2012,Michigan St.,Louisville,1,4,44,57,0,115.088,86.2697,63.9032,28.8179,28.818299999999997,105.207,86.3916,65.9921,18.8157,18.8154,-18.937299999999993,-28.696399999999997,9.759100000000004,-2.0888999999999953,10.002200000000002,10.002899999999997,-3
2012,Cincinnati,Ohio St.,6,2,66,81,0,109.258,94.1152,61.9205,15.1423,15.142799999999994,117.705,87.8032,65.7505,29.9016,29.901799999999994,-23.589799999999997,-21.45479999999999,-2.135000000000005,-3.8300000000000054,-14.759299999999998,-14.759,4
2012,Wisconsin,Syracuse,4,1,63,64,0,111.961,88.662,57.0497,23.2991,23.298999999999992,116.026,90.5173,64.1527,25.5085,25.50869999999999,-27.36399999999999,-21.443699999999993,-5.9202999999999975,-7.102999999999994,-2.2094000000000023,-2.209699999999998,3
2012,Xavier,Baylor,10,3,70,75,0,107.588,95.9824,65.9384,11.6059,11.605599999999995,115.656,94.2364,64.8088,21.4193,21.419600000000003,-19.673600000000008,-13.35159999999999,-6.322000000000017,1.1295999999999964,-9.8134,-9.814000000000007,7
2012,Indiana,Kentucky,4,1,90,102,0,119.547,97.0081,66.0427,22.5388,22.5389,120.566,88.8382,64.0843,31.7277,31.7278,-23.557900000000004,-30.708799999999997,7.150899999999993,1.9583999999999975,-9.1889,-9.188899999999997,3
2012,Ohio,North Carolina,13,1,65,73,0,105.736,94.9527,65.5881,10.7829,10.783300000000011,117.11,90.8369,70.0151,26.2727,26.2731,-22.157300000000006,-14.899100000000004,-7.258200000000002,-4.427000000000007,-15.4898,-15.489799999999988,12
2012,Florida,Louisville,7,4,68,72,0,120.271,99.98,63.4917,20.2909,20.291,105.207,86.3916,65.9921,18.8157,18.8154,-5.22699999999999,-33.879400000000004,28.652400000000014,-2.500399999999992,1.475200000000001,1.4756,3
2012,Syracuse,Ohio St.,1,2,70,77,0,116.026,90.5173,64.1527,25.5085,25.50869999999999,117.705,87.8032,65.7505,29.9016,29.901799999999994,-27.187699999999992,-28.222799999999992,1.0351,-1.5978000000000065,-4.393099999999997,-4.393100000000004,-1
2012,North Carolina,Kansas,1,2,67,80,0,117.11,90.8369,70.0151,26.2727,26.2731,116.066,89.1479,65.9779,26.918,26.918099999999995,-25.229100000000003,-27.962099999999992,2.73299999999999,4.037199999999999,-0.6452999999999989,-0.644999999999996,-1
2012,Baylor,Kentucky,3,1,70,82,0,115.656,94.2364,64.8088,21.4193,21.419600000000003,120.566,88.8382,64.0843,31.7277,31.7278,-26.3296,-26.817800000000005,0.4882000000000062,0.7245000000000061,-10.308399999999999,-10.308199999999996,2
2012,Ohio St.,Kansas,2,2,62,64,0,117.705,87.8032,65.7505,29.9016,29.901799999999994,116.066,89.1479,65.9779,26.918,26.918099999999995,-28.2628,-28.55709999999999,0.2942999999999927,-0.22740000000000293,2.983599999999999,2.983699999999999,0
2012,Louisville,Kentucky,4,1,61,69,0,105.207,86.3916,65.9921,18.8157,18.8154,120.566,88.8382,64.0843,31.7277,31.7278,-34.174400000000006,-16.368799999999993,-17.805600000000013,1.9077999999999946,-12.911999999999999,-12.912399999999998,3
2012,Kansas,Kentucky,2,1,59,67,0,116.066,89.1479,65.9779,26.918,26.918099999999995,120.566,88.8382,64.0843,31.7277,31.7278,-31.418099999999995,-27.227800000000002,-4.1902999999999935,1.8936000000000064,-4.809699999999999,-4.809700000000003,1
2013,Liberty,North Carolina A&T,16,16,72,73,0,100.529,110.044,63.8178,-9.51521,-9.515,92.5828,97.9108,64.8071,-5.32804,-5.327999999999989,17.46119999999999,-2.6182000000000016,20.079399999999993,-0.9893000000000072,-4.18717,-4.187000000000012,0
2013,Middle Tennessee,St. Mary's,11,11,54,67,0,107.517,91.9796,62.9037,15.5372,15.537399999999993,116.686,97.7603,62.7285,18.9259,18.92570000000001,-24.706400000000002,-9.756699999999995,-14.949700000000007,0.1752000000000038,-3.3886999999999983,-3.388300000000017,0
2013,LIU Brooklyn,James Madison,16,16,55,68,0,111.069,112.442,66.723,-1.37364,-1.3729999999999905,99.5556,101.23,62.5026,-1.67462,-1.6744000000000057,12.886399999999995,-9.838999999999999,22.725399999999993,4.220399999999998,0.30098,0.3014000000000152,0
2013,Boise St.,La Salle,13,13,71,80,0,113.2,98.0999,64.2697,15.1001,15.100099999999998,110.546,97.2446,64.3651,13.3018,13.3014,-12.446100000000001,-15.955399999999997,3.509299999999996,-0.09539999999999793,1.7982999999999993,1.7986999999999984,0
2013,Belmont,Arizona,11,6,64,81,0,111.598,95.8476,65.3017,15.7507,15.7504,114.263,93.7326,64.9417,20.5305,20.5304,-18.415400000000005,-17.865399999999994,-0.5500000000000114,0.35999999999999943,-4.7798,-4.779999999999999,5
2013,Bucknell,Butler,11,6,56,68,0,107.882,94.4384,60.9891,13.4434,13.443600000000004,110.071,95.2626,62.5561,14.8086,14.808399999999992,-15.632599999999996,-12.619399999999999,-3.0131999999999977,-1.5670000000000002,-1.3651999999999997,-1.3647999999999882,5
2013,UNLV,California,5,12,61,64,0,106.858,89.633,67.0633,17.2254,17.22500000000001,107.434,94.7044,63.887,12.7298,12.72959999999999,-17.801000000000002,-12.153599999999997,-5.647400000000005,3.1762999999999977,4.495600000000001,4.495400000000018,-7
2013,Missouri,Colorado St.,9,8,72,84,0,115.006,95.7839,65.5079,19.2225,19.2221,118.136,97.9562,62.9945,20.1795,20.1798,-22.352099999999993,-17.049800000000005,-5.302299999999988,2.5134000000000043,-0.9570000000000007,-0.9576999999999991,1
2013,Southern,Gonzaga,16,1,58,64,0,99.0012,99.294,62.7873,-0.292737,-0.2927999999999997,120.831,91.8845,62.4727,28.9467,28.9465,-21.537000000000006,-7.1166999999999945,-14.420300000000012,0.31459999999999866,-29.239437,-29.2393,15
2013,New Mexico,Harvard,3,14,62,68,0,110.537,89.8302,63.1277,20.7068,20.7068,108.139,101.233,62.4831,6.90592,6.905999999999992,-18.30879999999999,-9.304000000000002,-9.004799999999989,0.644599999999997,13.800880000000001,13.80080000000001,-11
2013,North Carolina A&T,Louisville,16,1,48,79,0,92.5828,97.9108,64.8071,-5.32804,-5.327999999999989,114.313,83.1717,65.2907,31.1411,31.1413,-16.402200000000008,-9.411100000000005,-6.991100000000003,-0.4835999999999956,-36.46914,-36.46929999999999,15
2013,Davidson,Marquette,14,3,58,59,0,112.441,101.27,63.2755,11.1711,11.171000000000006,113.994,95.3386,62.8067,18.6549,18.6554,-12.724000000000004,-17.102400000000003,4.378399999999999,0.46880000000000166,-7.483800000000002,-7.484399999999994,11
2013,St. Mary's,Memphis,11,6,52,54,0,116.686,97.7603,62.7285,18.9259,18.92570000000001,108.62,91.9204,67.7883,16.6993,16.699600000000004,-10.859700000000004,-24.765600000000006,13.905900000000003,-5.05980000000001,2.2265999999999977,2.226100000000006,5
2013,South Dakota St.,Michigan,13,4,56,71,0,112.586,105.42,61.9938,7.16609,7.165999999999997,120.868,95.8775,62.8699,24.9907,24.9905,-15.447999999999993,-16.7085,1.2605000000000075,-0.876100000000001,-17.82461,-17.824500000000004,9
2013,Valparaiso,Michigan St.,14,3,54,65,0,111.066,99.147,63.7461,11.9193,11.918999999999995,112.662,89.423,62.5852,23.2393,23.239000000000004,-13.515,-21.643,8.128,1.160899999999998,-11.32,-11.32000000000001,11
2013,Oklahoma St.,Oregon,5,12,55,68,0,109.664,90.2456,65.3529,19.4182,19.418400000000005,105.529,90.6673,67.0931,14.8613,14.8617,-15.2834,-18.996700000000004,3.713300000000004,-1.7402000000000015,4.556899999999999,4.556700000000005,-7
2013,New Mexico St.,Saint Louis,13,4,44,64,0,105.566,96.7219,63.1987,8.84441,8.844099999999997,108.951,88.6822,63.0796,20.269,20.2688,-12.229099999999988,-16.883800000000008,4.65470000000002,0.11910000000000309,-11.424589999999998,-11.424700000000001,9
2013,Montana,Syracuse,13,4,34,81,0,105.569,102.857,61.796,2.71159,2.7120000000000037,114.546,91.9806,62.6287,22.5652,22.56540000000001,-11.689000000000007,-13.588400000000007,1.8994,-0.8327000000000027,-19.85361,-19.853400000000008,9
2013,Akron,VCU,12,5,42,88,0,107.801,94.0583,64.6243,13.7427,13.7427,113.747,94.4178,65.764,19.3295,19.3292,-19.688699999999997,-13.383200000000002,-6.305499999999995,-1.1396999999999906,-5.5868,-5.586500000000001,7
2013,Pittsburgh,Wichita St.,8,9,55,73,0,116.301,91.1994,58.1464,25.1014,25.101600000000005,109.966,92.5764,62.4159,17.3895,17.389599999999987,-18.766599999999997,-23.724599999999995,4.957999999999998,-4.269500000000001,7.7119,7.7120000000000175,-1
2013,Cincinnati,Creighton,10,7,63,67,0,105.794,90.2087,62.2632,15.5856,15.585300000000004,119.389,97.1644,63.0944,22.2247,22.224599999999995,-29.180300000000003,-8.629599999999996,-20.550700000000006,-0.8312000000000026,-6.639099999999999,-6.6392999999999915,3
2013,Albany,Duke,15,2,61,73,0,102.346,101.191,61.1481,1.15535,1.1550000000000011,119.646,92.9223,66.0764,26.724,26.723699999999997,-18.455,-9.423699999999997,-9.031300000000002,-4.928300000000007,-25.56865,-25.568699999999996,13
2013,Georgetown,Florida Gulf Coast,2,15,68,78,0,107.747,85.5846,59.9536,22.1624,22.162400000000005,103.304,99.9512,66.6594,3.35293,3.352800000000002,-17.719400000000007,-7.7958,-9.923600000000008,-6.7058000000000035,18.80947,18.809600000000003,-13
2013,Northwestern St.,Florida,14,3,47,79,0,106.886,103.699,71.4118,3.18756,3.1869999999999976,118.162,86.1792,60.6898,31.9831,31.98280000000001,-14.463000000000008,-20.7068,6.243799999999993,10.722000000000001,-28.79554,-28.795800000000014,11
2013,Colorado,Illinois,10,7,49,57,0,107.269,92.4737,63.0028,14.7956,14.795300000000012,110.496,95.3564,64.2338,15.1395,15.139600000000002,-18.0223,-11.912600000000012,-6.1096999999999895,-1.2310000000000016,-0.34389999999999965,-0.34429999999998984,3
2013,James Madison,Indiana,16,1,62,83,0,99.5556,101.23,62.5026,-1.67462,-1.6744000000000057,122.482,92.5582,65.7072,29.9242,29.9238,-21.251999999999995,-6.997399999999999,-14.254599999999996,-3.2045999999999992,-31.59882,-31.598200000000006,15
2013,Notre Dame,Iowa St.,7,10,58,76,0,115.515,98.0769,59.569,17.4382,17.438100000000006,116.863,100.569,67.5365,16.2941,16.293999999999997,-18.786100000000005,-14.945999999999998,-3.8401000000000067,-7.967500000000001,1.1440999999999981,1.1441000000000088,-3
2013,Western Kentucky,Kansas,16,1,57,64,0,101.798,102.763,63.8433,-0.965895,-0.9650000000000034,113.253,87.8314,65.5441,25.4211,25.4216,-10.489999999999995,-13.9666,3.476600000000005,-1.700800000000001,-26.386995,-26.386600000000005,15
2013,Kansas St.,La Salle,4,13,61,63,0,113.291,95.0325,60.9899,18.2582,18.2585,110.546,97.2446,64.3651,13.3018,13.3014,-15.513500000000008,-16.04639999999999,0.5328999999999837,-3.3751999999999995,4.956399999999999,4.957100000000002,-9
2013,Pacific,Miami FL,15,2,49,78,0,106.871,101.331,61.5719,5.53976,5.539999999999992,113.044,90.7587,61.2753,22.2852,22.285299999999992,-11.712999999999994,-16.11229999999999,4.399299999999997,0.296599999999998,-16.74544,-16.7453,13
2013,UCLA,Minnesota,6,11,63,83,0,111.467,96.3046,67.4331,15.1624,15.162400000000003,113.792,94.6477,61.1328,19.1442,19.1443,-17.487400000000008,-16.8193,-0.6681000000000097,6.300299999999993,-3.9818000000000016,-3.9818999999999978,-5
2013,Wisconsin,Mississippi,5,12,46,57,0,108.829,85.8206,59.9822,23.008,23.008399999999995,112.338,95.8159,68.7636,16.5223,16.522099999999995,-26.517399999999995,-13.013099999999994,-13.5043,-8.781399999999998,6.485699999999998,6.4863,-7
2013,Villanova,North Carolina,9,8,71,78,0,106.057,92.4411,65.6855,13.6158,13.615899999999996,112.478,95.3146,68.7962,17.1634,17.163399999999996,-20.03689999999999,-10.742400000000004,-9.294499999999985,-3.1106999999999942,-3.547599999999999,-3.5474999999999994,1
2013,Iona,Ohio St.,15,2,70,95,0,114.644,106.791,68.6813,7.85234,7.853000000000009,114.487,89.3191,62.2577,25.1682,25.16789999999999,-7.695999999999998,-25.3249,17.6289,6.423599999999993,-17.31586,-17.31489999999998,13
2013,Oklahoma,San Diego St.,10,7,55,70,0,111.409,97.0916,64.6503,14.3172,14.317400000000006,107.707,89.1276,64.8362,18.5799,18.579399999999996,-10.615399999999994,-22.281400000000005,11.666000000000011,-0.18590000000000373,-4.262699999999999,-4.26199999999999,3
2013,Harvard,Arizona,14,6,51,74,0,108.139,101.233,62.4831,6.90592,6.905999999999992,114.263,93.7326,64.9417,20.5305,20.5304,-13.030000000000001,-14.40639999999999,1.3763999999999896,-2.458599999999997,-13.62458,-13.624400000000009,8
2013,Colorado St.,Louisville,8,1,56,82,0,118.136,97.9562,62.9945,20.1795,20.1798,114.313,83.1717,65.2907,31.1411,31.1413,-16.356800000000007,-34.964299999999994,18.607499999999987,-2.296199999999999,-10.9616,-10.961500000000001,7
2013,Butler,Marquette,6,3,72,74,0,110.071,95.2626,62.5561,14.8086,14.808399999999992,113.994,95.3386,62.8067,18.6549,18.6554,-18.731399999999994,-14.732399999999998,-3.9989999999999952,-0.2505999999999986,-3.846300000000001,-3.8470000000000084,3
2013,VCU,Michigan,5,4,53,78,0,113.747,94.4178,65.764,19.3295,19.3292,120.868,95.8775,62.8699,24.9907,24.9905,-26.450199999999995,-17.869500000000002,-8.580699999999993,2.8940999999999946,-5.661200000000001,-5.661300000000001,1
2013,Memphis,Michigan St.,6,3,48,70,0,108.62,91.9204,67.7883,16.6993,16.699600000000004,112.662,89.423,62.5852,23.2393,23.239000000000004,-20.741600000000005,-19.197000000000003,-1.5446000000000026,5.203100000000006,-6.539999999999999,-6.5394000000000005,3
2013,Saint Louis,Oregon,4,12,57,74,0,108.951,88.6822,63.0796,20.269,20.2688,105.529,90.6673,67.0931,14.8613,14.8617,-16.8468,-18.283699999999996,1.4368999999999943,-4.013500000000008,5.407699999999998,5.407099999999998,-8
2013,California,Syracuse,12,4,60,66,0,107.434,94.7044,63.887,12.7298,12.72959999999999,114.546,91.9806,62.6287,22.5652,22.56540000000001,-19.8416,-15.453400000000002,-4.388199999999998,1.2582999999999984,-9.835400000000002,-9.83580000000002,8
2013,Gonzaga,Wichita St.,1,9,70,76,0,120.831,91.8845,62.4727,28.9467,28.9465,109.966,92.5764,62.4159,17.3895,17.389599999999987,-18.08149999999999,-28.254599999999996,10.173100000000005,0.056800000000002626,11.557199999999998,11.556900000000013,-8
2013,Creighton,Duke,7,2,50,66,0,119.389,97.1644,63.0944,22.2247,22.224599999999995,119.646,92.9223,66.0764,26.724,26.723699999999997,-22.4816,-26.46669999999999,3.9850999999999885,-2.9820000000000064,-4.499300000000002,-4.499100000000002,5
2013,San Diego St.,Florida Gulf Coast,7,15,71,81,0,107.707,89.1276,64.8362,18.5799,18.579399999999996,103.304,99.9512,66.6594,3.35293,3.352800000000002,-14.176400000000001,-7.755799999999994,-6.420600000000007,-1.8232,15.226969999999998,15.226599999999994,-8
2013,Minnesota,Florida,11,3,64,78,0,113.792,94.6477,61.1328,19.1442,19.1443,118.162,86.1792,60.6898,31.9831,31.98280000000001,-23.514300000000006,-27.612800000000007,4.098500000000001,0.44300000000000495,-12.838899999999999,-12.83850000000001,8
2013,Temple,Indiana,9,1,52,58,0,111.464,99.5026,65.1334,11.9609,11.961399999999998,122.482,92.5582,65.7072,29.9242,29.9238,-22.9794,-18.9058,-4.073599999999999,-0.5738000000000056,-17.963299999999997,-17.962400000000002,8
2013,North Carolina,Kansas,8,1,58,70,0,112.478,95.3146,68.7962,17.1634,17.163399999999996,113.253,87.8314,65.5441,25.4211,25.4216,-17.9384,-24.646599999999992,6.708199999999991,3.2520999999999987,-8.2577,-8.258200000000006,7
2013,Mississippi,La Salle,12,13,74,76,0,112.338,95.8159,68.7636,16.5223,16.522099999999995,110.546,97.2446,64.3651,13.3018,13.3014,-14.730100000000007,-15.093399999999988,0.3632999999999811,4.3984999999999985,3.2205000000000013,3.2206999999999955,-1
2013,Illinois,Miami FL,7,2,59,63,0,110.496,95.3564,64.2338,15.1395,15.139600000000002,113.044,90.7587,61.2753,22.2852,22.285299999999992,-17.687600000000003,-19.73729999999999,2.049699999999987,2.958500000000001,-7.1457,-7.145699999999991,5
2013,Iowa St.,Ohio St.,10,2,75,78,0,116.863,100.569,67.5365,16.2941,16.293999999999997,114.487,89.3191,62.2577,25.1682,25.16789999999999,-13.917999999999992,-27.543899999999994,13.625900000000001,5.278800000000004,-8.874099999999999,-8.873899999999992,8
2013,Miami FL,Marquette,2,3,61,71,0,113.044,90.7587,61.2753,22.2852,22.285299999999992,113.994,95.3386,62.8067,18.6549,18.6554,-23.235299999999995,-17.705399999999997,-5.529899999999998,-1.5313999999999979,3.6302999999999983,3.629899999999992,-1
2013,Arizona,Ohio St.,6,2,70,73,0,114.263,93.7326,64.9417,20.5305,20.5304,114.487,89.3191,62.2577,25.1682,25.16789999999999,-20.75439999999999,-24.9439,4.1895000000000095,2.6839999999999975,-4.637699999999999,-4.637499999999989,4
2013,Indiana,Syracuse,1,4,50,61,0,122.482,92.5582,65.7072,29.9242,29.9238,114.546,91.9806,62.6287,22.5652,22.56540000000001,-21.987800000000007,-30.501400000000004,8.513599999999997,3.0784999999999982,7.358999999999998,7.358399999999989,-3
2013,La Salle,Wichita St.,13,9,58,72,0,110.546,97.2446,64.3651,13.3018,13.3014,109.966,92.5764,62.4159,17.3895,17.389599999999987,-12.721399999999988,-17.9696,5.248200000000011,1.9491999999999976,-4.087700000000002,-4.088199999999988,4
2013,Michigan St.,Duke,3,2,61,71,0,112.662,89.423,62.5852,23.2393,23.239000000000004,119.646,92.9223,66.0764,26.724,26.723699999999997,-30.223,-19.7397,-10.4833,-3.4912000000000063,-3.4847,-3.484699999999993,1
2013,Florida Gulf Coast,Florida,15,3,50,62,0,103.304,99.9512,66.6594,3.35293,3.352800000000002,118.162,86.1792,60.6898,31.9831,31.98280000000001,-18.210800000000006,-17.124800000000008,-1.0859999999999985,5.969600000000007,-28.63017,-28.63000000000001,12
2013,Oregon,Louisville,12,1,69,77,0,105.529,90.6673,67.0931,14.8613,14.8617,114.313,83.1717,65.2907,31.1411,31.1413,-23.645700000000005,-22.357299999999995,-1.28840000000001,1.8024000000000058,-16.2798,-16.279600000000002,11
2013,Kansas,Michigan,1,4,85,87,0,113.253,87.8314,65.5441,25.4211,25.4216,120.868,95.8775,62.8699,24.9907,24.9905,-33.03659999999999,-17.375500000000002,-15.66109999999999,2.674199999999999,0.4303999999999988,0.4311000000000007,-3
2013,Marquette,Syracuse,3,4,39,55,0,113.994,95.3386,62.8067,18.6549,18.6554,114.546,91.9806,62.6287,22.5652,22.56540000000001,-19.207400000000007,-22.013400000000004,2.8059999999999974,0.17799999999999727,-3.9102999999999994,-3.910000000000011,-1
2013,Ohio St.,Wichita St.,2,9,66,70,0,114.487,89.3191,62.2577,25.1682,25.16789999999999,109.966,92.5764,62.4159,17.3895,17.389599999999987,-20.646899999999988,-21.910599999999988,1.2637,-0.15820000000000078,7.778699999999997,7.7783000000000015,-7
2013,Duke,Louisville,2,1,63,85,0,119.646,92.9223,66.0764,26.724,26.723699999999997,114.313,83.1717,65.2907,31.1411,31.1413,-21.390699999999995,-36.4743,15.083600000000004,0.7857000000000056,-4.417100000000001,-4.417600000000004,1
2013,Florida,Michigan,3,4,59,79,0,118.162,86.1792,60.6898,31.9831,31.98280000000001,120.868,95.8775,62.8699,24.9907,24.9905,-34.6888,-22.28450000000001,-12.404299999999992,-2.180100000000003,6.9924,6.992300000000011,-1
2013,Wichita St.,Louisville,9,1,68,72,0,109.966,92.5764,62.4159,17.3895,17.389599999999987,114.313,83.1717,65.2907,31.1411,31.1413,-21.736599999999996,-26.794299999999993,5.057699999999997,-2.8748000000000005,-13.7516,-13.751700000000014,8
2013,Syracuse,Michigan,4,4,56,61,0,114.546,91.9806,62.6287,22.5652,22.56540000000001,120.868,95.8775,62.8699,24.9907,24.9905,-28.8874,-18.66850000000001,-10.21889999999999,-0.2411999999999992,-2.4254999999999995,-2.42509999999999,0
2013,Michigan,Louisville,4,1,76,82,0,120.868,95.8775,62.8699,24.9907,24.9905,114.313,83.1717,65.2907,31.1411,31.1413,-18.435500000000005,-37.696299999999994,19.26079999999999,-2.4208,-6.150400000000001,-6.1508,3
2014,Mount St. Mary's,Albany,16,16,64,71,0,107.491,111.241,68.4474,-3.75021,-3.75,102.179,103.893,61.7185,-1.71363,-1.7139999999999986,9.061999999999998,-3.597999999999999,12.659999999999997,6.728900000000003,-2.03658,-2.0360000000000014,0
2014,Texas Southern,Cal Poly,16,16,69,81,0,106.018,112.768,65.8018,-6.75033,-6.75,103.247,103.846,58.8564,-0.599368,-0.5990000000000038,9.521,-2.171999999999997,11.692999999999998,6.945399999999999,-6.150962,-6.150999999999996,0
2014,Iowa,Tennessee,11,11,65,78,0,120.152,99.1218,69.1598,21.0299,21.030200000000008,115.185,93.4414,62.0374,21.7438,21.7436,-16.06320000000001,-26.7106,10.64739999999999,7.122400000000006,-0.7138999999999989,-0.7133999999999929,0
2014,St. Joseph's,Connecticut,10,7,81,89,0,111.261,98.2332,64.4393,13.0273,13.0278,111.355,92.2385,63.4064,19.1162,19.1165,-13.121800000000007,-19.022499999999994,5.900699999999986,1.032900000000005,-6.088899999999999,-6.088699999999999,3
2014,Ohio St.,Dayton,6,11,59,60,0,109.354,87.6797,64.0434,21.6743,21.6743,113.694,100.71,63.8792,12.9838,12.984000000000009,-26.014300000000006,-8.644000000000005,-17.3703,0.16420000000000812,8.690499999999998,8.69029999999999,-5
2014,Albany,Florida,16,1,55,67,0,102.179,103.893,61.7185,-1.71363,-1.7139999999999986,116.216,88.4056,61.5519,27.8106,27.810399999999987,-12.322999999999993,-13.773399999999995,1.450400000000002,0.16659999999999542,-29.52423,-29.524399999999986,15
2014,Cincinnati,Harvard,5,12,57,61,0,109.197,90.1186,61.2764,19.0788,19.0784,112.027,94.7095,64.1253,17.3178,17.317499999999995,-21.9084,-14.487499999999997,-7.420900000000003,-2.8488999999999933,1.7610000000000028,1.760900000000003,-7
2014,Manhattan,Louisville,13,4,64,71,0,106.544,96.9886,68.0296,9.55527,9.555399999999992,119.102,88.5345,67.4981,30.5677,30.56750000000001,-22.1134,-18.009500000000003,-4.103899999999996,0.5315000000000083,-21.01243,-21.012100000000018,9
2014,Wofford,Michigan,15,2,40,57,0,100.924,102.947,60.7578,-2.02301,-2.022999999999996,122.369,99.5935,61.5484,22.7757,22.775499999999997,-19.421999999999997,-1.3305000000000007,-18.091499999999996,-0.7905999999999977,-24.79871,-24.798499999999994,13
2014,Delaware,Michigan St.,13,4,78,93,0,111.299,105.513,70.5569,5.78601,5.786000000000001,118.203,94.4143,64.3969,23.7886,23.78870000000001,-12.689999999999998,-16.88470000000001,4.194700000000012,6.159999999999997,-18.002589999999998,-18.002700000000008,9
2014,Oklahoma,North Dakota St.,5,12,75,80,0,117.886,99.4806,69.9669,18.4058,18.4054,116.004,103.42,63.0184,12.5832,12.584000000000003,-16.52340000000001,-14.465999999999994,-2.0574000000000154,6.948499999999996,5.8225999999999996,5.821399999999997,-7
2014,BYU,Oregon,10,7,68,87,0,114.713,99.9591,71.172,14.7544,14.753899999999987,118.258,99.4749,67.8101,18.783,18.78309999999999,-18.29889999999999,-15.238099999999989,-3.0608000000000004,3.3618999999999915,-4.028600000000001,-4.029200000000003,3
2014,Colorado,Pittsburgh,8,9,48,77,0,107.9,95.4275,65.097,12.4727,12.47250000000001,116.412,94.8924,62.7245,21.5198,21.51960000000001,-20.98450000000001,-13.00760000000001,-7.9769000000000005,2.372499999999995,-9.0471,-9.0471,-1
2014,New Mexico St.,San Diego St.,13,4,69,73,0,112.746,102.113,65.3613,10.6331,10.632999999999996,109.055,89.2312,62.8054,19.8236,19.82380000000001,-6.942000000000007,-23.514799999999994,16.572799999999987,2.555900000000001,-9.190499999999998,-9.190800000000014,9
2014,Western Michigan,Syracuse,14,3,53,77,0,106.443,102.024,65.2493,4.41973,4.418999999999997,114.707,93.2029,59.7435,21.5042,21.504099999999998,-12.682999999999993,-13.240099999999998,0.5571000000000055,5.505800000000008,-17.08447,-17.0851,11
2014,Arizona St.,Texas,10,7,85,87,0,110.175,94.7808,67.6129,15.3941,15.394199999999998,110.262,95.2735,67.2135,14.9889,14.988500000000002,-15.481200000000001,-14.901499999999999,-0.5797000000000025,0.3994,0.40520000000000067,0.40569999999999595,3
2014,American,Wisconsin,15,2,35,75,0,103.925,98.0491,59.8927,5.87548,5.8759000000000015,120.678,96.8522,62.7652,23.8262,23.8258,-22.6289,-7.072800000000001,-15.5561,-2.8725000000000023,-17.95072,-17.9499,13
2014,Weber St.,Arizona,16,1,59,68,0,106.025,106.516,63.2017,-0.49027,-0.4909999999999996,115.193,84.7964,63.1175,30.3964,30.396599999999992,-8.676999999999992,-21.2286,12.551600000000008,0.08420000000000272,-30.88667,-30.887599999999992,15
2014,Nebraska,Baylor,11,6,60,74,0,108.82,95.6836,64.698,13.1363,13.136399999999997,118.684,100.799,61.1487,17.8854,17.88499999999999,-23.0004,-8.020999999999987,-14.979400000000012,3.5492999999999952,-4.7491,-4.748599999999994,5
2014,Oklahoma St.,Gonzaga,9,8,77,85,0,115.772,94.2393,66.9981,21.5328,21.53270000000001,113.594,92.9558,64.5603,20.6386,20.6382,-19.354699999999994,-22.81620000000001,3.461500000000015,2.4377999999999957,0.8942000000000014,0.8945000000000078,1
2014,North Carolina Central,Iowa St.,14,3,75,93,0,107.276,98.9836,62.708,8.29208,8.2924,116.764,95.8121,70.4795,20.9515,20.951899999999995,-17.7804,-11.463899999999995,-6.316500000000005,-7.771500000000003,-12.659419999999999,-12.659499999999994,11
2014,Eastern Kentucky,Kansas,15,2,69,80,0,111.315,108.295,64.6059,3.01993,3.019999999999996,119.974,94.5731,66.8907,25.4011,25.400900000000007,-11.679000000000002,-16.7419,5.062899999999999,-2.28479999999999,-22.38117,-22.38090000000001,13
2014,Kansas St.,Kentucky,9,8,49,56,0,108.305,93.9099,63.6653,14.3949,14.395100000000014,116.202,95.0512,64.6236,21.1505,21.150800000000004,-22.292100000000005,-13.253800000000012,-9.038299999999992,-0.9582999999999942,-6.755600000000001,-6.75569999999999,1
2014,George Washington,Memphis,9,8,66,71,0,110.212,95.9821,65.8095,14.2297,14.2299,111.252,96.3212,67.8621,14.9304,14.93079999999999,-15.269899999999993,-13.890799999999999,-1.379099999999994,-2.052599999999998,-0.7007000000000012,-0.7008999999999901,1
2014,Duke,Mercer,3,14,71,78,0,124.75,99.4399,64.8311,25.3098,25.31010000000001,108.78,101.313,63.9334,7.46633,7.466999999999999,-9.340100000000007,-23.436999999999998,14.09689999999999,0.8977000000000075,17.84347,17.84310000000001,-11
2014,Providence,North Carolina,11,6,77,79,0,114.031,99.2945,63.2914,14.7367,14.736500000000008,111.545,93.1571,69.426,18.3881,18.3879,-12.250500000000002,-20.873900000000006,8.623400000000004,-6.134599999999999,-3.6514000000000006,-3.65139999999999,5
2014,VCU,Stephen F. Austin,5,12,75,77,0,108.679,88.4655,69.3132,20.2135,20.2135,111.44,100.651,61.7091,10.7884,10.789,-22.974499999999992,-8.028000000000006,-14.946499999999986,7.604099999999995,9.4251,9.4245,-7
2014,New Mexico,Stanford,7,10,53,58,0,113.782,96.2346,64.7417,17.5475,17.547399999999996,113.435,97.4392,65.271,15.9959,15.995800000000004,-17.200400000000002,-16.342799999999997,-0.857600000000005,-0.5293000000000063,1.5515999999999988,1.5515999999999917,-3
2014,Massachusetts,Tennessee,6,11,67,86,0,109.841,95.6537,70.3142,14.1875,14.187299999999992,115.185,93.4414,62.0374,21.7438,21.7436,-19.5313,-16.399599999999992,-3.1317000000000093,8.276800000000001,-7.5563,-7.556300000000009,-5
2014,Tulsa,UCLA,13,4,59,76,0,105.972,96.6323,67.1059,9.33939,9.339699999999992,118.14,95.8826,68.6469,22.2575,22.257400000000004,-21.5077,-10.089399999999998,-11.418300000000002,-1.5409999999999968,-12.91811,-12.917700000000012,9
2014,Coastal Carolina,Virginia,16,1,59,70,0,97.0064,102.979,65.898,-5.97261,-5.9726,113.85,87.4218,59.6528,26.4285,26.42819999999999,-10.870999999999995,-9.584599999999995,-1.2864000000000004,6.245199999999997,-32.40111,-32.40079999999999,15
2014,Cal Poly,Wichita St.,16,1,37,64,0,103.247,103.846,58.8564,-0.599368,-0.5990000000000038,117.117,91.937,63.5718,25.1804,25.180000000000007,-13.271,-11.310000000000002,-1.9609999999999985,-4.7154000000000025,-25.779767999999997,-25.77900000000001,15
2014,Villanova,Connecticut,2,7,65,77,0,117.154,91.8909,65.8913,25.2627,25.263099999999994,111.355,92.2385,63.4064,19.1162,19.1165,-19.464100000000002,-24.915499999999994,5.4513999999999925,2.484900000000003,6.1465,6.146599999999996,-5
2014,Syracuse,Dayton,3,11,53,55,0,114.707,93.2029,59.7435,21.5042,21.504099999999998,113.694,100.71,63.8792,12.9838,12.984000000000009,-20.491100000000003,-13.997,-6.494100000000003,-4.1357,8.5204,8.520099999999989,-8
2014,Pittsburgh,Florida,9,1,45,61,0,116.412,94.8924,62.7245,21.5198,21.51960000000001,116.216,88.4056,61.5519,27.8106,27.810399999999987,-21.3236,-28.0064,6.6828,1.1725999999999956,-6.290800000000001,-6.290799999999976,8
2014,Saint Louis,Louisville,5,4,51,66,0,105.599,89.8073,65.5822,15.792,15.791700000000006,119.102,88.5345,67.4981,30.5677,30.56750000000001,-29.294700000000006,-17.06450000000001,-12.230199999999996,-1.9158999999999935,-14.775699999999999,-14.775800000000004,1
2014,Texas,Michigan,7,2,65,79,0,110.262,95.2735,67.2135,14.9889,14.988500000000002,122.369,99.5935,61.5484,22.7757,22.775499999999997,-27.0955,-10.668499999999995,-16.427000000000007,5.665099999999995,-7.786800000000001,-7.7869999999999955,5
2014,Harvard,Michigan St.,12,4,73,80,0,112.027,94.7095,64.1253,17.3178,17.317499999999995,118.203,94.4143,64.3969,23.7886,23.78870000000001,-23.493499999999997,-17.612700000000004,-5.880799999999994,-0.2716000000000065,-6.4708000000000006,-6.471200000000014,8
2014,North Dakota St.,San Diego St.,12,4,44,63,0,116.004,103.42,63.0184,12.5832,12.584000000000003,109.055,89.2312,62.8054,19.8236,19.82380000000001,-5.635000000000005,-26.772800000000004,21.1378,0.21300000000000097,-7.240399999999999,-7.239800000000006,8
2014,Oregon,Wisconsin,7,2,77,85,0,118.258,99.4749,67.8101,18.783,18.78309999999999,120.678,96.8522,62.7652,23.8262,23.8258,-21.203099999999992,-21.4058,0.2027000000000072,5.0449000000000055,-5.043199999999999,-5.042700000000011,5
2014,Gonzaga,Arizona,8,1,61,84,0,113.594,92.9558,64.5603,20.6386,20.6382,115.193,84.7964,63.1175,30.3964,30.396599999999992,-22.2372,-28.79759999999999,6.560399999999987,1.4427999999999983,-9.7578,-9.758399999999991,7
2014,Creighton,Baylor,3,6,55,85,0,125.701,100.913,63.9037,24.7882,24.788,118.684,100.799,61.1487,17.8854,17.88499999999999,-17.771,-24.901999999999987,7.130999999999986,2.7550000000000026,6.902799999999999,6.903000000000009,-3
2014,North Carolina,Iowa St.,6,3,83,85,0,111.545,93.1571,69.426,18.3881,18.3879,116.764,95.8121,70.4795,20.9515,20.951899999999995,-23.606899999999996,-15.7329,-7.873999999999995,-1.0534999999999997,-2.563399999999998,-2.5639999999999965,3
2014,Wichita St.,Kentucky,1,8,76,78,0,117.117,91.937,63.5718,25.1804,25.180000000000007,116.202,95.0512,64.6236,21.1505,21.150800000000004,-24.265,-22.06580000000001,-2.1991999999999905,-1.051799999999993,4.029899999999998,4.029200000000003,-7
2014,Kansas,Stanford,2,10,57,60,0,119.974,94.5731,66.8907,25.4011,25.400900000000007,113.435,97.4392,65.271,15.9959,15.995800000000004,-18.861900000000006,-22.534800000000004,3.6728999999999985,1.6196999999999946,9.405199999999999,9.405100000000003,-8
2014,Mercer,Tennessee,14,11,63,83,0,108.78,101.313,63.9334,7.46633,7.466999999999999,115.185,93.4414,62.0374,21.7438,21.7436,-13.872,-15.3386,1.4665999999999997,1.8960000000000008,-14.277470000000001,-14.276600000000002,3
2014,Stephen F. Austin,UCLA,12,4,60,77,0,111.44,100.651,61.7091,10.7884,10.789,118.14,95.8826,68.6469,22.2575,22.257400000000004,-17.489000000000004,-15.557400000000001,-1.931600000000003,-6.937800000000003,-11.469100000000001,-11.468400000000004,8
2014,Memphis,Virginia,8,1,60,78,0,111.252,96.3212,67.8621,14.9304,14.93079999999999,113.85,87.4218,59.6528,26.4285,26.42819999999999,-17.52879999999999,-23.83019999999999,6.301400000000001,8.209299999999999,-11.498099999999999,-11.497399999999999,7
2014,San Diego St.,Arizona,4,1,64,70,0,109.055,89.2312,62.8054,19.8236,19.82380000000001,115.193,84.7964,63.1175,30.3964,30.396599999999992,-25.961799999999997,-24.2586,-1.7031999999999954,-0.31210000000000093,-10.5728,-10.572799999999983,3
2014,Stanford,Dayton,10,11,72,82,0,113.435,97.4392,65.271,15.9959,15.995800000000004,113.694,100.71,63.8792,12.9838,12.984000000000009,-16.254800000000003,-12.725000000000009,-3.5297999999999945,1.3918000000000035,3.0121,3.0117999999999956,-1
2014,UCLA,Florida,4,1,68,79,0,118.14,95.8826,68.6469,22.2575,22.257400000000004,116.216,88.4056,61.5519,27.8106,27.810399999999987,-20.333399999999997,-29.734399999999994,9.400999999999996,7.094999999999999,-5.553100000000001,-5.552999999999983,3
2014,Baylor,Wisconsin,6,2,52,69,0,118.684,100.799,61.1487,17.8854,17.88499999999999,120.678,96.8522,62.7652,23.8262,23.8258,-19.87899999999999,-21.8318,1.9528000000000105,-1.616500000000002,-5.940799999999999,-5.94080000000001,4
2014,Iowa St.,Connecticut,3,7,76,81,0,116.764,95.8121,70.4795,20.9515,20.951899999999995,111.355,92.2385,63.4064,19.1162,19.1165,-15.542900000000003,-24.525499999999994,8.98259999999999,7.073100000000004,1.8353000000000002,1.8353999999999964,-4
2014,Louisville,Kentucky,4,8,69,74,0,119.102,88.5345,67.4981,30.5677,30.56750000000001,116.202,95.0512,64.6236,21.1505,21.150800000000004,-27.667500000000004,-24.05080000000001,-3.6166999999999945,2.8744999999999976,9.417199999999998,9.416700000000006,-4
2014,Tennessee,Michigan,11,2,71,73,0,115.185,93.4414,62.0374,21.7438,21.7436,122.369,99.5935,61.5484,22.7757,22.775499999999997,-28.927599999999998,-15.591499999999996,-13.336100000000002,0.4889999999999972,-1.0319000000000003,-1.0318999999999967,9
2014,Virginia,Michigan St.,1,4,59,61,0,113.85,87.4218,59.6528,26.4285,26.42819999999999,118.203,94.4143,64.3969,23.7886,23.78870000000001,-30.7812,-19.435699999999997,-11.345500000000001,-4.744100000000003,2.639900000000001,2.6394999999999804,-3
2014,Dayton,Florida,11,1,52,62,0,113.694,100.71,63.8792,12.9838,12.984000000000009,116.216,88.4056,61.5519,27.8106,27.810399999999987,-15.506,-25.288399999999996,9.782399999999996,2.327299999999994,-14.8268,-14.826399999999978,10
2014,Arizona,Wisconsin,1,2,63,64,0,115.193,84.7964,63.1175,30.3964,30.396599999999992,120.678,96.8522,62.7652,23.8262,23.8258,-35.88159999999999,-18.3408,-17.54079999999999,0.3522999999999996,6.5702,6.570799999999991,-1
2014,Michigan St.,Connecticut,4,7,54,60,0,118.203,94.4143,64.3969,23.7886,23.78870000000001,111.355,92.2385,63.4064,19.1162,19.1165,-16.940700000000007,-25.9645,9.023799999999994,0.9905000000000044,4.6724,4.672200000000011,-3
2014,Michigan,Kentucky,2,8,72,75,0,122.369,99.5935,61.5484,22.7757,22.775499999999997,116.202,95.0512,64.6236,21.1505,21.150800000000004,-16.608499999999992,-27.317800000000005,10.709300000000013,-3.0751999999999953,1.6251999999999995,1.6246999999999936,-6
2014,Florida,Connecticut,1,7,53,63,0,116.216,88.4056,61.5519,27.8106,27.810399999999987,111.355,92.2385,63.4064,19.1162,19.1165,-22.949399999999997,-23.977499999999992,1.028099999999995,-1.8544999999999945,8.694400000000002,8.693899999999989,-6
2014,Wisconsin,Kentucky,2,8,73,74,0,120.678,96.8522,62.7652,23.8262,23.8258,116.202,95.0512,64.6236,21.1505,21.150800000000004,-19.349800000000002,-25.626800000000003,6.277000000000001,-1.858399999999996,2.675699999999999,2.674999999999997,-6
2014,Kentucky,Connecticut,8,7,54,60,0,116.202,95.0512,64.6236,21.1505,21.150800000000004,111.355,92.2385,63.4064,19.1162,19.1165,-16.30380000000001,-23.963499999999996,7.659699999999987,1.2171999999999983,2.0343000000000018,2.0343000000000053,1
2015,Manhattan,Hampton,16,16,64,74,0,101.932,101.19,67.2455,0.742583,0.7420000000000044,96.0398,104.551,68.6346,-8.51136,-8.511200000000002,5.150199999999998,2.6189999999999998,2.5311999999999983,-1.3890999999999991,9.253943,9.253200000000007,0
2015,BYU,Mississippi,11,11,90,94,0,119.356,101.562,69.7923,17.7947,17.793999999999997,114.568,100.141,65.6482,14.4267,14.426999999999992,-13.006,-19.21499999999999,6.208999999999989,4.144099999999995,3.3679999999999986,3.3670000000000044,0
2015,Boise St.,Dayton,11,11,55,56,0,111.769,97.7869,62.8256,13.9824,13.982100000000004,108.983,95.0972,63.3147,13.8856,13.885800000000003,-11.196100000000001,-16.671800000000005,5.475700000000003,-0.48910000000000053,0.0968,0.09630000000000116,0
2015,North Florida,Robert Morris,16,16,77,81,0,108.032,105.12,66.7256,2.91181,2.911999999999992,102.327,103.869,65.0415,-1.54229,-1.5420000000000016,2.7930000000000064,-4.162999999999997,6.956000000000003,1.6841000000000008,4.4541,4.4539999999999935,0
2015,Texas Southern,Arizona,15,2,72,93,0,103.049,106.918,62.9114,-3.8688,-3.869,118.227,85.9123,65.5943,32.3143,32.3147,-11.308999999999997,-17.136700000000005,5.827700000000007,-2.6829000000000036,-36.1831,-36.1837,13
2015,Wofford,Arkansas,12,5,53,56,0,104.909,98.5115,60.5424,6.39782,6.397500000000008,114.941,97.964,69.1346,16.9767,16.977000000000004,-16.429500000000004,-6.945000000000007,-9.484499999999997,-8.592200000000005,-10.578880000000002,-10.579499999999996,7
2015,Texas,Butler,11,6,48,56,0,112.877,92.759,61.7245,20.1184,20.117999999999995,110.554,90.9269,63.0408,19.6267,19.6271,-17.795,-21.950099999999992,4.15509999999999,-1.3162999999999982,0.4917000000000016,0.49089999999999634,5
2015,Purdue,Cincinnati,9,8,65,66,0,110.824,96.8436,63.9932,13.9802,13.980400000000005,108.353,94.1045,59.2099,14.2488,14.248499999999993,-11.5094,-16.719499999999996,5.210099999999997,4.783300000000004,-0.2685999999999993,-0.268099999999988,1
2015,Eastern Washington,Georgetown,13,4,74,84,0,112.165,109.197,67.9604,2.96737,2.9680000000000035,113.166,93.597,63.7582,19.5694,19.569000000000003,-3.968999999999994,-18.568000000000012,14.599000000000018,4.202200000000005,-16.602030000000003,-16.601,9
2015,Baylor,Georgia St.,3,14,56,57,0,117.192,93.7123,61.2742,23.4796,23.479699999999998,110.463,100.687,62.5745,9.77537,9.775999999999996,-16.750699999999995,-16.504999999999995,-0.24569999999999936,-1.3003,13.70423,13.703700000000001,-11
2015,Hampton,Kentucky,16,1,56,79,0,96.0398,104.551,68.6346,-8.51136,-8.511200000000002,121.27,83.8367,61.9696,37.4333,37.4333,-16.718999999999994,-12.203100000000006,-4.515899999999988,6.665000000000006,-45.94466,-45.944500000000005,15
2015,Harvard,North Carolina,13,4,65,67,0,103.686,94.9442,61.137,8.74154,8.741800000000012,117.921,94.1249,69.0232,23.7959,23.79610000000001,-22.97680000000001,-9.56110000000001,-13.415700000000001,-7.886200000000002,-15.054359999999999,-15.054299999999998,9
2015,Northeastern,Notre Dame,14,3,65,69,0,107.892,103.071,63.0556,4.82045,4.820999999999998,124.623,100.552,63.2851,24.0703,24.071,-21.552000000000007,-7.339999999999989,-14.212000000000018,-0.2295000000000016,-19.24985,-19.250000000000004,11
2015,VCU,Ohio St.,7,10,72,75,0,110.62,94.1043,66.5049,16.5157,16.51570000000001,115.312,94.3058,65.1703,21.0066,21.006199999999996,-21.207700000000003,-16.3142,-4.893500000000003,1.334600000000009,-4.4909,-4.490499999999987,-3
2015,Iowa St.,UAB,3,14,59,60,0,120.166,97.135,69.3108,23.031,23.03099999999999,104.585,101.758,64.4025,2.82779,2.826999999999998,-7.449999999999989,-18.408,10.958000000000013,4.908299999999997,20.20321,20.203999999999994,-11
2015,SMU,UCLA,6,11,59,60,0,113.524,95.4867,62.8424,18.0372,18.0373,112.266,98.1315,65.4935,14.1346,14.134500000000005,-16.779300000000006,-15.392499999999998,-1.386800000000008,-2.6510999999999996,3.902599999999998,3.902799999999994,-5
2015,Stephen F. Austin,Utah,12,5,50,57,0,114.494,100.484,65.2365,14.0106,14.010000000000003,116.433,89.5299,60.3923,26.9035,26.90310000000001,-15.949000000000012,-24.964100000000002,9.01509999999999,4.844200000000008,-12.892900000000001,-12.893100000000006,7
2015,Lafayette,Villanova,16,1,52,93,0,112.691,114.45,64.3104,-1.75874,-1.7590000000000003,122.473,91.5163,63.8347,30.9562,30.9567,-8.022999999999996,-21.1747,13.151700000000005,0.47570000000000334,-32.71494,-32.7157,15
2015,Mississippi,Xavier,11,6,57,76,0,114.568,100.141,65.6482,14.4267,14.426999999999992,115.283,96.6313,65.1714,18.6517,18.651700000000005,-15.141999999999996,-17.936700000000002,2.794700000000006,0.4767999999999972,-4.225000000000001,-4.224700000000013,5
2015,Providence,Dayton,6,11,53,66,0,112.954,95.3871,64.8656,17.5673,17.56689999999999,108.983,95.0972,63.3147,13.8856,13.885800000000003,-13.5959,-17.856799999999993,4.260899999999992,1.5508999999999986,3.6816999999999993,3.6810999999999865,-5
2015,Robert Morris,Duke,16,1,56,85,0,102.327,103.869,65.0415,-1.54229,-1.5420000000000016,124.253,94.9453,65.6368,29.3074,29.3077,-20.384,-7.381699999999995,-13.002300000000005,-0.5952999999999946,-30.849690000000002,-30.849700000000002,15
2015,North Dakota St.,Gonzaga,15,2,76,86,0,102.68,102.079,60.2617,0.601364,0.6010000000000133,121.92,92.9958,64.2083,28.9239,28.9242,-19.841000000000008,-9.684200000000004,-10.156800000000004,-3.9465999999999966,-28.322536,-28.323199999999986,13
2015,Davidson,Iowa,10,7,52,83,0,120.481,103.662,66.5178,16.8188,16.81899999999999,113.359,95.1085,63.3054,18.251,18.250499999999988,-9.696999999999989,-25.372499999999988,15.6755,3.2123999999999953,-1.4322000000000017,-1.4314999999999998,3
2015,New Mexico St.,Kansas,15,2,56,75,0,106.825,99.8197,62.9742,7.0055,7.005300000000005,114.271,90.5293,66.6617,23.7421,23.741699999999994,-14.451300000000003,-16.295699999999997,1.8443999999999932,-3.687499999999993,-16.736600000000003,-16.73639999999999,13
2015,UC Irvine,Louisville,13,4,55,57,0,105.818,98.9592,63.3775,6.85898,6.858800000000002,108.601,88.176,64.8006,20.4245,20.425,-9.641800000000003,-17.641999999999996,8.000199999999992,-1.4231000000000051,-13.56552,-13.566199999999998,9
2015,Valparaiso,Maryland,13,4,62,65,0,106.629,95.6594,62.1996,10.9697,10.9696,111.125,94.9328,63.7514,16.1924,16.1922,-15.465599999999995,-11.696200000000005,-3.7693999999999903,-1.5518,-5.2227,-5.2226,9
2015,Georgia,Michigan St.,10,7,63,70,0,109.524,94.1302,63.6563,15.3937,15.3938,115.973,95.052,62.8407,20.9213,20.920999999999992,-21.842799999999997,-14.471999999999994,-7.370800000000003,0.8156000000000034,-5.527599999999998,-5.527199999999992,3
2015,Wyoming,Northern Iowa,12,5,54,71,0,104.478,98.0741,58.648,6.40364,6.403899999999993,115.17,94.2192,58.014,20.9503,20.9508,-17.0959,-10.258799999999994,-6.837100000000007,0.6340000000000003,-14.54666,-14.546900000000008,7
2015,Albany,Oklahoma,14,3,60,69,0,106.463,103.431,60.7359,3.03231,3.0319999999999965,111.785,87.6854,66.9861,24.1001,24.099599999999995,-8.354,-18.777599999999993,10.423599999999993,-6.250199999999992,-21.067790000000002,-21.0676,11
2015,Oklahoma St.,Oregon,9,8,73,79,0,111.825,95.6458,62.7105,16.1789,16.17920000000001,114.457,101.273,66.1195,13.1844,13.183999999999996,-18.8112,-10.552000000000007,-8.259199999999993,-3.408999999999999,2.9944999999999986,2.995200000000013,1
2015,St. John's,San Diego St.,9,8,64,76,0,110.125,95.8018,66.1943,14.3233,14.3232,104.401,88.1829,59.9465,16.2186,16.218099999999993,-8.599199999999996,-21.942099999999996,13.3429,6.247799999999998,-1.8952999999999989,-1.8948999999999927,1
2015,Belmont,Virginia,15,2,67,79,0,109.115,107.619,66.5706,1.49515,1.4959999999999951,115.318,84.4292,57.5332,30.8885,30.888800000000003,-7.698999999999998,-24.6858,16.986800000000002,9.037399999999998,-29.39335,-29.39280000000001,13
2015,Buffalo,West Virginia,12,5,62,68,0,111.344,99.0045,68.4522,12.339,12.3395,113.252,94.4993,67.9793,18.7531,18.75269999999999,-14.247500000000002,-16.84469999999999,2.5971999999999866,0.47290000000000987,-6.4140999999999995,-6.413199999999991,7
2015,Indiana,Wichita St.,10,7,76,81,0,119.285,105.478,66.0482,13.8074,13.807000000000002,114.962,93.3065,61.4547,21.6555,21.655500000000004,-9.484000000000009,-25.978499999999997,16.494499999999988,4.593499999999992,-7.8481000000000005,-7.848500000000001,3
2015,Coastal Carolina,Wisconsin,16,1,72,86,0,105.424,103.803,63.6717,1.6211,1.621000000000009,126.815,93.2904,58.0767,33.5251,33.52459999999999,-23.012,-12.133600000000001,-10.8784,5.594999999999999,-31.904000000000003,-31.903599999999983,15
2015,Ohio St.,Arizona,10,2,58,73,0,115.312,94.3058,65.1703,21.0066,21.006199999999996,118.227,85.9123,65.5943,32.3143,32.3147,-23.9212,-29.399699999999996,5.478499999999997,-0.4240000000000066,-11.307700000000004,-11.308500000000006,8
2015,Cincinnati,Kentucky,8,1,51,64,0,108.353,94.1045,59.2099,14.2488,14.248499999999993,121.27,83.8367,61.9696,37.4333,37.4333,-27.165499999999994,-24.5163,-2.6491999999999933,-2.7597000000000023,-23.184500000000003,-23.18480000000001,7
2015,Arkansas,North Carolina,5,4,78,87,0,114.941,97.964,69.1346,16.9767,16.977000000000004,117.921,94.1249,69.0232,23.7959,23.79610000000001,-19.957000000000008,-20.816100000000006,0.859099999999998,0.11140000000000327,-6.819199999999999,-6.819100000000006,1
2015,Butler,Notre Dame,6,3,64,67,0,110.554,90.9269,63.0408,19.6267,19.6271,124.623,100.552,63.2851,24.0703,24.071,-33.6961,-10.001999999999995,-23.694100000000006,-0.24430000000000263,-4.4436,-4.443900000000003,3
2015,UAB,UCLA,14,11,75,92,0,104.585,101.758,64.4025,2.82779,2.826999999999998,112.266,98.1315,65.4935,14.1346,14.134500000000005,-10.50800000000001,-6.453499999999991,-4.054500000000019,-1.090999999999994,-11.30681,-11.307500000000006,3
2015,Georgetown,Utah,4,5,64,75,0,113.166,93.597,63.7582,19.5694,19.569000000000003,116.433,89.5299,60.3923,26.9035,26.90310000000001,-22.836000000000013,-23.6361,0.8000999999999863,3.3659000000000034,-7.334099999999999,-7.3341000000000065,-1
2015,Georgia St.,Xavier,14,6,67,75,0,110.463,100.687,62.5745,9.77537,9.775999999999996,115.283,96.6313,65.1714,18.6517,18.651700000000005,-14.596000000000004,-13.831699999999998,-0.7643000000000058,-2.596900000000005,-8.876330000000001,-8.875700000000009,8
2015,San Diego St.,Duke,8,1,49,68,0,104.401,88.1829,59.9465,16.2186,16.218099999999993,124.253,94.9453,65.6368,29.3074,29.3077,-36.0701,-9.455699999999993,-26.614400000000003,-5.6902999999999935,-13.088800000000003,-13.089600000000008,7
2015,Iowa,Gonzaga,7,2,68,87,0,113.359,95.1085,63.3054,18.251,18.250499999999988,121.92,92.9958,64.2083,28.9239,28.9242,-26.811499999999995,-20.363199999999992,-6.448300000000003,-0.9028999999999954,-10.672899999999998,-10.67370000000001,5
2015,Northern Iowa,Louisville,5,4,53,66,0,115.17,94.2192,58.014,20.9503,20.9508,108.601,88.176,64.8006,20.4245,20.425,-14.381799999999998,-26.994,12.612200000000001,-6.7866,0.5258000000000003,0.5258000000000003,1
2015,Virginia,Michigan St.,2,7,54,60,0,115.318,84.4292,57.5332,30.8885,30.888800000000003,115.973,95.052,62.8407,20.9213,20.920999999999992,-31.543800000000005,-20.26599999999999,-11.277800000000013,-5.307499999999997,9.967200000000002,9.967800000000011,-5
2015,Dayton,Oklahoma,11,3,66,72,0,108.983,95.0972,63.3147,13.8856,13.885800000000003,111.785,87.6854,66.9861,24.1001,24.099599999999995,-16.687799999999996,-21.297600000000003,4.609800000000007,-3.6713999999999913,-10.214500000000001,-10.213799999999992,8
2015,Maryland,West Virginia,4,5,59,69,0,111.125,94.9328,63.7514,16.1924,16.1922,113.252,94.4993,67.9793,18.7531,18.75269999999999,-18.319199999999995,-16.625699999999995,-1.6935000000000002,-4.227899999999998,-2.5607000000000006,-2.5604999999999905,-1
2015,Kansas,Wichita St.,2,7,65,78,0,114.271,90.5293,66.6617,23.7421,23.741699999999994,114.962,93.3065,61.4547,21.6555,21.655500000000004,-24.432699999999997,-20.9645,-3.468199999999996,5.206999999999994,2.0866000000000007,2.086199999999991,-5
2015,Oregon,Wisconsin,8,1,65,72,0,114.457,101.273,66.1195,13.1844,13.183999999999996,126.815,93.2904,58.0767,33.5251,33.52459999999999,-25.542,-21.16659999999999,-4.375400000000013,8.0428,-20.340700000000002,-20.340599999999995,7
2015,Xavier,Arizona,6,2,60,68,0,115.283,96.6313,65.1714,18.6517,18.651700000000005,118.227,85.9123,65.5943,32.3143,32.3147,-21.595700000000008,-29.3707,7.7749999999999915,-0.4228999999999985,-13.662600000000001,-13.662999999999997,4
2015,West Virginia,Kentucky,5,1,39,78,0,113.252,94.4993,67.9793,18.7531,18.75269999999999,121.27,83.8367,61.9696,37.4333,37.4333,-26.77069999999999,-29.415300000000002,2.644600000000011,6.009699999999995,-18.680200000000003,-18.680600000000013,4
2015,Wichita St.,Notre Dame,7,3,70,81,0,114.962,93.3065,61.4547,21.6555,21.655500000000004,124.623,100.552,63.2851,24.0703,24.071,-31.316500000000005,-14.409999999999997,-16.90650000000001,-1.8303999999999974,-2.4147999999999996,-2.415499999999998,4
2015,North Carolina,Wisconsin,4,1,72,79,0,117.921,94.1249,69.0232,23.7959,23.79610000000001,126.815,93.2904,58.0767,33.5251,33.52459999999999,-32.6901,-24.6306,-8.0595,10.9465,-9.729200000000002,-9.728499999999983,3
2015,Utah,Duke,5,1,57,63,0,116.433,89.5299,60.3923,26.9035,26.90310000000001,124.253,94.9453,65.6368,29.3074,29.3077,-34.7231,-21.487700000000004,-13.235399999999998,-5.244499999999995,-2.4039,-2.4045999999999914,4
2015,UCLA,Gonzaga,11,2,62,74,0,112.266,98.1315,65.4935,14.1346,14.134500000000005,121.92,92.9958,64.2083,28.9239,28.9242,-23.7885,-19.270200000000003,-4.518299999999996,1.2852000000000032,-14.789299999999999,-14.789699999999995,9
2015,Oklahoma,Michigan St.,3,7,58,62,0,111.785,87.6854,66.9861,24.1001,24.099599999999995,115.973,95.052,62.8407,20.9213,20.920999999999992,-28.287599999999998,-16.73299999999999,-11.554600000000008,4.145399999999995,3.1788000000000025,3.178600000000003,-4
2015,Notre Dame,Kentucky,3,1,66,68,0,124.623,100.552,63.2851,24.0703,24.071,121.27,83.8367,61.9696,37.4333,37.4333,-20.71799999999999,-40.78630000000001,20.068300000000022,1.3155000000000001,-13.363000000000003,-13.362300000000001,2
2015,Arizona,Wisconsin,2,1,78,85,0,118.227,85.9123,65.5943,32.3143,32.3147,126.815,93.2904,58.0767,33.5251,33.52459999999999,-40.902699999999996,-24.9366,-15.966099999999997,7.517600000000002,-1.210799999999999,-1.2098999999999904,1
2015,Gonzaga,Duke,2,1,52,66,0,121.92,92.9958,64.2083,28.9239,28.9242,124.253,94.9453,65.6368,29.3074,29.3077,-31.257199999999997,-26.9747,-4.282499999999999,-1.4284999999999997,-0.3835000000000015,-0.3835000000000015,1
2015,Louisville,Michigan St.,4,7,70,76,0,108.601,88.176,64.8006,20.4245,20.425,115.973,95.052,62.8407,20.9213,20.920999999999992,-27.796999999999997,-13.548999999999992,-14.248000000000005,1.9599000000000046,-0.49680000000000035,-0.49599999999999156,-3
2015,Michigan St.,Duke,7,1,61,81,0,115.973,95.052,62.8407,20.9213,20.920999999999992,124.253,94.9453,65.6368,29.3074,29.3077,-29.200999999999993,-21.027699999999996,-8.173299999999998,-2.7960999999999956,-8.386100000000003,-8.386700000000008,6
2015,Kentucky,Wisconsin,1,1,64,71,0,121.27,83.8367,61.9696,37.4333,37.4333,126.815,93.2904,58.0767,33.5251,33.52459999999999,-42.978300000000004,-27.97959999999999,-14.998700000000014,3.8928999999999974,3.908200000000001,3.9087000000000103,0
2015,Wisconsin,Duke,1,1,63,68,0,126.815,93.2904,58.0767,33.5251,33.52459999999999,124.253,94.9453,65.6368,29.3074,29.3077,-30.962599999999995,-31.869699999999995,0.9070999999999998,-7.560099999999991,4.217700000000001,4.216899999999992,0
2016,Fairleigh Dickinson,Florida Gulf Coast,16,16,65,96,0,104.836,114.583,71.1346,-9.74686,-9.747,102.917,104.307,66.5831,-1.39023,-1.3900000000000006,11.665999999999997,-0.5289999999999964,12.194999999999993,4.551500000000004,-8.35663,-8.357,0
2016,Vanderbilt,Wichita St.,11,11,50,70,0,114.458,94.5381,67.7217,19.9195,19.9199,111.743,90.5918,65.8499,21.1508,21.15119999999999,-17.204899999999995,-23.866199999999992,6.661299999999997,1.8717999999999932,-1.231300000000001,-1.2312999999999903,0
2016,Southern,Holy Cross,16,16,55,59,0,100.906,106.217,68.9507,-5.31079,-5.310999999999993,97.0369,108.525,63.6033,-11.4879,-11.488100000000005,9.180099999999996,7.619,1.5610999999999962,5.3474,6.17711,6.177100000000012,0
2016,Tulsa,Michigan,11,11,62,67,0,111.352,99.564,68.4348,11.788,11.788000000000013,115.094,100.54,65.9134,14.5538,14.553999999999988,-15.530000000000001,-10.811999999999998,-4.7180000000000035,2.5214,-2.7658000000000005,-2.765999999999975,0
2016,Purdue,Arkansas Little Rock,5,12,83,85,0,117.0,92.4061,67.5995,24.5939,24.593900000000005,108.951,95.6244,63.2633,13.3265,13.3266,-16.5449,-21.375600000000006,4.830700000000007,4.336200000000005,11.267400000000002,11.267300000000006,-7
2016,Texas Tech,Butler,8,9,61,71,0,113.846,99.1212,65.9989,14.7244,14.724800000000002,117.318,101.468,67.7286,15.8497,15.849999999999994,-18.196799999999996,-12.378,-5.818799999999996,-1.729699999999994,-1.125300000000001,-1.1251999999999924,-1
2016,Colorado,Connecticut,8,9,67,74,0,108.785,95.1948,68.9529,13.5905,13.590199999999996,111.651,92.899,65.7403,18.752,18.751999999999995,-16.456199999999995,-15.885999999999996,-0.5701999999999998,3.212599999999995,-5.161499999999998,-5.1617999999999995,-1
2016,UNC Wilmington,Duke,13,4,85,93,0,110.051,100.792,70.1618,9.25855,9.259,121.786,99.7328,67.5008,22.0532,22.053200000000004,-20.994,-10.318200000000004,-10.675799999999995,2.6610000000000014,-12.79465,-12.794200000000004,9
2016,Seton Hall,Gonzaga,6,11,52,68,0,111.433,93.7641,69.4734,17.6691,17.668900000000008,116.44,97.1644,67.1988,19.2756,19.2756,-22.6759,-14.268600000000006,-8.407299999999992,2.2745999999999924,-1.6065000000000005,-1.606699999999993,-5
2016,Chattanooga,Indiana,12,5,74,99,0,107.156,99.7384,66.1763,7.41784,7.417600000000007,120.855,98.0589,67.7325,22.7957,22.79610000000001,-21.116600000000005,-9.097100000000012,-12.019499999999994,-1.556200000000004,-15.37786,-15.378500000000003,7
2016,Iona,Iowa St.,13,4,81,94,0,110.602,102.768,71.7927,7.8333,7.834000000000003,121.033,99.9576,71.0322,21.0754,21.0754,-18.265,-10.644400000000005,-7.620599999999996,0.7604999999999933,-13.242099999999997,-13.241399999999995,9
2016,Austin Peay,Kansas,16,1,79,105,0,104.005,109.104,69.3154,-5.09934,-5.099000000000004,120.379,90.575,68.811,29.804,29.804,-11.275000000000006,-13.429999999999993,2.154999999999987,0.5043999999999897,-34.90334,-34.903000000000006,15
2016,Stony Brook,Kentucky,13,4,57,85,0,107.481,98.9433,66.9582,8.53773,8.537700000000001,122.508,97.3082,66.9955,25.1996,25.1998,-23.564700000000002,-10.172799999999995,-13.391900000000007,-0.03730000000000189,-16.66187,-16.6621,9
2016,Buffalo,Miami FL,14,3,72,79,0,105.541,102.83,71.9828,2.71119,2.7109999999999985,118.848,95.9995,65.897,22.848,22.8485,-16.018,-9.5415,-6.4765000000000015,6.085799999999992,-20.136809999999997,-20.137500000000003,11
2016,Florida Gulf Coast,North Carolina,16,1,67,83,0,102.917,104.307,66.5831,-1.39023,-1.3900000000000006,121.139,93.1009,71.0747,28.0379,28.0381,-16.831999999999994,-9.816100000000006,-7.015899999999988,-4.491600000000005,-29.42813,-29.4281,15
2016,USC,Providence,8,9,69,70,0,113.901,99.116,71.1914,14.7848,14.784999999999997,109.321,95.7275,68.4903,13.5932,13.593499999999992,-10.204999999999998,-18.17349999999999,7.968499999999992,2.7010999999999967,1.191600000000001,1.1915000000000049,-1
2016,Fresno St.,Utah,14,3,69,80,0,107.084,100.385,68.9375,6.69862,6.698999999999998,115.673,97.5601,65.2107,18.1129,18.1129,-15.287999999999997,-9.523899999999998,-5.764099999999999,3.7267999999999972,-11.41428,-11.413900000000002,11
2016,Hampton,Virginia,16,1,45,81,0,99.7519,106.561,71.2725,-6.80879,-6.809100000000001,120.224,91.1288,60.6947,29.0952,29.09520000000001,-13.662999999999997,-8.623100000000008,-5.039899999999989,10.577799999999996,-35.90399,-35.904300000000006,15
2016,Arizona,Wichita St.,6,11,55,65,0,117.368,95.4851,68.3189,21.8831,21.882899999999992,111.743,90.5918,65.8499,21.1508,21.15119999999999,-16.257899999999992,-26.77619999999999,10.518299999999996,2.468999999999994,0.7322999999999986,0.7317000000000036,-5
2016,Baylor,Yale,5,12,75,79,0,118.756,98.8407,66.4547,19.9152,19.9153,109.51,95.6837,65.9753,13.8265,13.826300000000003,-10.669300000000007,-23.0723,12.402999999999992,0.47939999999999827,6.088699999999999,6.088999999999995,-7
2016,California,Hawaii,4,13,66,77,0,112.902,93.2625,68.0218,19.6396,19.6395,108.243,96.5071,70.5206,11.736,11.7359,-14.980499999999992,-16.394900000000007,1.4144000000000148,-2.498800000000003,7.903600000000001,7.903600000000001,-9
2016,Temple,Iowa,10,7,70,72,0,106.619,98.2712,65.9852,8.34785,8.347800000000007,116.298,94.9421,68.812,21.3563,21.355900000000005,-18.02680000000001,-11.676900000000003,-6.349900000000005,-2.8267999999999915,-13.008450000000002,-13.008099999999999,3
2016,South Dakota St.,Maryland,12,5,74,79,0,110.826,101.245,68.2819,9.58182,9.580999999999989,116.294,95.5806,67.2907,20.7136,20.713399999999996,-15.048999999999992,-15.24539999999999,0.19639999999999702,0.9911999999999921,-11.13178,-11.132400000000008,7
2016,Michigan St.,Middle Tennessee,2,15,81,90,0,123.022,93.3408,66.3201,29.6807,29.681200000000004,103.144,99.21,67.5556,3.93408,3.934000000000012,-9.803200000000004,-23.812000000000012,14.008800000000008,-1.2355000000000018,25.74662,25.747199999999992,-13
2016,Texas,Northern Iowa,6,11,72,75,0,112.821,95.7146,65.1637,17.1061,17.106399999999994,108.298,98.2039,62.3968,10.0945,10.094099999999996,-12.583399999999997,-14.617099999999994,2.033699999999996,2.766900000000007,7.011600000000001,7.012299999999998,-5
2016,Michigan,Notre Dame,11,6,63,70,0,115.094,100.54,65.9134,14.5538,14.553999999999988,119.69,103.709,64.933,15.9813,15.980999999999996,-19.14999999999999,-11.384999999999991,-7.765000000000001,0.9803999999999888,-1.4274999999999984,-1.4270000000000085,5
2016,Cal St. Bakersfield,Oklahoma,15,2,68,82,0,103.37,96.8714,67.6197,6.49871,6.49860000000001,117.285,92.4357,69.8681,24.849,24.8493,-20.413600000000002,-10.934300000000007,-9.479299999999995,-2.2484000000000037,-18.35029,-18.35069999999999,13
2016,Holy Cross,Oregon,16,1,52,91,0,97.0369,108.525,63.6033,-11.4879,-11.488100000000005,119.63,96.8455,68.0532,22.7847,22.784499999999998,-11.10499999999999,-0.19140000000000157,-10.913599999999988,-4.449900000000007,-34.2726,-34.272600000000004,15
2016,West Virginia,Stephen F. Austin,3,14,56,70,0,116.39,90.4754,69.3697,25.9146,25.914600000000007,111.339,96.9336,67.4268,14.405,14.4054,-20.863600000000005,-19.456400000000002,-1.4072000000000031,1.9428999999999945,11.5096,11.509200000000007,-11
2016,Cincinnati,St. Joseph's,9,8,76,78,0,110.035,92.8755,64.1147,17.1593,17.159499999999994,113.435,98.7988,70.3117,14.6358,14.636200000000002,-20.5595,-11.236199999999997,-9.323300000000003,-6.197000000000003,2.523500000000002,2.523299999999992,1
2016,Dayton,Syracuse,7,10,51,70,0,106.934,93.5907,67.8498,13.3434,13.3433,111.357,95.507,64.9033,15.8501,15.849999999999994,-17.7663,-11.426999999999992,-6.339300000000009,2.9465000000000003,-2.5066999999999986,-2.506699999999995,-3
2016,Oregon St.,VCU,7,10,67,75,0,110.836,98.3992,67.1452,12.4371,12.436800000000003,110.984,94.769,69.4498,16.2152,16.21499999999999,-12.584800000000001,-16.066999999999993,3.4821999999999917,-2.3045999999999935,-3.7781000000000002,-3.778199999999986,-3
2016,UNC Asheville,Villanova,15,2,56,86,0,103.529,99.3166,70.1811,4.21193,4.212400000000002,118.299,91.552,66.5578,26.7471,26.747,-18.982400000000013,-11.97699999999999,-7.005400000000023,3.6233000000000004,-22.53517,-22.534599999999998,13
2016,Pittsburgh,Wisconsin,10,7,43,47,0,115.484,99.2827,65.557,16.2013,16.20129999999999,111.769,95.4038,63.2633,16.3651,16.3652,-12.4863,-20.08019999999999,7.593899999999991,2.293700000000001,-0.16380000000000194,-0.16390000000001237,3
2016,Weber St.,Xavier,15,2,53,71,0,103.593,100.851,66.9958,2.74146,2.7420000000000044,117.096,95.3858,71.9214,21.71,21.7102,-16.245000000000005,-8.2072,-8.037800000000004,-4.925600000000003,-18.96854,-18.968199999999996,13
2016,Yale,Duke,12,4,64,71,0,109.51,95.6837,65.9753,13.8265,13.826300000000003,121.786,99.7328,67.5008,22.0532,22.053200000000004,-26.1023,-9.777200000000008,-16.325099999999992,-1.5254999999999939,-8.226700000000001,-8.2269,8
2016,Utah,Gonzaga,3,11,59,82,0,115.673,97.5601,65.2107,18.1129,18.1129,116.44,97.1644,67.1988,19.2756,19.2756,-18.879899999999992,-18.5086,-0.37129999999999086,-1.9881000000000029,-1.162700000000001,-1.162700000000001,-8
2016,Kentucky,Indiana,4,5,67,73,0,122.508,97.3082,66.9955,25.1996,25.1998,120.855,98.0589,67.7325,22.7957,22.79610000000001,-23.546800000000005,-24.4491,0.9022999999999968,-0.7369999999999948,2.4039,2.40369999999999,-1
2016,Arkansas Little Rock,Iowa St.,12,4,61,78,0,108.951,95.6244,63.2633,13.3265,13.3266,121.033,99.9576,71.0322,21.0754,21.0754,-25.408600000000007,-8.993399999999994,-16.415200000000013,-7.768900000000002,-7.748899999999999,-7.748799999999999,8
2016,Connecticut,Kansas,9,1,61,73,0,111.651,92.899,65.7403,18.752,18.751999999999995,120.379,90.575,68.811,29.804,29.804,-27.480000000000004,-21.075999999999993,-6.404000000000011,-3.070700000000002,-11.052,-11.052000000000003,8
2016,Wichita St.,Miami FL,11,3,57,65,0,111.743,90.5918,65.8499,21.1508,21.15119999999999,118.848,95.9995,65.897,22.848,22.8485,-28.256199999999993,-15.743499999999997,-12.512699999999995,-0.047100000000000364,-1.6971999999999987,-1.6973000000000127,8
2016,Providence,North Carolina,9,1,66,85,0,109.321,95.7275,68.4903,13.5932,13.593499999999992,121.139,93.1009,71.0747,28.0379,28.0381,-25.41149999999999,-16.220100000000002,-9.191399999999987,-2.5844000000000023,-14.444700000000001,-14.444600000000008,8
2016,Butler,Virginia,9,1,69,77,0,117.318,101.468,67.7286,15.8497,15.849999999999994,120.224,91.1288,60.6947,29.0952,29.09520000000001,-18.756,-26.1892,7.433199999999999,7.033900000000003,-13.245499999999998,-13.245200000000015,8
2016,Hawaii,Maryland,13,5,60,73,0,108.243,96.5071,70.5206,11.736,11.7359,116.294,95.5806,67.2907,20.7136,20.713399999999996,-19.786900000000003,-12.662399999999991,-7.124500000000012,3.2299000000000007,-8.977599999999999,-8.977499999999996,8
2016,Stephen F. Austin,Notre Dame,14,6,75,76,0,111.339,96.9336,67.4268,14.405,14.4054,119.69,103.709,64.933,15.9813,15.980999999999996,-22.7564,-7.6299999999999955,-15.126400000000004,2.493799999999993,-1.5762999999999998,-1.5755999999999961,8
2016,VCU,Oklahoma,10,2,81,85,0,110.984,94.769,69.4498,16.2152,16.21499999999999,117.285,92.4357,69.8681,24.849,24.8493,-22.51599999999999,-18.548299999999998,-3.9676999999999936,-0.4183000000000021,-8.6338,-8.63430000000001,8
2016,St. Joseph's,Oregon,8,1,64,69,0,113.435,98.7988,70.3117,14.6358,14.636200000000002,119.63,96.8455,68.0532,22.7847,22.784499999999998,-20.831199999999995,-16.5895,-4.2416999999999945,2.258499999999998,-8.148900000000001,-8.148299999999995,7
2016,Middle Tennessee,Syracuse,15,10,50,75,0,103.144,99.21,67.5556,3.93408,3.934000000000012,111.357,95.507,64.9033,15.8501,15.849999999999994,-12.147000000000006,-7.6370000000000005,-4.510000000000005,2.6522999999999968,-11.91602,-11.915999999999983,5
2016,Northern Iowa,Texas A&M,11,3,88,92,0,108.298,98.2039,62.3968,10.0945,10.094099999999996,114.159,92.3528,66.5488,21.8057,21.806200000000004,-15.955100000000002,-15.9452,-0.009900000000001796,-4.152000000000001,-11.711200000000002,-11.712100000000008,8
2016,Iowa,Villanova,7,2,68,87,0,116.298,94.9421,68.812,21.3563,21.355900000000005,118.299,91.552,66.5578,26.7471,26.747,-23.35690000000001,-24.745999999999995,1.389099999999985,2.2541999999999973,-5.390799999999999,-5.3910999999999945,5
2016,Xavier,Wisconsin,2,7,63,66,0,117.096,95.3858,71.9214,21.71,21.7102,111.769,95.4038,63.2633,16.3651,16.3652,-16.383200000000002,-21.6922,5.3089999999999975,8.658100000000005,5.344899999999999,5.344999999999999,-5
2016,Maryland,Kansas,5,1,63,79,0,116.294,95.5806,67.2907,20.7136,20.713399999999996,120.379,90.575,68.811,29.804,29.804,-24.7984,-25.718999999999994,0.9205999999999932,-1.520300000000006,-9.090399999999999,-9.090600000000002,4
2016,Texas A&M,Oklahoma,3,2,63,77,0,114.159,92.3528,66.5488,21.8057,21.806200000000004,117.285,92.4357,69.8681,24.849,24.8493,-24.932199999999995,-21.72330000000001,-3.2088999999999857,-3.3192999999999984,-3.0432999999999986,-3.0430999999999955,1
2016,Duke,Oregon,4,1,68,82,0,121.786,99.7328,67.5008,22.0532,22.053200000000004,119.63,96.8455,68.0532,22.7847,22.784499999999998,-19.897199999999998,-24.9405,5.043300000000002,-0.5524000000000058,-0.7315000000000005,-0.7312999999999938,3
2016,Miami FL,Villanova,3,2,69,92,0,118.848,95.9995,65.897,22.848,22.8485,118.299,91.552,66.5578,26.7471,26.747,-22.29950000000001,-27.295999999999992,4.996499999999983,-0.6607999999999947,-3.8991000000000007,-3.8984999999999985,1
2016,Indiana,North Carolina,5,1,86,101,0,120.855,98.0589,67.7325,22.7957,22.79610000000001,121.139,93.1009,71.0747,28.0379,28.0381,-23.0801,-27.754100000000008,4.674000000000007,-3.3422000000000054,-5.2422,-5.24199999999999,4
2016,Wisconsin,Notre Dame,7,6,56,61,0,111.769,95.4038,63.2633,16.3651,16.3652,119.69,103.709,64.933,15.9813,15.980999999999996,-24.286199999999994,-8.060000000000002,-16.22619999999999,-1.669700000000006,0.3838000000000026,0.3842000000000052,1
2016,Gonzaga,Syracuse,11,10,60,63,0,116.44,97.1644,67.1988,19.2756,19.2756,111.357,95.507,64.9033,15.8501,15.849999999999994,-14.192599999999999,-20.932999999999993,6.740399999999994,2.295500000000004,3.4255000000000013,3.4256000000000064,1
2016,Iowa St.,Virginia,4,1,71,84,0,121.033,99.9576,71.0322,21.0754,21.0754,120.224,91.1288,60.6947,29.0952,29.09520000000001,-20.266400000000004,-29.904200000000003,9.637799999999999,10.337500000000006,-8.0198,-8.01980000000001,3
2016,Oregon,Oklahoma,1,2,68,80,0,119.63,96.8455,68.0532,22.7847,22.784499999999998,117.285,92.4357,69.8681,24.849,24.8493,-20.439499999999995,-27.1943,6.754800000000003,-1.8148999999999944,-2.0642999999999994,-2.0648000000000017,-1
2016,Kansas,Villanova,1,2,59,64,0,120.379,90.575,68.811,29.804,29.804,118.299,91.552,66.5578,26.7471,26.747,-27.724000000000004,-28.826999999999998,1.1029999999999944,2.2532000000000068,3.056899999999999,3.0569999999999986,-1
2016,Notre Dame,North Carolina,6,1,74,88,0,119.69,103.709,64.933,15.9813,15.980999999999996,121.139,93.1009,71.0747,28.0379,28.0381,-17.429999999999993,-26.589100000000002,9.15910000000001,-6.1417,-12.056600000000001,-12.057100000000004,5
2016,Virginia,Syracuse,1,10,62,68,0,120.224,91.1288,60.6947,29.0952,29.09520000000001,111.357,95.507,64.9033,15.8501,15.849999999999994,-20.2282,-24.717,4.488799999999998,-4.208600000000004,13.245099999999999,13.245200000000015,-9
2016,Syracuse,North Carolina,10,1,66,83,0,111.357,95.507,64.9033,15.8501,15.849999999999994,121.139,93.1009,71.0747,28.0379,28.0381,-25.63199999999999,-18.256100000000004,-7.375899999999987,-6.1714000000000055,-12.187800000000001,-12.188100000000006,9
2016,Oklahoma,Villanova,2,2,51,95,0,117.285,92.4357,69.8681,24.849,24.8493,118.299,91.552,66.5578,26.7471,26.747,-25.86330000000001,-25.73299999999999,-0.13030000000001962,3.310299999999998,-1.8980999999999995,-1.8977000000000004,0
2016,North Carolina,Villanova,1,2,74,77,0,121.139,93.1009,71.0747,28.0379,28.0381,118.299,91.552,66.5578,26.7471,26.747,-25.19810000000001,-29.58699999999999,4.388899999999978,4.516900000000007,1.2908000000000008,1.2911000000000001,-1
2017,Wake Forest,Kansas St.,11,11,88,95,0,120.873,103.6,70.4705,17.2722,17.27300000000001,112.038,94.4839,66.1487,17.5538,17.55409999999999,-8.438000000000002,-26.3891,17.951099999999997,4.321799999999996,-0.2815999999999974,-0.2810999999999808,0
2017,New Orleans,Mount St. Mary's,16,16,66,67,0,100.844,101.362,66.1458,-0.517773,-0.5180000000000007,98.9775,103.211,66.8082,-4.23312,-4.233499999999992,2.3844999999999885,2.3670000000000044,0.017499999999984084,-0.6624000000000052,3.7153470000000004,3.7154999999999916,0
2017,North Carolina Central,UC Davis,16,16,63,67,0,102.796,101.835,66.3643,0.961015,0.9610000000000128,97.8508,102.603,68.4821,-4.75235,-4.752199999999988,3.984199999999987,-0.19300000000001205,4.177199999999999,-2.1178000000000026,5.713365,5.7132000000000005,0
2017,Providence,USC,11,11,71,75,0,108.021,95.1217,66.3485,12.8992,12.899299999999997,112.508,100.168,68.8968,12.3407,12.33999999999999,-17.38629999999999,-7.852999999999994,-9.533299999999997,-2.5482999999999976,0.5585000000000004,0.5593000000000075,0
2017,North Dakota,Arizona,15,2,82,100,0,102.854,103.166,71.25,-0.311268,-0.3119999999999976,117.585,94.8418,65.6678,22.7427,22.743199999999987,-14.418999999999997,-8.012199999999993,-6.406800000000004,5.5822,-23.053967999999998,-23.055199999999985,13
2017,Winthrop,Butler,13,4,64,76,0,106.436,101.809,70.9519,4.62694,4.6270000000000095,117.971,97.0613,65.3305,20.9097,20.9097,-16.162000000000006,-9.374700000000004,-6.787300000000002,5.621399999999994,-16.28276,-16.28269999999999,9
2017,East Tennessee St.,Florida,13,4,65,80,0,107.974,96.4902,70.0234,11.4836,11.483800000000002,115.851,89.4618,68.8208,26.3891,26.3892,-19.360799999999998,-18.512200000000007,-0.8485999999999905,1.2025999999999897,-14.9055,-14.905399999999997,9
2017,Florida Gulf Coast,Florida St.,14,3,80,86,0,109.563,104.547,65.2507,5.016,5.016000000000005,116.738,93.9951,70.7622,22.7426,22.74290000000001,-12.191000000000003,-15.567900000000009,3.3769000000000062,-5.511500000000012,-17.726599999999998,-17.726900000000004,11
2017,South Dakota St.,Gonzaga,16,1,46,66,0,110.782,112.116,67.0521,-1.33359,-1.3340000000000032,120.711,87.6571,70.022,33.0538,33.0539,-8.594999999999999,-23.124899999999997,14.529899999999998,-2.9699000000000098,-34.38739,-34.3879,15
2017,Nevada,Iowa St.,12,5,73,84,0,114.477,101.135,69.6483,13.3415,13.342,119.541,96.4283,68.1638,23.113,23.112700000000004,-18.40599999999999,-18.04870000000001,-0.35729999999998086,1.4845000000000113,-9.7715,-9.770700000000003,7
2017,Minnesota,Middle Tennessee,5,12,72,81,0,109.574,92.9833,69.3901,16.5907,16.5907,111.64,96.9823,64.2498,14.6582,14.657700000000006,-18.6567,-12.591700000000003,-6.064999999999998,5.1403000000000105,1.9324999999999974,1.9329999999999927,-7
2017,Vanderbilt,Northwestern,9,8,66,68,0,112.303,96.065,65.5596,16.2376,16.238,111.189,95.6778,65.1075,15.511,15.511199999999988,-15.123999999999995,-16.625199999999992,1.5011999999999972,0.4521000000000015,0.7266000000000012,0.7268000000000114,1
2017,Princeton,Notre Dame,12,5,58,60,0,109.396,96.8962,63.1679,12.5002,12.499800000000008,118.891,97.7973,67.0898,21.0939,21.0937,-21.994800000000012,-11.598699999999994,-10.396100000000018,-3.9218999999999937,-8.593700000000002,-8.59389999999999,7
2017,Vermont,Purdue,13,4,70,80,0,110.832,98.9477,64.3336,11.8847,11.884299999999996,116.912,92.6889,68.8912,24.2236,24.2231,-17.96430000000001,-18.14309999999999,0.1787999999999812,-4.557599999999994,-12.3389,-12.338800000000003,9
2017,VCU,St. Mary's,10,7,77,85,0,110.018,95.716,68.1834,14.3025,14.302000000000008,118.894,94.2568,59.2901,24.6377,24.637200000000007,-23.17800000000001,-15.761200000000002,-7.416800000000009,8.893300000000004,-10.335199999999999,-10.335199999999999,3
2017,Mount St. Mary's,Villanova,16,1,56,76,0,98.9775,103.211,66.8082,-4.23312,-4.233499999999992,122.753,91.9756,63.9872,30.7772,30.7774,-19.542,-7.001900000000006,-12.540099999999995,2.820999999999998,-35.01032,-35.01089999999999,15
2017,UNC Wilmington,Virginia,12,5,71,76,0,117.706,105.319,70.0795,12.3867,12.387,113.686,87.0194,58.8864,26.6671,26.666600000000003,-8.367000000000004,-30.6866,22.319599999999994,11.193099999999994,-14.280400000000002,-14.279600000000002,7
2017,Bucknell,West Virginia,13,4,80,86,0,109.074,100.358,69.6888,8.71601,8.715999999999994,116.472,89.6731,69.8998,26.7991,26.79889999999999,-16.11399999999999,-19.400899999999993,3.286900000000003,-0.21099999999999852,-18.08309,-18.082899999999995,9
2017,Virginia Tech,Wisconsin,9,8,74,84,0,117.358,102.419,68.2782,14.9395,14.939000000000007,113.589,91.2963,63.2884,22.2926,22.2927,-11.170000000000002,-26.061700000000002,14.8917,4.989799999999995,-7.3530999999999995,-7.353699999999993,1
2017,Maryland,Xavier,6,11,65,76,0,113.565,98.7271,67.0658,14.838,14.837900000000005,114.744,99.4255,67.1917,15.3189,15.3185,-16.016900000000007,-14.139499999999998,-1.8774000000000086,-0.12590000000000146,-0.4809000000000001,-0.4805999999999955,-5
2017,Seton Hall,Arkansas,9,8,71,77,0,109.8,95.8517,67.2845,13.9487,13.948300000000003,116.639,101.04,69.4151,15.5987,15.59899999999999,-20.787300000000002,-8.759999999999991,-12.027300000000011,-2.130600000000001,-1.6499999999999986,-1.6506999999999863,1
2017,New Mexico St.,Baylor,14,3,73,91,0,110.052,102.738,67.51,7.31463,7.314000000000007,117.289,92.281,63.0844,25.0078,25.008,-14.551000000000002,-17.771,3.219999999999999,4.425600000000003,-17.69317,-17.693999999999992,11
2017,Kansas St.,Cincinnati,11,6,61,75,0,112.038,94.4839,66.1487,17.5538,17.55409999999999,114.215,91.8982,63.7687,22.3165,22.3168,-19.731099999999998,-20.139799999999994,0.40869999999999607,2.3800000000000026,-4.762700000000002,-4.7627000000000095,5
2017,Troy,Duke,15,2,65,87,0,109.892,107.217,68.0509,2.67571,2.674999999999997,120.988,95.8991,67.9699,25.0887,25.088899999999995,-13.771,-13.992899999999992,0.22189999999999088,0.08100000000000307,-22.41299,-22.413899999999998,13
2017,UC Davis,Kansas,16,1,62,100,0,97.8508,102.603,68.4821,-4.75235,-4.752199999999988,120.833,94.8585,70.2533,25.975,25.974499999999992,-18.230000000000004,-2.9923,-15.237700000000004,-1.7711999999999932,-30.72735,-30.72669999999998,15
2017,Northern Kentucky,Kentucky,15,2,70,79,0,106.647,105.311,67.8323,1.33605,1.3359999999999983,119.139,91.8728,72.7658,27.2664,27.2662,-13.827999999999989,-14.774200000000008,0.9462000000000188,-4.933499999999995,-25.93035,-25.930200000000003,13
2017,Jacksonville St.,Louisville,15,2,63,78,0,105.363,104.78,63.5728,0.583245,0.5829999999999984,117.179,90.4602,67.9905,26.7186,26.7188,-12.399000000000001,-14.9028,2.5037999999999982,-4.417699999999996,-26.135354999999997,-26.135800000000003,13
2017,Oklahoma St.,Michigan,10,7,91,92,0,124.834,102.73,70.289,22.1043,22.104,121.592,98.9742,62.8409,22.618,22.617800000000003,-18.861999999999995,-25.859800000000007,6.997800000000012,7.448100000000004,-0.5137,-0.5138000000000034,3
2017,Miami FL,Michigan St.,8,9,58,78,0,110.386,93.4254,62.9821,16.9602,16.9606,110.569,95.5936,66.7308,14.9753,14.975400000000008,-17.143600000000006,-14.7924,-2.3512000000000057,-3.7486999999999995,1.9848999999999997,1.9851999999999919,-1
2017,Texas Southern,North Carolina,16,1,64,103,0,103.622,107.286,68.4526,-3.66476,-3.6640000000000015,122.075,94.0654,70.6955,28.0091,28.00960000000001,-14.789000000000001,-9.556600000000003,-5.232399999999998,-2.2428999999999917,-31.67386,-31.67360000000001,15
2017,Iona,Oregon,14,3,77,93,0,110.197,106.195,70.4839,4.00176,4.0020000000000095,117.728,93.9002,66.7169,23.8276,23.8278,-11.533000000000001,-16.296800000000005,4.763800000000003,3.76700000000001,-19.82584,-19.82579999999999,11
2017,Creighton,Rhode Island,6,11,72,84,0,115.639,96.0487,70.8829,19.5902,19.5903,110.668,95.0527,66.1243,15.6156,15.615300000000005,-14.61930000000001,-20.586299999999994,5.9669999999999845,4.758600000000001,3.974599999999999,3.9749999999999943,-5
2017,Marquette,South Carolina,10,7,73,93,0,120.943,103.371,69.9346,17.5711,17.572000000000003,105.546,88.5163,68.211,17.0302,17.029700000000005,-2.1750000000000114,-32.4267,30.251699999999985,1.7236000000000047,0.5409000000000006,0.5422999999999973,3
2017,SMU,USC,6,11,65,66,0,120.073,94.8141,63.5675,25.2591,25.2589,112.508,100.168,68.8968,12.3407,12.33999999999999,-17.6939,-19.904999999999987,2.2110999999999876,-5.329299999999996,12.9184,12.918900000000011,-5
2017,Dayton,Wichita St.,7,10,58,64,0,112.3,96.6262,68.5788,15.6735,15.6738,119.636,93.2236,68.6272,26.4121,26.41239999999999,-23.0098,-19.076399999999992,-3.933400000000006,-0.04840000000000089,-10.738599999999998,-10.738599999999991,-3
2017,St. Mary's,Arizona,7,2,60,69,0,118.894,94.2568,59.2901,24.6377,24.637200000000007,117.585,94.8418,65.6678,22.7427,22.743199999999987,-23.328199999999995,-24.0522,0.7240000000000038,-6.377699999999997,1.8949999999999996,1.8940000000000197,5
2017,Middle Tennessee,Butler,12,4,65,74,0,111.64,96.9823,64.2498,14.6582,14.657700000000006,117.971,97.0613,65.3305,20.9097,20.9097,-20.98870000000001,-14.578699999999998,-6.410000000000011,-1.0807000000000073,-6.2515,-6.251999999999995,8
2017,Virginia,Florida,5,4,39,65,0,113.686,87.0194,58.8864,26.6671,26.666600000000003,115.851,89.4618,68.8208,26.3891,26.3892,-28.831599999999995,-24.22420000000001,-4.607399999999984,-9.934400000000004,0.27800000000000225,0.27740000000000364,1
2017,Northwestern,Gonzaga,8,1,73,79,0,111.189,95.6778,65.1075,15.511,15.511199999999988,120.711,87.6571,70.022,33.0538,33.0539,-25.033199999999994,-23.531899999999993,-1.5013000000000005,-4.914500000000004,-17.542800000000003,-17.54270000000001,7
2017,Iowa St.,Purdue,5,4,76,80,0,119.541,96.4283,68.1638,23.113,23.112700000000004,116.912,92.6889,68.8912,24.2236,24.2231,-20.483700000000013,-26.852099999999993,6.36839999999998,-0.7274000000000029,-1.1106000000000016,-1.110399999999995,1
2017,Notre Dame,West Virginia,5,4,71,83,0,118.891,97.7973,67.0898,21.0939,21.0937,116.472,89.6731,69.8998,26.7991,26.79889999999999,-18.674699999999987,-29.2179,10.543200000000013,-2.8100000000000023,-5.705199999999998,-5.705199999999991,1
2017,Villanova,Wisconsin,1,8,62,65,0,122.753,91.9756,63.9872,30.7772,30.7774,113.589,91.2963,63.2884,22.2926,22.2927,-21.6134,-31.456699999999998,9.8433,0.6987999999999985,8.4846,8.4847,-7
2017,Florida St.,Xavier,3,11,66,91,0,116.738,93.9951,70.7622,22.7426,22.74290000000001,114.744,99.4255,67.1917,15.3189,15.3185,-20.748900000000006,-17.3125,-3.436400000000006,3.5705000000000098,7.4237,7.424400000000009,-8
2017,USC,Baylor,11,3,78,82,0,112.508,100.168,68.8968,12.3407,12.33999999999999,117.289,92.281,63.0844,25.0078,25.008,-17.120999999999995,-20.22699999999999,3.1059999999999945,5.812399999999997,-12.6671,-12.66800000000001,8
2017,Michigan St.,Kansas,9,1,70,90,0,110.569,95.5936,66.7308,14.9753,14.975400000000008,120.833,94.8585,70.2533,25.975,25.974499999999992,-25.239400000000003,-15.710499999999996,-9.528900000000007,-3.5224999999999937,-10.9997,-10.999099999999984,8
2017,Wichita St.,Kentucky,10,2,62,65,0,119.636,93.2236,68.6272,26.4121,26.41239999999999,119.139,91.8728,72.7658,27.2664,27.2662,-25.91539999999999,-27.763199999999998,1.8478000000000065,-4.138599999999997,-0.8543000000000021,-0.8538000000000103,8
2017,Louisville,Michigan,2,7,69,73,0,117.179,90.4602,67.9905,26.7186,26.7188,121.592,98.9742,62.8409,22.618,22.617800000000003,-31.1318,-18.204800000000006,-12.926999999999992,5.1495999999999995,4.1006,4.100999999999999,-5
2017,Arkansas,North Carolina,8,1,65,72,0,116.639,101.04,69.4151,15.5987,15.59899999999999,122.075,94.0654,70.6955,28.0091,28.00960000000001,-21.034999999999997,-22.5736,1.5386000000000024,-1.2804000000000002,-12.410400000000001,-12.41060000000002,7
2017,Rhode Island,Oregon,11,3,72,75,0,110.668,95.0527,66.1243,15.6156,15.615300000000005,117.728,93.9002,66.7169,23.8276,23.8278,-22.675299999999993,-16.76780000000001,-5.907499999999985,-0.5925999999999902,-8.212,-8.212499999999995,8
2017,Duke,South Carolina,2,7,81,88,0,120.988,95.8991,67.9699,25.0887,25.088899999999995,105.546,88.5163,68.211,17.0302,17.029700000000005,-9.646900000000002,-32.4717,22.824799999999996,-0.24110000000000298,8.058499999999999,8.05919999999999,-5
2017,Cincinnati,UCLA,6,3,67,79,0,114.215,91.8982,63.7687,22.3165,22.3168,122.757,99.8057,73.179,22.9515,22.951300000000003,-30.858800000000002,-14.409300000000002,-16.4495,-9.4103,-0.634999999999998,-0.6345000000000027,3
2017,West Virginia,Gonzaga,4,1,58,61,0,116.472,89.6731,69.8998,26.7991,26.79889999999999,120.711,87.6571,70.022,33.0538,33.0539,-31.037899999999993,-28.814899999999994,-2.222999999999999,-0.12220000000000653,-6.254700000000003,-6.25500000000001,3
2017,Purdue,Kansas,4,1,66,98,0,116.912,92.6889,68.8912,24.2236,24.2231,120.833,94.8585,70.2533,25.975,25.974499999999992,-28.144099999999995,-22.0535,-6.090599999999995,-1.362099999999998,-1.7514000000000003,-1.7513999999999932,3
2017,Michigan,Oregon,7,3,68,69,0,121.592,98.9742,62.8409,22.618,22.617800000000003,117.728,93.9002,66.7169,23.8276,23.8278,-18.7538,-27.6918,8.938000000000002,-3.8759999999999977,-1.2096000000000018,-1.2099999999999973,4
2017,Arizona,Xavier,2,11,71,73,0,117.585,94.8418,65.6678,22.7427,22.743199999999987,114.744,99.4255,67.1917,15.3189,15.3185,-19.902199999999993,-18.159499999999994,-1.7426999999999992,-1.5238999999999976,7.4238,7.424699999999987,-9
2017,Wisconsin,Florida,8,4,83,84,0,113.589,91.2963,63.2884,22.2926,22.2927,115.851,89.4618,68.8208,26.3891,26.3892,-24.554699999999997,-24.127200000000002,-0.4274999999999949,-5.532400000000003,-4.096499999999999,-4.096499999999999,4
2017,UCLA,Kentucky,3,2,75,86,0,122.757,99.8057,73.179,22.9515,22.951300000000003,119.139,91.8728,72.7658,27.2664,27.2662,-19.333299999999994,-30.884200000000007,11.550900000000013,0.41320000000000334,-4.3149000000000015,-4.314899999999998,1
2017,Butler,North Carolina,4,1,80,92,0,117.971,97.0613,65.3305,20.9097,20.9097,122.075,94.0654,70.6955,28.0091,28.00960000000001,-25.0137,-23.905600000000007,-1.1080999999999932,-5.364999999999995,-7.099399999999999,-7.099900000000009,3
2017,Baylor,South Carolina,3,7,50,70,0,117.289,92.281,63.0844,25.0078,25.008,105.546,88.5163,68.211,17.0302,17.029700000000005,-13.265,-28.7727,15.5077,-5.126599999999996,7.977599999999999,7.978299999999994,-4
2017,Xavier,Gonzaga,11,1,59,83,0,114.744,99.4255,67.1917,15.3189,15.3185,120.711,87.6571,70.022,33.0538,33.0539,-21.2855,-27.0869,5.801400000000001,-2.8303000000000083,-17.734900000000003,-17.7354,10
2017,Kansas,Oregon,1,3,60,74,0,120.833,94.8585,70.2533,25.975,25.974499999999992,117.728,93.9002,66.7169,23.8276,23.8278,-22.869499999999988,-26.9328,4.063300000000012,3.5364000000000004,2.147400000000001,2.146699999999992,-2
2017,Kentucky,North Carolina,2,1,73,75,0,119.139,91.8728,72.7658,27.2664,27.2662,122.075,94.0654,70.6955,28.0091,28.00960000000001,-30.202200000000005,-25.0736,-5.128600000000006,2.070300000000003,-0.7426999999999992,-0.7434000000000083,1
2017,Florida,South Carolina,4,7,70,77,0,115.851,89.4618,68.8208,26.3891,26.3892,105.546,88.5163,68.211,17.0302,17.029700000000005,-16.08420000000001,-27.334699999999998,11.250499999999988,0.609800000000007,9.358899999999998,9.359499999999993,-3
2017,South Carolina,Gonzaga,7,1,73,77,0,105.546,88.5163,68.211,17.0302,17.029700000000005,120.711,87.6571,70.022,33.0538,33.0539,-32.1947,-17.888900000000007,-14.30579999999999,-1.811000000000007,-16.023600000000002,-16.024199999999993,6
2017,Oregon,North Carolina,3,1,76,77,0,117.728,93.9002,66.7169,23.8276,23.8278,122.075,94.0654,70.6955,28.0091,28.00960000000001,-28.174800000000005,-23.662599999999998,-4.512200000000007,-3.9786,-4.1815,-4.18180000000001,2
2017,Gonzaga,North Carolina,1,1,65,71,0,120.711,87.6571,70.022,33.0538,33.0539,122.075,94.0654,70.6955,28.0091,28.00960000000001,-34.4179,-26.6456,-7.772300000000001,-0.67349999999999,5.044700000000002,5.044299999999989,0
2018,LIU Brooklyn,Radford,16,16,61,71,0,103.335,111.135,71.3779,-7.80028,-7.800000000000011,103.581,103.629,62.7351,-0.0477779,-0.0480000000000018,7.554000000000002,0.29400000000001114,7.259999999999991,8.642799999999994,-7.7525021,-7.7520000000000095,0
2018,UCLA,St. Bonaventure,11,11,58,65,0,116.447,102.063,70.5038,14.3834,14.384,112.288,101.093,69.2408,11.1954,11.194999999999991,-10.224999999999994,-15.354,5.129000000000005,1.2630000000000052,3.1880000000000006,3.189000000000009,0
2018,Arizona St.,Syracuse,11,11,56,60,0,117.651,102.937,71.5605,14.714,14.714,107.705,94.1122,63.3993,13.5929,13.592799999999997,-4.768000000000001,-23.538799999999995,18.770799999999994,8.161200000000008,1.1211000000000002,1.1212000000000035,0
2018,North Carolina Central,Texas Southern,16,16,46,64,0,98.1525,110.889,64.9456,-12.7366,-12.736499999999992,105.281,112.94,71.5742,-7.659,-7.658999999999992,5.60799999999999,14.787499999999994,-9.179500000000004,-6.628600000000006,-5.0775999999999994,-5.077500000000001,0
2018,Virginia Tech,Alabama,8,9,83,86,0,115.016,98.3773,68.6757,16.6388,16.6387,108.459,94.6334,68.7962,13.8252,13.825600000000009,-10.081699999999998,-20.38260000000001,10.300900000000013,-0.12049999999999272,2.813599999999999,2.8130999999999915,-1
2018,Arizona,Buffalo,4,13,68,89,0,119.012,99.6425,67.313,19.3692,19.3695,114.284,103.791,72.8022,10.4931,10.49300000000001,-14.641500000000008,-15.221000000000004,0.5794999999999959,-5.489199999999997,8.8761,8.87649999999999,-9
2018,Iona,Duke,15,2,67,89,0,110.261,107.388,70.6965,2.87263,2.8729999999999905,122.602,93.467,70.0021,29.1348,29.135000000000005,-15.213999999999999,-16.793999999999997,1.5799999999999983,0.6944000000000017,-26.262169999999998,-26.262000000000015,13
2018,St. Bonaventure,Florida,11,6,62,77,0,112.288,101.093,69.2408,11.1954,11.194999999999991,115.14,96.4262,66.7986,18.7137,18.71380000000001,-14.046999999999997,-15.861800000000002,1.8148000000000053,2.4421999999999997,-7.5183,-7.518800000000018,5
2018,UNC Greensboro,Gonzaga,13,4,64,68,0,105.672,96.6156,64.9776,9.0562,9.056399999999996,119.824,95.0891,68.9851,24.7352,24.7349,-23.208399999999997,-10.582899999999995,-12.625500000000002,-4.007500000000007,-15.678999999999998,-15.678500000000003,9
2018,San Diego St.,Houston,11,6,65,67,0,111.286,97.1358,68.6523,14.1504,14.150199999999998,115.787,95.2473,68.2176,20.5396,20.53970000000001,-18.651200000000003,-16.038700000000006,-2.612499999999997,0.4346999999999923,-6.389200000000001,-6.389500000000012,5
2018,Penn,Kansas,16,1,60,76,0,103.553,99.8577,68.8538,3.69539,3.695300000000003,120.933,97.6938,68.4279,23.2388,23.23920000000001,-21.075300000000013,-5.859200000000001,-15.216100000000012,0.4259000000000128,-19.54341,-19.543900000000008,15
2018,Davidson,Kentucky,12,5,73,78,0,117.399,102.494,64.1645,14.9051,14.905,116.426,96.019,68.5818,20.4069,20.407,-13.932000000000002,-21.379999999999995,7.447999999999993,-4.417299999999997,-5.501800000000001,-5.502000000000001,7
2018,Miami FL,Loyola Chicago,6,11,62,64,0,113.309,97.5988,67.0632,15.7103,15.7102,111.331,96.1911,65.3221,15.1402,15.139899999999995,-13.732200000000006,-17.11789999999999,3.3856999999999857,1.7410999999999888,0.5701,0.5703000000000049,-5
2018,Montana,Michigan,14,3,47,61,0,110.144,99.3132,67.9708,10.8304,10.83080000000001,115.9,92.7095,64.3592,23.1909,23.1905,-16.58680000000001,-17.4345,0.847699999999989,3.6115999999999957,-12.3605,-12.35969999999999,11
2018,South Dakota St.,Ohio St.,12,5,73,81,0,114.629,104.038,70.2629,10.5907,10.591000000000008,116.15,95.0408,66.3996,21.1094,21.1092,-12.112000000000009,-19.5882,7.4761999999999915,3.8632999999999953,-10.5187,-10.518199999999993,7
2018,Oklahoma,Rhode Island,10,7,78,83,0,115.128,100.709,75.8225,14.419,14.418999999999995,111.71,97.328,68.6547,14.3818,14.38199999999999,-11.00099999999999,-17.799999999999997,6.799000000000007,7.1678,0.037200000000000344,0.03700000000000436,3
2018,Wright St.,Tennessee,14,3,47,73,0,101.068,98.251,68.2124,2.81674,2.816999999999993,114.839,92.6901,66.1739,22.1486,22.1489,-16.587999999999994,-8.377899999999997,-8.210099999999997,2.038499999999999,-19.33186,-19.331900000000008,11
2018,Stephen F. Austin,Texas Tech,14,3,60,70,0,104.983,99.4206,71.1416,5.56289,5.562400000000011,114.03,92.0873,66.5709,21.9424,21.9427,-14.609400000000008,-12.895700000000005,-1.7137000000000029,4.570700000000002,-16.37951,-16.380299999999988,11
2018,Radford,Villanova,16,1,61,87,0,103.581,103.629,62.7351,-0.0477779,-0.0480000000000018,127.384,95.9749,68.277,31.4091,31.409099999999995,-23.754999999999995,-7.606099999999998,-16.148899999999998,-5.541899999999998,-31.4568779,-31.457099999999997,15
2018,College of Charleston,Auburn,13,4,58,62,0,109.887,105.153,64.6463,4.73418,4.733999999999995,118.196,97.5614,72.2946,20.6348,20.634599999999992,-13.042999999999992,-12.325599999999994,-0.7173999999999978,-7.648300000000006,-15.900619999999998,-15.900599999999997,9
2018,Arkansas,Butler,7,10,62,79,0,117.32,101.685,69.6899,15.635,15.634999999999993,115.758,97.8916,67.8456,17.8667,17.8664,-14.072999999999993,-19.428399999999996,5.355400000000003,1.8442999999999898,-2.231700000000002,-2.231400000000006,-3
2018,Georgia St.,Cincinnati,15,2,53,68,0,109.045,101.835,66.8969,7.20921,7.210000000000008,113.155,86.158,64.6798,26.9966,26.997,-11.320000000000007,-22.887,11.566999999999993,2.217100000000002,-19.787390000000002,-19.786999999999992,13
2018,New Mexico St.,Clemson,12,5,68,79,0,108.457,94.9001,68.2276,13.5573,13.5569,113.774,93.5052,65.6205,20.2693,20.2688,-18.873900000000006,-14.951799999999992,-3.9221000000000146,2.6070999999999884,-6.7120000000000015,-6.711899999999998,7
2018,Missouri,Florida St.,8,9,54,67,0,113.275,97.803,65.6199,15.4717,15.472000000000008,115.822,99.9984,71.6051,15.8239,15.8236,-18.019000000000005,-13.276600000000002,-4.7424000000000035,-5.985199999999992,-0.35219999999999985,-0.35159999999999236,-1
2018,Creighton,Kansas St.,8,9,59,69,0,116.454,99.1744,70.8444,17.2792,17.279599999999988,112.178,97.4236,65.5437,14.7543,14.754400000000004,-13.003599999999992,-19.0304,6.026800000000009,5.300699999999992,2.524899999999999,2.525199999999984,-1
2018,Wichita St.,Marshall,4,13,75,81,0,121.925,101.857,68.6357,20.068,20.068,109.328,103.944,74.8308,5.38402,5.384,-7.471000000000004,-17.980999999999995,10.509999999999991,-6.1950999999999965,14.683980000000002,14.684000000000001,-9
2018,Bucknell,Michigan St.,14,3,78,82,0,109.182,102.368,71.4452,6.8137,6.814000000000007,119.983,93.6364,67.1449,26.3461,26.34660000000001,-17.61500000000001,-15.545600000000007,-2.0694000000000017,4.300299999999993,-19.5324,-19.532600000000002,11
2018,Texas,Nevada,10,7,83,87,0,109.372,93.914,65.2086,15.4577,15.457999999999998,119.901,101.72,69.4886,18.1814,18.181,-25.986999999999995,-7.652000000000001,-18.334999999999994,-4.280000000000001,-2.723699999999999,-2.7230000000000025,3
2018,Lipscomb,North Carolina,15,2,66,84,0,103.793,103.43,74.8966,0.363623,0.3629999999999995,121.959,96.9241,70.9501,25.0348,25.034900000000007,-18.528999999999996,-6.868900000000011,-11.660099999999986,3.9465000000000003,-24.671177,-24.671900000000008,13
2018,Cal St. Fullerton,Purdue,15,2,48,74,0,104.984,103.669,69.5384,1.3154,1.3149999999999975,123.248,96.5818,67.2291,26.6663,26.666200000000003,-19.579000000000008,-8.402199999999993,-11.176800000000014,2.3092999999999932,-25.3509,-25.351200000000006,13
2018,TCU,Syracuse,6,11,52,57,0,120.625,101.705,68.7039,18.9201,18.92,107.705,94.1122,63.3993,13.5929,13.592799999999997,-6.0,-26.5128,20.5128,5.304600000000008,5.327200000000001,5.327200000000005,-5
2018,Providence,Texas A&M,10,7,69,73,0,108.926,97.0075,67.0963,11.9189,11.918500000000009,111.204,94.2949,69.0256,16.9086,16.909099999999995,-14.1965,-14.631100000000004,0.4346000000000032,-1.9292999999999978,-4.989699999999999,-4.990599999999986,3
2018,Virginia,UMBC,1,16,54,74,0,116.528,84.3753,59.1912,32.1527,32.15270000000001,103.389,105.297,68.1857,-1.9086,-1.9080000000000013,-19.0137,-11.231000000000009,-7.782699999999991,-8.994499999999995,34.0613,34.06070000000001,-15
2018,Murray St.,West Virginia,12,5,68,85,0,113.139,100.444,67.3002,12.6951,12.694999999999991,119.151,97.3766,69.0413,21.7748,21.7744,-18.706999999999994,-15.7624,-2.944599999999994,-1.741100000000003,-9.079699999999999,-9.079400000000009,7
2018,Texas Southern,Xavier,16,1,83,102,0,105.281,112.94,71.5742,-7.659,-7.658999999999992,120.74,99.0492,70.4307,21.6909,21.6908,-7.799999999999997,-6.231800000000007,-1.5681999999999903,1.143500000000003,-29.349899999999998,-29.34979999999999,15
2018,Rhode Island,Duke,7,2,62,87,0,111.71,97.328,68.6547,14.3818,14.38199999999999,122.602,93.467,70.0021,29.1348,29.135000000000005,-25.274,-18.242999999999995,-7.031000000000006,-1.3473999999999933,-14.752999999999998,-14.753000000000014,5
2018,Ohio St.,Gonzaga,5,4,84,90,0,116.15,95.0408,66.3996,21.1094,21.1092,119.824,95.0891,68.9851,24.7352,24.7349,-24.783199999999994,-21.060900000000004,-3.72229999999999,-2.585499999999996,-3.625799999999998,-3.6256999999999984,1
2018,Seton Hall,Kansas,8,1,79,83,0,116.335,98.9994,69.3438,17.3352,17.3356,120.933,97.6938,68.4279,23.2388,23.23920000000001,-21.933600000000013,-18.641199999999998,-3.292400000000015,0.9159000000000077,-5.903600000000001,-5.9036000000000115,7
2018,Buffalo,Kentucky,13,5,75,95,0,114.284,103.791,72.8022,10.4931,10.49300000000001,116.426,96.019,68.5818,20.4069,20.407,-12.635000000000005,-18.265,5.6299999999999955,4.220399999999998,-9.9138,-9.91399999999999,8
2018,Tennessee,Loyola Chicago,3,11,62,63,0,114.839,92.6901,66.1739,22.1486,22.1489,111.331,96.1911,65.3221,15.1402,15.139899999999995,-18.640900000000002,-18.647899999999993,0.006999999999990791,0.8517999999999972,7.008399999999998,7.009000000000006,-8
2018,Houston,Michigan,6,3,63,64,0,115.787,95.2473,68.2176,20.5396,20.53970000000001,115.9,92.7095,64.3592,23.1909,23.1905,-20.65270000000001,-23.0775,2.4247999999999905,3.858400000000003,-2.651299999999999,-2.6507999999999896,3
2018,Florida,Texas Tech,6,3,66,69,0,115.14,96.4262,66.7986,18.7137,18.71380000000001,114.03,92.0873,66.5709,21.9424,21.9427,-17.603800000000007,-23.0527,5.448899999999995,0.22769999999999868,-3.2287,-3.228899999999989,3
2018,Alabama,Villanova,9,1,58,81,0,108.459,94.6334,68.7962,13.8252,13.825600000000009,127.384,95.9749,68.277,31.4091,31.409099999999995,-32.750600000000006,-12.484099999999998,-20.266500000000008,0.5191999999999979,-17.5839,-17.583499999999987,8
2018,Auburn,Clemson,4,5,53,84,0,118.196,97.5614,72.2946,20.6348,20.634599999999992,113.774,93.5052,65.6205,20.2693,20.2688,-16.212599999999995,-24.690799999999996,8.478200000000001,6.674099999999996,0.36549999999999727,0.365799999999993,-1
2018,Xavier,Florida St.,1,9,70,75,0,120.74,99.0492,70.4307,21.6909,21.6908,115.822,99.9984,71.6051,15.8239,15.8236,-16.772800000000004,-20.74159999999999,3.9687999999999874,-1.1743999999999915,5.866999999999999,5.867199999999999,-8
2018,UMBC,Kansas St.,16,9,43,50,0,103.389,105.297,68.1857,-1.9086,-1.9080000000000013,112.178,97.4236,65.5437,14.7543,14.754400000000004,-6.881,-5.9654000000000025,-0.9155999999999977,2.641999999999996,-16.6629,-16.662400000000005,7
2018,Cincinnati,Nevada,2,7,73,75,0,113.155,86.158,64.6798,26.9966,26.997,119.901,101.72,69.4886,18.1814,18.181,-33.742999999999995,-11.435000000000002,-22.307999999999993,-4.808800000000005,8.8152,8.815999999999999,-5
2018,Butler,Purdue,10,2,73,76,0,115.758,97.8916,67.8456,17.8667,17.8664,123.248,96.5818,67.2291,26.6663,26.666200000000003,-25.356400000000008,-19.176199999999994,-6.1802000000000135,0.616500000000002,-8.799599999999998,-8.799800000000005,8
2018,Michigan St.,Syracuse,3,11,53,55,0,119.983,93.6364,67.1449,26.3461,26.34660000000001,107.705,94.1122,63.3993,13.5929,13.592799999999997,-14.068600000000004,-25.870800000000003,11.8022,3.7456000000000103,12.7532,12.753800000000012,-8
2018,North Carolina,Texas A&M,2,7,65,86,0,121.959,96.9241,70.9501,25.0348,25.034900000000007,111.204,94.2949,69.0256,16.9086,16.909099999999995,-14.279899999999998,-27.664100000000005,13.384200000000007,1.924500000000009,8.1262,8.125800000000012,-5
2018,Marshall,West Virginia,13,5,71,94,0,109.328,103.944,74.8308,5.38402,5.384,119.151,97.3766,69.0413,21.7748,21.7744,-15.206999999999994,-11.951400000000007,-3.255599999999987,5.78949999999999,-16.39078,-16.3904,8
2018,Gonzaga,Florida St.,4,9,60,75,0,119.824,95.0891,68.9851,24.7352,24.7349,115.822,99.9984,71.6051,15.8239,15.8236,-20.7329,-19.825599999999994,-0.9073000000000064,-2.6199999999999903,8.911299999999999,8.911299999999999,-5
2018,Kentucky,Kansas St.,5,9,58,61,0,116.426,96.019,68.5818,20.4069,20.407,112.178,97.4236,65.5437,14.7543,14.754400000000004,-16.158999999999992,-19.00240000000001,2.843400000000017,3.0381,5.6526,5.652599999999996,-4
2018,Nevada,Loyola Chicago,7,11,68,69,0,119.901,101.72,69.4886,18.1814,18.181,111.331,96.1911,65.3221,15.1402,15.139899999999995,-9.611000000000004,-23.70989999999999,14.098899999999986,4.166499999999999,3.0412,3.0411000000000055,-4
2018,Texas A&M,Michigan,7,3,72,99,0,111.204,94.2949,69.0256,16.9086,16.909099999999995,115.9,92.7095,64.3592,23.1909,23.1905,-21.605100000000007,-18.494499999999988,-3.1106000000000193,4.666399999999996,-6.282299999999999,-6.281400000000005,4
2018,Syracuse,Duke,11,2,65,69,0,107.705,94.1122,63.3993,13.5929,13.592799999999997,122.602,93.467,70.0021,29.1348,29.135000000000005,-28.489800000000002,-14.238,-14.251800000000003,-6.602800000000002,-15.541899999999998,-15.542200000000008,9
2018,Clemson,Kansas,5,1,76,80,0,113.774,93.5052,65.6205,20.2693,20.2688,120.933,97.6938,68.4279,23.2388,23.23920000000001,-27.427800000000005,-16.080200000000005,-11.3476,-2.807399999999987,-2.9695,-2.970400000000012,4
2018,Purdue,Texas Tech,2,3,65,78,0,123.248,96.5818,67.2291,26.6663,26.666200000000003,114.03,92.0873,66.5709,21.9424,21.9427,-17.4482,-31.160700000000006,13.712500000000006,0.6582000000000079,4.7239,4.723500000000005,-1
2018,West Virginia,Villanova,5,1,78,90,0,119.151,97.3766,69.0413,21.7748,21.7744,127.384,95.9749,68.277,31.4091,31.409099999999995,-30.007400000000004,-23.17609999999999,-6.831300000000013,0.7643000000000058,-9.6343,-9.634699999999995,4
2018,Kansas St.,Loyola Chicago,9,11,62,78,0,112.178,97.4236,65.5437,14.7543,14.754400000000004,111.331,96.1911,65.3221,15.1402,15.139899999999995,-13.90740000000001,-15.986899999999991,2.0794999999999817,0.22159999999999513,-0.38589999999999947,-0.3854999999999915,-2
2018,Florida St.,Michigan,9,3,54,58,0,115.822,99.9984,71.6051,15.8239,15.8236,115.9,92.7095,64.3592,23.1909,23.1905,-15.901600000000002,-23.112499999999997,7.210899999999995,7.245899999999992,-7.366999999999999,-7.366899999999999,6
2018,Duke,Kansas,2,1,81,85,0,122.602,93.467,70.0021,29.1348,29.135000000000005,120.933,97.6938,68.4279,23.2388,23.23920000000001,-27.466000000000008,-24.908200000000008,-2.5578000000000003,1.5742000000000047,5.895999999999997,5.895799999999994,1
2018,Texas Tech,Villanova,3,1,59,71,0,114.03,92.0873,66.5709,21.9424,21.9427,127.384,95.9749,68.277,31.4091,31.409099999999995,-35.2967,-18.055099999999996,-17.241600000000005,-1.7061000000000064,-9.4667,-9.466399999999997,2
2018,Loyola Chicago,Michigan,11,3,57,69,0,111.331,96.1911,65.3221,15.1402,15.139899999999995,115.9,92.7095,64.3592,23.1909,23.1905,-19.7089,-18.621499999999997,-1.0874000000000024,0.9629000000000048,-8.050699999999999,-8.050600000000005,8
2018,Kansas,Villanova,1,1,79,95,0,120.933,97.6938,68.4279,23.2388,23.23920000000001,127.384,95.9749,68.277,31.4091,31.409099999999995,-29.690200000000004,-24.9581,-4.732100000000003,0.15089999999999293,-8.170299999999997,-8.169899999999984,0
2018,Michigan,Villanova,3,1,62,79,0,115.9,92.7095,64.3592,23.1909,23.1905,127.384,95.9749,68.277,31.4091,31.409099999999995,-34.674499999999995,-19.9251,-14.749399999999994,-3.9177999999999997,-8.2182,-8.218599999999995,2
2019,Temple,Belmont,11,11,70,81,0,108.851,99.4587,68.7589,9.3923,9.392300000000006,114.834,101.76,71.1231,13.0739,13.073999999999998,-15.37530000000001,-7.090999999999994,-8.284300000000016,-2.3641999999999967,-3.6815999999999995,-3.681699999999992,0
2019,Prairie View A&M,Fairleigh Dickinson,16,16,76,82,0,101.53,105.838,70.961,-4.30871,-4.307999999999993,106.184,110.432,66.7742,-4.2487,-4.248000000000005,-0.34600000000000364,8.902000000000001,-9.248000000000005,4.186800000000005,-0.06000999999999923,-0.05999999999998806,0
2019,St. John's,Arizona St.,11,11,65,74,0,109.671,100.92,70.4832,8.75182,8.751000000000005,109.774,98.5646,70.4917,11.2091,11.209400000000002,-8.854,-11.106400000000008,2.2524000000000086,-0.008499999999997954,-2.457279999999999,-2.4583999999999975,0
2019,North Carolina Central,North Dakota St.,16,16,74,78,0,96.6416,108.528,65.2069,-11.8864,-11.886400000000007,106.552,109.751,64.7859,-3.19855,-3.198999999999998,1.975999999999999,13.109400000000008,-11.133400000000009,0.4210000000000065,-8.687850000000001,-8.68740000000001,0
2019,New Mexico St.,Auburn,12,5,77,78,0,112.605,99.0173,65.5861,13.588,13.587699999999998,119.571,96.2397,67.5363,23.3317,23.3313,-20.553699999999992,-16.365300000000005,-4.188399999999987,-1.9501999999999953,-9.743700000000002,-9.7436,7
2019,Syracuse,Baylor,8,9,69,78,0,110.213,93.9133,66.0629,16.3,16.299699999999987,113.517,98.2238,65.2511,15.2935,15.2932,-19.60369999999999,-11.989199999999997,-7.6144999999999925,0.8118000000000052,1.0065000000000008,1.0064999999999866,-1
2019,Nevada,Florida,7,10,61,70,0,114.0,95.0771,69.2146,18.9229,18.9229,110.219,91.895,62.6903,18.3239,18.324,-15.141899999999993,-22.105000000000004,6.963100000000011,6.524300000000004,0.5990000000000002,0.5988999999999969,-3
2019,Vermont,Florida St.,13,4,69,76,0,107.949,99.2286,65.3218,8.72064,8.720399999999998,112.987,90.4293,68.2507,22.5574,22.5577,-13.758399999999995,-17.5197,3.7613000000000056,-2.9288999999999987,-13.836760000000002,-13.837300000000003,9
2019,Fairleigh Dickinson,Gonzaga,16,1,49,87,0,106.184,110.432,66.7742,-4.2487,-4.248000000000005,125.125,92.336,69.7687,32.7887,32.789,-14.692999999999998,-13.847999999999999,-0.8449999999999989,-2.994500000000002,-37.0374,-37.037000000000006,15
2019,Northeastern,Kansas,13,4,53,87,0,111.465,102.718,66.0293,8.74685,8.747,112.746,92.0406,69.9355,20.7051,20.7054,-10.027999999999992,-19.424400000000006,9.396400000000014,-3.9061999999999983,-11.958250000000001,-11.958400000000001,9
2019,Abilene Christian,Kentucky,15,2,44,79,0,103.625,101.539,66.0042,2.08626,2.0859999999999985,118.223,90.8094,65.8287,27.4133,27.4136,-16.683999999999997,-12.815600000000003,-3.868399999999994,0.17549999999999955,-25.32704,-25.3276,13
2019,Yale,LSU,14,3,74,79,0,111.702,103.115,70.7049,8.58693,8.587000000000003,118.485,97.5196,69.8753,20.9656,20.9654,-15.370000000000005,-14.182400000000001,-1.1876000000000033,0.8295999999999992,-12.378669999999998,-12.378399999999996,11
2019,Belmont,Maryland,11,6,77,79,0,114.834,101.76,71.1231,13.0739,13.073999999999998,113.82,93.8429,65.6376,19.9776,19.977099999999997,-12.059999999999988,-20.991100000000003,8.931100000000015,5.485499999999988,-6.903699999999999,-6.9030999999999985,5
2019,Montana,Michigan,15,2,55,74,0,107.36,103.814,66.5497,3.54691,3.5460000000000065,115.516,86.081,64.4257,29.4352,29.435,-11.702000000000012,-21.278999999999996,9.576999999999984,2.1239999999999952,-25.888289999999998,-25.888999999999992,13
2019,Bradley,Michigan St.,15,2,65,76,0,100.892,101.25,65.0632,-0.358275,-0.3580000000000041,121.729,90.3679,67.4035,31.3607,31.361099999999997,-20.479,-10.52409999999999,-9.95490000000001,-2.340299999999999,-31.718975,-31.7191,13
2019,Louisville,Minnesota,7,10,76,86,0,113.376,92.4055,67.1312,20.9708,20.9705,110.671,96.2136,67.4509,14.4575,14.457400000000009,-18.265500000000003,-17.162400000000005,-1.1030999999999977,-0.31969999999999743,6.513300000000001,6.513099999999993,-3
2019,Marquette,Murray St.,5,12,64,83,0,114.15,95.7294,68.5839,18.4207,18.420600000000007,112.038,98.706,69.0116,13.3317,13.331999999999994,-16.3086,-15.444000000000003,-0.8645999999999958,-0.4277000000000015,5.089,5.088600000000014,-7
2019,Old Dominion,Purdue,14,3,48,61,0,101.929,96.3508,64.2892,5.57853,5.578199999999995,121.093,95.0422,65.6263,26.0512,26.05080000000001,-24.742199999999997,-6.886800000000008,-17.85539999999999,-1.3371000000000066,-20.47267,-20.472600000000014,11
2019,St. Mary's,Villanova,11,6,57,61,0,114.634,96.9231,62.6466,17.7106,17.710899999999995,116.973,98.1987,63.6099,18.7745,18.7743,-20.049899999999994,-16.435299999999998,-3.614599999999996,-0.9633000000000038,-1.0639000000000003,-1.063400000000005,5
2019,Seton Hall,Wofford,10,7,68,84,0,109.303,96.3961,68.9235,12.9072,12.906899999999991,118.357,97.6422,65.6363,20.7146,20.7148,-21.960899999999995,-11.660799999999995,-10.3001,3.2871999999999986,-7.807400000000001,-7.807900000000009,3
2019,Arizona St.,Buffalo,11,6,74,91,0,109.774,98.5646,70.4917,11.2091,11.209400000000002,114.89,94.5531,73.7602,20.337,20.3369,-16.325400000000002,-15.2209,-1.1045000000000016,-3.268500000000003,-9.1279,-9.127499999999998,5
2019,North Dakota St.,Duke,16,1,62,85,0,106.552,109.751,64.7859,-3.19855,-3.198999999999998,120.084,88.0911,72.2115,31.9925,31.99290000000001,-10.332999999999998,-18.46090000000001,8.127900000000011,-7.425600000000003,-35.19105,-35.191900000000004,15
2019,Georgia St.,Houston,14,3,55,84,0,107.886,102.289,69.8602,5.59737,5.596999999999994,114.118,91.6934,66.1482,22.4249,22.4246,-11.828999999999994,-16.1926,4.363600000000005,3.7120000000000033,-16.827530000000003,-16.827600000000007,11
2019,Cincinnati,Iowa,7,10,72,79,0,111.566,94.515,63.1993,17.0509,17.051000000000002,117.163,101.207,69.3715,15.9555,15.956000000000005,-22.647999999999996,-10.359000000000009,-12.288999999999987,-6.172199999999997,1.095399999999998,1.094999999999997,-3
2019,Mississippi St.,Liberty,5,12,76,80,0,117.395,96.7173,67.4194,20.6776,20.6777,110.565,99.7435,61.7759,10.8215,10.8215,-13.847700000000003,-17.6515,3.8037999999999954,5.643499999999996,9.856100000000001,9.856200000000001,-7
2019,Iona,North Carolina,16,1,73,88,0,106.514,109.593,70.5217,-3.07828,-3.079000000000008,119.872,90.701,74.2921,29.171,29.171000000000006,-10.278999999999996,-15.813000000000002,5.534000000000006,-3.7704000000000093,-32.24928,-32.250000000000014,15
2019,Iowa St.,Ohio St.,6,11,59,62,0,118.992,97.1452,67.6056,21.8472,21.8468,109.268,94.1896,65.6907,15.0781,15.078400000000002,-12.122799999999998,-24.802400000000006,12.679600000000008,1.9148999999999887,6.769100000000002,6.7684,-5
2019,Mississippi,Oklahoma,8,9,72,95,0,112.779,97.6963,68.3346,15.0831,15.082700000000004,109.401,93.8663,68.6808,15.5345,15.5347,-11.704700000000003,-18.9127,7.207999999999998,-0.3462000000000103,-0.4513999999999996,-0.4519999999999964,-1
2019,Wisconsin,Oregon,5,12,54,72,0,110.809,87.134,63.61,23.675,23.675,107.7,92.5481,64.0656,15.1521,15.151899999999998,-20.566000000000003,-18.260899999999992,-2.30510000000001,-0.455600000000004,8.5229,8.523100000000003,-7
2019,Colgate,Tennessee,15,2,70,77,0,110.038,105.751,66.3489,4.2867,4.286999999999992,122.479,95.4987,67.703,26.98,26.9803,-16.727999999999994,-14.539299999999997,-2.188699999999997,-1.3541000000000025,-22.6933,-22.693300000000008,13
2019,Northern Kentucky,Texas Tech,14,3,57,72,0,109.235,102.676,67.9179,6.55918,6.5589999999999975,112.694,85.9468,66.5403,26.7476,26.747200000000007,-10.018,-23.288200000000003,13.270200000000003,1.377600000000001,-20.18842,-20.18820000000001,11
2019,Kansas St.,UC Irvine,4,13,64,70,0,107.96,87.7377,63.0414,20.2225,20.22229999999999,106.606,97.144,65.0838,9.46217,9.461999999999987,-18.86829999999999,-10.815999999999988,-8.052300000000002,-2.0423999999999936,10.76033,10.760300000000003,-9
2019,VCU,UCF,8,9,58,73,0,104.312,88.6222,68.1835,15.6895,15.689799999999993,110.31,95.7335,64.7843,14.5761,14.576499999999996,-21.687799999999996,-8.578499999999991,-13.109300000000005,3.3991999999999933,1.1134000000000004,1.113299999999997,-1
2019,Gardner Webb,Virginia,16,1,56,71,0,107.475,108.218,67.0883,-0.743522,-0.7430000000000092,123.571,87.9163,59.2665,35.6552,35.65469999999999,-15.352999999999994,-19.558699999999988,4.205699999999993,7.821800000000003,-36.398722,-36.3977,15
2019,Saint Louis,Virginia Tech,13,4,52,66,0,102.575,96.3024,66.0798,6.27254,6.272599999999997,118.433,93.9634,63.2505,24.4696,24.46960000000001,-22.1306,-8.61160000000001,-13.518999999999991,2.8293000000000035,-18.19706,-18.197000000000013,9
2019,Utah St.,Washington,8,9,61,78,0,112.966,96.3467,67.7963,16.6198,16.619299999999996,106.98,93.6134,65.8589,13.3669,13.366600000000004,-10.633300000000006,-19.352599999999995,8.71929999999999,1.9373999999999967,3.252900000000002,3.252699999999992,-1
2019,Kansas,Auburn,4,5,75,89,0,112.746,92.0406,69.9355,20.7051,20.7054,119.571,96.2397,67.5363,23.3317,23.3313,-27.5304,-16.506299999999996,-11.024100000000004,2.3992000000000075,-2.6266,-2.625899999999998,-1
2019,Murray St.,Florida St.,12,4,62,90,0,112.038,98.706,69.0116,13.3317,13.331999999999994,112.987,90.4293,68.2507,22.5574,22.5577,-14.280999999999992,-21.6087,7.327700000000007,0.7609000000000066,-9.225700000000002,-9.225700000000007,8
2019,Baylor,Gonzaga,9,1,71,83,0,113.517,98.2238,65.2511,15.2935,15.2932,125.125,92.336,69.7687,32.7887,32.789,-26.901200000000003,-21.180999999999997,-5.7202000000000055,-4.517600000000002,-17.495199999999997,-17.495800000000003,8
2019,Wofford,Kentucky,7,2,56,62,0,118.357,97.6422,65.6363,20.7146,20.7148,118.223,90.8094,65.8287,27.4133,27.4136,-20.580799999999996,-27.547600000000003,6.966800000000006,-0.19239999999999213,-6.698699999999999,-6.6987999999999985,5
2019,Maryland,LSU,6,3,67,69,0,113.82,93.8429,65.6376,19.9776,19.977099999999997,118.485,97.5196,69.8753,20.9656,20.9654,-24.6421,-16.300399999999996,-8.341700000000003,-4.23769999999999,-0.9879999999999995,-0.9883000000000024,3
2019,Florida,Michigan,10,2,49,64,0,110.219,91.895,62.6903,18.3239,18.324,115.516,86.081,64.4257,29.4352,29.435,-23.62100000000001,-24.13799999999999,0.5169999999999817,-1.7354000000000056,-11.1113,-11.110999999999997,8
2019,Minnesota,Michigan St.,10,2,50,70,0,110.671,96.2136,67.4509,14.4575,14.457400000000009,121.729,90.3679,67.4035,31.3607,31.361099999999997,-25.5154,-20.3031,-5.212299999999999,0.04740000000001032,-16.903200000000002,-16.903699999999986,8
2019,Villanova,Purdue,6,3,61,87,0,116.973,98.1987,63.6099,18.7745,18.7743,121.093,95.0422,65.6263,26.0512,26.05080000000001,-22.8943,-21.930800000000005,-0.9634999999999962,-2.0163999999999973,-7.276700000000002,-7.276500000000009,3
2019,UCF,Duke,9,1,76,77,0,110.31,95.7335,64.7843,14.5761,14.576499999999996,120.084,88.0911,72.2115,31.9925,31.99290000000001,-24.350499999999997,-22.218900000000005,-2.1315999999999917,-7.427199999999999,-17.4164,-17.416400000000014,8
2019,Ohio St.,Houston,11,3,59,74,0,109.268,94.1896,65.6907,15.0781,15.078400000000002,114.118,91.6934,66.1482,22.4249,22.4246,-19.928399999999996,-17.574600000000004,-2.3537999999999926,-0.457499999999996,-7.346800000000002,-7.3462,8
2019,Washington,North Carolina,9,1,59,81,0,106.98,93.6134,65.8589,13.3669,13.366600000000004,119.872,90.701,74.2921,29.171,29.171000000000006,-26.2586,-16.27900000000001,-9.97959999999999,-8.4332,-15.8041,-15.804400000000003,8
2019,UC Irvine,Oregon,13,12,54,73,0,106.606,97.144,65.0838,9.46217,9.461999999999987,107.7,92.5481,64.0656,15.1521,15.151899999999998,-10.555999999999997,-14.05789999999999,3.501899999999992,1.018199999999993,-5.68993,-5.68990000000001,1
2019,Iowa,Tennessee,10,2,77,83,0,117.163,101.207,69.3715,15.9555,15.956000000000005,122.479,95.4987,67.703,26.98,26.9803,-21.272000000000006,-21.664299999999997,0.39229999999999166,1.6684999999999945,-11.0245,-11.024299999999995,8
2019,Buffalo,Texas Tech,6,3,58,78,0,114.89,94.5531,73.7602,20.337,20.3369,112.694,85.9468,66.5403,26.7476,26.747200000000007,-18.140900000000002,-28.943200000000004,10.802300000000002,7.2198999999999955,-6.410599999999999,-6.4103000000000065,3
2019,Oklahoma,Virginia,9,1,51,63,0,109.401,93.8663,68.6808,15.5345,15.5347,123.571,87.9163,59.2665,35.6552,35.65469999999999,-29.704700000000003,-21.48469999999999,-8.220000000000013,9.414300000000004,-20.1207,-20.11999999999999,8
2019,Liberty,Virginia Tech,12,4,58,67,0,110.565,99.7435,61.7759,10.8215,10.8215,118.433,93.9634,63.2505,24.4696,24.46960000000001,-18.68950000000001,-16.601600000000005,-2.0879000000000048,-1.4746000000000024,-13.6481,-13.64810000000001,8
2019,Florida St.,Gonzaga,4,1,58,72,0,112.987,90.4293,68.2507,22.5574,22.5577,125.125,92.336,69.7687,32.7887,32.789,-34.6957,-20.650999999999996,-14.044700000000006,-1.5180000000000007,-10.231299999999997,-10.231300000000001,3
2019,Tennessee,Purdue,2,3,94,99,0,122.479,95.4987,67.703,26.98,26.9803,121.093,95.0422,65.6263,26.0512,26.05080000000001,-25.594300000000004,-27.436800000000005,1.8425000000000011,2.0767000000000024,0.928799999999999,0.9294999999999902,-1
2019,Michigan,Texas Tech,2,3,44,63,0,115.516,86.081,64.4257,29.4352,29.435,112.694,85.9468,66.5403,26.7476,26.747200000000007,-26.613,-29.56920000000001,2.9562000000000097,-2.114599999999996,2.6875999999999998,2.687799999999992,-1
2019,Oregon,Virginia,12,1,49,53,0,107.7,92.5481,64.0656,15.1521,15.151899999999998,123.571,87.9163,59.2665,35.6552,35.65469999999999,-31.022899999999993,-19.783699999999996,-11.239199999999997,4.799100000000003,-20.5031,-20.502799999999993,11
2019,North Carolina,Auburn,1,5,80,97,0,119.872,90.701,74.2921,29.171,29.171000000000006,119.571,96.2397,67.5363,23.3317,23.3313,-28.870000000000005,-23.6323,-5.237700000000004,6.755800000000008,5.839299999999998,5.839700000000008,-4
2019,Virginia Tech,Duke,4,1,73,75,0,118.433,93.9634,63.2505,24.4696,24.46960000000001,120.084,88.0911,72.2115,31.9925,31.99290000000001,-26.12060000000001,-30.34190000000001,4.221299999999999,-8.960999999999999,-7.5229,-7.523299999999999,3
2019,Houston,Kentucky,3,2,58,62,0,114.118,91.6934,66.1482,22.4249,22.4246,118.223,90.8094,65.8287,27.4133,27.4136,-26.529600000000002,-23.3086,-3.2210000000000036,0.319500000000005,-4.988399999999999,-4.988999999999997,1
2019,LSU,Michigan St.,3,2,63,80,0,118.485,97.5196,69.8753,20.9656,20.9654,121.729,90.3679,67.4035,31.3607,31.361099999999997,-24.209400000000002,-28.117099999999994,3.9076999999999913,2.4718000000000018,-10.395100000000003,-10.395699999999998,1
2019,Gonzaga,Texas Tech,1,3,69,75,0,125.125,92.336,69.7687,32.7887,32.789,112.694,85.9468,66.5403,26.7476,26.747200000000007,-20.358000000000004,-39.178200000000004,18.8202,3.2283999999999935,6.0411,6.041799999999995,-2
2019,Purdue,Virginia,3,1,75,80,0,121.093,95.0422,65.6263,26.0512,26.05080000000001,123.571,87.9163,59.2665,35.6552,35.65469999999999,-28.528800000000004,-33.1767,4.647899999999993,6.3598,-9.604,-9.603899999999982,2
2019,Kentucky,Auburn,2,5,71,77,0,118.223,90.8094,65.8287,27.4133,27.4136,119.571,96.2397,67.5363,23.3317,23.3313,-28.7616,-21.9833,-6.7783000000000015,-1.7075999999999993,4.081599999999998,4.0823,-3
2019,Duke,Michigan St.,1,2,67,68,0,120.084,88.0911,72.2115,31.9925,31.99290000000001,121.729,90.3679,67.4035,31.3607,31.361099999999997,-33.6379,-29.716099999999997,-3.9218000000000046,4.808000000000007,0.6317999999999984,0.6318000000000126,-1
2019,Michigan St.,Texas Tech,2,3,51,61,0,121.729,90.3679,67.4035,31.3607,31.361099999999997,112.694,85.9468,66.5403,26.7476,26.747200000000007,-22.326099999999997,-35.7822,13.456100000000006,0.863199999999992,4.613100000000003,4.61389999999999,-1
2019,Auburn,Virginia,5,1,62,63,0,119.571,96.2397,67.5363,23.3317,23.3313,123.571,87.9163,59.2665,35.6552,35.65469999999999,-27.3313,-31.65469999999999,4.323399999999992,8.269799999999996,-12.3235,-12.323399999999992,4
2019,Texas Tech,Virginia,3,1,77,85,0,112.694,85.9468,66.5403,26.7476,26.747200000000007,123.571,87.9163,59.2665,35.6552,35.65469999999999,-37.6242,-24.777699999999996,-12.846500000000006,7.273800000000001,-8.907600000000002,-8.907499999999985,2
2021,Wichita St.,Drake,11,11,52,53,0,109.988,98.4414,67.5992,11.5469,11.546599999999998,113.949,99.3062,66.7599,14.6425,14.642799999999994,-15.507599999999996,-10.681799999999996,-4.825800000000001,0.8392999999999944,-3.0955999999999992,-3.096199999999996,0
2021,Appalachian St.,Norfolk St.,16,16,53,54,0,99.3998,103.738,65.6825,-4.33805,-4.3382000000000005,100.613,104.355,67.6936,-3.74215,-3.742000000000005,3.125,4.955200000000005,-1.830200000000005,-2.011099999999999,-0.5958999999999999,-0.5961999999999956,0
2021,Mount St. Mary's,Texas Southern,16,16,52,60,0,95.4181,100.428,62.172,-5.0102,-5.009900000000002,98.9834,105.038,71.9846,-6.05453,-6.0545999999999935,1.444599999999994,9.619900000000001,-8.175300000000007,-9.812600000000003,1.0443299999999995,1.0446999999999917,0
2021,Michigan St.,UCLA,11,11,80,86,0,106.989,92.9745,68.6334,14.0141,14.014499999999998,113.403,97.4859,64.6928,15.9175,15.917100000000003,-20.4285,-9.503100000000003,-10.925399999999996,3.9405999999999892,-1.9034000000000013,-1.902600000000005,0
2021,Colgate,Arkansas,14,3,68,85,0,110.89,100.668,72.4472,10.2223,10.221999999999994,111.502,89.9724,73.1045,21.5292,21.5296,-10.833999999999989,-20.917600000000007,10.083600000000018,-0.6573000000000064,-11.306899999999999,-11.307600000000004,11
2021,Hartford,Baylor,16,1,55,79,0,97.4886,100.22,66.7023,-2.73095,-2.7313999999999936,123.265,93.7679,68.3891,29.4969,29.497100000000003,-23.045,-3.720700000000008,-19.324299999999994,-1.6868000000000052,-32.227850000000004,-32.2285,15
2021,Virginia Tech,Florida,10,7,70,75,0,110.048,94.8276,66.1503,15.2207,15.220399999999998,110.975,93.4227,68.6479,17.5522,17.55229999999999,-16.14739999999999,-16.625299999999996,0.4779000000000053,-2.4976000000000056,-2.3314999999999984,-2.3318999999999903,3
2021,Cleveland St.,Houston,15,2,56,87,0,100.852,99.4794,66.3028,1.37289,1.3726000000000056,118.922,90.1017,64.9246,28.8202,28.820300000000003,-19.4426,-10.75030000000001,-8.692299999999989,1.3782000000000068,-27.44731,-27.447699999999998,13
2021,Drexel,Illinois,16,1,49,78,0,107.143,105.525,64.2271,1.6183,1.617999999999995,118.957,88.3445,70.7135,30.6122,30.6125,-13.431999999999988,-18.798500000000004,5.366500000000016,-6.486400000000003,-28.9939,-28.994500000000006,15
2021,Georgia Tech,Loyola Chicago,9,8,60,71,0,113.332,94.783,67.7637,18.5494,18.548999999999992,110.416,86.6625,64.1938,23.7539,23.753500000000003,-15.632999999999996,-26.6695,11.036500000000004,3.569900000000004,-5.204500000000003,-5.20450000000001,1
2021,Purdue,North Texas,4,13,69,78,0,113.612,91.3407,66.4842,22.2716,22.2713,105.362,93.6646,63.0896,11.6975,11.697400000000002,-14.021299999999997,-19.947400000000002,5.926100000000005,3.394600000000004,10.5741,10.573899999999998,-9
2021,Liberty,Oklahoma St.,13,4,60,69,0,110.143,101.773,63.1252,8.37002,8.370000000000005,110.059,91.2923,71.9524,18.7671,18.7667,-8.286000000000001,-18.850700000000003,10.564700000000002,-8.827199999999998,-10.397079999999999,-10.396699999999996,9
2021,Ohio St.,Oral Roberts,2,15,72,75,0,122.274,96.8491,67.0815,25.4253,25.424899999999997,108.656,107.44,71.7646,1.21622,1.2160000000000082,-11.806899999999999,-14.834000000000003,3.0271000000000043,-4.683099999999996,24.20908,24.20889999999999,-13
2021,Tennessee,Oregon St.,5,12,56,70,0,108.804,87.7414,67.3118,21.0624,21.062600000000003,109.326,99.1533,65.3971,10.1728,10.172699999999992,-21.584599999999995,-9.6507,-11.933899999999994,1.9147000000000105,10.8896,10.889900000000011,-7
2021,Clemson,Rutgers,7,10,56,60,0,106.87,90.7046,64.2422,16.1652,16.165400000000005,108.651,90.5084,67.7741,18.1428,18.1426,-17.946399999999997,-16.36160000000001,-1.584799999999987,-3.5319000000000074,-1.9776000000000025,-1.9771999999999963,-3
2021,San Diego St.,Syracuse,6,11,62,78,0,110.835,89.5391,66.0736,21.296,21.29589999999999,113.82,97.5937,69.2068,16.2268,16.226299999999995,-24.28089999999999,-13.241299999999995,-11.039599999999993,-3.133200000000002,5.069199999999999,5.069599999999994,-5
2021,Utah St.,Texas Tech,11,6,53,65,0,105.729,89.2192,68.8615,16.51,16.5098,112.362,91.4155,65.3672,20.9465,20.9465,-23.142799999999994,-14.313500000000005,-8.82929999999999,3.4943000000000097,-4.436499999999999,-4.436700000000002,5
2021,Winthrop,Villanova,12,5,63,73,0,105.093,96.1535,73.6395,8.93908,8.93950000000001,118.602,95.984,65.0666,22.6184,22.61800000000001,-22.44850000000001,-9.109000000000009,-13.339500000000001,8.572900000000004,-13.67932,-13.6785,7
2021,Morehead St.,West Virginia,14,3,67,84,0,100.165,96.2694,65.5948,3.89559,3.8956000000000017,116.128,95.8073,69.6016,20.3206,20.3207,-19.858599999999996,-4.357700000000008,-15.500899999999987,-4.006799999999998,-16.42501,-16.425099999999997,11
2021,North Carolina,Wisconsin,8,9,62,85,0,110.111,90.0231,71.8271,20.0876,20.087900000000005,112.522,89.8672,64.9341,22.6545,22.65480000000001,-22.498900000000006,-20.243800000000007,-2.2550999999999988,6.893000000000001,-2.5669000000000004,-2.566900000000004,-1
2021,Texas,Abilene Christian,3,14,52,53,0,113.848,93.2661,69.2079,20.5822,20.581900000000005,103.047,92.9196,69.9524,10.1273,10.127399999999994,-9.780900000000003,-20.928399999999996,11.147499999999994,-0.7445000000000022,10.4549,10.45450000000001,-11
2021,Iona,Alabama,15,2,55,68,0,100.371,101.407,68.3119,-1.03598,-1.0360000000000014,111.722,86.734,73.9267,24.9876,24.988,-10.314999999999998,-13.637,3.3220000000000027,-5.6148000000000025,-26.02358,-26.024,13
2021,Georgetown,Colorado,12,5,73,96,0,107.693,93.636,69.6374,14.0569,14.057000000000002,114.417,92.7358,66.3585,21.6816,21.681200000000004,-20.781000000000006,-14.9572,-5.823800000000006,3.278899999999993,-7.624699999999999,-7.624200000000002,7
2021,UC Santa Barbara,Creighton,12,5,62,63,0,109.242,97.0104,66.1183,12.2317,12.2316,114.87,93.5652,69.0627,21.3051,21.3048,-17.8596,-15.6768,-2.1828000000000003,-2.9444000000000017,-9.0734,-9.0732,7
2021,UNC Greensboro,Florida St.,13,4,54,64,0,104.118,95.9651,68.4895,8.15332,8.152899999999988,116.442,94.3726,70.5582,22.0698,22.069399999999987,-20.476899999999986,-9.74539999999999,-10.731499999999997,-2.0686999999999927,-13.91648,-13.9165,9
2021,Norfolk St.,Gonzaga,16,1,55,98,0,100.613,104.355,67.6936,-3.74215,-3.742000000000005,126.111,89.4872,74.7701,36.6241,36.6238,-21.756,-11.125799999999998,-10.630200000000002,-7.076499999999996,-40.36625,-40.36580000000001,15
2021,Grand Canyon,Iowa,15,2,74,86,0,103.554,96.5771,65.4771,6.97644,6.9769000000000005,123.496,94.5925,69.9829,28.9031,28.903499999999998,-26.918899999999994,-8.961500000000001,-17.957399999999993,-4.505800000000008,-21.92666,-21.926599999999997,13
2021,Eastern Washington,Kansas,14,3,84,93,0,107.67,101.018,72.3499,6.65145,6.652000000000001,109.615,88.5839,68.2629,21.0313,21.031099999999995,-8.596999999999994,-19.086100000000002,10.489100000000008,4.087000000000003,-14.379850000000001,-14.379099999999994,11
2021,St. Bonaventure,LSU,9,8,61,76,0,111.309,90.4885,65.1595,20.8204,20.8205,119.771,100.181,70.7574,19.5899,19.590000000000003,-29.2825,-11.128,-18.1545,-5.59790000000001,1.2304999999999993,1.2304999999999957,1
2021,Connecticut,Maryland,7,10,54,63,0,113.581,91.6796,66.0354,21.9011,21.90140000000001,110.916,92.1984,65.3286,18.7175,18.71759999999999,-19.236400000000003,-21.382599999999996,2.1461999999999932,0.7068000000000012,3.1835999999999984,3.1838000000000193,-3
2021,Texas Southern,Michigan,16,1,66,82,0,98.9834,105.038,71.9846,-6.05453,-6.0545999999999935,119.434,88.6425,66.8217,30.7915,30.7915,-14.396,-10.340900000000005,-4.055099999999996,5.162899999999993,-36.84603,-36.84609999999999,15
2021,Virginia,Ohio,4,13,58,62,0,115.637,92.9824,60.0732,22.6542,22.6546,113.002,101.888,69.3203,11.1142,11.11399999999999,-20.019599999999997,-13.748999999999995,-6.270600000000002,-9.247100000000003,11.54,11.540600000000008,-9
2021,Missouri,Oklahoma,9,8,68,72,0,110.248,95.0983,68.7329,15.15,15.14970000000001,111.427,94.7836,67.689,16.6439,16.6434,-16.328700000000012,-15.464399999999998,-0.8643000000000143,1.0439000000000078,-1.4938999999999982,-1.4936999999999898,1
2021,BYU,UCLA,6,11,62,73,0,113.107,92.1612,67.9796,20.9462,20.94580000000001,113.403,97.4859,64.6928,15.9175,15.917100000000003,-21.241800000000012,-15.621099999999998,-5.620700000000014,3.2867999999999995,5.028700000000001,5.028700000000006,-5
2021,Drake,USC,11,6,56,72,0,113.949,99.3062,66.7599,14.6425,14.642799999999994,112.883,90.6583,67.2898,22.2245,22.2247,-13.576799999999992,-23.2907,9.71390000000001,-0.5298999999999978,-7.581999999999999,-7.5819000000000045,5
2021,Texas Tech,Arkansas,6,3,66,68,0,112.362,91.4155,65.3672,20.9465,20.9465,111.502,89.9724,73.1045,21.5292,21.5296,-20.0865,-22.3896,2.3031000000000006,-7.737300000000005,-0.5826999999999991,-0.5830999999999982,3
2021,Wisconsin,Baylor,9,1,63,76,0,112.522,89.8672,64.9341,22.6545,22.65480000000001,123.265,93.7679,68.3891,29.4969,29.497100000000003,-33.397800000000004,-18.754100000000008,-14.643699999999995,-3.4549999999999983,-6.842400000000001,-6.8422999999999945,8
2021,Rutgers,Houston,10,2,60,63,0,108.651,90.5084,67.7741,18.1428,18.1426,118.922,90.1017,64.9246,28.8202,28.820300000000003,-28.413600000000002,-18.549300000000002,-9.8643,2.849500000000006,-10.677399999999999,-10.677700000000002,8
2021,Illinois,Loyola Chicago,1,8,58,71,0,118.957,88.3445,70.7135,30.6122,30.6125,110.416,86.6625,64.1938,23.7539,23.753500000000003,-22.0715,-32.2945,10.222999999999999,6.5197,6.8583,6.858999999999998,-7
2021,Florida,Oral Roberts,7,15,78,81,0,110.975,93.4227,68.6479,17.5522,17.55229999999999,108.656,107.44,71.7646,1.21622,1.2160000000000082,-15.2333,-3.5349999999999966,-11.698300000000003,-3.1166999999999945,16.33598,16.33629999999998,-8
2021,Oklahoma St.,Oregon St.,4,12,70,80,0,110.059,91.2923,71.9524,18.7671,18.7667,109.326,99.1533,65.3971,10.1728,10.172699999999992,-18.033699999999996,-10.905699999999996,-7.128,6.555300000000003,8.594299999999999,8.594000000000008,-8
2021,West Virginia,Syracuse,3,11,72,75,0,116.128,95.8073,69.6016,20.3206,20.3207,113.82,97.5937,69.2068,16.2268,16.226299999999995,-18.012699999999995,-18.5343,0.5216000000000065,0.3948000000000036,4.093799999999998,4.094400000000004,-8
2021,North Texas,Villanova,13,5,61,84,0,105.362,93.6646,63.0896,11.6975,11.697400000000002,118.602,95.984,65.0666,22.6184,22.61800000000001,-24.93740000000001,-9.378,-15.55940000000001,-1.9769999999999968,-10.920900000000001,-10.920600000000007,8
2021,Maryland,Alabama,10,2,77,96,0,110.916,92.1984,65.3286,18.7175,18.71759999999999,111.722,86.734,73.9267,24.9876,24.988,-19.523599999999988,-24.182000000000002,4.6584000000000145,-8.598100000000002,-6.270099999999999,-6.270400000000009,8
2021,Ohio,Creighton,13,5,58,72,0,113.002,101.888,69.3203,11.1142,11.11399999999999,114.87,93.5652,69.0627,21.3051,21.3048,-12.982,-19.43679999999999,6.454799999999992,0.2575999999999965,-10.1909,-10.19080000000001,8
2021,Colorado,Florida St.,5,4,53,71,0,114.417,92.7358,66.3585,21.6816,21.681200000000004,116.442,94.3726,70.5582,22.0698,22.069399999999987,-23.706199999999995,-20.044399999999996,-3.6617999999999995,-4.199699999999993,-0.3882000000000012,-0.38819999999998345,1
2021,Oklahoma,Gonzaga,8,1,71,87,0,111.427,94.7836,67.689,16.6439,16.6434,126.111,89.4872,74.7701,36.6241,36.6238,-31.327399999999997,-21.939800000000005,-9.387599999999992,-7.081100000000006,-19.9802,-19.980400000000003,7
2021,LSU,Michigan,8,1,78,86,0,119.771,100.181,70.7574,19.5899,19.590000000000003,119.434,88.6425,66.8217,30.7915,30.7915,-19.253,-31.128500000000003,11.875500000000002,3.935699999999997,-11.2016,-11.201499999999996,7
2021,Iowa,Oregon,2,7,80,95,0,123.496,94.5925,69.9829,28.9031,28.903499999999998,114.453,96.7728,67.2355,17.6799,17.6802,-19.860500000000002,-26.72319999999999,6.86269999999999,2.747399999999999,11.223199999999999,11.223299999999998,-5
2021,Abilene Christian,UCLA,14,11,47,67,0,103.047,92.9196,69.9524,10.1273,10.127399999999994,113.403,97.4859,64.6928,15.9175,15.917100000000003,-20.483400000000003,-5.561099999999996,-14.922300000000007,5.259599999999992,-5.7902000000000005,-5.789700000000009,3
2021,Kansas,USC,3,6,51,85,0,109.615,88.5839,68.2629,21.0313,21.031099999999995,112.883,90.6583,67.2898,22.2245,22.2247,-24.299099999999996,-18.956699999999998,-5.342399999999998,0.9731000000000023,-1.1931999999999974,-1.1936000000000035,-3
2021,Oral Roberts,Arkansas,15,3,70,72,0,108.656,107.44,71.7646,1.21622,1.2160000000000082,111.502,89.9724,73.1045,21.5292,21.5296,-4.061999999999998,-18.683600000000013,14.621600000000015,-1.3399,-20.31298,-20.31359999999999,12
2021,Villanova,Baylor,5,1,51,62,0,118.602,95.984,65.0666,22.6184,22.61800000000001,123.265,93.7679,68.3891,29.4969,29.497100000000003,-27.281000000000006,-24.834100000000007,-2.4468999999999994,-3.322500000000005,-6.878499999999999,-6.879099999999994,4
2021,Syracuse,Houston,11,2,46,62,0,113.82,97.5937,69.2068,16.2268,16.226299999999995,118.922,90.1017,64.9246,28.8202,28.820300000000003,-21.3283,-23.7183,2.3900000000000006,4.282200000000003,-12.593399999999999,-12.594000000000008,9
2021,Loyola Chicago,Oregon St.,8,12,58,65,0,110.416,86.6625,64.1938,23.7539,23.753500000000003,109.326,99.1533,65.3971,10.1728,10.172699999999992,-22.6635,-11.262699999999995,-11.400800000000004,-1.2032999999999987,13.581100000000001,13.58080000000001,-4
2021,Creighton,Gonzaga,5,1,65,83,0,114.87,93.5652,69.0627,21.3051,21.3048,126.111,89.4872,74.7701,36.6241,36.6238,-32.5458,-25.382800000000003,-7.162999999999997,-5.707399999999993,-15.318999999999999,-15.319000000000003,4
2021,Florida St.,Michigan,4,1,58,76,0,116.442,94.3726,70.5582,22.0698,22.069399999999987,119.434,88.6425,66.8217,30.7915,30.7915,-25.061399999999992,-27.799499999999995,2.738100000000003,3.7364999999999924,-8.721699999999998,-8.722100000000012,3
2021,Alabama,UCLA,2,11,78,88,0,111.722,86.734,73.9267,24.9876,24.988,113.403,97.4859,64.6928,15.9175,15.917100000000003,-26.66900000000001,-14.236099999999993,-12.432900000000018,9.233899999999991,9.0701,9.070899999999996,-9
2021,Oregon,USC,7,6,68,82,0,114.453,96.7728,67.2355,17.6799,17.6802,112.883,90.6583,67.2898,22.2245,22.2247,-16.110199999999992,-23.794700000000006,7.684500000000014,-0.054299999999997794,-4.544599999999999,-4.544499999999999,1
2021,Arkansas,Baylor,3,1,72,81,0,111.502,89.9724,73.1045,21.5292,21.5296,123.265,93.7679,68.3891,29.4969,29.497100000000003,-33.29260000000001,-17.734099999999998,-15.55850000000001,4.7154000000000025,-7.967700000000001,-7.967500000000005,2
2021,Oregon St.,Houston,12,2,61,67,0,109.326,99.1533,65.3971,10.1728,10.172699999999992,118.922,90.1017,64.9246,28.8202,28.820300000000003,-19.768699999999995,-19.2243,-0.544399999999996,0.4724999999999966,-18.647399999999998,-18.64760000000001,10
2021,USC,Gonzaga,6,1,66,85,0,112.883,90.6583,67.2898,22.2245,22.2247,126.111,89.4872,74.7701,36.6241,36.6238,-35.45270000000001,-23.395799999999994,-12.056900000000013,-7.4803,-14.3996,-14.399100000000004,5
2021,Michigan,UCLA,1,11,49,51,0,119.434,88.6425,66.8217,30.7915,30.7915,113.403,97.4859,64.6928,15.9175,15.917100000000003,-24.760500000000008,-21.948099999999997,-2.812400000000011,2.1289000000000016,14.873999999999999,14.874399999999996,-10
2021,Houston,Baylor,2,1,59,78,0,118.922,90.1017,64.9246,28.8202,28.820300000000003,123.265,93.7679,68.3891,29.4969,29.497100000000003,-33.16330000000001,-25.1541,-8.009200000000007,-3.464500000000001,-0.6767000000000003,-0.6768000000000001,1
2021,UCLA,Gonzaga,11,1,90,93,0,113.403,97.4859,64.6928,15.9175,15.917100000000003,126.111,89.4872,74.7701,36.6241,36.6238,-28.625100000000003,-23.915800000000004,-4.709299999999999,-10.077299999999994,-20.706599999999998,-20.706699999999998,10
2021,Gonzaga,Baylor,1,1,70,86,0,126.111,89.4872,74.7701,36.6241,36.6238,123.265,93.7679,68.3891,29.4969,29.497100000000003,-33.7778,-32.34310000000001,-1.4346999999999923,6.381,7.127199999999998,7.1267,0
2022,Wyoming,Indiana,12,12,58,66,0,110.173,97.0777,66.0062,13.0956,13.095300000000009,107.558,92.6213,66.9603,14.9367,14.936700000000002,-10.480300000000014,-17.551699999999997,7.071399999999983,-0.9540999999999968,-1.8411000000000008,-1.841399999999993,0
2022,Texas A&M Corpus Christi,Texas Southern,16,16,67,76,0,96.9771,103.288,68.9287,-6.3107,-6.310900000000004,98.1424,99.4749,67.6207,-1.33245,-1.3325000000000102,5.145600000000002,2.4978000000000122,2.6477999999999895,1.308000000000007,-4.97825,-4.9783999999999935,0
2022,Rutgers,Notre Dame,11,11,87,89,0,106.375,95.5107,64.9317,10.8648,10.8643,111.997,98.3632,65.7294,13.6336,13.633799999999994,-16.4863,-8.011799999999994,-8.474500000000006,-0.7976999999999919,-2.768799999999999,-2.7694999999999936,0
2022,Bryant,Wright St.,16,16,82,93,0,104.211,105.162,72.1799,-0.950484,-0.9510000000000076,106.365,107.231,68.4334,-0.866069,-0.8659999999999997,-1.2029999999999887,3.019999999999996,-4.222999999999985,3.7464999999999975,-0.08441500000000002,-0.08500000000000796,0
2022,Vermont,Arkansas,13,4,71,75,0,110.775,97.7084,64.9527,13.0669,13.066600000000008,111.072,92.0511,70.59,19.0214,19.0209,-13.363600000000005,-18.7239,5.360299999999995,-5.63730000000001,-5.9544999999999995,-5.954299999999993,9
2022,Norfolk St.,Baylor,16,1,49,85,0,102.43,102.285,66.9322,0.14543,0.1450000000000102,117.874,91.5538,67.2084,26.3204,26.3202,-15.588999999999999,-10.876200000000011,-4.712799999999987,-0.2762000000000029,-26.17497,-26.17519999999999,15
2022,San Diego St.,Creighton,8,9,69,72,0,104.106,85.9549,65.2809,18.151,18.1511,105.588,92.1195,66.8916,13.4685,13.468499999999992,-19.6331,-11.986499999999992,-7.6466000000000065,-1.6106999999999942,4.682499999999999,4.682600000000008,-1
2022,Georgia St.,Gonzaga,16,1,72,93,0,101.532,99.6875,67.1142,1.84485,1.8444999999999965,121.805,88.836,72.4831,32.9688,32.96900000000001,-22.117500000000007,-12.695999999999998,-9.421500000000009,-5.3688999999999965,-31.12395,-31.124500000000012,15
2022,Texas Southern,Kansas,16,1,56,83,0,98.1424,99.4749,67.6207,-1.33245,-1.3325000000000102,119.389,93.8965,69.0976,25.492,25.492499999999996,-19.91409999999999,-4.245899999999992,-15.668199999999999,-1.4769000000000005,-26.824450000000002,-26.825000000000006,15
2022,Boise St.,Memphis,8,9,53,64,0,108.443,92.0306,64.6171,16.412,16.41239999999999,110.368,94.1479,70.2976,16.2198,16.220099999999988,-18.337399999999988,-14.29509999999999,-4.042299999999997,-5.680500000000009,0.1921999999999997,0.19230000000000302,-1
2022,Colorado St.,Michigan,6,11,63,75,0,114.159,98.3029,65.0792,15.8566,15.856100000000012,114.207,98.5588,66.285,15.6481,15.648199999999989,-15.9041,-15.600200000000001,-0.3038999999999987,-1.2057999999999964,0.2085000000000008,0.2079000000000235,-5
2022,San Francisco,Murray St.,10,7,87,92,0,110.756,92.3886,68.6767,18.3679,18.367400000000004,111.518,95.1287,65.7834,16.389,16.389300000000006,-19.129400000000004,-15.627300000000005,-3.5020999999999987,2.8932999999999964,1.9788999999999994,1.9780999999999977,3
2022,Connecticut,New Mexico St.,5,12,63,70,0,113.924,94.5963,64.8837,19.3281,19.327700000000007,107.805,97.7021,66.1724,10.1026,10.102900000000004,-13.208700000000007,-16.221900000000005,3.0131999999999977,-1.2886999999999915,9.225499999999998,9.224800000000004,-7
2022,Marquette,North Carolina,9,8,63,95,0,109.787,95.785,70.6644,14.0024,14.00200000000001,113.057,97.0108,70.1492,16.0459,16.0462,-17.272000000000006,-12.776200000000003,-4.495800000000003,0.5152000000000072,-2.0435,-2.0441999999999894,1
2022,South Dakota St.,Providence,13,4,57,66,0,116.763,105.32,69.4008,11.4429,11.443000000000012,111.929,98.0491,65.193,13.8797,13.879900000000006,-6.609000000000009,-18.71390000000001,12.1049,4.207800000000006,-2.4368,-2.4368999999999943,9
2022,Iowa,Richmond,5,12,63,67,0,121.548,98.0208,69.5965,23.5269,23.527200000000008,109.146,99.3205,66.8627,9.82501,9.825500000000003,-11.125200000000007,-22.227500000000006,11.1023,2.7338000000000022,13.70189,13.701700000000004,-7
2022,Indiana,St. Mary's,12,5,53,82,0,107.558,92.6213,66.9603,14.9367,14.936700000000002,109.764,89.9554,63.493,19.8082,19.8086,-17.14269999999999,-17.60260000000001,0.45990000000001885,3.4673000000000016,-4.871499999999999,-4.871899999999997,7
2022,Kentucky,St. Peter's,2,15,79,85,0,120.191,93.5959,67.3275,26.5948,26.5951,98.7512,94.4758,65.9614,4.27548,4.275399999999991,-5.155299999999997,-25.715199999999996,20.5599,1.366100000000003,22.319319999999998,22.319700000000008,-13
2022,Longwood,Tennessee,14,3,56,88,0,106.108,103.624,66.0454,2.48399,2.484000000000009,111.439,86.1987,67.1668,25.2399,25.24029999999999,-7.814999999999998,-19.9093,12.094300000000004,-1.1213999999999942,-22.75591,-22.75629999999998,11
2022,Akron,UCLA,13,4,53,57,0,106.151,102.661,62.0745,3.48951,3.489999999999995,116.076,91.2287,65.5444,24.8472,24.84729999999999,-13.414999999999992,-14.922299999999993,1.5073000000000008,-3.4698999999999955,-21.35769,-21.357299999999995,9
2022,Wright St.,Arizona,16,1,70,87,0,106.365,107.231,68.4334,-0.866069,-0.8659999999999997,119.64,92.431,72.1752,27.2089,27.209000000000003,-12.409000000000006,-13.933999999999997,1.5249999999999915,-3.741799999999998,-28.074969,-28.075000000000003,15
2022,Jacksonville St.,Auburn,15,2,61,80,0,105.325,103.083,65.1165,2.24147,2.2420000000000044,113.602,89.1491,70.0205,24.453,24.4529,-10.519000000000005,-16.1759,5.656899999999993,-4.903999999999996,-22.21153,-22.210899999999995,13
2022,Cal St. Fullerton,Duke,15,2,61,78,0,104.656,102.553,65.9926,2.10306,2.1030000000000086,119.363,95.6508,67.3866,23.7124,23.7122,-16.810000000000002,-9.005200000000002,-7.8048,-1.3940000000000055,-21.60934,-21.60919999999999,13
2022,UAB,Houston,12,5,68,82,0,112.489,98.456,68.7871,14.0333,14.033,117.348,90.8508,63.8376,26.4976,26.497199999999992,-18.891999999999996,-21.638199999999998,2.7462000000000018,4.949499999999993,-12.464299999999998,-12.464199999999993,7
2022,Chattanooga,Illinois,13,4,53,54,0,110.028,98.756,64.6362,11.2724,11.272000000000006,113.725,94.138,67.0758,19.5866,19.58699999999999,-14.968999999999994,-15.89,0.9210000000000065,-2.4395999999999987,-8.314200000000001,-8.314999999999984,9
2022,LSU,Iowa St.,6,11,54,59,0,107.64,88.5581,68.6446,19.0816,19.081900000000005,104.382,90.4362,66.0731,13.9459,13.945800000000006,-15.823900000000009,-17.2038,1.3798999999999921,2.5715000000000003,5.135700000000002,5.136099999999999,-5
2022,USC,Miami FL,7,10,66,68,0,110.473,96.0232,66.022,14.4494,14.449799999999996,114.756,102.136,67.2783,12.6207,12.620000000000005,-18.732799999999997,-8.337000000000003,-10.395799999999994,-1.256299999999996,1.8287000000000013,1.8297999999999917,-3
2022,Davidson,Michigan St.,10,7,73,74,0,116.781,101.978,64.6212,14.8028,14.803000000000011,111.275,96.4032,67.5067,14.8717,14.871800000000007,-9.297000000000011,-20.377800000000008,11.080799999999996,-2.8854999999999933,-0.06890000000000107,-0.06879999999999598,3
2022,Alabama,Notre Dame,6,11,64,78,0,116.098,98.7358,71.7144,17.3625,17.3622,111.997,98.3632,65.7294,13.6336,13.633799999999994,-13.261200000000002,-17.734799999999993,4.4735999999999905,5.984999999999999,3.728900000000001,3.7284000000000077,-5
2022,Loyola Chicago,Ohio St.,10,7,41,54,0,110.891,93.196,64.5889,17.6948,17.695000000000007,116.627,100.804,64.9727,15.8224,15.822999999999992,-23.430999999999997,-10.087000000000003,-13.343999999999994,-0.3838000000000079,1.8724000000000007,1.8720000000000159,3
2022,Yale,Purdue,14,3,56,78,0,101.474,99.2392,68.6807,2.23432,2.234800000000007,121.268,98.9804,65.764,22.2872,22.2876,-22.028800000000004,-2.4936000000000007,-19.535200000000003,2.916700000000006,-20.05288,-20.052799999999994,11
2022,Seton Hall,TCU,8,9,42,69,0,108.487,93.5199,67.2574,14.967,14.967099999999988,108.261,93.3525,65.834,14.909,14.90849999999999,-14.741099999999989,-15.134499999999989,0.39339999999999975,1.4234000000000009,0.05799999999999983,0.05859999999999843,-1
2022,Virginia Tech,Texas,11,6,73,81,0,114.268,96.4045,62.9067,17.8634,17.863500000000002,111.812,91.4059,63.0969,20.4063,20.406099999999995,-15.407499999999999,-22.862099999999998,7.454599999999999,-0.19019999999999726,-2.542900000000003,-2.542599999999993,5
2022,Montana St.,Texas Tech,14,3,62,97,0,104.531,100.723,67.294,3.80856,3.808000000000007,109.701,85.0595,66.455,24.641,24.641499999999997,-8.977999999999994,-19.471500000000006,10.493500000000012,0.8389999999999986,-20.83244,-20.83349999999999,11
2022,Delaware,Villanova,15,2,60,80,0,106.849,104.566,66.6342,2.283,2.2830000000000013,117.95,93.8397,62.55,24.1107,24.11030000000001,-13.384,-13.00930000000001,-0.37469999999999004,4.08420000000001,-21.8277,-21.827300000000008,13
2022,Colgate,Wisconsin,14,3,60,67,0,108.276,104.059,67.2561,4.21729,4.216999999999999,110.398,94.8142,66.466,15.5839,15.583799999999997,-6.338999999999999,-13.461799999999997,7.122799999999998,0.7901000000000096,-11.36661,-11.366799999999998,11
2022,New Mexico St.,Arkansas,12,4,48,53,0,107.805,97.7021,66.1724,10.1026,10.102900000000004,111.072,92.0511,70.59,19.0214,19.0209,-13.369900000000001,-15.753900000000002,2.3840000000000003,-4.417600000000007,-8.9188,-8.917999999999997,8
2022,Memphis,Gonzaga,9,1,78,82,0,110.368,94.1479,70.2976,16.2198,16.220099999999988,121.805,88.836,72.4831,32.9688,32.96900000000001,-27.6571,-21.531999999999996,-6.125100000000003,-2.1854999999999905,-16.749000000000002,-16.74890000000002,8
2022,Creighton,Kansas,9,1,72,79,0,105.588,92.1195,66.8916,13.4685,13.468499999999992,119.389,93.8965,69.0976,25.492,25.492499999999996,-27.269499999999994,-11.69149999999999,-15.578000000000003,-2.206000000000003,-12.0235,-12.024000000000004,8
2022,Tennessee,Michigan,3,11,68,76,0,111.439,86.1987,67.1668,25.2399,25.24029999999999,114.207,98.5588,66.285,15.6481,15.648199999999989,-28.00829999999999,-12.880199999999988,-15.128100000000003,0.8817999999999984,9.5918,9.592100000000002,-8
2022,Baylor,North Carolina,1,8,86,93,0,117.874,91.5538,67.2084,26.3204,26.3202,113.057,97.0108,70.1492,16.0459,16.0462,-21.503200000000007,-20.863199999999992,-0.6400000000000148,-2.940799999999996,10.2745,10.274000000000001,-7
2022,Richmond,Providence,12,4,51,79,0,109.146,99.3205,66.8627,9.82501,9.825500000000003,111.929,98.0491,65.193,13.8797,13.879900000000006,-12.608500000000006,-11.096900000000005,-1.5116000000000014,1.669700000000006,-4.054689999999999,-4.054400000000003,8
2022,Murray St.,St. Peter's,7,15,60,70,0,111.518,95.1287,65.7834,16.389,16.389300000000006,98.7512,94.4758,65.9614,4.27548,4.275399999999991,-3.6225000000000023,-17.042199999999994,13.419699999999992,-0.17799999999999727,12.11352,12.113900000000015,-8
2022,St. Mary's,UCLA,5,4,56,72,0,109.764,89.9554,63.493,19.8082,19.8086,116.076,91.2287,65.5444,24.8472,24.84729999999999,-26.120599999999996,-18.535299999999992,-7.585300000000004,-2.051399999999994,-5.0390000000000015,-5.0386999999999915,1
2022,TCU,Arizona,9,1,80,85,0,108.261,93.3525,65.834,14.909,14.90849999999999,119.64,92.431,72.1752,27.2089,27.209000000000003,-26.287499999999994,-15.829999999999998,-10.457499999999996,-6.341200000000001,-12.2999,-12.300500000000014,8
2022,Michigan St.,Duke,7,2,76,85,0,111.275,96.4032,67.5067,14.8717,14.871800000000007,119.363,95.6508,67.3866,23.7124,23.7122,-22.9598,-15.624200000000002,-7.3355999999999995,0.12009999999999366,-8.840699999999998,-8.840399999999992,5
2022,Illinois,Houston,4,5,53,68,0,113.725,94.138,67.0758,19.5866,19.58699999999999,117.348,90.8508,63.8376,26.4976,26.497199999999992,-23.209999999999994,-22.874199999999988,-0.3358000000000061,3.238199999999999,-6.910999999999998,-6.910200000000003,-1
2022,Wisconsin,Iowa St.,3,11,49,54,0,110.398,94.8142,66.466,15.5839,15.583799999999997,104.382,90.4362,66.0731,13.9459,13.945800000000006,-9.567800000000005,-19.961799999999997,10.393999999999991,0.39289999999999736,1.638,1.637999999999991,-8
2022,Auburn,Miami FL,2,10,61,79,0,113.602,89.1491,70.0205,24.453,24.4529,114.756,102.136,67.2783,12.6207,12.620000000000005,-25.606899999999996,-11.466000000000008,-14.140899999999988,2.742199999999997,11.8323,11.832899999999995,-8
2022,Texas,Purdue,6,3,71,81,0,111.812,91.4059,63.0969,20.4063,20.406099999999995,121.268,98.9804,65.764,22.2872,22.2876,-29.862099999999998,-12.831599999999995,-17.030500000000004,-2.667099999999998,-1.880899999999997,-1.8815000000000062,3
2022,Notre Dame,Texas Tech,11,3,53,59,0,111.997,98.3632,65.7294,13.6336,13.633799999999994,109.701,85.0595,66.455,24.641,24.641499999999997,-11.337799999999987,-26.9375,15.599700000000013,-0.7256,-11.007399999999999,-11.007700000000003,8
2022,Ohio St.,Villanova,7,2,61,71,0,116.627,100.804,64.9727,15.8224,15.822999999999992,117.95,93.8397,62.55,24.1107,24.11030000000001,-17.146,-22.787300000000002,5.641300000000001,2.422700000000006,-8.288300000000001,-8.287300000000018,5
2022,Gonzaga,Arkansas,1,4,68,74,0,121.805,88.836,72.4831,32.9688,32.96900000000001,111.072,92.0511,70.59,19.0214,19.0209,-22.236000000000004,-29.7539,7.517899999999997,1.8930999999999898,13.947400000000002,13.948100000000007,-3
2022,Texas Tech,Duke,3,2,73,78,0,109.701,85.0595,66.455,24.641,24.641499999999997,119.363,95.6508,67.3866,23.7124,23.7122,-34.3035,-14.05019999999999,-20.25330000000001,-0.9316000000000031,0.9285999999999994,0.9292999999999978,1
2022,Arizona,Houston,1,5,60,72,0,119.64,92.431,72.1752,27.2089,27.209000000000003,117.348,90.8508,63.8376,26.4976,26.497199999999992,-24.917,-28.789199999999994,3.8721999999999923,8.337600000000002,0.7113000000000014,0.7118000000000109,-4
2022,Michigan,Villanova,11,2,55,63,0,114.207,98.5588,66.285,15.6481,15.648199999999989,117.95,93.8397,62.55,24.1107,24.11030000000001,-19.391199999999998,-20.3673,0.9761000000000024,3.7349999999999994,-8.462600000000002,-8.46210000000002,9
2022,Providence,Kansas,4,1,61,66,0,111.929,98.0491,65.193,13.8797,13.879900000000006,119.389,93.8965,69.0976,25.492,25.492499999999996,-21.3399,-18.0325,-3.3074000000000012,-3.904600000000002,-11.612300000000001,-11.61259999999999,3
2022,Iowa St.,Miami FL,11,10,56,70,0,104.382,90.4362,66.0731,13.9459,13.945800000000006,114.756,102.136,67.2783,12.6207,12.620000000000005,-24.3198,-2.2460000000000093,-22.07379999999999,-1.205200000000005,1.3252000000000006,1.325800000000001,1
2022,UCLA,North Carolina,4,8,66,73,0,116.076,91.2287,65.5444,24.8472,24.84729999999999,113.057,97.0108,70.1492,16.0459,16.0462,-21.8283,-19.06519999999999,-2.7631000000000085,-4.604799999999997,8.801300000000001,8.801099999999991,-4
2022,Purdue,St. Peter's,3,15,64,67,0,121.268,98.9804,65.764,22.2872,22.2876,98.7512,94.4758,65.9614,4.27548,4.275399999999991,0.22920000000000584,-26.792199999999994,27.0214,-0.1974000000000018,18.011719999999997,18.01220000000001,-12
2022,Arkansas,Duke,4,2,69,78,0,111.072,92.0511,70.59,19.0214,19.0209,119.363,95.6508,67.3866,23.7124,23.7122,-27.311899999999994,-15.421199999999999,-11.890699999999995,3.203400000000002,-4.690999999999999,-4.691299999999998,2
2022,Houston,Villanova,5,2,44,50,0,117.348,90.8508,63.8376,26.4976,26.497199999999992,117.95,93.8397,62.55,24.1107,24.11030000000001,-27.099199999999996,-23.508300000000006,-3.5908999999999907,1.2876000000000047,2.386899999999997,2.386899999999983,3
2022,Miami FL,Kansas,10,1,50,76,0,114.756,102.136,67.2783,12.6207,12.620000000000005,119.389,93.8965,69.0976,25.492,25.492499999999996,-17.253,-20.859499999999997,3.606499999999997,-1.8192999999999984,-12.871300000000002,-12.872499999999992,9
2022,St. Peter's,North Carolina,15,8,49,69,0,98.7512,94.4758,65.9614,4.27548,4.275399999999991,113.057,97.0108,70.1492,16.0459,16.0462,-18.581199999999995,-1.740399999999994,-16.8408,-4.187799999999996,-11.77042,-11.770800000000008,7
2022,Villanova,Kansas,2,1,65,81,0,117.95,93.8397,62.55,24.1107,24.11030000000001,119.389,93.8965,69.0976,25.492,25.492499999999996,-25.549300000000002,-24.0535,-1.4958000000000027,-6.547600000000003,-1.3812999999999995,-1.3821999999999868,1
2022,Duke,North Carolina,2,8,77,81,0,119.363,95.6508,67.3866,23.7124,23.7122,113.057,97.0108,70.1492,16.0459,16.0462,-17.4062,-22.352199999999996,4.945999999999998,-2.762599999999992,7.666499999999999,7.666,-6
2022,North Carolina,Kansas,8,1,69,72,0,113.057,97.0108,70.1492,16.0459,16.0462,119.389,93.8965,69.0976,25.492,25.492499999999996,-22.378199999999993,-19.1605,-3.2176999999999936,1.0515999999999934,-9.446100000000001,-9.446299999999997,7
2023,Mississippi St.,Pittsburgh,11,11,59,60,0,105.451,91.3344,63.8156,14.1161,14.116599999999991,115.103,103.837,67.3196,11.2663,11.265999999999991,-23.768599999999992,-1.61399999999999,-22.154600000000002,-3.5039999999999907,2.8498,2.8506,0
2023,Southeast Missouri St.,Texas A&M Corpus Christi,16,16,71,75,0,100.937,108.149,72.5476,-7.21197,-7.212000000000003,107.367,107.592,69.2572,-0.225051,-0.2249999999999943,0.7819999999999965,6.655000000000001,-5.873000000000005,3.2904000000000053,-6.986919,-6.987000000000009,0
2023,Nevada,Arizona St.,11,11,73,98,0,112.039,97.2466,66.0568,14.7927,14.7924,107.586,95.2101,68.4035,12.3762,12.3759,-10.339399999999998,-16.828900000000004,6.489500000000007,-2.3466999999999985,2.416499999999999,2.416500000000001,0
2023,Texas Southern,Fairleigh Dickinson,16,16,61,84,0,96.5543,106.264,69.324,-9.71,-9.709699999999998,106.175,118.425,68.7636,-12.2499,-12.25,0.08899999999999864,21.8707,-21.7817,0.5604000000000013,2.5398999999999994,2.540300000000002,0
2023,Texas A&M Corpus Christi,Alabama,16,1,75,96,0,107.367,107.592,69.2572,-0.225051,-0.2249999999999943,116.097,88.5549,72.7469,27.5425,27.54209999999999,-8.504999999999995,-18.8121,10.307100000000005,-3.489699999999999,-27.767551,-27.767099999999985,15
2023,Illinois,Arkansas,9,8,63,73,0,112.167,95.6864,69.3873,16.4805,16.480599999999995,112.596,93.9677,69.6808,18.6287,18.62830000000001,-16.909599999999998,-18.199300000000008,1.2897000000000105,-0.29350000000000875,-2.148199999999999,-2.1477000000000146,1
2023,Iowa,Auburn,8,9,75,83,0,120.475,104.873,69.5377,15.6021,15.60199999999999,112.689,95.2408,67.6112,17.4484,17.4482,-7.815999999999988,-25.2342,17.418200000000013,1.9265000000000043,-1.8462999999999994,-1.8462000000000103,-1
2023,Oral Roberts,Duke,12,5,51,74,0,115.289,102.04,70.4986,13.2487,13.248999999999995,113.242,94.7531,65.258,18.4885,18.4889,-11.201999999999998,-20.535899999999998,9.3339,5.240600000000001,-5.239799999999999,-5.239900000000006,7
2023,Virginia,Furman,4,13,67,68,0,111.166,94.7544,61.5696,16.4114,16.411599999999993,114.2,105.775,68.4584,8.42507,8.424999999999997,-19.4456,-5.390999999999991,-14.054600000000008,-6.888799999999996,7.986330000000001,7.986599999999996,-9
2023,Northern Kentucky,Houston,16,1,52,63,0,103.337,102.82,62.0433,0.516867,0.5170000000000101,118.387,89.5678,63.3299,28.8196,28.819199999999995,-15.567000000000007,-13.769199999999998,-1.7978000000000094,-1.2866,-28.302733,-28.302199999999985,15
2023,Howard,Kansas,16,1,68,96,0,103.701,106.914,68.9681,-3.21361,-3.213000000000008,114.61,91.4741,69.2715,23.1356,23.135899999999992,-7.695999999999998,-12.226899999999986,4.530899999999988,-0.30339999999999634,-26.34921,-26.3489,15
2023,West Virginia,Maryland,9,8,65,67,0,117.144,97.9996,68.8537,19.1445,19.144400000000005,114.136,95.7662,64.6104,18.3703,18.3698,-16.136399999999995,-21.377800000000008,5.241400000000013,4.243300000000005,0.7742000000000004,0.7746000000000031,1
2023,Utah St.,Missouri,10,7,65,76,0,117.762,98.8807,68.7801,18.8814,18.8813,119.289,105.37,69.1078,13.9186,13.918999999999995,-20.408299999999997,-12.391999999999996,-8.016300000000001,-0.327699999999993,4.9628,4.962300000000004,3
2023,Boise St.,Northwestern,10,7,67,75,0,110.969,93.8352,66.5002,17.1342,17.133799999999994,108.511,93.6787,64.9195,14.8321,14.83229999999999,-14.675799999999995,-17.290299999999988,2.6144999999999925,1.5807000000000073,2.3020999999999994,2.3015000000000043,3
2023,Texas A&M,Penn St.,7,10,59,76,0,114.483,96.1997,66.1613,18.2834,18.2833,116.826,101.79,64.6096,15.0367,15.035999999999987,-20.626299999999986,-12.692999999999998,-7.9332999999999885,1.5516999999999967,3.2467000000000006,3.2473000000000134,-3
2023,Arizona,Princeton,2,15,55,59,0,119.979,97.1195,72.3118,22.8595,22.8595,109.093,103.527,67.4503,5.5658,5.5660000000000025,-11.973500000000001,-16.451999999999998,4.478499999999997,4.861500000000007,17.2937,17.293499999999998,-13
2023,Louisiana,Tennessee,13,4,55,58,0,112.243,104.042,68.4083,8.20091,8.200999999999993,112.675,87.97,65.5272,24.7052,24.705,-8.632999999999996,-24.272999999999996,15.64,2.8811000000000035,-16.50429,-16.504000000000005,9
2023,Colgate,Texas,15,2,61,81,0,112.963,107.67,67.8783,5.29267,5.292999999999992,116.581,92.0106,69.1219,24.5707,24.570400000000006,-8.911000000000001,-20.952399999999997,12.041399999999996,-1.2436000000000007,-19.278029999999998,-19.277400000000014,13
2023,UNC Asheville,UCLA,15,2,53,86,0,104.141,102.635,68.5066,1.50642,1.5060000000000002,114.875,87.2423,66.2741,27.6323,27.6327,-12.239999999999995,-16.898700000000005,4.65870000000001,2.2325000000000017,-26.125880000000002,-26.1267,13
2023,UC Santa Barbara,Baylor,14,3,56,74,0,111.335,104.693,64.9567,6.6422,6.641999999999996,121.852,101.871,66.551,19.9811,19.98100000000001,-17.159000000000006,-9.463999999999999,-7.695000000000007,-1.594300000000004,-13.338900000000002,-13.339000000000013,11
2023,Iona,Connecticut,13,4,63,87,0,110.856,99.1448,68.8987,11.7114,11.711199999999993,119.437,94.0686,66.6901,25.3686,25.368399999999998,-20.292199999999994,-16.78739999999999,-3.504800000000003,2.208600000000004,-13.657200000000001,-13.657200000000005,9
2023,NC State,Creighton,11,6,63,72,0,113.894,100.589,69.1326,13.3052,13.305000000000009,114.621,93.9665,67.9808,20.6545,20.6545,-14.031999999999996,-19.92750000000001,5.895500000000013,1.1517999999999944,-7.3492999999999995,-7.34949999999999,5
2023,Purdue,Fairleigh Dickinson,1,16,58,63,0,119.362,94.8154,64.3846,24.5463,24.5466,106.175,118.425,68.7636,-12.2499,-12.25,-11.3596,-0.9369999999999976,-10.422600000000003,-4.378999999999991,36.7962,36.7966,-15
2023,Memphis,Florida Atlantic,8,9,65,66,0,114.701,96.0133,71.7989,18.6881,18.687699999999992,114.275,96.0455,68.4356,18.2298,18.2295,-18.261700000000005,-18.65549999999999,0.3937999999999846,3.3633000000000095,0.4582999999999977,0.45819999999999084,-1
2023,Grand Canyon,Gonzaga,14,3,70,82,0,112.317,106.325,65.1541,5.99141,5.99199999999999,124.004,99.6937,70.0663,24.3101,24.3103,-17.679000000000002,-12.623299999999986,-5.055700000000016,-4.912199999999999,-18.318689999999997,-18.31830000000001,11
2023,Montana St.,Kansas St.,14,3,65,77,0,105.36,99.6121,66.4692,5.74793,5.747900000000001,112.516,94.2021,70.2112,18.3143,18.313900000000004,-12.903900000000007,-11.157899999999998,-1.7460000000000093,-3.7420000000000044,-12.56637,-12.566000000000003,11
2023,Providence,Kentucky,11,6,53,61,0,116.847,102.117,66.9051,14.7305,14.72999999999999,117.41,99.6115,66.0118,17.7987,17.79849999999999,-15.292999999999992,-17.235499999999988,1.9424999999999955,0.8933000000000106,-3.068200000000001,-3.0685000000000002,5
2023,Vermont,Marquette,15,2,61,78,0,109.778,104.357,64.6048,5.42124,5.421000000000007,119.308,97.4789,68.3572,21.8296,21.82910000000001,-14.951000000000008,-12.29910000000001,-2.6518999999999977,-3.7524000000000086,-16.40836,-16.408100000000005,13
2023,Drake,Miami FL,12,5,56,63,0,109.84,97.3312,66.4238,12.5086,12.508800000000008,118.233,103.319,68.8527,14.9148,14.914,-20.90180000000001,-6.521000000000001,-14.380800000000008,-2.4288999999999987,-2.4062,-2.405199999999992,7
2023,USC,Michigan St.,10,7,62,72,0,113.122,97.4891,68.1465,15.6327,15.632900000000006,113.4,96.6898,64.9304,16.7099,16.7102,-15.910900000000012,-16.432199999999995,0.5212999999999823,3.2160999999999973,-1.0772000000000013,-1.077299999999994,3
2023,Iowa St.,Pittsburgh,6,11,41,59,0,109.884,91.5493,64.3155,18.3345,18.3347,115.103,103.837,67.3196,11.2663,11.265999999999991,-23.553699999999992,-6.046999999999997,-17.506699999999995,-3.004099999999994,7.068199999999999,7.06870000000001,-5
2023,VCU,St. Mary's,12,5,51,63,0,107.195,94.0449,68.0086,13.1498,13.150099999999997,113.47,91.5736,61.7454,21.896,21.8964,-19.4251,-15.621399999999994,-3.8037000000000063,6.263200000000005,-8.7462,-8.746300000000003,7
2023,Arizona St.,TCU,11,6,70,72,0,107.586,95.2101,68.4035,12.3762,12.3759,112.366,94.3027,69.8117,18.0633,18.0633,-17.155900000000003,-13.283299999999997,-3.8726000000000056,-1.408200000000008,-5.687100000000001,-5.687400000000002,5
2023,Kennesaw St.,Xavier,14,3,67,72,0,106.304,102.661,68.5425,3.64263,3.6430000000000007,119.297,99.604,70.3573,19.693,19.693,-16.635999999999996,-6.700000000000003,-9.935999999999993,-1.814799999999991,-16.05037,-16.05,11
2023,Maryland,Alabama,8,1,51,73,0,114.136,95.7662,64.6104,18.3703,18.3698,116.097,88.5549,72.7469,27.5425,27.54209999999999,-20.330799999999996,-25.581099999999992,5.250299999999996,-8.136499999999998,-9.1722,-9.17229999999999,7
2023,Kansas,Arkansas,1,8,71,72,0,114.61,91.4741,69.2715,23.1356,23.135899999999992,112.596,93.9677,69.6808,18.6287,18.62830000000001,-21.121899999999997,-20.642300000000006,-0.4795999999999907,-0.4093000000000018,4.506900000000002,4.507599999999982,-7
2023,Auburn,Houston,9,1,64,81,0,112.689,95.2408,67.6112,17.4484,17.4482,118.387,89.5678,63.3299,28.8196,28.819199999999995,-23.146200000000007,-23.121199999999988,-0.025000000000019895,4.2812999999999946,-11.371200000000002,-11.370999999999995,8
2023,Missouri,Princeton,7,15,63,78,0,119.289,105.37,69.1078,13.9186,13.918999999999995,109.093,103.527,67.4503,5.5658,5.5660000000000025,-3.722999999999999,-15.762,12.039000000000001,1.6574999999999989,8.352799999999998,8.352999999999993,-8
2023,Furman,San Diego St.,13,5,52,75,0,114.2,105.775,68.4584,8.42507,8.424999999999997,111.929,91.6744,66.009,20.2549,20.2546,-6.153999999999996,-22.525599999999997,16.3716,2.449399999999997,-11.82983,-11.829600000000003,8
2023,Duke,Tennessee,5,4,52,65,0,113.242,94.7531,65.258,18.4885,18.4889,112.675,87.97,65.5272,24.7052,24.705,-17.921899999999994,-25.272000000000006,7.350100000000012,-0.2691999999999979,-6.216700000000003,-6.216099999999997,1
2023,Penn St.,Texas,10,2,66,71,0,116.826,101.79,64.6096,15.0367,15.035999999999987,116.581,92.0106,69.1219,24.5707,24.570400000000006,-14.790999999999997,-24.815399999999997,10.0244,-4.512299999999996,-9.533999999999999,-9.53440000000002,8
2023,Northwestern,UCLA,7,2,63,68,0,108.511,93.6787,64.9195,14.8321,14.83229999999999,114.875,87.2423,66.2741,27.6323,27.6327,-21.196299999999994,-21.268699999999995,0.0724000000000018,-1.354600000000005,-12.8002,-12.80040000000001,5
2023,St. Mary's,Connecticut,5,4,55,70,0,113.47,91.5736,61.7454,21.896,21.8964,119.437,94.0686,66.6901,25.3686,25.368399999999998,-27.8634,-19.401399999999995,-8.462000000000003,-4.9447000000000045,-3.4726,-3.4719999999999978,1
2023,Baylor,Creighton,3,6,76,85,0,121.852,101.871,66.551,19.9811,19.98100000000001,114.621,93.9665,67.9808,20.6545,20.6545,-12.75,-27.885500000000008,15.135500000000008,-1.4298000000000002,-0.6733999999999973,-0.67349999999999,-3
2023,Fairleigh Dickinson,Florida Atlantic,16,9,70,78,0,106.175,118.425,68.7636,-12.2499,-12.25,114.275,96.0455,68.4356,18.2298,18.2295,4.1499999999999915,-10.129499999999993,14.279499999999985,0.32800000000000296,-30.4797,-30.4795,7
2023,TCU,Gonzaga,6,3,81,84,0,112.366,94.3027,69.8117,18.0633,18.0633,124.004,99.6937,70.0663,24.3101,24.3103,-29.701300000000003,-12.672299999999993,-17.02900000000001,-0.2545999999999964,-6.246799999999997,-6.247,3
2023,Kentucky,Kansas St.,6,3,69,75,0,117.41,99.6115,66.0118,17.7987,17.79849999999999,112.516,94.2021,70.2112,18.3143,18.313900000000004,-12.904499999999999,-23.207899999999995,10.303399999999996,-4.199400000000011,-0.5155999999999992,-0.5154000000000138,3
2023,Indiana,Miami FL,4,5,69,85,0,114.651,97.2921,68.1266,17.3586,17.35889999999999,118.233,103.319,68.8527,14.9148,14.914,-20.9409,-11.331999999999994,-9.608900000000006,-0.7261000000000024,2.4437999999999995,2.4448999999999916,-1
2023,Marquette,Michigan St.,2,7,60,69,0,119.308,97.4789,68.3572,21.8296,21.82910000000001,113.4,96.6898,64.9304,16.7099,16.7102,-15.92110000000001,-22.6182,6.697099999999992,3.4268,5.119699999999998,5.118900000000011,-5
2023,Pittsburgh,Xavier,11,3,73,84,0,115.103,103.837,67.3196,11.2663,11.265999999999991,119.297,99.604,70.3573,19.693,19.693,-15.459999999999994,-15.498999999999995,0.03900000000000148,-3.037700000000001,-8.426700000000002,-8.42700000000001,8
2023,Arkansas,Connecticut,8,4,65,88,0,112.596,93.9677,69.6808,18.6287,18.62830000000001,119.437,94.0686,66.6901,25.3686,25.368399999999998,-25.469300000000004,-18.5274,-6.941900000000004,2.990700000000004,-6.739900000000002,-6.7400999999999875,4
2023,Tennessee,Florida Atlantic,4,9,55,62,0,112.675,87.97,65.5272,24.7052,24.705,114.275,96.0455,68.4356,18.2298,18.2295,-26.305000000000007,-16.629499999999993,-9.675500000000014,-2.9084000000000003,6.4754000000000005,6.475499999999997,-5
2023,UCLA,Gonzaga,2,3,76,79,0,114.875,87.2423,66.2741,27.6323,27.6327,124.004,99.6937,70.0663,24.3101,24.3103,-36.761700000000005,-15.181299999999993,-21.58040000000001,-3.792199999999994,3.3222000000000023,3.3223999999999982,-1
2023,Michigan St.,Kansas St.,7,3,93,98,0,113.4,96.6898,64.9304,16.7099,16.7102,112.516,94.2021,70.2112,18.3143,18.313900000000004,-15.8262,-19.197900000000004,3.371700000000004,-5.280799999999999,-1.6043999999999983,-1.6037000000000035,4
2023,Princeton,Creighton,15,6,75,86,0,109.093,103.527,67.4503,5.5658,5.5660000000000025,114.621,93.9665,67.9808,20.6545,20.6545,-11.093999999999994,-15.126500000000007,4.032500000000013,-0.5305000000000035,-15.0887,-15.088499999999996,9
2023,Houston,Miami FL,1,5,75,89,0,118.387,89.5678,63.3299,28.8196,28.819199999999995,118.233,103.319,68.8527,14.9148,14.914,-28.6652,-15.067999999999998,-13.5972,-5.522799999999997,13.904800000000002,13.905199999999995,-4
2023,Alabama,San Diego St.,1,5,64,71,0,116.097,88.5549,72.7469,27.5425,27.54209999999999,111.929,91.6744,66.009,20.2549,20.2546,-23.3741,-24.42259999999999,1.04849999999999,6.737899999999996,7.287600000000001,7.287499999999991,-4
2023,Xavier,Texas,3,2,71,83,0,119.297,99.604,70.3573,19.693,19.693,116.581,92.0106,69.1219,24.5707,24.570400000000006,-16.977000000000004,-27.2864,10.309399999999997,1.2353999999999985,-4.877699999999997,-4.877400000000005,1
2023,Gonzaga,Connecticut,3,4,54,82,0,124.004,99.6937,70.0663,24.3101,24.3103,119.437,94.0686,66.6901,25.3686,25.368399999999998,-19.74329999999999,-29.9354,10.19210000000001,3.376199999999997,-1.0585000000000022,-1.058099999999996,-1
2023,Kansas St.,Florida Atlantic,3,9,76,79,0,112.516,94.2021,70.2112,18.3143,18.313900000000004,114.275,96.0455,68.4356,18.2298,18.2295,-20.072900000000004,-16.4705,-3.602400000000003,1.7756000000000114,0.08449999999999847,0.08440000000000225,-6
2023,Texas,Miami FL,2,5,81,88,0,116.581,92.0106,69.1219,24.5707,24.570400000000006,118.233,103.319,68.8527,14.9148,14.914,-26.222400000000007,-13.262,-12.960400000000007,0.2691999999999979,9.655899999999999,9.656400000000007,-3
2023,Creighton,San Diego St.,6,5,56,57,0,114.621,93.9665,67.9808,20.6545,20.6545,111.929,91.6744,66.009,20.2549,20.2546,-17.962500000000006,-22.94659999999999,4.984099999999984,1.9718000000000018,0.3995999999999995,0.3998999999999988,1
2023,Miami FL,Connecticut,5,4,59,72,0,118.233,103.319,68.8527,14.9148,14.914,119.437,94.0686,66.6901,25.3686,25.368399999999998,-16.117999999999995,-24.1644,8.046400000000006,2.1625999999999976,-10.453800000000001,-10.454399999999998,1
2023,Florida Atlantic,San Diego St.,9,5,71,72,0,114.275,96.0455,68.4356,18.2298,18.2295,111.929,91.6744,66.009,20.2549,20.2546,-15.883499999999998,-22.6006,6.717100000000002,2.4265999999999934,-2.0250999999999983,-2.0250999999999983,4
2023,San Diego St.,Connecticut,5,4,59,76,0,111.929,91.6744,66.009,20.2549,20.2546,119.437,94.0686,66.6901,25.3686,25.368399999999998,-27.762599999999992,-17.8604,-9.902199999999993,-0.6811000000000007,-5.1137000000000015,-5.113799999999998,1
